elementID,suggestedLabel,onsetSec,peakSec,offsetSec,durationSec,peakActivationZ
3,deep incoming rumble,0.1,0.15,0.5,0.4,2.92409011739574
1,continuous foamy hiss,1.4,1.75,1.8,0.4,1.88390234465055
3,deep incoming rumble,1.65,1.7,1.85,0.2,2.31349348286354
4,lapping water movement,5.75,5.85,5.9,0.15,1.97729736373704
2,whitewater decay,5.85,5.9,6.05,0.2,1.99934693186743
1,continuous foamy hiss,6.15,6.3,6.7,0.55,3.80593879632249
3,deep incoming rumble,6.45,6.7,6.75,0.3,1.94231990489927
3,deep incoming rumble,7.75,7.8,8.05,0.300000000000001,3.33277516973635
3,deep incoming rumble,9.2,9.9,9.95,0.75,2.41659634752196
8,deep incoming rumble,9.4,9.5,9.55,0.15,1.88888572795343
1,continuous foamy hiss,11.2,11.25,11.35,0.15,2.1765316088219
5,deep incoming rumble,13.3,13.55,13.55,0.25,2.10013276004749
2,whitewater decay,15.45,16.3,16.8,1.35,3.96799745231623
1,continuous foamy hiss,15.9,15.95,16.15,0.249999999999998,1.82376912121839
5,deep incoming rumble,16.1,16.15,16.3,0.199999999999999,2.54436284766692
10,lapping water movement,16.25,16.3,16.5,0.25,2.47829449810195
2,whitewater decay,17.4,17.6,17.65,0.25,1.69365083397243
5,deep incoming rumble,18.65,18.75,18.8,0.150000000000002,2.00565553923211
1,continuous foamy hiss,19.5,19.65,19.8,0.300000000000001,2.40444173803074
4,lapping water movement,21.15,21.25,21.3,0.150000000000002,1.91683089776961
3,deep incoming rumble,26.35,26.4,26.75,0.399999999999999,2.07178127887034
4,lapping water movement,27.2,27.35,27.4,0.199999999999999,1.97337305427811
2,whitewater decay,27.35,27.4,27.55,0.199999999999999,2.02045946470092
3,deep incoming rumble,27.35,27.4,27.6,0.25,1.99370417296006
1,continuous foamy hiss,27.6,27.75,28.15,0.549999999999997,3.73713883834308
3,deep incoming rumble,27.95,28.2,28.25,0.300000000000001,1.99474493568894
3,deep incoming rumble,28.85,29.3,29.55,0.699999999999999,3.28005494450424
3,deep incoming rumble,30.7,31.05,31.45,0.75,2.36599241208002
5,deep incoming rumble,34.6,34.75,34.8,0.199999999999996,1.57942946491419
1,continuous foamy hiss,37.4,37.4,37.65,0.25,1.81429932611743
2,whitewater decay,37.5,37.8,38.3,0.799999999999997,3.88079186336392
5,deep incoming rumble,37.6,37.65,37.8,0.199999999999996,2.33842043324732
10,lapping water movement,37.7,37.8,38,0.299999999999997,2.43426932069496
2,whitewater decay,38.9,39.1,39.1,0.200000000000003,1.74862609598271
1,continuous foamy hiss,41,41.15,41.25,0.25,2.39457898603604
7,deep incoming rumble,46.75,47.65,48.2,1.45,3.50819474871819
9,deep incoming rumble,48.05,48.15,48.2,0.150000000000006,1.66818224333039
10,lapping water movement,49.1,49.35,49.65,0.549999999999997,1.88769786711268
2,whitewater decay,49.2,49.35,50.05,0.849999999999994,2.81070052386012
9,deep incoming rumble,49.55,49.9,50.25,0.700000000000003,2.25400894857797
2,whitewater decay,50.3,50.45,50.6,0.300000000000004,3.46609990784677
1,continuous foamy hiss,50.5,50.6,50.9,0.399999999999999,2.955463128476
2,whitewater decay,50.95,51.2,51.3,0.349999999999994,2.43642525595506
10,lapping water movement,51.3,51.35,51.5,0.200000000000003,1.91705214009312
6,broadband crash,51.85,52.1,52.25,0.399999999999999,3.03712716980885
2,whitewater decay,52.1,52.45,52.6,0.5,2.03563535260184
6,broadband crash,52.65,52.7,53.05,0.399999999999999,2.08591671920466
2,whitewater decay,53.05,53.35,53.45,0.400000000000006,2.17256634733505
9,deep incoming rumble,53.75,53.8,54.25,0.5,1.93597546413809
9,deep incoming rumble,54.7,55.15,55.7,1,2.56793374052363
1,continuous foamy hiss,56.5,56.55,56.7,0.200000000000003,2.44597404325244
2,whitewater decay,56.65,56.95,57,0.350000000000001,1.91172582198232
8,deep incoming rumble,59.4,59.4,59.6,0.200000000000003,1.69373843890104
3,deep incoming rumble,60.8,60.85,61.15,0.350000000000001,2.03531287408131
2,whitewater decay,61.75,61.8,61.95,0.200000000000003,1.98415610542093
3,deep incoming rumble,61.75,61.8,62.05,0.299999999999997,1.95894527035101
1,continuous foamy hiss,62.05,62.2,62.6,0.550000000000004,3.78703120221667
3,deep incoming rumble,62.35,62.65,62.65,0.299999999999997,1.92170905470513
3,deep incoming rumble,63.3,63.7,63.95,0.650000000000006,3.31989201704064
3,deep incoming rumble,65.1,65.8,65.9,0.800000000000011,2.4511419973601
1,continuous foamy hiss,67.1,67.2,67.25,0.150000000000006,2.19863909659496
2,whitewater decay,71.65,72.2,72.75,1.09999999999999,3.83574810563462
1,continuous foamy hiss,71.8,71.85,72.1,0.299999999999997,1.84549291600763
5,deep incoming rumble,72,72.05,72.25,0.25,2.51141503727518
10,lapping water movement,72.15,72.2,72.45,0.299999999999997,2.46826680178977
1,continuous foamy hiss,72.3,72.4,72.45,0.150000000000006,2.06243454356473
2,whitewater decay,73.3,73.55,73.55,0.25,1.67581544946009
4,lapping water movement,73.75,73.85,73.95,0.200000000000003,2.04160753631606
1,continuous foamy hiss,75.45,75.55,75.7,0.25,2.38110818785893
4,lapping water movement,77.05,77.15,77.2,0.150000000000006,1.94379139136697
7,deep incoming rumble,81.2,81.25,82.6,1.39999999999999,3.55060352488605
10,lapping water movement,83.5,83.8,83.85,0.349999999999994,1.92513019556443
2,whitewater decay,83.6,83.75,84.5,0.900000000000006,2.87203530090424
9,deep incoming rumble,84.25,84.3,84.7,0.450000000000003,2.25869636359126
2,whitewater decay,84.75,84.9,85.05,0.299999999999997,3.46805153554473
1,continuous foamy hiss,84.9,85,85.35,0.449999999999989,2.87528785957456
2,whitewater decay,85.4,85.65,85.7,0.299999999999997,2.51259081538496
10,lapping water movement,85.75,85.8,85.9,0.150000000000006,1.90803592980925
9,deep incoming rumble,86,86.1,86.2,0.200000000000003,2.3011775269694
7,deep incoming rumble,86.25,86.3,86.6,0.349999999999994,2.32246449064385
6,broadband crash,86.3,86.5,86.65,0.350000000000009,3.08945928196577
2,whitewater decay,86.5,86.85,87.05,0.549999999999997,2.02937263256671
6,broadband crash,87.05,87.15,87.45,0.400000000000006,2.11589709424559
2,whitewater decay,87.45,87.8,87.85,0.399999999999991,2.23262448349448
9,deep incoming rumble,88.5,88.5,88.65,0.150000000000006,1.71278424632117
9,deep incoming rumble,89.45,89.55,90.05,0.599999999999994,2.55223543404679
1,continuous foamy hiss,90.9,91,91.1,0.199999999999989,2.46488413169324
2,whitewater decay,91.05,91.4,91.4,0.350000000000009,1.94948414637778
4,lapping water movement,96.05,96.2,96.25,0.200000000000003,1.98393814570516
2,whitewater decay,96.2,96.25,96.4,0.200000000000003,2.00606017595972
3,deep incoming rumble,96.2,96.25,96.5,0.299999999999997,2.1051357072141
1,continuous foamy hiss,96.45,96.65,97.05,0.599999999999994,3.80088369175849
6,broadband crash,96.75,96.85,96.9,0.150000000000006,1.91040433892451
3,deep incoming rumble,96.8,97.05,97.1,0.299999999999997,1.95803796764575
3,deep incoming rumble,97.7,98.15,98.4,0.700000000000003,3.32547761299948
3,deep incoming rumble,99.55,99.9,100.3,0.75,2.42172010961144
8,deep incoming rumble,99.75,99.85,99.9,0.150000000000006,1.88889532776908
1,continuous foamy hiss,101.55,101.6,101.7,0.150000000000006,2.17333094185412
5,deep incoming rumble,103.65,103.9,103.9,0.25,2.07246280843652
7,deep incoming rumble,105.1,105.2,105.25,0.150000000000006,2.39987588320249
2,whitewater decay,106.05,106.65,107.15,1.10000000000001,3.93081400834211
1,continuous foamy hiss,106.25,106.3,106.5,0.25,1.82703676352314
5,deep incoming rumble,106.45,106.5,106.65,0.200000000000003,2.5199179005704
10,lapping water movement,106.55,106.65,106.85,0.299999999999997,2.47461297474421
2,whitewater decay,107.75,107.95,108,0.25,1.71232137563298
1,continuous foamy hiss,109.85,110,110.15,0.300000000000011,2.41196180823753
7,deep incoming rumble,115.6,115.7,115.8,0.200000000000003,3.60683929914192
7,deep incoming rumble,116,116.5,117.05,1.05,3.43475940721543
10,lapping water movement,117.95,118.25,118.3,0.349999999999994,1.88195802329689
2,whitewater decay,118.05,118.2,118.9,0.850000000000009,2.85002685782221
9,deep incoming rumble,118.65,118.75,119.15,0.5,2.2596808488572
2,whitewater decay,119.15,119.3,119.45,0.299999999999997,3.4026207525202
1,continuous foamy hiss,119.35,119.45,119.75,0.400000000000006,2.96330652978255
2,whitewater decay,119.8,120.1,120.15,0.350000000000009,2.51795178553002
9,deep incoming rumble,120.45,120.55,120.65,0.200000000000003,2.3103898713086
6,broadband crash,120.7,120.95,121.1,0.399999999999991,3.08363178680126
2,whitewater decay,120.95,121.3,121.45,0.5,2.04403656063751
6,broadband crash,121.5,121.55,121.9,0.400000000000006,2.07670098355335
2,whitewater decay,121.9,122.25,122.3,0.399999999999991,2.18299695630228
9,deep incoming rumble,122.9,122.95,123.1,0.199999999999989,1.70612345980662
9,deep incoming rumble,123.55,123.65,123.7,0.150000000000006,2.35983634375823
9,deep incoming rumble,123.9,124,124.5,0.599999999999994,2.6041796126208
1,continuous foamy hiss,125.35,125.45,125.55,0.200000000000003,2.42805483915594
8,deep incoming rumble,128.25,128.25,128.45,0.199999999999989,1.62448144976417
3,deep incoming rumble,129.65,129.7,130.05,0.400000000000006,2.06446790158929
1,continuous foamy hiss,130.35,130.45,130.5,0.150000000000006,1.90708106696184
4,lapping water movement,130.5,130.65,130.7,0.199999999999989,1.96796381344378
2,whitewater decay,130.65,130.7,130.85,0.199999999999989,2.00871484645813
1,continuous foamy hiss,130.9,131.05,131.45,0.549999999999983,3.76508691292643
3,deep incoming rumble,131.25,131.5,131.65,0.400000000000006,2.03270420908088
3,deep incoming rumble,132.15,132.6,132.85,0.699999999999989,3.25655148531093
3,deep incoming rumble,134,134.65,134.75,0.75,2.38340981871012
1,continuous foamy hiss,135.95,136.05,136.1,0.150000000000006,2.20667667815296
5,deep incoming rumble,137.9,138.05,138.05,0.150000000000006,1.62322626076575
2,whitewater decay,140.25,140.55,140.6,0.349999999999994,2.14233168989666
1,continuous foamy hiss,140.7,140.7,140.95,0.25,1.82031503130695
2,whitewater decay,140.8,141.1,141.6,0.799999999999983,3.87217590919182
5,deep incoming rumble,140.9,140.9,141.1,0.199999999999989,2.3867494529045
10,lapping water movement,141,141.1,141.3,0.300000000000011,2.41281095096098
7,deep incoming rumble,141.4,141.5,141.55,0.150000000000006,2.80422993171467
2,whitewater decay,142.2,142.4,142.4,0.200000000000017,1.74776489535246
4,lapping water movement,142.65,142.7,142.8,0.150000000000006,2.04564827695971
1,continuous foamy hiss,144.3,144.45,144.55,0.25,2.38518809467302
4,lapping water movement,145.9,146,146.05,0.150000000000006,1.97545797294995
7,deep incoming rumble,150.05,150.95,151.5,1.44999999999999,3.502669456704
9,deep incoming rumble,151.35,151.45,151.5,0.150000000000006,1.66383014504878
4,lapping water movement,151.75,151.8,151.9,0.150000000000006,2.06699587538349
10,lapping water movement,152.4,152.65,152.95,0.549999999999983,1.91489407015921
2,whitewater decay,152.5,152.65,153.35,0.849999999999994,2.88813051013591
9,deep incoming rumble,152.85,153.2,153.55,0.700000000000017,2.24972447906657
2,whitewater decay,153.6,153.75,153.9,0.300000000000011,3.48146379970985
1,continuous foamy hiss,153.8,153.9,154.2,0.399999999999977,2.96444442361846
2,whitewater decay,154.25,154.5,154.6,0.349999999999994,2.43040515839852
10,lapping water movement,154.6,154.65,154.8,0.200000000000017,1.91422250690186
9,deep incoming rumble,154.85,155,155.05,0.200000000000017,2.28378258220777
6,broadband crash,155.15,155.35,155.5,0.349999999999994,3.07048938990806
2,whitewater decay,155.4,155.7,155.9,0.5,2.02101749165424
6,broadband crash,155.95,156,156.3,0.350000000000023,2.1196361143577
2,whitewater decay,156.35,156.65,156.7,0.349999999999994,2.19029748539151
9,deep incoming rumble,157.05,157.1,157.5,0.449999999999989,1.95635434511673
9,deep incoming rumble,158,158.45,159,1,2.53800410005603
2,whitewater decay,159.5,159.6,159.65,0.150000000000006,2.10786706621339
2,whitewater decay,159.95,160.25,160.3,0.350000000000023,1.93577534213071
8,deep incoming rumble,162.7,162.7,162.9,0.200000000000017,1.7100166336635
3,deep incoming rumble,164.1,164.15,164.45,0.349999999999994,2.0261190665817
4,lapping water movement,164.95,165.1,165.1,0.150000000000006,1.94962789101296
2,whitewater decay,165.05,165.1,165.25,0.199999999999989,1.99416231446288
3,deep incoming rumble,165.05,165.1,165.35,0.299999999999983,2.01510474742494
1,continuous foamy hiss,165.35,165.5,165.9,0.550000000000011,3.79436440893084
3,deep incoming rumble,165.65,165.95,165.95,0.299999999999983,1.88065782919129
3,deep incoming rumble,166.6,167,167.25,0.650000000000006,3.33702286017143
3,deep incoming rumble,168.4,169.1,169.15,0.75,2.4553461733404
1,continuous foamy hiss,170.4,170.5,170.55,0.150000000000006,2.20135547101608
5,deep incoming rumble,172.5,172.75,172.75,0.25,2.1688970067523
2,whitewater decay,174.95,175.5,176,1.05000000000001,3.87951065950841
1,continuous foamy hiss,175.1,175.15,175.35,0.25,1.84448710866951
5,deep incoming rumble,175.3,175.35,175.55,0.25,2.53217679145297
10,lapping water movement,175.45,175.5,175.7,0.25,2.47597375706101
1,continuous foamy hiss,175.6,175.7,175.75,0.150000000000006,2.05954413080595
2,whitewater decay,176.4,176.85,176.85,0.449999999999989,1.64573907998137
4,lapping water movement,177.05,177.15,177.25,0.199999999999989,2.03660408525687
1,continuous foamy hiss,178.75,178.85,179,0.25,2.41500282372602
4,lapping water movement,180.35,180.45,180.5,0.150000000000006,1.92986313373002
7,deep incoming rumble,184.5,184.55,185.9,1.40000000000001,3.57825154164016
9,deep incoming rumble,185.2,185.25,185.35,0.150000000000006,1.93037616091028
10,lapping water movement,186.8,187.1,187.4,0.599999999999994,1.92150323652069
2,whitewater decay,186.9,187.05,187.8,0.900000000000006,2.83699442886306
9,deep incoming rumble,187.55,187.6,188,0.449999999999989,2.25999837036702
2,whitewater decay,188.05,188.2,188.35,0.299999999999983,3.45728988888832
1,continuous foamy hiss,188.2,188.3,188.6,0.400000000000006,2.87508977980758
2,whitewater decay,188.7,188.95,189,0.300000000000011,2.50808275638293
9,deep incoming rumble,189.3,189.4,189.5,0.199999999999989,2.30616207336841
6,broadband crash,189.6,189.8,189.95,0.349999999999994,3.13090024571315
2,whitewater decay,189.8,190.15,190.35,0.549999999999983,2.05509990024482
6,broadband crash,190.35,190.45,190.75,0.400000000000006,2.11674087489982
2,whitewater decay,190.8,191.1,191.15,0.349999999999994,2.20848966464064
9,deep incoming rumble,192.4,192.85,193.35,0.949999999999989,2.56786151418448
1,continuous foamy hiss,194.2,194.3,194.4,0.200000000000017,2.42959902191681
3,deep incoming rumble,198.5,198.55,198.9,0.400000000000006,2.07672869186464
1,continuous foamy hiss,199.2,199.3,199.35,0.150000000000006,1.94824152786522
4,lapping water movement,199.35,199.5,199.55,0.200000000000017,1.96482951793594
2,whitewater decay,199.5,199.55,199.7,0.199999999999989,2.02715238236075
3,deep incoming rumble,199.5,199.55,199.8,0.300000000000011,2.07836845299838
1,continuous foamy hiss,199.75,199.95,200.35,0.599999999999994,3.78124284847729
3,deep incoming rumble,200.1,200.35,200.4,0.300000000000011,1.95335307050597
3,deep incoming rumble,200.75,201.15,201.2,0.449999999999989,2.69519908291375
3,deep incoming rumble,201.4,201.45,201.7,0.299999999999983,3.3070295550946
3,deep incoming rumble,202.85,203.2,203.6,0.75,2.41183295615885
1,continuous foamy hiss,204.8,204.9,205,0.199999999999989,2.18155177544319
2,whitewater decay,209.1,209.4,209.45,0.349999999999994,2.07380683813861
1,continuous foamy hiss,209.55,209.6,209.8,0.25,1.81453198807104
2,whitewater decay,209.65,209.95,210.45,0.799999999999983,3.96216049093183
5,deep incoming rumble,209.75,209.8,209.95,0.199999999999989,2.47413481824518
10,lapping water movement,209.85,209.95,210.15,0.300000000000011,2.46219370946363
2,whitewater decay,211.05,211.25,211.3,0.25,1.72799983447224
4,lapping water movement,211.5,211.55,211.65,0.150000000000006,2.02092290760664
1,continuous foamy hiss,213.15,213.3,213.45,0.299999999999983,2.37713105182506
4,lapping water movement,214.75,214.85,214.9,0.150000000000006,1.91393420437832
7,deep incoming rumble,218.9,219,219.1,0.199999999999989,3.56742523075324
7,deep incoming rumble,219.3,219.8,220.35,1.04999999999998,3.46816812485402
10,lapping water movement,219.5,219.55,219.65,0.150000000000006,1.8770382752784
10,lapping water movement,221.25,221.55,221.6,0.349999999999994,1.8594042989041
2,whitewater decay,221.35,221.5,222.2,0.849999999999994,2.81088414960697
9,deep incoming rumble,221.75,222.05,222.45,0.699999999999989,2.2607814718996
2,whitewater decay,222.45,222.6,222.75,0.300000000000011,3.45156818082758
1,continuous foamy hiss,222.65,222.75,223.05,0.400000000000006,2.96340754567315
2,whitewater decay,223.1,223.4,223.45,0.349999999999994,2.48864467879856
10,lapping water movement,223.5,223.5,223.65,0.150000000000006,1.9168551758626
9,deep incoming rumble,223.75,223.85,223.95,0.199999999999989,2.3168376769996
6,broadband crash,224,224.25,224.4,0.400000000000006,3.07902204703399
7,deep incoming rumble,224,224,224.3,0.300000000000011,2.132629116173
2,whitewater decay,224.25,224.6,224.75,0.5,2.04138413814694
6,broadband crash,224.8,224.85,225.2,0.399999999999977,2.09709526273561
2,whitewater decay,225.2,225.55,225.6,0.400000000000006,2.14854497577992
9,deep incoming rumble,225.95,226,226.4,0.450000000000017,1.89629828702668
9,deep incoming rumble,226.85,227.3,227.85,1,2.60117069628635
1,continuous foamy hiss,228.65,228.7,228.85,0.199999999999989,2.43936575952591
2,whitewater decay,228.8,229.1,229.15,0.349999999999994,1.8635446441697
8,deep incoming rumble,231.55,231.55,231.75,0.199999999999989,1.63959593244494
3,deep incoming rumble,232.95,233,233.3,0.350000000000023,2.05632614198824
1,continuous foamy hiss,233.65,233.7,233.8,0.150000000000006,1.93299415774392
4,lapping water movement,233.8,233.95,234,0.199999999999989,1.98062186234698
2,whitewater decay,233.95,234,234.15,0.200000000000017,1.97255045964783
3,deep incoming rumble,233.95,234,234.2,0.25,1.94537495443728
1,continuous foamy hiss,234.2,234.35,234.75,0.550000000000011,3.80015445546958
3,deep incoming rumble,234.55,234.8,234.85,0.299999999999983,2.0394758522206
3,deep incoming rumble,235.45,235.9,236.15,0.700000000000017,3.22808335818622
3,deep incoming rumble,237.3,237.95,238.05,0.75,2.40543499977184
1,continuous foamy hiss,239.25,239.35,239.4,0.150000000000006,2.21191200716219
5,deep incoming rumble,241.2,241.35,241.35,0.150000000000006,1.65785549884264
2,whitewater decay,243.8,244.4,244.9,1.09999999999999,3.83390747456014
1,continuous foamy hiss,243.95,244,244.25,0.300000000000011,1.844757753183
5,deep incoming rumble,244.2,244.2,244.4,0.200000000000017,2.43155118220589
10,lapping water movement,244.3,244.35,244.6,0.299999999999983,2.42289545553719
7,deep incoming rumble,244.7,244.8,244.85,0.150000000000006,2.75254754364137
2,whitewater decay,245.5,245.7,245.7,0.199999999999989,1.75131251370772
4,lapping water movement,245.95,246,246.1,0.150000000000006,2.06457410917024
1,continuous foamy hiss,247.4,247.75,247.85,0.449999999999989,2.40692541039664
4,lapping water movement,249.2,249.3,249.35,0.150000000000006,1.97007661202577
7,deep incoming rumble,253.35,253.4,254.75,1.40000000000001,3.48710628896454
10,lapping water movement,255.7,255.95,256.25,0.550000000000011,1.94029311277626
2,whitewater decay,255.8,255.95,256.65,0.849999999999966,2.85361156160631
9,deep incoming rumble,256.15,256.45,256.85,0.700000000000045,2.24595461438244
2,whitewater decay,256.9,257.05,257.2,0.300000000000011,3.49138426554277
1,continuous foamy hiss,257.1,257.2,257.5,0.399999999999977,2.94018835092969
2,whitewater decay,257.55,257.8,257.9,0.349999999999966,2.44647036608307
10,lapping water movement,257.9,257.95,258.1,0.200000000000045,1.91189772556679
9,deep incoming rumble,258.15,258.25,258.35,0.200000000000045,2.27674548937811
7,deep incoming rumble,258.4,258.45,258.75,0.350000000000023,2.35389883530845
6,broadband crash,258.45,258.65,258.8,0.350000000000023,3.06706370392785
2,whitewater decay,258.7,259,259.2,0.5,2.03521307306586
6,broadband crash,259.2,259.3,259.6,0.400000000000034,2.10660914550875
2,whitewater decay,259.65,259.95,260,0.350000000000023,2.20924236982246
9,deep incoming rumble,260.35,260.4,260.8,0.449999999999989,1.97306073505772
9,deep incoming rumble,261.3,261.7,262.3,1,2.51895629394271
2,whitewater decay,263.25,263.55,263.6,0.350000000000023,1.93830542526012
8,deep incoming rumble,266,266,266.2,0.199999999999989,1.71824866266941
3,deep incoming rumble,267.4,267.45,267.75,0.350000000000023,2.01821858733518
2,whitewater decay,268.35,268.4,268.55,0.199999999999989,1.98097469851723
3,deep incoming rumble,268.35,268.4,268.65,0.299999999999955,2.0911353262269
1,continuous foamy hiss,268.65,268.8,269.2,0.550000000000011,3.79098240108908
3,deep incoming rumble,268.95,269.25,269.25,0.300000000000011,1.8867065717535
3,deep incoming rumble,269.9,270.3,270.55,0.650000000000034,3.33924216198756
3,deep incoming rumble,271.7,272.4,272.45,0.75,2.45242446328174
8,deep incoming rumble,271.9,272,272.05,0.150000000000034,1.87263568121678
1,continuous foamy hiss,273.7,273.8,273.85,0.150000000000034,2.20305840272008
5,deep incoming rumble,275.8,276.05,276.05,0.25,2.14668026542221
2,whitewater decay,278.25,278.8,279.3,1.05000000000001,3.86807012221749
1,continuous foamy hiss,278.4,278.45,278.65,0.25,1.84509585022233
5,deep incoming rumble,278.6,278.65,278.85,0.25,2.55471530643404
10,lapping water movement,278.75,278.8,279,0.25,2.48920297565007
1,continuous foamy hiss,278.9,278.95,279.05,0.150000000000034,2.04887563223855
2,whitewater decay,279.9,280.1,280.15,0.25,1.63437101447611
4,lapping water movement,280.35,280.45,280.55,0.199999999999989,2.04586073993136
1,continuous foamy hiss,282,282.15,282.3,0.300000000000011,2.38057719910097
4,lapping water movement,283.65,283.75,283.8,0.150000000000034,1.93901389160051
7,deep incoming rumble,287.8,287.85,289.2,1.39999999999998,3.60306617864321
10,lapping water movement,290.1,290.4,290.7,0.599999999999966,1.91675135381086
2,whitewater decay,290.2,290.35,291.1,0.900000000000034,2.80226851743816
9,deep incoming rumble,290.6,290.9,291.3,0.699999999999989,2.26109175865521
2,whitewater decay,291.35,291.5,291.65,0.299999999999955,3.4742204544208
1,continuous foamy hiss,291.5,291.6,291.9,0.399999999999977,2.88640203743892
2,whitewater decay,291.95,292.25,292.3,0.350000000000023,2.49675070230153
9,deep incoming rumble,292.6,292.7,292.8,0.199999999999989,2.30998183571612
6,broadband crash,292.9,293.1,293.25,0.350000000000023,3.1063986214324
2,whitewater decay,293.1,293.45,293.65,0.549999999999955,2.04990719449735
6,broadband crash,293.65,293.75,294.05,0.400000000000034,2.10113333599937
2,whitewater decay,294.05,294.4,294.45,0.399999999999977,2.20954119232554
9,deep incoming rumble,295.7,296.15,296.65,0.949999999999989,2.5839553788332
1,continuous foamy hiss,297.5,297.6,297.7,0.199999999999989,2.42602315017405
2,whitewater decay,297.65,298,298,0.350000000000023,1.94553253724697
3,deep incoming rumble,301.8,301.85,302.2,0.399999999999977,2.07398051921627
4,lapping water movement,302.65,302.8,302.85,0.200000000000045,2.00032937048835
2,whitewater decay,302.8,302.85,303,0.199999999999989,2.02447455214509
3,deep incoming rumble,302.8,302.85,303.1,0.300000000000011,2.05319507020734
1,continuous foamy hiss,303.05,303.25,303.65,0.599999999999966,3.75651242628046
3,deep incoming rumble,303.4,303.65,303.7,0.300000000000011,1.96094502095512
3,deep incoming rumble,304.05,304.75,305,0.949999999999989,3.29354837435839
3,deep incoming rumble,306.15,306.5,306.9,0.75,2.40967679013897
5,deep incoming rumble,310.05,310.45,310.5,0.449999999999989,2.07883450386935
2,whitewater decay,312.4,313.25,313.75,1.35000000000002,3.91996236041829
1,continuous foamy hiss,312.85,312.9,313.1,0.25,1.80420411172159
5,deep incoming rumble,313.05,313.1,313.25,0.199999999999989,2.41154907851292
10,lapping water movement,313.15,313.25,313.45,0.300000000000011,2.45387629323674
2,whitewater decay,314.35,314.55,314.6,0.25,1.7669804395922
1,continuous foamy hiss,316.25,316.6,316.7,0.449999999999989,2.41984449700433
7,deep incoming rumble,322.2,322.3,322.4,0.199999999999989,3.52942699000859
7,deep incoming rumble,322.6,323.1,323.65,1.04999999999995,3.48378720262909
10,lapping water movement,324.55,324.85,324.9,0.349999999999966,1.85908928112363
2,whitewater decay,324.65,324.8,325.5,0.850000000000023,2.79438373217535
9,deep incoming rumble,325.05,325.35,325.7,0.649999999999977,2.25748130516406
2,whitewater decay,325.75,325.9,326.05,0.300000000000011,3.44837516596913
1,continuous foamy hiss,325.95,326.05,326.35,0.400000000000034,2.95899621243118
2,whitewater decay,326.4,326.65,326.75,0.350000000000023,2.44579880226426
10,lapping water movement,326.75,326.8,326.95,0.199999999999989,1.91684215301485
9,deep incoming rumble,327.05,327.15,327.25,0.199999999999989,2.30311912534651
6,broadband crash,327.3,327.55,327.7,0.399999999999977,3.07855526005696
7,deep incoming rumble,327.3,327.3,327.6,0.300000000000011,2.19371955786407
2,whitewater decay,327.55,327.9,328.05,0.5,2.04171298046227
6,broadband crash,328.1,328.15,328.5,0.399999999999977,2.12200589276916
2,whitewater decay,328.5,328.85,328.9,0.399999999999977,2.14441668124392
9,deep incoming rumble,329.25,329.25,329.7,0.449999999999989,1.90135673455256
9,deep incoming rumble,330.15,330.6,331.15,1,2.59294661285741
1,continuous foamy hiss,331.95,332,332.15,0.199999999999989,2.42139972238402
2,whitewater decay,332.1,332.4,332.45,0.349999999999966,1.89372263011715
8,deep incoming rumble,334.85,334.85,335.05,0.199999999999989,1.65838200699368
3,deep incoming rumble,336.25,336.3,336.6,0.350000000000023,2.04999128902833
1,continuous foamy hiss,336.95,337,337.1,0.150000000000034,1.92662174023518
4,lapping water movement,337.1,337.25,337.3,0.199999999999989,1.97389062054966
2,whitewater decay,337.2,337.25,337.45,0.25,1.96030702856696
3,deep incoming rumble,337.2,337.3,337.5,0.300000000000011,1.93210880243216
1,continuous foamy hiss,337.5,337.65,338.05,0.550000000000011,3.80690247993097
3,deep incoming rumble,337.8,338.1,338.15,0.349999999999966,1.98432150277994
3,deep incoming rumble,339.1,339.15,339.45,0.349999999999966,3.24364753873141
3,deep incoming rumble,340.6,341.25,341.35,0.75,2.42527788082156
2,whitewater decay,347.1,347.65,348.2,1.09999999999997,3.80458886358705
1,continuous foamy hiss,347.25,347.3,347.55,0.300000000000011,1.86122053599498
5,deep incoming rumble,347.5,347.5,347.7,0.199999999999989,2.46051337745909
10,lapping water movement,347.6,347.65,347.9,0.299999999999955,2.44239379271947
2,whitewater decay,348.8,349,349,0.199999999999989,1.71011019542215
1,continuous foamy hiss,350.7,351,351.15,0.449999999999989,2.34934593618042
7,deep incoming rumble,356.65,356.7,358.05,1.40000000000003,3.51210998817914
10,lapping water movement,359,359.25,359.55,0.550000000000011,1.93234752908392
2,whitewater decay,359.1,359.2,359.95,0.849999999999966,2.8091632232078
9,deep incoming rumble,359.45,359.75,360.15,0.699999999999989,2.25533784102629
2,whitewater decay,360.2,360.35,360.5,0.300000000000011,3.51197476845538
1,continuous foamy hiss,360.4,360.5,360.8,0.400000000000034,2.91812952582462
2,whitewater decay,360.85,361.1,361.2,0.349999999999966,2.4586349371449
10,lapping water movement,361.2,361.25,361.4,0.199999999999989,1.91314094880363
9,deep incoming rumble,361.45,361.55,361.65,0.199999999999989,2.29309303969093
7,deep incoming rumble,361.7,361.75,362.05,0.350000000000023,2.35986118909416
6,broadband crash,361.75,361.95,362.1,0.350000000000023,3.07228504521257
2,whitewater decay,362,362.3,362.5,0.5,2.03813231032608
6,broadband crash,362.5,362.6,362.9,0.399999999999977,2.11939662404595
2,whitewater decay,362.95,363.25,363.3,0.350000000000023,2.21119040700461
9,deep incoming rumble,363.65,363.7,364.1,0.450000000000045,1.98309635851472
9,deep incoming rumble,364.6,365,365.6,1,2.52793844292733
1,continuous foamy hiss,366.4,366.45,366.55,0.150000000000034,2.48071418422991
2,whitewater decay,366.55,366.85,366.9,0.349999999999966,1.95613330010014
3,deep incoming rumble,370.7,370.75,371.05,0.350000000000023,2.00008781756643
4,lapping water movement,371.5,371.65,371.7,0.199999999999989,1.96333453479404
2,whitewater decay,371.65,371.7,371.85,0.200000000000045,2.00090787922661
3,deep incoming rumble,371.65,371.7,371.95,0.300000000000011,2.09005220443732
1,continuous foamy hiss,371.95,372.1,372.5,0.550000000000011,3.79714867260201
3,deep incoming rumble,372.25,372.5,372.55,0.300000000000011,1.93247083448176
3,deep incoming rumble,373.2,373.6,373.85,0.650000000000034,3.33339511821853
3,deep incoming rumble,375,375.7,375.75,0.75,2.43631279451368
8,deep incoming rumble,375.2,375.3,375.35,0.150000000000034,1.88527128288269
5,deep incoming rumble,379.1,379.35,379.35,0.25,2.11887559511604
2,whitewater decay,381.55,382.1,382.6,1.05000000000001,3.90048792928486
1,continuous foamy hiss,381.7,381.75,381.95,0.25,1.86532207492499
5,deep incoming rumble,381.9,381.95,382.15,0.25,2.55704481055318
10,lapping water movement,382.05,382.1,382.3,0.25,2.48686209449565
1,continuous foamy hiss,382.2,382.25,382.35,0.150000000000034,2.05544891235025
2,whitewater decay,383.2,383.4,383.45,0.25,1.66441763329884
4,lapping water movement,383.65,383.75,383.85,0.200000000000045,2.01751866590912
5,deep incoming rumble,384.45,384.55,384.6,0.150000000000034,2.00640750327517
1,continuous foamy hiss,385.3,385.45,385.6,0.300000000000011,2.40250737424467
4,lapping water movement,386.95,387.05,387.1,0.150000000000034,1.92151547573913
7,deep incoming rumble,391.1,391.15,392.5,1.39999999999998,3.61939525621411
10,lapping water movement,391.65,391.7,391.8,0.150000000000034,1.87541592593099
10,lapping water movement,393.4,393.7,394,0.600000000000023,1.90219398312374
2,whitewater decay,393.5,393.65,394.4,0.899999999999977,2.81532113990434
9,deep incoming rumble,394.1,394.2,394.6,0.5,2.26254712287464
2,whitewater decay,394.65,394.8,394.9,0.25,3.41356544372688
1,continuous foamy hiss,394.8,394.9,395.2,0.399999999999977,2.94905495020934
2,whitewater decay,395.25,395.55,395.6,0.350000000000023,2.53779416184656
10,lapping water movement,395.65,395.7,395.8,0.150000000000034,1.89695323841409
9,deep incoming rumble,395.9,396,396.1,0.200000000000045,2.30882399966368
7,deep incoming rumble,396.15,396.2,396.5,0.350000000000023,2.20684449587808
6,broadband crash,396.2,396.4,396.55,0.350000000000023,3.08516419994946
2,whitewater decay,396.4,396.75,396.95,0.550000000000011,2.04814769937371
6,broadband crash,396.95,397.05,397.35,0.400000000000034,2.09988231674592
2,whitewater decay,397.35,397.7,397.75,0.399999999999977,2.19328354592052
9,deep incoming rumble,398.1,398.15,398.55,0.449999999999989,1.95575167150696
9,deep incoming rumble,399.35,399.45,399.95,0.599999999999966,2.59651058998471
1,continuous foamy hiss,400.8,400.9,401,0.199999999999989,2.42630161904299
2,whitewater decay,400.95,401.3,401.3,0.350000000000023,1.92249089620072
3,deep incoming rumble,405.1,405.15,405.5,0.399999999999977,2.07277408303412
4,lapping water movement,405.95,406.1,406.15,0.199999999999989,1.98505048704603
2,whitewater decay,406.1,406.15,406.3,0.199999999999989,2.01369953534761
3,deep incoming rumble,406.1,406.15,406.4,0.299999999999955,2.01701886781043
1,continuous foamy hiss,406.35,406.55,406.95,0.599999999999966,3.77416107553711
3,deep incoming rumble,406.7,406.95,407.1,0.400000000000034,1.99027036296173
3,deep incoming rumble,407.6,408.05,408.3,0.699999999999989,3.28491001115171
3,deep incoming rumble,409.45,409.8,410.2,0.75,2.38612547033569
1,continuous foamy hiss,411.4,411.5,411.55,0.150000000000034,2.19300811623084
5,deep incoming rumble,413.35,413.75,413.8,0.449999999999989,2.1139855640462
2,whitewater decay,415.7,416.55,417.05,1.35000000000002,3.91818012275158
1,continuous foamy hiss,416.15,416.15,416.4,0.25,1.80070495205991
5,deep incoming rumble,416.35,416.4,416.55,0.199999999999989,2.34824840011008
10,lapping water movement,416.45,416.55,416.75,0.300000000000011,2.4442324566282
2,whitewater decay,417.65,417.85,417.85,0.200000000000045,1.76229862210232
1,continuous foamy hiss,419.75,419.9,420,0.25,2.38832654612592
8,deep incoming rumble,425.2,425.2,425.4,0.199999999999989,1.68012214969409
4,lapping water movement,427.45,427.6,427.6,0.150000000000034,1.95627132135465
2,whitewater decay,427.55,427.6,427.75,0.199999999999989,1.98269146394808
1,continuous foamy hiss,427.85,428,428.4,0.549999999999955,3.78145797859045
3,deep incoming rumble,428.15,428.45,428.5,0.350000000000023,1.94867207842868
3,deep incoming rumble,429.1,429.5,429.75,0.649999999999977,3.29739039837747
3,deep incoming rumble,430.95,431.6,431.7,0.75,2.4405422322928
1,continuous foamy hiss,432.9,433,433.05,0.150000000000034,2.2120436981836
5,deep incoming rumble,435,435.25,435.3,0.300000000000011,2.17906478881325
8,deep incoming rumble,435.9,435.95,436.25,0.350000000000023,2.42938706688555
2,whitewater decay,437.45,438,438.55,1.10000000000002,3.85574113949035
1,continuous foamy hiss,437.6,437.65,437.9,0.299999999999955,1.84495305112908
5,deep incoming rumble,437.85,437.85,438.05,0.199999999999989,2.4900755838899
10,lapping water movement,437.95,438,438.25,0.300000000000011,2.4585775873265
2,whitewater decay,439.1,439.35,439.35,0.25,1.71867754135549
1,continuous foamy hiss,441.05,441.35,441.5,0.449999999999989,2.36425945054067
7,deep incoming rumble,447,447.05,448.4,1.39999999999998,3.53210569061898
9,deep incoming rumble,447.7,447.8,447.85,0.150000000000034,1.92027028613027
10,lapping water movement,449.35,449.6,449.9,0.549999999999955,1.92878654588404
2,whitewater decay,449.4,449.55,450.3,0.900000000000034,2.80371799198501
9,deep incoming rumble,449.8,450.1,450.5,0.699999999999989,2.25586168253263
2,whitewater decay,450.55,450.7,450.85,0.300000000000011,3.47847641051016
1,continuous foamy hiss,450.75,450.85,451.15,0.399999999999977,2.89239723806301
2,whitewater decay,451.2,451.45,451.5,0.300000000000011,2.47393153730949
10,lapping water movement,451.55,451.6,451.75,0.199999999999989,1.9042246223856
9,deep incoming rumble,451.8,451.9,452,0.199999999999989,2.29012739532906
7,deep incoming rumble,452.05,452.1,452.4,0.349999999999966,2.34322996512454
6,broadband crash,452.1,452.3,452.45,0.349999999999966,3.09428289394781
2,whitewater decay,452.35,452.65,452.85,0.5,2.04143746061009
6,broadband crash,452.85,452.95,453.25,0.399999999999977,2.1189311718472
2,whitewater decay,453.3,453.6,453.65,0.349999999999966,2.22931599896976
9,deep incoming rumble,454,454.05,454.45,0.449999999999989,1.98808415785341
9,deep incoming rumble,454.95,455.35,455.85,0.900000000000034,2.5395351303844
2,whitewater decay,456.9,457.2,457.25,0.350000000000023,1.95419863417359
3,deep incoming rumble,461,461.05,461.4,0.399999999999977,2.03003003147561
4,lapping water movement,461.85,462,462.05,0.199999999999989,1.95329609447131
2,whitewater decay,462,462.05,462.2,0.199999999999989,2.02307583042257
3,deep incoming rumble,462,462.05,462.3,0.300000000000011,2.09175956307184
1,continuous foamy hiss,462.25,462.45,462.85,0.600000000000023,3.79443321905406
3,deep incoming rumble,462.6,462.85,462.9,0.299999999999955,1.94180409008769
3,deep incoming rumble,463.55,463.95,464.2,0.649999999999977,3.32781674973865
3,deep incoming rumble,465.35,466.05,466.1,0.75,2.41544201596666
5,deep incoming rumble,469.45,469.7,469.7,0.25,2.09715132647498
2,whitewater decay,471.9,472.45,472.95,1.05000000000001,3.92143983485003
1,continuous foamy hiss,472.05,472.1,472.3,0.25,1.85232114766995
5,deep incoming rumble,472.25,472.3,472.45,0.199999999999989,2.5428295210881
10,lapping water movement,472.4,472.45,472.65,0.25,2.47727387158134
2,whitewater decay,473.55,473.75,473.8,0.25,1.69986351012447
1,continuous foamy hiss,475.65,475.8,475.95,0.300000000000011,2.40564523012213
7,deep incoming rumble,481.4,481.5,482.85,1.45000000000005,3.61917749038307
10,lapping water movement,483.75,484.05,484.35,0.600000000000023,1.87800628088566
2,whitewater decay,483.85,484,484.4,0.549999999999955,2.83554785396231
9,deep incoming rumble,484.25,484.55,484.95,0.699999999999989,2.26277024958265
2,whitewater decay,485,485.1,485.25,0.25,3.41303169967783
1,continuous foamy hiss,485.15,485.25,485.55,0.400000000000034,2.94554630216571
2,whitewater decay,485.6,485.9,485.95,0.349999999999966,2.51434459235208
9,deep incoming rumble,486.25,486.35,486.45,0.199999999999989,2.31332000731947
6,broadband crash,486.5,486.75,486.9,0.399999999999977,3.07581555025907
7,deep incoming rumble,486.5,486.55,486.85,0.350000000000023,2.17216517619773
2,whitewater decay,486.75,487.1,487.25,0.5,2.04695653416114
6,broadband crash,487.3,487.4,487.7,0.399999999999977,2.09208608637873
2,whitewater decay,487.7,488.05,488.1,0.400000000000034,2.17875915014599
9,deep incoming rumble,488.45,488.5,488.9,0.449999999999989,1.94015548241723
9,deep incoming rumble,489.35,489.8,490.3,0.949999999999989,2.60387552361014
1,continuous foamy hiss,491.15,491.25,491.35,0.200000000000045,2.46181037479054
3,deep incoming rumble,495.45,495.5,495.85,0.400000000000034,2.06764343138851
1,continuous foamy hiss,496.15,496.25,496.3,0.150000000000034,1.94641157610146
4,lapping water movement,496.3,496.45,496.5,0.199999999999989,1.97555024906859
2,whitewater decay,496.45,496.5,496.65,0.199999999999989,2.02096314356339
3,deep incoming rumble,496.45,496.5,496.7,0.25,1.98414595329197
1,continuous foamy hiss,496.7,496.85,497.25,0.550000000000011,3.76910768817037
3,deep incoming rumble,497.05,497.3,497.45,0.399999999999977,2.01360996926999
3,deep incoming rumble,497.95,498.4,498.65,0.699999999999989,3.27436953289178
3,deep incoming rumble,499.8,500.45,500.55,0.75,2.36721200839027
5,deep incoming rumble,503.7,503.85,503.9,0.199999999999989,1.59122797638955
2,whitewater decay,506.05,506.35,506.4,0.349999999999966,2.10587591928978
1,continuous foamy hiss,506.5,506.5,506.75,0.25,1.82110174662011
2,whitewater decay,506.6,506.9,507.4,0.799999999999955,3.84635237038895
5,deep incoming rumble,506.7,506.7,506.9,0.199999999999989,2.34699988651802
10,lapping water movement,506.8,506.9,507.1,0.300000000000011,2.42113858015796
7,deep incoming rumble,507.2,507.3,507.35,0.150000000000034,2.79971231938267
2,whitewater decay,508,508.2,508.2,0.199999999999989,1.74851220433566
4,lapping water movement,508.45,508.5,508.6,0.150000000000034,2.05508559887037
1,continuous foamy hiss,510.1,510.25,510.35,0.25,2.38877460932095
7,deep incoming rumble,515.85,515.95,516.05,0.199999999999932,3.42342588878122
7,deep incoming rumble,516.25,516.75,517.3,1.04999999999995,3.51111762380061
4,lapping water movement,517.55,517.6,517.7,0.150000000000091,2.05139338634372
10,lapping water movement,518.2,518.45,518.55,0.349999999999909,1.90807693068158
2,whitewater decay,518.3,518.45,519.15,0.850000000000023,2.77046801531551
9,deep incoming rumble,518.65,519,519.35,0.700000000000045,2.25175547873525
2,whitewater decay,519.4,519.55,519.7,0.300000000000068,3.48302207208604
1,continuous foamy hiss,519.6,519.7,520,0.399999999999977,2.9739669232886
2,whitewater decay,520.05,520.3,520.4,0.350000000000023,2.43668859576573
10,lapping water movement,520.4,520.45,520.6,0.200000000000045,1.92051131925936
6,broadband crash,520.95,521.2,521.3,0.349999999999909,3.03812623589597
2,whitewater decay,521.2,521.55,521.9,0.699999999999932,2.01160371219939
6,broadband crash,521.75,521.8,522.15,0.399999999999977,2.12325430526677
2,whitewater decay,522.15,522.45,522.5,0.350000000000023,2.17697230284614
9,deep incoming rumble,522.85,522.9,523.35,0.5,1.93997753632459
9,deep incoming rumble,523.8,524.25,524.8,1,2.55851931416868
1,continuous foamy hiss,525.6,525.65,525.8,0.199999999999932,2.47126632334181
8,deep incoming rumble,528.5,528.5,528.7,0.200000000000045,1.69832720795032
3,deep incoming rumble,529.9,529.95,530.25,0.350000000000023,2.03384073814206
2,whitewater decay,530.85,530.9,531.05,0.199999999999932,2.00004247514732
3,deep incoming rumble,530.85,530.9,531.15,0.299999999999955,1.96708411707357
1,continuous foamy hiss,531.15,531.3,531.7,0.550000000000068,3.79304537660037
3,deep incoming rumble,531.45,531.75,531.75,0.299999999999955,1.91908213746963
3,deep incoming rumble,532.75,532.8,533.05,0.299999999999955,3.32658078642895
3,deep incoming rumble,534.2,534.9,535,0.799999999999955,2.45562707894399
2,whitewater decay,540.75,541.3,541.8,1.04999999999995,3.83411693358561
1,continuous foamy hiss,540.9,541.5,541.55,0.649999999999977,2.06982563966978
5,deep incoming rumble,541.1,541.15,541.35,0.25,2.51671240821944
10,lapping water movement,541.25,541.3,541.5,0.25,2.47450145003859
2,whitewater decay,542.2,542.65,542.65,0.449999999999932,1.73243159196627
1,continuous foamy hiss,544.55,544.65,544.8,0.25,2.37706828918145
7,deep incoming rumble,550.3,550.35,551.7,1.40000000000009,3.5593568654467
10,lapping water movement,552.6,552.9,553.2,0.600000000000023,1.93464472227425
2,whitewater decay,552.7,552.85,553.6,0.899999999999977,2.86148720663548
9,deep incoming rumble,553.35,553.4,553.8,0.449999999999932,2.25920572857502
2,whitewater decay,553.85,554,554.15,0.299999999999955,3.47585276888448
1,continuous foamy hiss,554.05,554.15,554.4,0.350000000000023,2.87418157939782
2,whitewater decay,554.5,554.75,554.8,0.299999999999955,2.48533805307773
9,deep incoming rumble,555.1,555.2,555.3,0.199999999999932,2.30484181190433
7,deep incoming rumble,555.35,555.4,555.7,0.350000000000023,2.30982040879948
6,broadband crash,555.4,555.6,555.75,0.350000000000023,3.11043705158066
2,whitewater decay,555.6,555.95,556.15,0.549999999999955,2.04006132635495
6,broadband crash,556.15,556.25,556.55,0.399999999999977,2.10620782161545
2,whitewater decay,556.55,556.9,556.95,0.400000000000091,2.22881723731649
9,deep incoming rumble,558.25,558.65,559.15,0.899999999999977,2.55746797780401
1,continuous foamy hiss,560,560.1,560.2,0.200000000000045,2.5061417837251
4,lapping water movement,565.15,565.3,565.35,0.200000000000045,1.98804237213175
2,whitewater decay,565.3,565.35,565.5,0.200000000000045,2.00893041861555
3,deep incoming rumble,565.3,565.35,565.6,0.300000000000068,2.103194316262
1,continuous foamy hiss,565.55,565.75,566.15,0.600000000000023,3.76264892376883
3,deep incoming rumble,565.9,566.15,566.2,0.300000000000068,1.9339040807887
3,deep incoming rumble,566.55,566.95,567,0.450000000000045,2.71370538399994
3,deep incoming rumble,567.2,567.25,567.5,0.299999999999955,3.31777182651175
3,deep incoming rumble,568.65,569,569.4,0.75,2.42145098568693
2,whitewater decay,574.9,575.75,576.25,1.35000000000002,3.93344007966778
1,continuous foamy hiss,575.35,575.4,575.6,0.25,1.80921572405208
5,deep incoming rumble,575.55,575.6,575.75,0.200000000000045,2.50878990994868
10,lapping water movement,575.65,575.75,575.95,0.300000000000068,2.4702682886163
2,whitewater decay,576.85,577.05,577.1,0.25,1.72535462212285
4,lapping water movement,577.3,577.35,577.45,0.150000000000091,2.00082941854946
1,continuous foamy hiss,578.95,579.1,579.25,0.299999999999955,2.39946744928157
4,lapping water movement,580.55,580.7,580.7,0.150000000000091,1.91760141034373
7,deep incoming rumble,584.7,584.8,584.9,0.199999999999932,3.59437477539244
7,deep incoming rumble,585.1,585.6,586.15,1.04999999999995,3.44539402044548
10,lapping water movement,585.3,585.35,585.45,0.150000000000091,1.87693798115878
10,lapping water movement,587.05,587.35,587.4,0.350000000000023,1.86935554273504
2,whitewater decay,587.15,587.3,588,0.850000000000023,2.81635168165766
9,deep incoming rumble,587.75,587.85,588.25,0.5,2.2607338442689
2,whitewater decay,588.25,588.4,588.55,0.299999999999955,3.4323197517736
1,continuous foamy hiss,588.45,588.55,588.85,0.399999999999977,2.94252970375265
2,whitewater decay,588.9,589.2,589.25,0.350000000000023,2.49834603838469
10,lapping water movement,589.3,589.3,589.45,0.150000000000091,1.90533085269367
9,deep incoming rumble,589.55,589.65,589.75,0.200000000000045,2.31352218085364
6,broadband crash,589.8,590.05,590.2,0.400000000000091,3.09689610677383
7,deep incoming rumble,589.8,589.85,590.1,0.300000000000068,2.12023577076951
2,whitewater decay,590.05,590.4,590.55,0.5,2.04995301781245
6,broadband crash,590.6,590.65,591,0.399999999999977,2.11206816284312
2,whitewater decay,591,591.35,591.4,0.399999999999977,2.17633805973759
9,deep incoming rumble,592,592.05,592.2,0.200000000000045,1.70073268660054
9,deep incoming rumble,593,593.1,593.6,0.600000000000023,2.60625855115357
1,continuous foamy hiss,594.45,594.5,594.65,0.199999999999932,2.40522696229783
2,whitewater decay,594.6,594.95,594.95,0.350000000000023,1.87517199308566
8,deep incoming rumble,597.35,597.35,597.55,0.199999999999932,1.62872500447761
3,deep incoming rumble,598.75,598.8,599.1,0.350000000000023,2.06614255564607
4,lapping water movement,599.6,599.75,599.8,0.199999999999932,1.9874301926057
2,whitewater decay,599.75,599.8,599.95,0.200000000000045,1.99020075078848
1,continuous foamy hiss,600,600.15,600.55,0.549999999999955,3.78596698044722
3,deep incoming rumble,600.35,600.6,600.75,0.399999999999977,2.04509103139767
3,deep incoming rumble,601.25,601.7,601.95,0.700000000000045,3.25473395881591
3,deep incoming rumble,603.1,603.75,603.85,0.75,2.39057547566646
1,continuous foamy hiss,605.05,605.15,605.2,0.150000000000091,2.23892025133591
2,whitewater decay,609.6,610.2,610.7,1.10000000000002,3.86269786050626
1,continuous foamy hiss,609.8,609.8,610.05,0.25,1.83185075979004
5,deep incoming rumble,610,610,610.2,0.200000000000045,2.40071884714889
10,lapping water movement,610.1,610.15,610.4,0.299999999999955,2.40502416073056
2,whitewater decay,611.3,611.5,611.5,0.200000000000045,1.74003521126873
1,continuous foamy hiss,613.2,613.55,613.65,0.449999999999932,2.38752007908417
7,deep incoming rumble,619.15,620.05,620.6,1.45000000000005,3.49990577907792
10,lapping water movement,621.5,621.75,622.05,0.549999999999955,1.91530857612758
2,whitewater decay,621.6,621.75,622.45,0.850000000000023,2.7593505852351
9,deep incoming rumble,622.2,622.3,622.65,0.449999999999932,2.24770570895491
2,whitewater decay,622.7,622.85,623,0.299999999999955,3.49435759268171
1,continuous foamy hiss,622.9,623,623.3,0.399999999999977,2.95099994223518
2,whitewater decay,623.35,623.6,623.7,0.350000000000023,2.44036139502342
10,lapping water movement,623.7,623.75,623.9,0.199999999999932,1.92016228149021
9,deep incoming rumble,623.95,624.1,624.15,0.199999999999932,2.29061017229482
6,broadband crash,624.25,624.45,624.6,0.350000000000023,3.05171552094267
2,whitewater decay,624.5,624.8,625,0.5,2.03253494236799
6,broadband crash,625.05,625.1,625.4,0.350000000000023,2.12709091889756
2,whitewater decay,625.45,625.75,625.8,0.349999999999909,2.1869976250956
9,deep incoming rumble,627.45,627.55,628.1,0.649999999999977,2.53174083076968
2,whitewater decay,629.05,629.35,629.4,0.350000000000023,1.9432979355159
8,deep incoming rumble,631.8,631.8,632,0.200000000000045,1.71217682693059
4,lapping water movement,634.05,634.2,634.2,0.150000000000091,1.95807256107578
2,whitewater decay,634.15,634.2,634.35,0.200000000000045,1.98876041414999
1,continuous foamy hiss,634.45,634.6,635,0.549999999999955,3.80569649776812
3,deep incoming rumble,634.75,635.05,635.05,0.299999999999955,1.89644398867867
3,deep incoming rumble,635.7,636.1,636.35,0.649999999999977,3.3354263831715
3,deep incoming rumble,637.5,638.2,638.25,0.75,2.45518418633785
5,deep incoming rumble,641.6,641.85,641.85,0.25,2.16552453735161
2,whitewater decay,644.05,644.6,645.1,1.05000000000007,3.88193157886154
1,continuous foamy hiss,644.2,644.25,644.5,0.299999999999955,1.83415802367153
5,deep incoming rumble,644.4,644.45,644.65,0.25,2.54148084735748
10,lapping water movement,644.55,644.6,644.8,0.25,2.48173753232876
2,whitewater decay,645.7,645.95,645.95,0.25,1.64903304907525
4,lapping water movement,646.15,646.25,646.35,0.200000000000045,2.04608272688173
1,continuous foamy hiss,647.85,647.95,648.1,0.25,2.3819186399206
7,deep incoming rumble,653.6,653.65,655,1.39999999999998,3.58629518145494
9,deep incoming rumble,654.3,654.35,654.45,0.150000000000091,1.93157397096812
10,lapping water movement,655.9,656.2,656.25,0.350000000000023,1.92533195009489
2,whitewater decay,656,656.15,656.9,0.899999999999977,2.83406810795171
9,deep incoming rumble,656.65,656.7,657.1,0.450000000000045,2.25965618457414
2,whitewater decay,657.15,657.3,657.45,0.300000000000068,3.44602702886052
1,continuous foamy hiss,657.3,657.4,657.7,0.400000000000091,2.90447869664181
2,whitewater decay,657.75,658.05,658.1,0.350000000000023,2.50420318439416
9,deep incoming rumble,658.4,658.5,658.6,0.200000000000045,2.30546911003588
7,deep incoming rumble,658.65,658.7,659,0.350000000000023,2.28491250148833
6,broadband crash,658.7,658.9,659.05,0.349999999999909,3.10388513593088
2,whitewater decay,658.9,659.25,659.45,0.550000000000068,2.0291940835642
6,broadband crash,659.45,659.55,659.85,0.399999999999977,2.1001815265955
2,whitewater decay,659.85,660.2,660.25,0.399999999999977,2.21371515332618
9,deep incoming rumble,660.6,660.65,661.05,0.449999999999932,1.98447708489965
9,deep incoming rumble,661.85,661.95,662.45,0.600000000000023,2.57023666932609
1,continuous foamy hiss,663.3,663.4,663.5,0.200000000000045,2.44402717977773
3,deep incoming rumble,667.6,667.65,668,0.399999999999977,2.06831719470091
4,lapping water movement,668.45,668.6,668.65,0.199999999999932,1.97672708772104
2,whitewater decay,668.6,668.65,668.8,0.199999999999932,2.03423943822807
3,deep incoming rumble,668.6,668.65,668.9,0.299999999999955,2.06935274212856
1,continuous foamy hiss,668.85,669.05,669.45,0.600000000000023,3.76432501712445
3,deep incoming rumble,669.2,669.45,669.5,0.299999999999955,1.96282306660258
3,deep incoming rumble,670.1,670.25,670.3,0.199999999999932,2.68688654943259
3,deep incoming rumble,670.5,670.55,670.8,0.299999999999955,3.30232444628989
3,deep incoming rumble,671.95,672.3,672.7,0.75,2.41928643817812
1,continuous foamy hiss,673.9,674,674.1,0.200000000000045,2.183433839286
5,deep incoming rumble,675.85,676.05,676.05,0.199999999999932,1.58990829232146
1,continuous foamy hiss,678.65,678.7,678.9,0.25,1.81880809613536
2,whitewater decay,678.75,679.05,679.55,0.799999999999955,3.92049505055609
5,deep incoming rumble,678.85,678.9,679.05,0.199999999999932,2.45831946478634
10,lapping water movement,678.95,679.05,679.25,0.299999999999955,2.4634533204832
2,whitewater decay,680.15,680.35,680.4,0.25,1.74417842268171
1,continuous foamy hiss,682.25,682.4,682.5,0.25,2.39949752316229
7,deep incoming rumble,688,688.1,689.45,1.45000000000005,3.55870756961544
10,lapping water movement,690.35,690.65,690.9,0.549999999999955,1.8735722009736
2,whitewater decay,690.45,690.6,691.3,0.849999999999909,2.85128481112106
9,deep incoming rumble,690.85,691.15,691.5,0.649999999999977,2.2607005406525
2,whitewater decay,691.55,691.7,691.85,0.300000000000068,3.44328473000407
1,continuous foamy hiss,691.75,691.85,692.15,0.399999999999977,2.94620765340225
2,whitewater decay,692.2,692.5,692.55,0.349999999999909,2.45931445345156
9,deep incoming rumble,692.85,692.95,693.05,0.199999999999932,2.31126918132545
6,broadband crash,693.1,693.35,693.5,0.399999999999977,3.09388876458827
2,whitewater decay,693.35,693.7,694.05,0.699999999999932,2.04148387381107
6,broadband crash,693.9,693.95,694.3,0.399999999999977,2.0932095098528
2,whitewater decay,694.3,694.65,694.7,0.400000000000091,2.13719052461427
9,deep incoming rumble,695.05,695.1,695.5,0.450000000000045,1.88979005626528
9,deep incoming rumble,695.95,696.4,696.95,1,2.60099434349892
1,continuous foamy hiss,697.75,697.8,697.95,0.200000000000045,2.42547059582004
8,deep incoming rumble,700.65,700.65,700.85,0.200000000000045,1.64487341878656
3,deep incoming rumble,702.05,702.1,702.4,0.350000000000023,2.05694930318713
4,lapping water movement,702.9,703.05,703.1,0.200000000000045,1.97913481380086
2,whitewater decay,703.05,703.1,703.25,0.200000000000045,1.96862031193175
3,deep incoming rumble,703.05,703.1,703.3,0.25,1.93658006251561
1,continuous foamy hiss,703.3,703.45,703.85,0.550000000000068,3.7812593954827
3,deep incoming rumble,703.6,703.9,703.95,0.350000000000023,2.01536925139729
3,deep incoming rumble,704.55,705,705.25,0.700000000000045,3.22288424118183
3,deep incoming rumble,706.4,707.05,707.15,0.75,2.41069066285422
5,deep incoming rumble,710.45,710.7,710.75,0.299999999999955,2.16782553275687
8,deep incoming rumble,711.35,711.4,711.7,0.350000000000023,2.45766619928233
2,whitewater decay,712.65,712.95,713,0.350000000000023,2.11066625104064
1,continuous foamy hiss,713.05,713.1,713.35,0.300000000000068,1.84523161600345
2,whitewater decay,713.2,713.5,714,0.799999999999955,3.8066476241826
5,deep incoming rumble,713.3,713.3,713.5,0.200000000000045,2.43994515580249
10,lapping water movement,713.4,713.45,713.7,0.300000000000068,2.42862920325467
7,deep incoming rumble,713.8,713.9,713.95,0.150000000000091,2.74087611746167
2,whitewater decay,714.6,714.8,714.8,0.199999999999932,1.73334248304674
4,lapping water movement,715.05,715.1,715.2,0.150000000000091,2.04792909591432
1,continuous foamy hiss,716.7,716.85,716.95,0.25,2.3614052094734
4,lapping water movement,718.3,718.4,718.45,0.150000000000091,1.96415452206609
7,deep incoming rumble,722.45,722.5,722.65,0.199999999999932,3.49774314481015
7,deep incoming rumble,722.85,723.35,723.85,1,3.47431604039525
10,lapping water movement,724.8,725.05,725.15,0.350000000000023,1.92625228935712
2,whitewater decay,724.9,725,725.75,0.850000000000023,2.79613535068746
9,deep incoming rumble,725.5,725.55,725.95,0.450000000000045,2.24908064525672
2,whitewater decay,726,726.15,726.3,0.299999999999955,3.48603152742076
1,continuous foamy hiss,726.2,726.3,726.6,0.399999999999977,2.94017055721
2,whitewater decay,726.65,726.9,727,0.350000000000023,2.44580916043264
10,lapping water movement,727,727.05,727.2,0.200000000000045,1.90946648641204
9,deep incoming rumble,727.25,727.35,727.45,0.200000000000045,2.28100532309262
7,deep incoming rumble,727.5,727.55,727.85,0.350000000000023,2.3619258320838
6,broadband crash,727.55,727.75,727.9,0.350000000000023,3.08840803400293
2,whitewater decay,727.8,728.1,728.3,0.5,2.03313025344903
6,broadband crash,728.3,728.4,728.7,0.400000000000091,2.12230093589121
2,whitewater decay,728.75,729.05,729.1,0.350000000000023,2.20207982847192
9,deep incoming rumble,730.75,730.8,731.4,0.649999999999977,2.51948972423828
2,whitewater decay,737.45,737.5,737.65,0.199999999999932,1.99470225748637
1,continuous foamy hiss,737.75,737.9,738.3,0.549999999999955,3.784520112457
3,deep incoming rumble,738.05,738.3,738.35,0.300000000000068,1.88902059410718
3,deep incoming rumble,739.35,739.4,739.65,0.299999999999955,3.33927053342847
3,deep incoming rumble,740.8,741.5,741.55,0.75,2.44990132035447
1,continuous foamy hiss,742.8,742.9,742.95,0.150000000000091,2.19235995125891
2,whitewater decay,747.35,747.9,748.4,1.04999999999995,3.93512618973657
1,continuous foamy hiss,747.5,747.55,747.75,0.25,1.84092343173235
5,deep incoming rumble,747.7,747.75,747.95,0.25,2.55790646194223
10,lapping water movement,747.85,747.9,748.1,0.25,2.47935027873779
2,whitewater decay,749,749.2,749.25,0.25,1.65707806778764
4,lapping water movement,749.45,749.55,749.65,0.199999999999932,2.01655006442497
1,continuous foamy hiss,751.1,751.25,751.4,0.299999999999955,2.36866681840254
7,deep incoming rumble,756.9,756.95,758.3,1.39999999999998,3.60781663686757
10,lapping water movement,759.2,759.5,759.55,0.349999999999909,1.9008454982051
2,whitewater decay,759.3,759.45,760.2,0.900000000000091,2.87406289897646
9,deep incoming rumble,759.7,760,760.4,0.699999999999932,2.26274817089937
2,whitewater decay,760.45,760.6,760.7,0.25,3.43319703870702
1,continuous foamy hiss,760.6,760.7,761,0.399999999999977,2.9285293066162
2,whitewater decay,761.05,761.35,761.4,0.350000000000023,2.51629516575358
9,deep incoming rumble,761.7,761.8,761.9,0.199999999999932,2.32402626316433
6,broadband crash,762,762.2,762.35,0.350000000000023,3.08985895646281
2,whitewater decay,762.2,762.55,762.75,0.549999999999955,2.04814752475596
6,broadband crash,762.75,762.85,763.15,0.399999999999977,2.10803284019907
2,whitewater decay,763.15,763.5,763.55,0.399999999999977,2.18876535990335
9,deep incoming rumble,764.8,765.25,765.75,0.950000000000045,2.5886269049096
1,continuous foamy hiss,766.6,766.7,766.8,0.199999999999932,2.44005887064788
2,whitewater decay,766.75,767.1,767.1,0.350000000000023,1.93191134237053
3,deep incoming rumble,770.9,770.95,771.3,0.399999999999977,2.07246514099511
4,lapping water movement,771.75,771.9,771.95,0.200000000000045,1.97952334678143
2,whitewater decay,771.9,771.95,772.1,0.200000000000045,2.0258203805927
3,deep incoming rumble,771.9,771.95,772.2,0.300000000000068,2.04458896552949
1,continuous foamy hiss,772.15,772.35,772.7,0.550000000000068,3.76784539098511
3,deep incoming rumble,772.5,772.75,772.8,0.299999999999955,1.97761583102467
3,deep incoming rumble,773.15,773.85,774.1,0.950000000000045,3.29154746959763
3,deep incoming rumble,775.25,775.6,776,0.75,2.40468253774869
5,deep incoming rumble,779.15,779.55,779.6,0.450000000000045,2.08886443718125
2,whitewater decay,781.75,782.35,782.85,1.10000000000002,3.92189252736811
1,continuous foamy hiss,781.95,782,782.2,0.25,1.81632262024767
5,deep incoming rumble,782.15,782.2,782.35,0.200000000000045,2.39438799325912
10,lapping water movement,782.25,782.35,782.55,0.299999999999955,2.44750559502133
2,whitewater decay,783.45,783.65,783.65,0.199999999999932,1.74852353460034
1,continuous foamy hiss,785.35,785.7,785.8,0.449999999999932,2.41982037039455
7,deep incoming rumble,791.3,791.4,791.5,0.200000000000045,3.51828556825228
7,deep incoming rumble,791.7,792.2,792.75,1.04999999999995,3.48931657923655
10,lapping water movement,793.65,793.9,794,0.350000000000023,1.87071842259913
2,whitewater decay,793.75,793.9,794.6,0.850000000000023,2.82841470739161
9,deep incoming rumble,794.35,794.45,794.8,0.449999999999932,2.25961307629469
2,whitewater decay,794.85,795,795.15,0.299999999999955,3.46111496047835
1,continuous foamy hiss,795.05,795.15,795.45,0.400000000000091,2.96196261990549
2,whitewater decay,795.5,795.75,795.85,0.350000000000023,2.44379619510506
10,lapping water movement,795.85,795.9,796.05,0.199999999999932,1.92508178905488
6,broadband crash,796.4,796.65,796.8,0.399999999999977,3.06446110031897
7,deep incoming rumble,796.4,796.4,796.7,0.300000000000068,2.20806105402843
2,whitewater decay,796.65,797,797.15,0.5,2.03259144911032
6,broadband crash,797.2,797.25,797.6,0.399999999999977,2.10261977785821
2,whitewater decay,797.6,797.95,798,0.399999999999977,2.16117458868663
9,deep incoming rumble,798.6,798.75,798.8,0.199999999999932,1.6844392107973
9,deep incoming rumble,799.6,799.7,799.9,0.299999999999955,2.58940281631311
1,continuous foamy hiss,801.05,801.1,801.25,0.200000000000045,2.43729206109102
8,deep incoming rumble,803.95,803.95,804.15,0.199999999999932,1.66486919201144
1,continuous foamy hiss,806.05,806.1,806.2,0.150000000000091,1.92113237289249
4,lapping water movement,806.2,806.35,806.4,0.199999999999932,1.96813270990242
2,whitewater decay,806.3,806.35,806.55,0.25,1.97185336894521
1,continuous foamy hiss,806.6,806.75,807.15,0.549999999999955,3.78434801781323
3,deep incoming rumble,806.9,807.2,807.25,0.350000000000023,1.97476252176259
3,deep incoming rumble,808.2,808.25,808.55,0.349999999999909,3.25953776928832
3,deep incoming rumble,809.7,810.35,810.45,0.75,2.42988143525853
1,continuous foamy hiss,816.35,816.4,816.65,0.299999999999955,1.85033389700666
2,whitewater decay,816.5,816.8,817.3,0.799999999999955,3.79932951548566
5,deep incoming rumble,816.6,816.6,816.8,0.199999999999932,2.4703307171866
10,lapping water movement,816.7,816.75,817,0.299999999999955,2.45158768606552
2,whitewater decay,817.9,818.1,818.1,0.200000000000045,1.73563974712018
1,continuous foamy hiss,820,820.1,820.25,0.25,2.35403307777053
7,deep incoming rumble,825.75,825.8,827.15,1.39999999999998,3.51851650937196
10,lapping water movement,828.1,828.35,828.65,0.549999999999955,1.95004868800601
2,whitewater decay,828.2,828.3,829.05,0.849999999999909,2.78109332341413
9,deep incoming rumble,828.55,828.85,829.25,0.700000000000045,2.25202422619949
2,whitewater decay,829.3,829.45,829.6,0.300000000000068,3.47328297851423
1,continuous foamy hiss,829.5,829.6,829.9,0.399999999999977,2.93225410201466
2,whitewater decay,829.95,830.2,830.3,0.349999999999909,2.46807885948978
10,lapping water movement,830.3,830.35,830.5,0.200000000000045,1.90311703010815
9,deep incoming rumble,830.55,830.65,830.75,0.200000000000045,2.29208673884409
7,deep incoming rumble,830.8,830.85,831.15,0.350000000000023,2.35848184515528
6,broadband crash,830.85,831.05,831.2,0.350000000000023,3.12539677452501
2,whitewater decay,831.05,831.4,831.6,0.550000000000068,2.04883623747181
6,broadband crash,831.6,831.7,832,0.399999999999977,2.11077527470021
2,whitewater decay,832,832.35,832.4,0.399999999999977,2.21746709924767
9,deep incoming rumble,832.75,832.8,833.2,0.450000000000045,1.98514601889715
9,deep incoming rumble,834,834.1,834.7,0.700000000000045,2.53356414645469
2,whitewater decay,835.65,835.95,836,0.350000000000023,1.95490038140241
3,deep incoming rumble,839.75,839.8,840.15,0.399999999999977,2.01834379278849
4,lapping water movement,840.6,840.75,840.8,0.199999999999932,1.96947939321548
2,whitewater decay,840.75,840.8,840.95,0.200000000000045,1.99205619385781
3,deep incoming rumble,840.75,840.8,841.05,0.299999999999955,2.09633791444885
1,continuous foamy hiss,841.05,841.2,841.6,0.550000000000068,3.75039860668122
6,broadband crash,841.3,841.4,841.45,0.150000000000091,1.9132263707207
3,deep incoming rumble,841.35,841.6,841.65,0.299999999999955,1.92818928475651
3,deep incoming rumble,842.3,842.7,842.95,0.650000000000091,3.34137146582979
3,deep incoming rumble,844.1,844.8,844.85,0.75,2.42834868193245
8,deep incoming rumble,844.3,844.4,844.45,0.150000000000091,1.8868746386435
5,deep incoming rumble,848.2,848.45,848.45,0.25,2.11247108947504
2,whitewater decay,850.65,851.2,851.7,1.05000000000007,3.96987503948427
1,continuous foamy hiss,850.8,850.85,851.05,0.25,1.83378937545733
5,deep incoming rumble,851,851.05,851.2,0.200000000000045,2.55304211393927
10,lapping water movement,851.15,851.2,851.4,0.25,2.48264150062887
2,whitewater decay,852.3,852.5,852.55,0.25,1.66333019756569
4,lapping water movement,852.75,852.85,852.95,0.200000000000045,1.99900946545907
5,deep incoming rumble,853.55,853.65,853.7,0.150000000000091,2.00641648887659
1,continuous foamy hiss,854.4,854.55,854.7,0.300000000000068,2.3795936782354
4,lapping water movement,856.05,856.15,856.2,0.150000000000091,1.92271974826471
7,deep incoming rumble,860.2,860.25,861.6,1.39999999999998,3.61959001543431
10,lapping water movement,862.5,862.8,863.1,0.600000000000023,1.88690431658464
2,whitewater decay,862.6,862.75,863.15,0.549999999999955,2.82757956194975
9,deep incoming rumble,863.2,863.3,863.7,0.5,2.26398982092808
2,whitewater decay,863.75,863.9,864,0.25,3.4073497558535
1,continuous foamy hiss,863.9,864,864.3,0.399999999999977,2.91524717347089
2,whitewater decay,864.35,864.65,864.7,0.350000000000023,2.49723140412718
9,deep incoming rumble,865,865.1,865.2,0.200000000000045,2.31085139028432
6,broadband crash,865.3,865.5,865.65,0.350000000000023,3.10798848981941
2,whitewater decay,865.5,865.85,866.05,0.549999999999955,2.05375665926766
6,broadband crash,866.05,866.15,866.45,0.400000000000091,2.10622076700405
2,whitewater decay,866.45,866.8,866.85,0.399999999999977,2.17761047080165
9,deep incoming rumble,867.45,867.5,867.65,0.199999999999932,1.71525776846401
9,deep incoming rumble,868.45,868.55,869.05,0.599999999999909,2.59953237123693
1,continuous foamy hiss,869.9,870,870.1,0.200000000000045,2.4291893004542
3,deep incoming rumble,874.2,874.25,874.6,0.399999999999977,2.06993148757957
4,lapping water movement,875.05,875.2,875.25,0.200000000000045,1.99438293169426
2,whitewater decay,875.2,875.25,875.4,0.199999999999932,2.01116827900712
3,deep incoming rumble,875.2,875.25,875.45,0.25,2.00785099514188
1,continuous foamy hiss,875.45,875.6,876,0.549999999999955,3.75936173772271
3,deep incoming rumble,875.8,876.05,876.2,0.400000000000091,1.9877155726229
3,deep incoming rumble,876.7,877.15,877.4,0.699999999999932,3.28097431176263
3,deep incoming rumble,878.55,878.9,879.3,0.75,2.36746946478026
5,deep incoming rumble,882.45,882.6,882.65,0.199999999999932,1.56370588987883
2,whitewater decay,884.8,885.1,885.15,0.350000000000023,2.09937254917382
1,continuous foamy hiss,885.25,885.3,885.5,0.25,1.80714836630402
2,whitewater decay,885.35,885.65,886.15,0.799999999999955,3.90131387044011
5,deep incoming rumble,885.45,885.5,885.65,0.199999999999932,2.33984511861421
10,lapping water movement,885.55,885.65,885.85,0.300000000000068,2.42961325118395
2,whitewater decay,886.75,886.95,886.95,0.200000000000045,1.74247515887646
1,continuous foamy hiss,888.85,889,889.1,0.25,2.40948174363414
7,deep incoming rumble,894.6,894.7,894.8,0.199999999999932,3.45965537060433
7,deep incoming rumble,895,895.5,896.05,1.04999999999995,3.50562158117357
4,lapping water movement,896.3,896.35,896.45,0.150000000000091,2.06074428388259
10,lapping water movement,896.95,897.2,897.3,0.349999999999909,1.88375038445163
2,whitewater decay,897.05,897.2,897.9,0.850000000000023,2.79265392227495
9,deep incoming rumble,897.4,897.75,898.1,0.700000000000045,2.25531721450218
2,whitewater decay,898.15,898.3,898.45,0.300000000000068,3.46370996552457
1,continuous foamy hiss,898.35,898.45,898.75,0.399999999999977,2.95180489421386
2,whitewater decay,898.8,899.05,899.15,0.350000000000023,2.44254456547588
10,lapping water movement,899.15,899.2,899.35,0.200000000000045,1.9229788573719
6,broadband crash,899.7,899.95,900.1,0.399999999999977,3.04302173987323
2,whitewater decay,899.95,900.3,900.45,0.5,2.03175391031726
6,broadband crash,900.5,900.55,900.9,0.399999999999977,2.09915112243733
2,whitewater decay,900.9,901.2,901.3,0.399999999999977,2.16775965309748
9,deep incoming rumble,901.6,901.65,902.1,0.5,1.9305871062924
9,deep incoming rumble,902.55,903,903.55,1,2.5669572385094
1,continuous foamy hiss,904.35,904.4,904.55,0.199999999999932,2.48628076722305
8,deep incoming rumble,907.25,907.25,907.45,0.200000000000045,1.68714303741246
3,deep incoming rumble,908.65,908.7,909,0.350000000000023,2.03518081326821
2,whitewater decay,909.6,909.65,909.8,0.199999999999932,1.98421288038622
3,deep incoming rumble,909.6,909.65,909.9,0.299999999999955,1.94220603692175
1,continuous foamy hiss,909.9,910.05,910.45,0.550000000000068,3.81191379347806
3,deep incoming rumble,910.2,910.5,910.55,0.349999999999909,1.93723563211299
3,deep incoming rumble,911.5,911.55,911.8,0.299999999999955,3.31161062980666
3,deep incoming rumble,913,913.65,913.75,0.75,2.44752350866556
2,whitewater decay,919.5,920.05,920.6,1.10000000000002,3.84697095174305
1,continuous foamy hiss,919.65,920.25,920.3,0.649999999999977,2.11600935843265
5,deep incoming rumble,919.9,919.9,920.1,0.200000000000045,2.50395821506027
10,lapping water movement,920,920.05,920.3,0.299999999999955,2.46771849063989
2,whitewater decay,920.95,921.4,921.4,0.449999999999932,1.73042270614699
1,continuous foamy hiss,923.1,923.4,923.55,0.449999999999932,2.35257590259339
7,deep incoming rumble,929.05,929.1,930.45,1.40000000000009,3.54336248281806
10,lapping water movement,931.35,931.65,931.95,0.600000000000023,1.94390832396095
2,whitewater decay,931.45,931.6,932.35,0.899999999999977,2.80734187077073
9,deep incoming rumble,932.1,932.15,932.55,0.449999999999932,2.2549788577271
2,whitewater decay,932.6,932.75,932.9,0.299999999999955,3.47626337999318
1,continuous foamy hiss,932.8,932.9,933.2,0.400000000000091,2.90302212928344
2,whitewater decay,933.25,933.5,933.55,0.299999999999955,2.49477048500866
9,deep incoming rumble,933.85,933.95,934.05,0.199999999999932,2.29607904066583
7,deep incoming rumble,934.1,934.15,934.45,0.350000000000023,2.33261365095757
6,broadband crash,934.15,934.35,934.5,0.350000000000023,3.07059326793522
2,whitewater decay,934.4,934.7,934.9,0.5,2.0318750495733
6,broadband crash,934.9,935,935.3,0.399999999999977,2.1139646316639
2,whitewater decay,935.3,935.65,935.7,0.400000000000091,2.21731319050932
9,deep incoming rumble,937,937.4,937.9,0.899999999999977,2.54783183024393
1,continuous foamy hiss,938.75,938.85,938.95,0.200000000000045,2.45856047529964
4,lapping water movement,943.9,944.05,944.1,0.200000000000045,1.98972068151897
2,whitewater decay,944.05,944.1,944.25,0.200000000000045,2.00128974443522
1,continuous foamy hiss,944.3,944.5,944.9,0.600000000000023,3.79002647485324
3,deep incoming rumble,944.65,944.9,944.95,0.300000000000068,1.9460646852751
3,deep incoming rumble,945.95,946,946.25,0.299999999999955,3.33059700992037
3,deep incoming rumble,947.4,947.75,948.15,0.75,2.4289940152708
2,whitewater decay,953.65,954.5,955,1.35000000000002,3.96119061227431
1,continuous foamy hiss,954.1,954.15,954.35,0.25,1.83951059178092
5,deep incoming rumble,954.3,954.35,954.5,0.200000000000045,2.53008444907526
10,lapping water movement,954.4,954.5,954.7,0.300000000000068,2.48164979234682
2,whitewater decay,955.6,955.8,955.85,0.25,1.68201878983399
4,lapping water movement,956.05,956.1,956.2,0.150000000000091,1.99176624372447
1,continuous foamy hiss,957.7,957.85,957.95,0.25,2.39599897750501
4,lapping water movement,959.3,959.45,959.5,0.200000000000045,1.92237547297192
7,deep incoming rumble,963.45,963.55,963.65,0.199999999999932,3.61718560869694
7,deep incoming rumble,963.85,964.35,964.9,1.04999999999995,3.42312170453507
10,lapping water movement,964.05,964.1,964.2,0.150000000000091,1.87858255005394
10,lapping water movement,965.8,966.1,966.15,0.350000000000023,1.8909311747709
2,whitewater decay,965.9,966.05,966.75,0.850000000000023,2.81795743709458
9,deep incoming rumble,966.5,966.6,967,0.5,2.258804928028
2,whitewater decay,967.05,967.15,967.3,0.25,3.4125274708975
1,continuous foamy hiss,967.2,967.3,967.6,0.399999999999977,2.94120943205009
2,whitewater decay,967.65,967.95,968,0.350000000000023,2.55559011931282
10,lapping water movement,968.05,968.05,968.2,0.150000000000091,1.90322019728214
9,deep incoming rumble,968.3,968.4,968.5,0.200000000000045,2.31115698411081
7,deep incoming rumble,968.55,968.6,968.85,0.300000000000068,2.14894856695763
6,broadband crash,968.6,968.8,968.95,0.350000000000023,3.09614763260918
2,whitewater decay,968.8,969.15,969.3,0.5,2.04505982399657
6,broadband crash,969.35,969.4,969.75,0.399999999999977,2.09442955466082
2,whitewater decay,969.75,970.1,970.15,0.399999999999977,2.1907281830536
9,deep incoming rumble,970.75,970.8,970.95,0.200000000000045,1.70876640754148
9,deep incoming rumble,971.75,971.85,972.35,0.600000000000023,2.60349375239743
1,continuous foamy hiss,973.2,973.3,973.4,0.199999999999932,2.40681879979848
2,whitewater decay,973.35,973.7,973.7,0.350000000000023,1.88377149277183
8,deep incoming rumble,976.1,976.15,976.3,0.199999999999932,1.6233164580571
3,deep incoming rumble,977.5,977.55,977.9,0.399999999999977,2.06926827250817
4,lapping water movement,978.35,978.5,978.55,0.199999999999932,2.03927930095976
2,whitewater decay,978.5,978.55,978.7,0.200000000000045,1.99358332800151
1,continuous foamy hiss,978.75,978.9,979.3,0.549999999999955,3.75950676699202
3,deep incoming rumble,979.1,979.35,979.5,0.399999999999977,2.02268981497228
3,deep incoming rumble,980,980.45,980.7,0.700000000000045,3.26407536606534
3,deep incoming rumble,981.85,982.5,982.6,0.75,2.37553552329984
1,continuous foamy hiss,983.8,983.9,983.95,0.150000000000091,2.20002320089125
5,deep incoming rumble,985.75,986.15,986.2,0.450000000000045,2.14794478515902
2,whitewater decay,988.35,988.95,989.45,1.10000000000002,3.78643937243253
1,continuous foamy hiss,988.55,988.55,988.8,0.25,1.82319858781568
5,deep incoming rumble,988.75,988.75,988.95,0.200000000000045,2.37063621034137
10,lapping water movement,988.85,988.95,989.15,0.299999999999955,2.42137135474198
2,whitewater decay,990.05,990.25,990.25,0.200000000000045,1.76420483462596
1,continuous foamy hiss,991.95,992.3,992.4,0.449999999999932,2.39031919070588
7,deep incoming rumble,997.9,998.8,999.35,1.45000000000005,3.50412811700966
10,lapping water movement,1000.25,1000.5,1000.8,0.549999999999955,1.90119294515615
2,whitewater decay,1000.35,1000.5,1001.2,0.850000000000023,2.78954907201822
9,deep incoming rumble,1000.95,1001.05,1001.4,0.449999999999932,2.25214848300817
2,whitewater decay,1001.45,1001.6,1001.75,0.299999999999955,3.48934288729729
1,continuous foamy hiss,1001.65,1001.75,1002.05,0.399999999999977,2.95270870000653
2,whitewater decay,1002.1,1002.35,1002.45,0.350000000000023,2.44273185348981
10,lapping water movement,1002.45,1002.5,1002.65,0.199999999999932,1.91250177827483
9,deep incoming rumble,1002.7,1002.85,1002.9,0.199999999999932,2.2851640495323
6,broadband crash,1003,1003.2,1003.35,0.350000000000023,3.05730406461232
2,whitewater decay,1003.25,1003.55,1003.75,0.5,2.01683040689391
6,broadband crash,1003.8,1003.85,1004.15,0.350000000000023,2.12616584435084
2,whitewater decay,1004.2,1004.5,1004.55,0.349999999999909,2.18799359789548
9,deep incoming rumble,1006.2,1006.3,1006.85,0.649999999999977,2.54158340837738
2,whitewater decay,1007.8,1008.1,1008.15,0.350000000000023,1.93887081166766
8,deep incoming rumble,1010.55,1010.55,1010.75,0.200000000000045,1.7055970960014
4,lapping water movement,1012.8,1012.95,1012.95,0.150000000000091,1.96246334256353
2,whitewater decay,1012.9,1012.95,1013.1,0.200000000000045,1.98677093974859
1,continuous foamy hiss,1013.2,1013.35,1013.75,0.549999999999955,3.8100405691021
3,deep incoming rumble,1013.5,1013.8,1013.8,0.299999999999955,1.90202507610907
3,deep incoming rumble,1014.45,1014.85,1015.1,0.649999999999977,3.33552725565556
3,deep incoming rumble,1016.25,1016.95,1017,0.75,2.45514003432491
5,deep incoming rumble,1020.35,1020.6,1020.65,0.299999999999955,2.17282830628517
8,deep incoming rumble,1021.25,1021.3,1021.6,0.350000000000023,2.40566015586091
2,whitewater decay,1022.8,1023.35,1023.85,1.05000000000007,3.86578714034757
1,continuous foamy hiss,1022.95,1023,1023.25,0.299999999999955,1.84748776307663
5,deep incoming rumble,1023.15,1023.2,1023.4,0.25,2.52443763531977
10,lapping water movement,1023.3,1023.35,1023.55,0.25,2.47737074603732
2,whitewater decay,1024.45,1024.7,1024.7,0.25,1.6564299106275
4,lapping water movement,1024.9,1025,1025.1,0.199999999999818,2.04232655820693
1,continuous foamy hiss,1026.4,1026.7,1026.85,0.449999999999818,2.38020506508239
7,deep incoming rumble,1032.35,1032.4,1033.75,1.40000000000009,3.57054570379508
9,deep incoming rumble,1033.05,1033.1,1033.2,0.150000000000091,1.92843479795955
10,lapping water movement,1034.65,1034.95,1035,0.349999999999909,1.91701938844201
2,whitewater decay,1034.75,1034.9,1035.65,0.900000000000091,2.83285618810431
9,deep incoming rumble,1035.4,1035.45,1035.85,0.449999999999818,2.26161333264986
2,whitewater decay,1035.9,1036.05,1036.2,0.299999999999955,3.45997723262324
1,continuous foamy hiss,1036.05,1036.15,1036.45,0.400000000000091,2.9435205593168
2,whitewater decay,1036.5,1036.8,1036.85,0.349999999999909,2.49022783368252
9,deep incoming rumble,1037.15,1037.25,1037.35,0.199999999999818,2.29779315324245
6,broadband crash,1037.45,1037.65,1037.8,0.349999999999909,3.07382041535197
2,whitewater decay,1037.65,1038,1038.2,0.549999999999955,2.05391380662833
6,broadband crash,1038.2,1038.3,1038.6,0.399999999999864,2.10181879905045
2,whitewater decay,1038.6,1038.95,1039,0.400000000000091,2.22103699966165
9,deep incoming rumble,1040.3,1040.7,1041.2,0.900000000000091,2.56083277182696
1,continuous foamy hiss,1042.05,1042.15,1042.25,0.200000000000045,2.44937344807542
3,deep incoming rumble,1046.35,1046.4,1046.75,0.400000000000091,2.07068357378215
4,lapping water movement,1047.2,1047.35,1047.4,0.200000000000045,1.97432784932703
2,whitewater decay,1047.35,1047.4,1047.55,0.200000000000045,2.02236439363153
3,deep incoming rumble,1047.35,1047.4,1047.65,0.300000000000182,2.08409648201655
1,continuous foamy hiss,1047.6,1047.8,1048.2,0.600000000000136,3.78655610821978
3,deep incoming rumble,1047.95,1048.2,1048.25,0.299999999999955,1.96094125052458
3,deep incoming rumble,1048.6,1049,1049.05,0.450000000000045,2.70447889687848
3,deep incoming rumble,1049.25,1049.3,1049.55,0.299999999999955,3.31062595382523
3,deep incoming rumble,1050.7,1051.05,1051.45,0.75,2.41641154016919
1,continuous foamy hiss,1052.65,1052.75,1052.85,0.199999999999818,2.20049833960342
2,whitewater decay,1057.2,1057.8,1058.3,1.09999999999991,3.96180364360684
1,continuous foamy hiss,1057.4,1057.45,1057.65,0.25,1.81959153566682
5,deep incoming rumble,1057.6,1057.65,1057.8,0.200000000000045,2.49010895173896
10,lapping water movement,1057.7,1057.8,1058,0.299999999999955,2.46677016614673
2,whitewater decay,1058.9,1059.1,1059.15,0.25,1.71547307502975
4,lapping water movement,1059.35,1059.4,1059.5,0.150000000000091,2.02118119439491
1,continuous foamy hiss,1061,1061.15,1061.3,0.299999999999955,2.41034302845396
4,lapping water movement,1062.6,1062.75,1062.75,0.150000000000091,1.90933182527976
7,deep incoming rumble,1066.75,1066.85,1066.95,0.200000000000045,3.57667911283724
7,deep incoming rumble,1067.15,1067.65,1068.2,1.04999999999995,3.45613198502988
10,lapping water movement,1067.35,1067.4,1067.5,0.150000000000091,1.8810402988898
10,lapping water movement,1069.1,1069.4,1069.45,0.350000000000136,1.87536649945854
2,whitewater decay,1069.2,1069.35,1070.05,0.849999999999909,2.83451317104298
9,deep incoming rumble,1069.8,1069.9,1070.3,0.5,2.26055688823747
2,whitewater decay,1070.3,1070.45,1070.6,0.299999999999955,3.44210081349633
1,continuous foamy hiss,1070.5,1070.6,1070.9,0.400000000000091,2.95725745321408
2,whitewater decay,1070.95,1071.25,1071.3,0.349999999999909,2.48147180484036
10,lapping water movement,1071.35,1071.35,1071.5,0.150000000000091,1.91871630922121
9,deep incoming rumble,1071.6,1071.7,1071.8,0.200000000000045,2.30952234090247
6,broadband crash,1071.85,1072.1,1072.25,0.400000000000091,3.08176937897084
7,deep incoming rumble,1071.85,1071.85,1072.15,0.300000000000182,2.10617236026029
2,whitewater decay,1072.1,1072.45,1072.6,0.5,2.04514871002124
6,broadband crash,1072.65,1072.7,1073.05,0.399999999999864,2.10602748206526
2,whitewater decay,1073.05,1073.4,1073.45,0.400000000000091,2.22085057710455
9,deep incoming rumble,1074.05,1074.1,1074.25,0.200000000000045,1.69928872208992
9,deep incoming rumble,1075.05,1075.15,1075.35,0.299999999999955,2.60347009248339
9,deep incoming rumble,1075.55,1075.55,1075.7,0.150000000000091,1.61759316641445
1,continuous foamy hiss,1076.5,1076.55,1076.7,0.200000000000045,2.4267305502751
8,deep incoming rumble,1079.4,1079.4,1079.6,0.199999999999818,1.63500393304013
3,deep incoming rumble,1080.8,1080.85,1081.15,0.350000000000136,2.06177878665734
1,continuous foamy hiss,1081.5,1081.55,1081.65,0.150000000000091,1.90522699754215
4,lapping water movement,1081.65,1081.8,1081.85,0.199999999999818,1.97309874213303
2,whitewater decay,1081.8,1081.85,1082,0.200000000000045,2.00102908521006
1,continuous foamy hiss,1082.05,1082.2,1082.6,0.549999999999955,3.77960690351964
3,deep incoming rumble,1082.4,1082.65,1082.8,0.399999999999864,2.03736446315845
3,deep incoming rumble,1083.3,1083.75,1084,0.700000000000045,3.23953561244241
3,deep incoming rumble,1085.15,1085.8,1085.9,0.75,2.39987297504699
1,continuous foamy hiss,1087.1,1087.2,1087.25,0.150000000000091,2.2109418747927
5,deep incoming rumble,1089.05,1089.2,1089.2,0.150000000000091,1.64870522179825
1,continuous foamy hiss,1091.8,1091.85,1092.1,0.299999999999955,1.8473683575145
2,whitewater decay,1091.95,1092.25,1092.75,0.799999999999955,3.8410020589066
5,deep incoming rumble,1092.05,1092.05,1092.25,0.200000000000045,2.41925888090981
10,lapping water movement,1092.15,1092.2,1092.45,0.299999999999955,2.41430530848099
7,deep incoming rumble,1092.55,1092.65,1092.7,0.150000000000091,2.76971439723494
2,whitewater decay,1093.35,1093.55,1093.55,0.200000000000045,1.77295362605651
4,lapping water movement,1093.8,1093.85,1093.95,0.150000000000091,2.04980236014553
1,continuous foamy hiss,1095.45,1095.6,1095.7,0.25,2.38999616300077
4,lapping water movement,1097.05,1097.15,1097.2,0.150000000000091,1.98052592075282
7,deep incoming rumble,1101.2,1102.1,1102.6,1.39999999999986,3.49362918670161
10,lapping water movement,1103.55,1103.8,1104.1,0.549999999999955,1.93190336760763
2,whitewater decay,1103.65,1103.8,1104.5,0.849999999999909,2.77466777413022
9,deep incoming rumble,1104.25,1104.3,1104.7,0.450000000000045,2.24526755286178
2,whitewater decay,1104.75,1104.9,1105.05,0.299999999999955,3.47868325341829
1,continuous foamy hiss,1104.95,1105.05,1105.35,0.399999999999864,2.94925463416044
2,whitewater decay,1105.4,1105.65,1105.75,0.349999999999909,2.44913767416879
10,lapping water movement,1105.75,1105.8,1105.95,0.200000000000045,1.90627430448363
9,deep incoming rumble,1106,1106.1,1106.2,0.200000000000045,2.29897677715117
6,broadband crash,1106.3,1106.5,1106.65,0.350000000000136,3.0701386565715
2,whitewater decay,1106.55,1106.85,1107.05,0.5,2.03453949692991
6,broadband crash,1107.1,1107.15,1107.45,0.350000000000136,2.13304833697873
2,whitewater decay,1107.5,1107.8,1107.85,0.349999999999909,2.20021860601468
9,deep incoming rumble,1108.5,1108.65,1108.65,0.150000000000091,1.67360469880106
9,deep incoming rumble,1109.5,1109.6,1110.15,0.650000000000091,2.52021165148528
2,whitewater decay,1111.1,1111.4,1111.45,0.350000000000136,1.94644484993823
8,deep incoming rumble,1113.85,1113.85,1114.05,0.200000000000045,1.71696404708955
4,lapping water movement,1116.1,1116.25,1116.25,0.150000000000091,1.94236402475244
2,whitewater decay,1116.2,1116.25,1116.4,0.200000000000045,1.99534359918123
1,continuous foamy hiss,1116.5,1116.65,1117.05,0.549999999999955,3.79150482181854
3,deep incoming rumble,1116.8,1117.1,1117.1,0.299999999999955,1.88722051699669
3,deep incoming rumble,1117.75,1118.15,1118.4,0.650000000000091,3.34335468340578
3,deep incoming rumble,1119.55,1120.25,1120.3,0.75,2.45320696414274
1,continuous foamy hiss,1121.55,1121.65,1121.7,0.150000000000091,2.18820699062169
5,deep incoming rumble,1123.65,1123.9,1123.9,0.25,2.15553731782256
2,whitewater decay,1126.1,1126.65,1127.15,1.05000000000018,3.9019637018817
1,continuous foamy hiss,1126.25,1126.3,1126.5,0.25,1.83273123018418
5,deep incoming rumble,1126.45,1126.5,1126.7,0.25,2.55050534532389
10,lapping water movement,1126.6,1126.65,1126.85,0.25,2.47837795756663
1,continuous foamy hiss,1126.75,1126.8,1126.9,0.150000000000091,2.03231361369522
2,whitewater decay,1127.75,1128,1128,0.25,1.64493356576806
4,lapping water movement,1128.2,1128.3,1128.4,0.200000000000045,2.03740751662512
1,continuous foamy hiss,1129.7,1130,1130.15,0.450000000000045,2.35473884091972
4,lapping water movement,1131.5,1131.6,1131.65,0.150000000000091,1.92881948833593
7,deep incoming rumble,1135.65,1135.7,1137.05,1.39999999999986,3.5951321191521
9,deep incoming rumble,1136.35,1136.4,1136.5,0.150000000000091,1.93959411942143
10,lapping water movement,1137.95,1138.25,1138.3,0.349999999999909,1.90721058455712
2,whitewater decay,1138.05,1138.2,1138.95,0.900000000000091,2.77621013901557
9,deep incoming rumble,1138.65,1138.75,1139.15,0.5,2.26152744154973
2,whitewater decay,1139.2,1139.35,1139.5,0.299999999999955,3.44469142210757
1,continuous foamy hiss,1139.35,1139.45,1139.75,0.400000000000091,2.89181166557149
2,whitewater decay,1139.8,1140.1,1140.15,0.350000000000136,2.50779435320247
9,deep incoming rumble,1140.45,1140.55,1140.65,0.200000000000045,2.3024011260921
6,broadband crash,1140.75,1140.95,1141.1,0.349999999999909,3.09264850505399
2,whitewater decay,1140.95,1141.3,1141.5,0.549999999999955,2.05495002853699
6,broadband crash,1141.5,1141.6,1141.9,0.400000000000091,2.12328794467182
2,whitewater decay,1141.9,1142.25,1142.3,0.399999999999864,2.20518119211593
9,deep incoming rumble,1143.55,1143.65,1143.7,0.150000000000091,2.39748229224232
9,deep incoming rumble,1143.9,1144,1144.5,0.599999999999909,2.57901616770552
1,continuous foamy hiss,1145.35,1145.45,1145.55,0.200000000000045,2.43714703564678
3,deep incoming rumble,1149.65,1149.7,1150.05,0.399999999999864,2.07588506333819
1,continuous foamy hiss,1150.35,1150.45,1150.5,0.150000000000091,1.96556263853412
4,lapping water movement,1150.5,1150.65,1150.7,0.200000000000045,1.96399864587039
2,whitewater decay,1150.65,1150.7,1150.85,0.199999999999818,2.028073939236
3,deep incoming rumble,1150.65,1150.7,1150.95,0.299999999999955,2.06118856458357
1,continuous foamy hiss,1150.9,1151.1,1151.5,0.599999999999909,3.78422129136175
3,deep incoming rumble,1151.25,1151.5,1151.55,0.299999999999955,1.96459434867849
3,deep incoming rumble,1152.15,1152.3,1152.35,0.199999999999818,2.6786944454205
3,deep incoming rumble,1152.55,1152.6,1152.85,0.299999999999955,3.29551408469429
3,deep incoming rumble,1154,1154.35,1154.75,0.75,2.40539827162506
5,deep incoming rumble,1157.9,1158.1,1158.1,0.199999999999818,1.57618686619376
1,continuous foamy hiss,1160.7,1160.75,1160.95,0.25,1.83647420126701
2,whitewater decay,1160.8,1161.1,1161.6,0.799999999999955,3.94568288535547
5,deep incoming rumble,1160.9,1160.95,1161.1,0.199999999999818,2.43251003998576
10,lapping water movement,1161,1161.1,1161.3,0.299999999999955,2.45274400226298
2,whitewater decay,1162.2,1162.4,1162.45,0.25,1.76143201682906
1,continuous foamy hiss,1164.3,1164.45,1164.55,0.25,2.44138653334632
7,deep incoming rumble,1170.05,1170.15,1170.25,0.200000000000045,3.5420610152634
7,deep incoming rumble,1170.45,1170.95,1171.5,1.04999999999995,3.47617056170756
10,lapping water movement,1172.4,1172.7,1172.75,0.349999999999909,1.85295744681752
2,whitewater decay,1172.5,1172.65,1173.35,0.849999999999909,2.89665189234572
9,deep incoming rumble,1172.9,1173.2,1173.55,0.649999999999864,2.25812601047068
2,whitewater decay,1173.6,1173.75,1173.9,0.300000000000182,3.46033642054172
1,continuous foamy hiss,1173.8,1173.9,1174.2,0.400000000000091,2.98177948760602
2,whitewater decay,1174.25,1174.55,1174.6,0.349999999999909,2.47282005147509
9,deep incoming rumble,1174.9,1175,1175.1,0.199999999999818,2.30594749925954
6,broadband crash,1175.15,1175.4,1175.55,0.399999999999864,3.08931568549938
2,whitewater decay,1175.4,1175.75,1175.9,0.5,2.03530314575252
6,broadband crash,1175.95,1176,1176.35,0.399999999999864,2.10049975158681
2,whitewater decay,1176.35,1176.7,1176.75,0.400000000000091,2.1641730103433
9,deep incoming rumble,1177.1,1177.1,1177.55,0.450000000000045,1.89410700201384
9,deep incoming rumble,1178,1178.45,1179,1,2.5953642698778
1,continuous foamy hiss,1179.8,1179.85,1180,0.200000000000045,2.44810487438924
8,deep incoming rumble,1182.7,1182.7,1182.9,0.200000000000045,1.65147700191558
3,deep incoming rumble,1184.1,1184.15,1184.45,0.350000000000136,2.05107917385054
1,continuous foamy hiss,1184.8,1184.85,1184.95,0.150000000000091,1.92636197009356
4,lapping water movement,1184.95,1185.1,1185.15,0.200000000000045,1.95812987819476
2,whitewater decay,1185.05,1185.1,1185.3,0.25,1.97188088149751
3,deep incoming rumble,1185.05,1185.15,1185.35,0.299999999999955,1.92916920977025
1,continuous foamy hiss,1185.35,1185.5,1185.9,0.550000000000182,3.78975365276761
3,deep incoming rumble,1185.65,1185.95,1186,0.349999999999909,2.00309250901188
3,deep incoming rumble,1186.6,1186.7,1186.75,0.150000000000091,2.75738906903063
3,deep incoming rumble,1186.95,1187,1187.3,0.349999999999909,3.22186326352476
3,deep incoming rumble,1188.45,1189.1,1189.2,0.75,2.41959129784082
1,continuous foamy hiss,1195.1,1195.15,1195.4,0.300000000000182,1.84473493859739
2,whitewater decay,1195.25,1195.55,1196.05,0.799999999999955,3.82566900502298
5,deep incoming rumble,1195.35,1195.35,1195.55,0.200000000000045,2.45213734869199
10,lapping water movement,1195.45,1195.5,1195.75,0.299999999999955,2.44121908911666
7,deep incoming rumble,1195.85,1195.9,1196,0.150000000000091,2.7497642015192
2,whitewater decay,1196.65,1196.85,1196.85,0.199999999999818,1.75732086991639
4,lapping water movement,1197.1,1197.15,1197.25,0.150000000000091,2.06045467610942
1,continuous foamy hiss,1198.75,1198.85,1199,0.25,2.36910478301525
4,lapping water movement,1200.35,1200.45,1200.5,0.150000000000091,1.95821133834426
7,deep incoming rumble,1204.5,1204.55,1204.7,0.200000000000045,3.50549727136173
7,deep incoming rumble,1204.9,1205.4,1205.9,1,3.46192718049862
10,lapping water movement,1206.85,1207.1,1207.2,0.350000000000136,1.94669122847132
2,whitewater decay,1206.95,1207.05,1207.8,0.849999999999909,2.76525169482179
9,deep incoming rumble,1207.55,1207.6,1208,0.450000000000045,2.24982546230584
2,whitewater decay,1208.05,1208.2,1208.35,0.299999999999955,3.50127566382244
1,continuous foamy hiss,1208.25,1208.35,1208.65,0.400000000000091,2.93603893753057
2,whitewater decay,1208.7,1208.95,1209.05,0.349999999999909,2.45490112811732
10,lapping water movement,1209.05,1209.1,1209.25,0.200000000000045,1.91206908379211
9,deep incoming rumble,1209.3,1209.4,1209.5,0.200000000000045,2.28510367463387
7,deep incoming rumble,1209.55,1209.6,1209.9,0.350000000000136,2.36179421526373
6,broadband crash,1209.6,1209.8,1209.95,0.350000000000136,3.0858063994033
2,whitewater decay,1209.85,1210.15,1210.35,0.5,2.02738339905137
6,broadband crash,1210.35,1210.45,1210.75,0.400000000000091,2.11766487337534
2,whitewater decay,1210.8,1211.1,1211.15,0.350000000000136,2.20180986197907
9,deep incoming rumble,1211.8,1211.8,1211.95,0.150000000000091,1.68465746040756
9,deep incoming rumble,1212.8,1212.85,1213.45,0.650000000000091,2.52334438394328
1,continuous foamy hiss,1214.25,1214.3,1214.4,0.150000000000091,2.48035756283243
2,whitewater decay,1219.5,1219.55,1219.7,0.200000000000045,1.99103025250024
1,continuous foamy hiss,1219.8,1219.95,1220.35,0.549999999999955,3.80316710055697
3,deep incoming rumble,1220.1,1220.35,1220.4,0.300000000000182,1.90862742741092
3,deep incoming rumble,1221.05,1221.15,1221.2,0.150000000000091,2.73176592267906
3,deep incoming rumble,1221.4,1221.45,1221.7,0.299999999999955,3.33927608903916
3,deep incoming rumble,1222.85,1223.55,1223.6,0.75,2.44409641804539
8,deep incoming rumble,1223.05,1223.15,1223.2,0.150000000000091,1.88173633029759
1,continuous foamy hiss,1224.85,1224.95,1225,0.150000000000091,2.18553797266572
2,whitewater decay,1229.4,1229.95,1230.45,1.04999999999995,3.91149361047413
1,continuous foamy hiss,1229.55,1229.6,1229.8,0.25,1.82304749368124
5,deep incoming rumble,1229.75,1229.8,1230,0.25,2.55766971030639
10,lapping water movement,1229.9,1229.95,1230.15,0.25,2.48392895845642
1,continuous foamy hiss,1230.05,1230.1,1230.2,0.150000000000091,2.04929095488258
2,whitewater decay,1231.05,1231.25,1231.3,0.25,1.68325413872047
4,lapping water movement,1231.5,1231.6,1231.7,0.200000000000045,2.00422737994532
5,deep incoming rumble,1232.3,1232.4,1232.45,0.150000000000091,2.00525942036711
1,continuous foamy hiss,1233.15,1233.3,1233.45,0.299999999999955,2.36572667601823
4,lapping water movement,1234.8,1234.9,1234.95,0.150000000000091,1.93216179568506
7,deep incoming rumble,1239.3,1239.8,1240.35,1.04999999999995,3.38659597741819
10,lapping water movement,1239.5,1239.55,1239.65,0.150000000000091,1.86966583964804
10,lapping water movement,1241.25,1241.55,1241.6,0.349999999999909,1.90898501326553
2,whitewater decay,1241.35,1241.5,1242.25,0.900000000000091,2.80843585236075
9,deep incoming rumble,1241.95,1242.05,1242.45,0.5,2.26330020558637
2,whitewater decay,1242.5,1242.65,1242.75,0.25,3.46991957168525
1,continuous foamy hiss,1242.65,1242.75,1243.05,0.399999999999864,2.93119238890801
2,whitewater decay,1243.1,1243.4,1243.45,0.350000000000136,2.53422593383868
10,lapping water movement,1243.5,1243.55,1243.65,0.150000000000091,1.89243129032688
9,deep incoming rumble,1243.75,1243.85,1243.95,0.200000000000045,2.31151716043253
6,broadband crash,1244.05,1244.25,1244.4,0.350000000000136,3.10797997160016
2,whitewater decay,1244.25,1244.6,1244.8,0.549999999999955,2.04370889049849
6,broadband crash,1244.8,1244.9,1245.2,0.400000000000091,2.09807480536522
2,whitewater decay,1245.2,1245.55,1245.6,0.399999999999864,2.1951192602126
9,deep incoming rumble,1246.25,1246.25,1246.4,0.150000000000091,1.72145166015102
9,deep incoming rumble,1246.85,1246.95,1247,0.150000000000091,2.38429830137172
9,deep incoming rumble,1247.2,1247.3,1247.8,0.599999999999909,2.59074400186539
1,continuous foamy hiss,1248.65,1248.75,1248.85,0.199999999999818,2.40809625858424
2,whitewater decay,1248.8,1249.15,1249.15,0.350000000000136,1.91962997460067
3,deep incoming rumble,1252.95,1253,1253.35,0.399999999999864,2.0752022262359
4,lapping water movement,1253.8,1253.95,1254,0.200000000000045,1.98192558827976
2,whitewater decay,1253.95,1254,1254.15,0.200000000000045,2.02531865272091
3,deep incoming rumble,1253.95,1254,1254.25,0.299999999999955,2.03045628154925
1,continuous foamy hiss,1254.2,1254.4,1254.75,0.549999999999955,3.77650151237157
3,deep incoming rumble,1254.55,1254.8,1254.95,0.400000000000091,1.97303904741885
3,deep incoming rumble,1255.45,1255.9,1256.15,0.700000000000045,3.29595619005078
3,deep incoming rumble,1257.3,1257.65,1258.05,0.75,2.39123026693429
1,continuous foamy hiss,1259.25,1259.35,1259.4,0.150000000000091,2.19177057029051
5,deep incoming rumble,1261.2,1261.6,1261.65,0.450000000000045,2.10391072320906
2,whitewater decay,1263.8,1264.4,1264.9,1.10000000000014,3.96314404415489
1,continuous foamy hiss,1264,1264.05,1264.25,0.25,1.79885964910646
5,deep incoming rumble,1264.2,1264.25,1264.4,0.200000000000045,2.36406184682659
10,lapping water movement,1264.3,1264.4,1264.6,0.299999999999955,2.44714242462504
2,whitewater decay,1265.5,1265.7,1265.7,0.200000000000045,1.78637557743264
1,continuous foamy hiss,1267.4,1267.75,1267.85,0.449999999999818,2.38157522628562
7,deep incoming rumble,1273.35,1273.45,1273.55,0.200000000000045,3.49504888531091
7,deep incoming rumble,1273.75,1274.25,1274.8,1.04999999999995,3.49656686180393
4,lapping water movement,1275.05,1275.15,1275.2,0.150000000000091,2.03889794018576
10,lapping water movement,1275.7,1275.95,1276.05,0.349999999999909,1.86213146516696
2,whitewater decay,1275.8,1275.95,1276.65,0.850000000000136,2.89329730867176
9,deep incoming rumble,1276.4,1276.5,1276.85,0.449999999999818,2.25588673735072
2,whitewater decay,1276.9,1277.05,1277.2,0.299999999999955,3.46519823158314
1,continuous foamy hiss,1277.1,1277.2,1277.5,0.400000000000091,2.95459464951927
2,whitewater decay,1277.55,1277.8,1277.9,0.350000000000136,2.43711419702447
10,lapping water movement,1277.9,1277.95,1278.1,0.199999999999818,1.91585574202276
6,broadband crash,1278.45,1278.7,1278.85,0.399999999999864,3.07103975250726
2,whitewater decay,1278.7,1279.05,1279.2,0.5,2.03489273687892
6,broadband crash,1279.25,1279.3,1279.65,0.400000000000091,2.11124391349271
2,whitewater decay,1279.65,1279.95,1280.05,0.399999999999864,2.1527015795576
9,deep incoming rumble,1280.65,1280.7,1280.85,0.199999999999818,1.68782016228307
9,deep incoming rumble,1281.3,1281.35,1281.45,0.150000000000091,2.32283154065143
9,deep incoming rumble,1281.65,1281.75,1281.95,0.299999999999955,2.57751080216205
1,continuous foamy hiss,1283.1,1283.15,1283.3,0.200000000000045,2.42388777194598
8,deep incoming rumble,1286,1286,1286.2,0.200000000000045,1.67547518194407
1,continuous foamy hiss,1288.1,1288.15,1288.25,0.150000000000091,1.93101078205003
4,lapping water movement,1288.25,1288.4,1288.4,0.150000000000091,1.95809347967761
2,whitewater decay,1288.35,1288.4,1288.6,0.25,1.97923321614922
1,continuous foamy hiss,1288.65,1288.8,1289.2,0.549999999999955,3.79335252653233
3,deep incoming rumble,1288.95,1289.25,1289.3,0.349999999999909,1.95618421926966
3,deep incoming rumble,1290.25,1290.3,1290.55,0.299999999999955,3.29444373349229
3,deep incoming rumble,1291.75,1292.4,1292.5,0.75,2.43788792178031
1,continuous foamy hiss,1298.4,1298.45,1298.7,0.299999999999955,1.84715848511715
2,whitewater decay,1298.55,1298.8,1299.35,0.799999999999955,3.86330075503171
5,deep incoming rumble,1298.65,1298.65,1298.85,0.199999999999818,2.48644898275287
10,lapping water movement,1298.75,1298.8,1299.05,0.299999999999955,2.45934066389674
2,whitewater decay,1299.9,1300.15,1300.15,0.25,1.7284761740563
1,continuous foamy hiss,1302.05,1302.15,1302.3,0.25,2.35912778083878
7,deep incoming rumble,1307.8,1307.85,1309.2,1.40000000000009,3.52703207824893
9,deep incoming rumble,1308.5,1308.6,1308.65,0.150000000000091,1.92115039882326
10,lapping water movement,1310.1,1310.4,1310.5,0.400000000000091,1.93480088058383
2,whitewater decay,1310.25,1310.35,1311.1,0.849999999999909,2.80177460475103
9,deep incoming rumble,1310.6,1310.9,1311.3,0.700000000000045,2.25618643881977
2,whitewater decay,1311.35,1311.5,1311.65,0.300000000000182,3.46568123979052
1,continuous foamy hiss,1311.55,1311.65,1311.95,0.400000000000091,2.91570612789812
2,whitewater decay,1312,1312.25,1312.3,0.299999999999955,2.46941794330513
10,lapping water movement,1312.35,1312.4,1312.55,0.200000000000045,1.91190624663124
9,deep incoming rumble,1312.6,1312.7,1312.8,0.200000000000045,2.2946806754681
7,deep incoming rumble,1312.85,1312.9,1313.2,0.350000000000136,2.34648450311569
6,broadband crash,1312.9,1313.1,1313.25,0.349999999999909,3.07968509291415
2,whitewater decay,1313.15,1313.45,1313.65,0.5,2.04587148196109
6,broadband crash,1313.65,1313.75,1314.05,0.399999999999864,2.11655009311304
2,whitewater decay,1314.05,1314.4,1314.45,0.400000000000091,2.223702358845
9,deep incoming rumble,1314.8,1314.85,1315.25,0.450000000000045,1.98559583654576
9,deep incoming rumble,1316.05,1316.15,1316.75,0.700000000000045,2.53448344562227
1,continuous foamy hiss,1317.55,1317.6,1317.7,0.150000000000091,2.4737403155097
3,deep incoming rumble,1321.8,1321.85,1322.2,0.400000000000091,2.01893062910569
4,lapping water movement,1322.65,1322.8,1322.85,0.199999999999818,1.98376388405625
2,whitewater decay,1322.8,1322.85,1323,0.200000000000045,2.00675918314761
3,deep incoming rumble,1322.8,1322.85,1323.1,0.299999999999955,2.10629759182974
1,continuous foamy hiss,1323.05,1323.25,1323.65,0.600000000000136,3.83691289493863
3,deep incoming rumble,1323.4,1323.65,1323.7,0.299999999999955,1.93987291258763
3,deep incoming rumble,1324.35,1324.45,1324.5,0.150000000000091,2.7198853436628
3,deep incoming rumble,1324.7,1324.75,1325,0.299999999999955,3.33119762727522
3,deep incoming rumble,1326.15,1326.85,1326.9,0.75,2.41741251135579
8,deep incoming rumble,1326.35,1326.45,1326.5,0.150000000000091,1.88909773337928
2,whitewater decay,1332.7,1333.25,1333.75,1.04999999999995,3.91623518823908
1,continuous foamy hiss,1332.85,1332.9,1333.1,0.25,1.83342247774917
5,deep incoming rumble,1333.05,1333.1,1333.25,0.200000000000045,2.5463578896669
10,lapping water movement,1333.2,1333.25,1333.45,0.25,2.47766136850555
2,whitewater decay,1334.35,1334.55,1334.6,0.25,1.67298223365087
4,lapping water movement,1334.8,1334.85,1334.95,0.150000000000091,2.07395701533969
5,deep incoming rumble,1335.6,1335.7,1335.75,0.150000000000091,2.00697319538944
1,continuous foamy hiss,1336.45,1336.6,1336.75,0.299999999999955,2.41595495963159
4,lapping water movement,1338.1,1338.2,1338.25,0.150000000000091,1.91689987527448
7,deep incoming rumble,1342.2,1342.3,1343.65,1.45000000000005,3.62072521079442
10,lapping water movement,1342.8,1342.85,1342.95,0.150000000000091,1.87457978956077
10,lapping water movement,1344.55,1344.85,1345.15,0.600000000000136,1.89276965567535
2,whitewater decay,1344.65,1344.8,1345.2,0.549999999999955,2.87117102987352
9,deep incoming rumble,1345.25,1345.35,1345.75,0.5,2.26188236636667
2,whitewater decay,1345.8,1345.95,1346.05,0.25,3.41084305315794
1,continuous foamy hiss,1345.95,1346.05,1346.35,0.399999999999864,2.95125817397495
2,whitewater decay,1346.4,1346.7,1346.75,0.349999999999909,2.51377551442827
10,lapping water movement,1346.8,1346.8,1346.95,0.150000000000091,1.89667078018046
9,deep incoming rumble,1347.05,1347.15,1347.25,0.200000000000045,2.31558374929
6,broadband crash,1347.35,1347.55,1347.7,0.350000000000136,3.08599093956032
2,whitewater decay,1347.55,1347.9,1348.1,0.549999999999955,2.04140983844438
6,broadband crash,1348.1,1348.2,1348.5,0.400000000000091,2.08488842832797
2,whitewater decay,1348.5,1348.85,1348.9,0.400000000000091,2.1811004740586
9,deep incoming rumble,1349.5,1349.55,1349.7,0.200000000000045,1.71767232807974
9,deep incoming rumble,1350.5,1350.6,1351.1,0.599999999999909,2.60222626625052
1,continuous foamy hiss,1351.95,1352.05,1352.15,0.200000000000045,2.44347088271799
3,deep incoming rumble,1356.25,1356.3,1356.65,0.400000000000091,2.06967826538172
4,lapping water movement,1357.1,1357.25,1357.3,0.200000000000045,1.98273206933972
2,whitewater decay,1357.25,1357.3,1357.45,0.200000000000045,2.01712105560023
3,deep incoming rumble,1357.25,1357.3,1357.5,0.25,1.98973488784482
1,continuous foamy hiss,1357.5,1357.65,1358.05,0.549999999999955,3.76633487013761
3,deep incoming rumble,1357.85,1358.1,1358.25,0.400000000000091,2.00093074948985
3,deep incoming rumble,1358.75,1359.2,1359.45,0.700000000000045,3.27449142160911
3,deep incoming rumble,1360.6,1360.95,1361.35,0.75,2.36784891733167
1,continuous foamy hiss,1362.55,1362.65,1362.7,0.150000000000091,2.19943729306605
5,deep incoming rumble,1364.5,1364.65,1364.7,0.200000000000045,1.58528755811888
2,whitewater decay,1366.85,1367.15,1367.2,0.350000000000136,2.11857053634441
1,continuous foamy hiss,1367.3,1367.3,1367.55,0.25,1.80687211434385
2,whitewater decay,1367.4,1367.7,1368.2,0.799999999999955,3.91053806508784
5,deep incoming rumble,1367.5,1367.55,1367.7,0.200000000000045,2.34157417156047
10,lapping water movement,1367.6,1367.7,1367.9,0.300000000000182,2.42986618780234
7,deep incoming rumble,1368,1368.1,1368.15,0.150000000000091,2.82595236498933
2,whitewater decay,1368.8,1369,1369,0.200000000000045,1.77284030782472
4,lapping water movement,1369.25,1369.3,1369.4,0.150000000000091,2.04680529434084
1,continuous foamy hiss,1370.9,1371.05,1371.15,0.25,2.39209455657313
4,lapping water movement,1372.5,1372.6,1372.65,0.150000000000091,2.02279853368077
7,deep incoming rumble,1376.65,1376.75,1376.85,0.199999999999818,3.4318403177317
7,deep incoming rumble,1377.05,1377.55,1378.1,1.04999999999995,3.5048404264038
10,lapping water movement,1377.25,1377.3,1377.4,0.150000000000091,1.85275201513137
4,lapping water movement,1378.35,1378.4,1378.5,0.150000000000091,2.07418251367896
10,lapping water movement,1379,1379.25,1379.35,0.349999999999909,1.90319386121339
2,whitewater decay,1379.1,1379.25,1379.95,0.850000000000136,2.81114121909817
9,deep incoming rumble,1379.7,1379.8,1380.15,0.450000000000045,2.25294729617131
2,whitewater decay,1380.2,1380.35,1380.5,0.299999999999955,3.48140627589064
1,continuous foamy hiss,1380.4,1380.5,1380.8,0.399999999999864,2.95380206914785
2,whitewater decay,1380.85,1381.1,1381.2,0.350000000000136,2.44171819676829
10,lapping water movement,1381.2,1381.25,1381.4,0.200000000000045,1.91445593238868
9,deep incoming rumble,1381.5,1381.6,1381.65,0.150000000000091,2.29443391457033
6,broadband crash,1381.75,1382,1382.1,0.349999999999909,3.05518528409938
2,whitewater decay,1382,1382.35,1382.5,0.5,2.02554267593212
6,broadband crash,1382.55,1382.6,1382.95,0.400000000000091,2.11919004748752
2,whitewater decay,1382.95,1383.25,1383.35,0.399999999999864,2.1752186412184
9,deep incoming rumble,1383.95,1384.1,1384.15,0.200000000000045,1.67920578472798
9,deep incoming rumble,1384.6,1384.65,1384.75,0.150000000000091,2.34432978100299
9,deep incoming rumble,1384.95,1385.05,1385.6,0.649999999999864,2.55611464208286
1,continuous foamy hiss,1386.4,1386.45,1386.6,0.199999999999818,2.45881399341507
8,deep incoming rumble,1389.3,1389.3,1389.5,0.200000000000045,1.69651891404642
4,lapping water movement,1391.55,1391.7,1391.7,0.150000000000091,1.95502175384712
2,whitewater decay,1391.65,1391.7,1391.85,0.199999999999818,1.98629731298826
1,continuous foamy hiss,1391.95,1392.1,1392.5,0.549999999999955,3.79343196059707
3,deep incoming rumble,1392.25,1392.55,1392.55,0.299999999999955,1.91749400107054
3,deep incoming rumble,1393.55,1393.6,1393.85,0.299999999999955,3.3236601496777
3,deep incoming rumble,1395,1395.7,1395.8,0.799999999999955,2.45389745882402
1,continuous foamy hiss,1397,1397.1,1397.15,0.150000000000091,2.21049164896523
2,whitewater decay,1401.55,1402.1,1402.65,1.10000000000014,3.82262970697739
1,continuous foamy hiss,1401.7,1401.75,1402,0.299999999999955,1.84271304545176
5,deep incoming rumble,1401.9,1401.95,1402.15,0.25,2.51369666719569
10,lapping water movement,1402.05,1402.1,1402.3,0.25,2.48076488607882
2,whitewater decay,1403.2,1403.45,1403.45,0.25,1.69098098278008
1,continuous foamy hiss,1405.15,1405.45,1405.6,0.449999999999818,2.37820402926893
7,deep incoming rumble,1411.1,1411.15,1412.5,1.40000000000009,3.55338649988186
9,deep incoming rumble,1411.8,1411.85,1411.95,0.150000000000091,1.91626829754236
10,lapping water movement,1413.4,1413.7,1413.75,0.349999999999909,1.92273036591216
2,whitewater decay,1413.5,1413.65,1414.4,0.900000000000091,2.8454026231074
9,deep incoming rumble,1414.15,1414.2,1414.6,0.449999999999818,2.25800204151136
2,whitewater decay,1414.65,1414.8,1414.95,0.299999999999955,3.48001707010985
1,continuous foamy hiss,1414.85,1414.95,1415.25,0.400000000000091,2.8729514061093
2,whitewater decay,1415.3,1415.55,1415.6,0.299999999999955,2.49896896397153
9,deep incoming rumble,1415.9,1416,1416.1,0.199999999999818,2.29853935925897
7,deep incoming rumble,1416.15,1416.2,1416.5,0.349999999999909,2.31856764381006
6,broadband crash,1416.2,1416.4,1416.55,0.349999999999909,3.11430995036905
2,whitewater decay,1416.4,1416.75,1416.95,0.549999999999955,2.0527023678213
6,broadband crash,1416.95,1417.05,1417.35,0.399999999999864,2.11565482745907
2,whitewater decay,1417.35,1417.7,1417.75,0.400000000000091,2.21468542865582
9,deep incoming rumble,1419.05,1419.45,1419.95,0.900000000000091,2.55009346204612
1,continuous foamy hiss,1420.8,1420.9,1421,0.200000000000045,2.48709980060219
4,lapping water movement,1425.95,1426.1,1426.15,0.200000000000045,1.97622152049598
2,whitewater decay,1426.1,1426.15,1426.3,0.200000000000045,2.01264467653145
1,continuous foamy hiss,1426.35,1426.55,1426.95,0.600000000000136,3.78875591658483
3,deep incoming rumble,1426.7,1426.95,1427,0.299999999999955,1.94209184147883
3,deep incoming rumble,1427.35,1427.75,1427.8,0.450000000000045,2.71032427067073
3,deep incoming rumble,1428,1428.05,1428.3,0.299999999999955,3.32146965334121
3,deep incoming rumble,1429.45,1429.8,1430.2,0.75,2.41693225683573
7,deep incoming rumble,1435,1435.1,1435.15,0.150000000000091,2.40186613754441
2,whitewater decay,1435.95,1436.55,1437.05,1.09999999999991,3.93069926052696
1,continuous foamy hiss,1436.15,1436.2,1436.4,0.25,1.82269106089819
5,deep incoming rumble,1436.35,1436.4,1436.55,0.200000000000045,2.51515241492031
10,lapping water movement,1436.45,1436.55,1436.75,0.299999999999955,2.469551800711
2,whitewater decay,1437.65,1437.85,1437.9,0.25,1.70864232828613
4,lapping water movement,1438.1,1438.15,1438.25,0.150000000000091,1.99235445021561
1,continuous foamy hiss,1439.75,1439.9,1440.05,0.299999999999955,2.40204672120762
7,deep incoming rumble,1445.5,1445.6,1445.7,0.200000000000045,3.60517457317012
7,deep incoming rumble,1445.9,1446.4,1446.95,1.04999999999995,3.44157898995287
10,lapping water movement,1446.1,1446.15,1446.25,0.150000000000091,1.8748955979406
10,lapping water movement,1447.85,1448.15,1448.2,0.350000000000136,1.86588433908302
2,whitewater decay,1447.95,1448.1,1448.8,0.849999999999909,2.83831634455898
9,deep incoming rumble,1448.55,1448.65,1449.05,0.5,2.26162195195483
2,whitewater decay,1449.05,1449.2,1449.35,0.299999999999955,3.42772796197496
1,continuous foamy hiss,1449.25,1449.35,1449.65,0.400000000000091,2.95135368973651
2,whitewater decay,1449.7,1450,1450.05,0.349999999999909,2.52366778461871
10,lapping water movement,1450.1,1450.1,1450.25,0.150000000000091,1.90769989797305
9,deep incoming rumble,1450.35,1450.45,1450.55,0.200000000000045,2.31241767419715
6,broadband crash,1450.6,1450.85,1451,0.400000000000091,3.08966394395513
7,deep incoming rumble,1450.6,1450.65,1450.9,0.300000000000182,2.12218750029366
2,whitewater decay,1450.85,1451.2,1451.35,0.5,1.99923225894833
6,broadband crash,1451.4,1451.45,1451.8,0.399999999999864,2.10496050903399
2,whitewater decay,1451.8,1452.15,1452.2,0.400000000000091,2.16260378047155
9,deep incoming rumble,1452.8,1452.85,1453,0.200000000000045,1.70136095669778
9,deep incoming rumble,1453.8,1453.9,1454.4,0.600000000000136,2.60757066525626
1,continuous foamy hiss,1455.25,1455.35,1455.45,0.200000000000045,2.42734581085069
8,deep incoming rumble,1458.15,1458.15,1458.35,0.199999999999818,1.62590121639955
3,deep incoming rumble,1459.55,1459.6,1459.9,0.350000000000136,2.06674684736602
1,continuous foamy hiss,1460.25,1460.3,1460.4,0.150000000000091,1.90268826347181
4,lapping water movement,1460.4,1460.55,1460.6,0.199999999999818,2.01950547246068
2,whitewater decay,1460.55,1460.6,1460.75,0.200000000000045,2.01483425815767
1,continuous foamy hiss,1460.8,1460.95,1461.35,0.549999999999955,3.77766877591336
3,deep incoming rumble,1461.15,1461.4,1461.55,0.399999999999864,2.04514997453467
3,deep incoming rumble,1462.05,1462.5,1462.75,0.700000000000045,3.25859501910289
3,deep incoming rumble,1463.9,1464.55,1464.65,0.75,2.38687304842133
1,continuous foamy hiss,1465.85,1465.95,1466,0.150000000000091,2.21449605828228
5,deep incoming rumble,1467.8,1467.95,1467.95,0.150000000000091,1.62846104735041
1,continuous foamy hiss,1470.6,1470.6,1470.85,0.25,1.82790857626911
2,whitewater decay,1470.7,1471,1471.5,0.799999999999955,3.81445524961235
5,deep incoming rumble,1470.8,1470.8,1471,0.200000000000045,2.39411151245038
10,lapping water movement,1470.9,1471,1471.2,0.299999999999955,2.41062978337511
7,deep incoming rumble,1471.3,1471.4,1471.45,0.150000000000091,2.79899925793455
2,whitewater decay,1472.1,1472.3,1472.3,0.200000000000045,1.7672201953496
4,lapping water movement,1472.55,1472.6,1472.7,0.150000000000091,2.06270055072889
1,continuous foamy hiss,1474.2,1474.3,1474.45,0.25,2.38067130065214
4,lapping water movement,1475.8,1475.9,1475.95,0.150000000000091,1.97150593000589
7,deep incoming rumble,1479.95,1480.85,1481.4,1.45000000000005,3.5031718089833
9,deep incoming rumble,1481.25,1481.35,1481.4,0.150000000000091,1.65552501402928
10,lapping water movement,1482.3,1482.55,1482.85,0.549999999999955,1.92644956472568
2,whitewater decay,1482.4,1482.55,1483.25,0.849999999999909,2.86039529321015
9,deep incoming rumble,1483,1483.1,1483.45,0.450000000000045,2.2493631710403
2,whitewater decay,1483.5,1483.65,1483.8,0.299999999999955,3.49258152893765
1,continuous foamy hiss,1483.7,1483.8,1484.1,0.399999999999864,2.95279162583079
2,whitewater decay,1484.15,1484.4,1484.5,0.349999999999909,2.45452423095223
10,lapping water movement,1484.5,1484.55,1484.7,0.200000000000045,1.91844697640754
9,deep incoming rumble,1484.75,1484.9,1484.95,0.200000000000045,2.28941317454899
6,broadband crash,1485.05,1485.25,1485.4,0.350000000000136,3.05300398069826
2,whitewater decay,1485.3,1485.6,1485.8,0.5,2.02503995268931
6,broadband crash,1485.85,1485.9,1486.25,0.400000000000091,2.12260058169037
2,whitewater decay,1486.25,1486.55,1486.6,0.349999999999909,2.19912787090301
9,deep incoming rumble,1487.25,1487.4,1487.4,0.150000000000091,1.67795515768595
9,deep incoming rumble,1488.25,1488.35,1488.9,0.650000000000091,2.53380101822413
2,whitewater decay,1489.85,1490.15,1490.2,0.350000000000136,1.93688774692221
8,deep incoming rumble,1492.6,1492.6,1492.8,0.200000000000045,1.71098956806045
4,lapping water movement,1494.85,1495,1495,0.150000000000091,1.96104536180775
2,whitewater decay,1494.95,1495,1495.15,0.200000000000045,1.98641860682864
1,continuous foamy hiss,1495.25,1495.4,1495.8,0.549999999999955,3.8079649756373
3,deep incoming rumble,1495.55,1495.85,1495.85,0.299999999999955,1.89379108677107
3,deep incoming rumble,1496.5,1496.9,1497.15,0.650000000000091,3.34079041171654
3,deep incoming rumble,1498.3,1499,1499.05,0.75,2.4562297256842
1,continuous foamy hiss,1500.3,1500.4,1500.45,0.150000000000091,2.20380318534761
5,deep incoming rumble,1502.4,1502.65,1502.65,0.25,2.16704225236592
2,whitewater decay,1504.85,1505.4,1505.9,1.05000000000018,3.88138465222705
1,continuous foamy hiss,1505,1505.05,1505.3,0.299999999999955,1.8458302932514
5,deep incoming rumble,1505.2,1505.25,1505.45,0.25,2.53677811299981
10,lapping water movement,1505.35,1505.4,1505.6,0.25,2.48095948120295
1,continuous foamy hiss,1505.5,1505.6,1505.65,0.150000000000091,2.06684678764757
2,whitewater decay,1506.5,1506.75,1506.75,0.25,1.65206292496237
4,lapping water movement,1506.95,1507.05,1507.15,0.200000000000045,2.03131260698204
1,continuous foamy hiss,1508.65,1508.75,1508.9,0.25,2.38053544148182
4,lapping water movement,1510.25,1510.35,1510.4,0.150000000000091,1.93973595511305
7,deep incoming rumble,1514.4,1514.45,1515.8,1.39999999999986,3.58226931931378
9,deep incoming rumble,1515.1,1515.15,1515.25,0.150000000000091,1.93038740161044
10,lapping water movement,1516.7,1517,1517.05,0.349999999999909,1.92640110772643
2,whitewater decay,1516.8,1516.95,1517.7,0.900000000000091,2.85723402424608
9,deep incoming rumble,1517.45,1517.5,1517.9,0.450000000000045,2.25830871439199
2,whitewater decay,1517.95,1518.1,1518.25,0.299999999999955,3.46284221744268
1,continuous foamy hiss,1518.1,1518.2,1518.5,0.400000000000091,2.88155603775119
2,whitewater decay,1518.55,1518.85,1518.9,0.350000000000136,2.49818441320864
9,deep incoming rumble,1519.2,1519.3,1519.4,0.200000000000045,2.31134086968846
6,broadband crash,1519.5,1519.7,1519.85,0.349999999999909,3.10400438693283
2,whitewater decay,1519.7,1520.05,1520.25,0.549999999999955,2.04285574878297
6,broadband crash,1520.25,1520.35,1520.65,0.400000000000091,2.1038929074552
2,whitewater decay,1520.65,1521,1521.05,0.399999999999864,2.20423270507232
9,deep incoming rumble,1522.3,1522.4,1522.45,0.150000000000091,2.39420343934919
9,deep incoming rumble,1522.65,1522.75,1523.25,0.599999999999909,2.57253013137198
1,continuous foamy hiss,1524.1,1524.2,1524.3,0.200000000000045,2.43184303189099
3,deep incoming rumble,1528.4,1528.45,1528.8,0.399999999999864,2.07091369085533
4,lapping water movement,1529.25,1529.4,1529.45,0.200000000000045,1.98281441831497
2,whitewater decay,1529.4,1529.45,1529.6,0.199999999999818,2.02454904311584
3,deep incoming rumble,1529.4,1529.45,1529.7,0.299999999999955,2.07503036791237
1,continuous foamy hiss,1529.65,1529.85,1530.25,0.599999999999909,3.77214775479122
3,deep incoming rumble,1530,1530.25,1530.3,0.299999999999955,1.94593600277892
3,deep incoming rumble,1530.9,1531.05,1531.1,0.199999999999818,2.69171216824594
3,deep incoming rumble,1531.3,1531.35,1531.6,0.299999999999955,3.3048261834184
3,deep incoming rumble,1532.75,1533.1,1533.5,0.75,2.41481645175741
1,continuous foamy hiss,1534.7,1534.8,1534.9,0.200000000000045,2.18872278095245
1,continuous foamy hiss,1539.45,1539.5,1539.7,0.25,1.84154870732111
2,whitewater decay,1539.55,1539.85,1540.35,0.799999999999955,3.90013952491675
5,deep incoming rumble,1539.65,1539.7,1539.85,0.199999999999818,2.46563720975261
10,lapping water movement,1539.75,1539.85,1540.05,0.299999999999955,2.46679687172106
2,whitewater decay,1540.95,1541.15,1541.2,0.25,1.73371851397986
4,lapping water movement,1541.4,1541.45,1541.6,0.199999999999818,2.00628702111395
1,continuous foamy hiss,1543.05,1543.2,1543.3,0.25,2.40043409641348
7,deep incoming rumble,1548.8,1548.9,1549,0.200000000000045,3.56453359461019
7,deep incoming rumble,1549.2,1549.7,1550.25,1.04999999999995,3.46871946954254
10,lapping water movement,1551.15,1551.45,1551.5,0.349999999999909,1.86915121296393
2,whitewater decay,1551.25,1552.5,1552.65,1.40000000000009,3.44427914647288
9,deep incoming rumble,1551.65,1551.95,1552.35,0.699999999999818,2.2591610792041
1,continuous foamy hiss,1552.55,1552.65,1552.95,0.400000000000091,2.95461099669255
2,whitewater decay,1553,1553.3,1553.35,0.349999999999909,2.48439510719648
9,deep incoming rumble,1553.65,1553.75,1553.85,0.199999999999818,2.30905115023397
6,broadband crash,1553.9,1554.15,1554.3,0.399999999999864,3.08488691473893
2,whitewater decay,1554.15,1554.5,1554.65,0.5,2.04239586067717
6,broadband crash,1554.7,1554.75,1555.1,0.399999999999864,2.11634239282174
2,whitewater decay,1555.1,1555.45,1555.5,0.400000000000091,2.17394013513312
9,deep incoming rumble,1555.85,1555.9,1556.3,0.450000000000045,1.89361084681556
9,deep incoming rumble,1556.75,1557.2,1557.75,1,2.60008187329637
1,continuous foamy hiss,1558.55,1558.6,1558.75,0.200000000000045,2.41409911365724
8,deep incoming rumble,1561.45,1561.45,1561.65,0.200000000000045,1.64226618604562
3,deep incoming rumble,1562.85,1562.9,1563.2,0.350000000000136,2.05822056472353
1,continuous foamy hiss,1563.55,1563.6,1563.7,0.150000000000091,1.90121382191589
4,lapping water movement,1563.7,1563.85,1563.9,0.200000000000045,1.97560345703789
2,whitewater decay,1563.85,1563.9,1564.05,0.200000000000045,1.9702159774464
3,deep incoming rumble,1563.85,1563.9,1564.1,0.25,1.93946816711585
1,continuous foamy hiss,1564.1,1564.25,1564.65,0.550000000000182,3.78810184872
3,deep incoming rumble,1564.4,1564.7,1564.75,0.349999999999909,2.02839525965723
3,deep incoming rumble,1565.35,1565.8,1566.05,0.700000000000045,3.22510132500101
3,deep incoming rumble,1567.2,1567.85,1567.95,0.75,2.40762579065837
5,deep incoming rumble,1571.1,1571.25,1571.25,0.150000000000091,1.66150250756924
1,continuous foamy hiss,1573.85,1573.9,1574.15,0.300000000000182,1.84060568936893
2,whitewater decay,1574,1574.3,1574.8,0.799999999999955,3.84998156611799
5,deep incoming rumble,1574.1,1574.1,1574.3,0.200000000000045,2.43620413704166
10,lapping water movement,1574.2,1574.25,1574.5,0.299999999999955,2.42640224032171
7,deep incoming rumble,1574.6,1574.7,1574.75,0.150000000000091,2.74566919269014
2,whitewater decay,1575.4,1575.6,1575.6,0.199999999999818,1.71209076646849
4,lapping water movement,1575.85,1575.9,1576,0.150000000000091,2.05661280426369
1,continuous foamy hiss,1577.5,1577.65,1577.75,0.25,2.35202439393935
4,lapping water movement,1579.1,1579.2,1579.25,0.150000000000091,1.9683190500026
7,deep incoming rumble,1583.25,1583.3,1583.45,0.200000000000045,3.49668876675478
7,deep incoming rumble,1583.65,1584.15,1584.65,1,3.48099020412808
10,lapping water movement,1585.6,1585.85,1585.95,0.350000000000136,1.92590572424219
2,whitewater decay,1585.7,1585.8,1586.55,0.849999999999909,2.77321850763499
9,deep incoming rumble,1586.3,1586.35,1586.75,0.450000000000045,2.25148418169238
2,whitewater decay,1586.8,1586.95,1587.1,0.299999999999955,3.48809654377996
1,continuous foamy hiss,1587,1587.1,1587.4,0.400000000000091,2.94619199368035
2,whitewater decay,1587.45,1587.7,1587.8,0.349999999999909,2.4505864572037
10,lapping water movement,1587.8,1587.85,1588,0.200000000000045,1.91307824955697
9,deep incoming rumble,1588.05,1588.2,1588.25,0.200000000000045,2.33115123394059
7,deep incoming rumble,1588.3,1588.35,1588.65,0.350000000000136,2.35950789327302
6,broadband crash,1588.35,1588.55,1588.7,0.350000000000136,3.07669868671318
2,whitewater decay,1588.6,1588.9,1589.1,0.5,2.04139702893535
6,broadband crash,1589.15,1589.2,1589.5,0.349999999999909,2.12112051047168
2,whitewater decay,1589.55,1589.85,1589.9,0.350000000000136,2.19587902838548
9,deep incoming rumble,1590.55,1590.55,1590.7,0.150000000000091,1.67583002382886
9,deep incoming rumble,1591.55,1591.6,1592.2,0.650000000000091,2.51971549817691
1,continuous foamy hiss,1593,1593.05,1593.15,0.150000000000091,2.47338229776625
4,lapping water movement,1598.1,1598.25,1598.3,0.200000000000045,1.92547109313811
2,whitewater decay,1598.25,1598.3,1598.45,0.200000000000045,2.01049133517882
1,continuous foamy hiss,1598.55,1598.7,1599.1,0.549999999999955,3.81704077807126
3,deep incoming rumble,1598.85,1599.15,1599.15,0.300000000000182,1.8881288679856
3,deep incoming rumble,1599.8,1599.9,1599.95,0.150000000000091,2.74047628807796
3,deep incoming rumble,1600.15,1600.2,1600.45,0.299999999999955,3.33443956526532
3,deep incoming rumble,1601.6,1602.3,1602.35,0.75,2.45125508468608
8,deep incoming rumble,1601.8,1601.9,1601.95,0.150000000000091,1.87510699244681
1,continuous foamy hiss,1603.6,1603.7,1603.75,0.150000000000091,2.18659144074683
2,whitewater decay,1608.15,1608.7,1609.2,1.04999999999995,3.9139555564115
1,continuous foamy hiss,1608.3,1608.35,1608.55,0.25,1.84686793748279
5,deep incoming rumble,1608.5,1608.55,1608.75,0.25,2.55714133100588
10,lapping water movement,1608.65,1608.7,1608.9,0.25,2.4829904048535
1,continuous foamy hiss,1608.8,1608.85,1608.95,0.150000000000091,2.02793732313048
2,whitewater decay,1609.8,1610,1610.05,0.25,1.64015342790001
4,lapping water movement,1610.25,1610.35,1610.45,0.200000000000045,2.01443902159382
1,continuous foamy hiss,1611.9,1612.05,1612.2,0.299999999999955,2.38253591829353
4,lapping water movement,1613.55,1613.65,1613.7,0.150000000000091,1.9237883948106
7,deep incoming rumble,1617.7,1617.75,1619.1,1.39999999999986,3.60606392651439
10,lapping water movement,1618.25,1618.3,1618.4,0.150000000000091,1.86822509887012
10,lapping water movement,1620,1620.3,1620.35,0.349999999999909,1.91252668417821
2,whitewater decay,1620.1,1620.25,1621,0.900000000000091,2.82726420884224
9,deep incoming rumble,1620.7,1620.8,1621.2,0.5,2.26202392555214
2,whitewater decay,1621.25,1621.4,1621.55,0.299999999999955,3.44518608555234
1,continuous foamy hiss,1621.4,1621.5,1621.8,0.399999999999864,2.92200344327954
2,whitewater decay,1621.85,1622.15,1622.2,0.350000000000136,2.5184863102381
10,lapping water movement,1622.25,1622.3,1622.4,0.150000000000091,1.90219979226005
9,deep incoming rumble,1622.5,1622.6,1622.7,0.200000000000045,2.30801506633431
6,broadband crash,1622.8,1623,1623.15,0.350000000000136,3.09424562833702
2,whitewater decay,1623,1623.35,1623.55,0.549999999999955,2.05641201804707
6,broadband crash,1623.55,1623.65,1623.95,0.400000000000091,2.09572760002618
2,whitewater decay,1623.95,1624.3,1624.35,0.399999999999864,2.20133438412074
9,deep incoming rumble,1625,1625,1625.15,0.150000000000091,1.71935045790551
9,deep incoming rumble,1625.6,1625.7,1625.75,0.150000000000091,2.3906180649586
9,deep incoming rumble,1625.95,1626.05,1626.55,0.599999999999909,2.58664384507577
1,continuous foamy hiss,1627.4,1627.5,1627.6,0.199999999999818,2.45242234054693
2,whitewater decay,1627.55,1627.9,1627.9,0.350000000000136,1.93162555596629
3,deep incoming rumble,1631.7,1631.75,1632.1,0.399999999999864,2.07461159845006
4,lapping water movement,1632.55,1632.7,1632.75,0.200000000000045,1.98971548463262
2,whitewater decay,1632.7,1632.75,1632.9,0.200000000000045,2.02015838443822
3,deep incoming rumble,1632.7,1632.75,1633,0.299999999999955,2.05039471909933
1,continuous foamy hiss,1632.95,1633.15,1633.5,0.549999999999955,3.75523370442662
3,deep incoming rumble,1633.3,1633.55,1633.6,0.299999999999955,1.9668465314138
3,deep incoming rumble,1634.2,1634.65,1634.9,0.700000000000045,3.29330790612126
3,deep incoming rumble,1636.05,1636.4,1636.8,0.75,2.41247955837918
1,continuous foamy hiss,1638,1638.1,1638.15,0.150000000000091,2.19195827883991
5,deep incoming rumble,1639.95,1640.35,1640.4,0.450000000000045,2.08400648794971
2,whitewater decay,1642.55,1643.15,1643.65,1.10000000000014,3.91457662670127
1,continuous foamy hiss,1642.75,1642.8,1643,0.25,1.81258757536544
5,deep incoming rumble,1642.95,1643,1643.15,0.200000000000045,2.4028450325041
10,lapping water movement,1643.05,1643.15,1643.35,0.299999999999955,2.45324020480172
2,whitewater decay,1644.25,1644.45,1644.45,0.200000000000045,1.73996045645199
1,continuous foamy hiss,1646.35,1646.5,1646.6,0.25,2.4085778347731
7,deep incoming rumble,1652.1,1652.2,1652.3,0.200000000000045,3.52575873288599
7,deep incoming rumble,1652.5,1653,1653.55,1.04999999999995,3.48713047302443
10,lapping water movement,1654.45,1654.75,1654.8,0.349999999999909,1.87114282407716
2,whitewater decay,1654.55,1654.7,1655.4,0.850000000000136,2.77667226421606
9,deep incoming rumble,1655.15,1655.25,1655.6,0.449999999999818,2.25778452046582
2,whitewater decay,1655.65,1655.8,1655.95,0.299999999999955,3.46601126578919
1,continuous foamy hiss,1655.85,1655.95,1656.25,0.400000000000091,2.95290820115807
2,whitewater decay,1656.3,1656.55,1656.65,0.350000000000136,2.43928558166111
10,lapping water movement,1656.65,1656.7,1656.85,0.199999999999818,1.91856947434601
6,broadband crash,1657.2,1657.45,1657.6,0.399999999999864,3.08426006269035
2,whitewater decay,1657.45,1657.8,1657.95,0.5,2.02661530818961
6,broadband crash,1658,1658.05,1658.4,0.400000000000091,2.09831972180995
2,whitewater decay,1658.4,1658.7,1658.8,0.399999999999864,2.13963726793274
9,deep incoming rumble,1659.4,1659.45,1659.6,0.199999999999818,1.68546522164821
9,deep incoming rumble,1660.05,1660.1,1660.2,0.150000000000091,2.30656716901071
9,deep incoming rumble,1660.4,1660.5,1660.7,0.299999999999955,2.58470150331611
1,continuous foamy hiss,1661.85,1661.9,1662.05,0.200000000000045,2.41883414098719
8,deep incoming rumble,1664.75,1664.75,1664.95,0.200000000000045,1.66187232326038
1,continuous foamy hiss,1666.85,1666.9,1667,0.150000000000091,1.91976778037986
4,lapping water movement,1667,1667.15,1667.2,0.200000000000045,1.96774344891015
2,whitewater decay,1667.1,1667.15,1667.35,0.25,1.96650912291912
1,continuous foamy hiss,1667.4,1667.55,1667.95,0.549999999999955,3.76660608386262
3,deep incoming rumble,1667.7,1668,1668.05,0.349999999999909,1.977977547344
3,deep incoming rumble,1669,1669.05,1669.35,0.349999999999909,3.25127651336592
3,deep incoming rumble,1670.5,1671.15,1671.25,0.75,2.42800068449706
1,continuous foamy hiss,1677.15,1677.2,1677.45,0.299999999999955,1.84838738676152
2,whitewater decay,1677.3,1677.55,1678.1,0.799999999999955,3.84575280232404
5,deep incoming rumble,1677.4,1677.4,1677.6,0.199999999999818,2.46501688242614
10,lapping water movement,1677.5,1677.55,1677.8,0.299999999999955,2.44781245207456
2,whitewater decay,1678.7,1678.9,1678.9,0.200000000000045,1.72345451922993
1,continuous foamy hiss,1680.8,1680.9,1681.05,0.25,2.34061898311495
7,deep incoming rumble,1686.55,1686.6,1687.95,1.40000000000009,3.51616741521121
9,deep incoming rumble,1687.25,1687.35,1687.4,0.150000000000091,1.92140297340633
10,lapping water movement,1688.9,1689.15,1689.25,0.349999999999909,1.93382235055296
2,whitewater decay,1688.95,1689.1,1689.85,0.899999999999864,2.81493857339695
9,deep incoming rumble,1689.35,1689.65,1690.05,0.700000000000045,2.25383779726144
2,whitewater decay,1690.1,1690.25,1690.4,0.300000000000182,3.48920312159719
1,continuous foamy hiss,1690.3,1690.4,1690.7,0.400000000000091,2.89356612734897
2,whitewater decay,1690.75,1691,1691.1,0.349999999999909,2.45679626635828
10,lapping water movement,1691.1,1691.15,1691.3,0.200000000000045,1.9057780900982
9,deep incoming rumble,1691.35,1691.45,1691.55,0.200000000000045,2.30548152594332
7,deep incoming rumble,1691.6,1691.65,1691.95,0.350000000000136,2.3576311751055
6,broadband crash,1691.65,1691.85,1692,0.349999999999909,3.10333368068255
2,whitewater decay,1691.85,1692.2,1692.4,0.550000000000182,2.02727978245011
6,broadband crash,1692.4,1692.5,1692.8,0.399999999999864,2.12087592008489
2,whitewater decay,1692.8,1693.15,1693.2,0.400000000000091,2.21777655856472
9,deep incoming rumble,1693.55,1693.6,1694,0.450000000000045,1.98389658228886
9,deep incoming rumble,1694.8,1694.9,1695.5,0.700000000000045,2.53046963450671
1,continuous foamy hiss,1696.3,1696.35,1696.45,0.150000000000091,2.45047123296123
3,deep incoming rumble,1700.6,1700.6,1700.95,0.350000000000136,2.00343519936302
2,whitewater decay,1701.55,1701.6,1701.75,0.200000000000045,1.99707599060528
3,deep incoming rumble,1701.55,1701.6,1701.85,0.299999999999955,2.09695483146444
1,continuous foamy hiss,1701.85,1702,1702.4,0.550000000000182,3.79010687692524
3,deep incoming rumble,1702.15,1702.4,1702.45,0.299999999999955,1.92236785782316
3,deep incoming rumble,1703.1,1703.2,1703.25,0.150000000000091,2.72838974485834
3,deep incoming rumble,1703.45,1703.5,1703.75,0.299999999999955,3.33464553146584
3,deep incoming rumble,1704.9,1705.6,1705.65,0.75,2.43176932166466
8,deep incoming rumble,1705.1,1705.2,1705.25,0.150000000000091,1.8868412168277
2,whitewater decay,1711.45,1712,1712.5,1.04999999999995,3.92661652596192
1,continuous foamy hiss,1711.6,1711.65,1711.85,0.25,1.84057868973453
5,deep incoming rumble,1711.8,1711.85,1712.05,0.25,2.55555080491616
10,lapping water movement,1711.95,1712,1712.2,0.25,2.47846499901329
2,whitewater decay,1713.1,1713.3,1713.35,0.25,1.68571475891192
4,lapping water movement,1713.55,1713.65,1713.75,0.200000000000045,2.00530597881156
5,deep incoming rumble,1714.35,1714.45,1714.5,0.150000000000091,2.00625001582179
1,continuous foamy hiss,1715.2,1715.35,1715.5,0.299999999999955,2.38780737876286
4,lapping water movement,1716.85,1716.95,1717,0.150000000000091,1.9167626143903
7,deep incoming rumble,1721,1721.05,1722.4,1.40000000000009,3.61487439822356
10,lapping water movement,1721.55,1721.6,1721.7,0.150000000000091,1.87332243488943
10,lapping water movement,1723.3,1723.6,1723.9,0.600000000000136,1.88505669089989
2,whitewater decay,1723.4,1723.55,1723.95,0.549999999999955,2.84596864387161
9,deep incoming rumble,1724,1724.1,1724.5,0.5,2.26273938274192
2,whitewater decay,1724.55,1724.7,1724.8,0.25,3.41854344836929
1,continuous foamy hiss,1724.7,1724.8,1725.1,0.399999999999864,2.94471237267791
2,whitewater decay,1725.15,1725.45,1725.5,0.349999999999909,2.50890554002959
10,lapping water movement,1725.55,1725.6,1725.7,0.150000000000091,1.90232792347035
9,deep incoming rumble,1725.8,1725.9,1726,0.200000000000045,2.31498088827722
6,broadband crash,1726.05,1726.3,1726.45,0.400000000000091,3.10074486882055
2,whitewater decay,1726.3,1726.65,1726.85,0.549999999999955,2.05708789365171
6,broadband crash,1726.85,1726.95,1727.25,0.400000000000091,2.10051615177662
2,whitewater decay,1727.25,1727.6,1727.65,0.400000000000091,2.19608204922012
9,deep incoming rumble,1728.25,1728.3,1728.45,0.200000000000045,1.71922819713382
9,deep incoming rumble,1729.25,1729.35,1729.85,0.599999999999909,2.59657005967789
1,continuous foamy hiss,1730.7,1730.8,1730.9,0.200000000000045,2.40666262449086
3,deep incoming rumble,1735,1735.05,1735.4,0.400000000000091,2.06951919389096
4,lapping water movement,1735.85,1736,1736.05,0.200000000000045,1.97281762253776
2,whitewater decay,1736,1736.05,1736.2,0.200000000000045,2.02355137884332
3,deep incoming rumble,1736,1736.05,1736.3,0.299999999999955,2.01107207809908
1,continuous foamy hiss,1736.25,1736.4,1736.8,0.549999999999955,3.76579393551887
3,deep incoming rumble,1736.6,1736.85,1737,0.400000000000091,1.99435513740896
3,deep incoming rumble,1737.5,1737.95,1738.2,0.700000000000045,3.28139215978431
3,deep incoming rumble,1739.35,1739.7,1740.1,0.75,2.37758084680698
1,continuous foamy hiss,1741.3,1741.4,1741.45,0.150000000000091,2.20987795121297
5,deep incoming rumble,1743.25,1743.4,1743.45,0.200000000000045,1.55592884165612
2,whitewater decay,1745.6,1745.9,1745.95,0.350000000000136,2.10470826636582
1,continuous foamy hiss,1746.05,1746.05,1746.3,0.25,1.83186458418993
2,whitewater decay,1746.15,1746.45,1746.95,0.799999999999955,3.90463786795471
5,deep incoming rumble,1746.25,1746.3,1746.45,0.200000000000045,2.34310057984821
10,lapping water movement,1746.35,1746.45,1746.65,0.300000000000182,2.44233610503236
2,whitewater decay,1747.55,1747.75,1747.75,0.200000000000045,1.77193088074745
4,lapping water movement,1748,1748.05,1748.15,0.150000000000091,2.06124339801934
1,continuous foamy hiss,1749.65,1749.8,1749.9,0.25,2.39586673234677
4,lapping water movement,1751.25,1751.35,1751.4,0.150000000000091,1.96799498006156
7,deep incoming rumble,1755.4,1755.5,1755.6,0.199999999999818,3.4703502844955
7,deep incoming rumble,1755.8,1756.3,1756.85,1.04999999999995,3.49906798120973
10,lapping water movement,1756,1756.05,1756.15,0.150000000000091,1.86036867880706
4,lapping water movement,1757.1,1757.2,1757.25,0.150000000000091,2.0431942377329
10,lapping water movement,1757.75,1758,1758.1,0.349999999999909,1.89060276222658
2,whitewater decay,1757.85,1758,1758.7,0.850000000000136,2.84699520676243
9,deep incoming rumble,1758.45,1758.55,1758.9,0.450000000000045,2.2548120597611
2,whitewater decay,1758.95,1759.1,1759.25,0.299999999999955,3.46747577282903
1,continuous foamy hiss,1759.15,1759.25,1759.55,0.399999999999864,2.97382491168248
2,whitewater decay,1759.6,1759.85,1759.95,0.350000000000136,2.43664851474378
10,lapping water movement,1759.95,1760,1760.15,0.200000000000045,1.9210970199833
9,deep incoming rumble,1760.25,1760.35,1760.4,0.150000000000091,2.29812117620112
6,broadband crash,1760.5,1760.75,1760.9,0.400000000000091,3.06801407297908
2,whitewater decay,1760.75,1761.1,1761.25,0.5,2.03206008209286
6,broadband crash,1761.3,1761.35,1761.7,0.400000000000091,2.10400382833732
2,whitewater decay,1761.7,1762,1762.1,0.399999999999864,2.13146013660043
9,deep incoming rumble,1762.7,1762.85,1762.9,0.200000000000045,1.68376616354617
9,deep incoming rumble,1763.35,1763.4,1763.5,0.150000000000091,2.33254998764417
9,deep incoming rumble,1763.7,1763.8,1764.35,0.649999999999864,2.57127136916106
1,continuous foamy hiss,1765.15,1765.2,1765.35,0.199999999999818,2.4497958536664
8,deep incoming rumble,1768.05,1768.05,1768.25,0.200000000000045,1.68473587050373
4,lapping water movement,1770.3,1770.45,1770.45,0.150000000000091,1.98321516228818
2,whitewater decay,1770.4,1770.45,1770.6,0.199999999999818,1.97088274078637
1,continuous foamy hiss,1770.7,1770.85,1771.25,0.549999999999955,3.78328814646263
3,deep incoming rumble,1771,1771.3,1771.35,0.349999999999909,1.93807348268798
3,deep incoming rumble,1772.3,1772.35,1772.6,0.299999999999955,3.30538760044494
3,deep incoming rumble,1773.8,1774.45,1774.55,0.75,2.44592480808083
1,continuous foamy hiss,1775.75,1775.85,1775.9,0.150000000000091,2.22039568994249
2,whitewater decay,1780.3,1780.85,1781.4,1.10000000000014,3.85708411441377
1,continuous foamy hiss,1780.45,1780.5,1780.75,0.299999999999955,1.87471067670955
5,deep incoming rumble,1780.7,1780.7,1780.9,0.200000000000045,2.49945181521971
10,lapping water movement,1780.8,1780.85,1781.1,0.299999999999955,2.46116205505634
2,whitewater decay,1781.95,1782.2,1782.2,0.25,1.71963492344179
1,continuous foamy hiss,1784.1,1784.2,1784.35,0.25,2.39447784056851
7,deep incoming rumble,1789.85,1789.9,1791.25,1.40000000000009,3.54063221579587
9,deep incoming rumble,1790.55,1790.65,1790.7,0.150000000000091,1.91364510149594
10,lapping water movement,1792.2,1792.45,1792.55,0.349999999999909,1.94651664257461
2,whitewater decay,1792.25,1792.4,1793.15,0.900000000000091,2.79987409524171
9,deep incoming rumble,1792.9,1792.95,1793.35,0.449999999999818,2.25589485997465
2,whitewater decay,1793.4,1793.55,1793.7,0.299999999999955,3.46051287912853
1,continuous foamy hiss,1793.6,1793.7,1794,0.400000000000091,2.89716964502619
2,whitewater decay,1794.05,1794.3,1794.35,0.299999999999955,2.4841075477543
9,deep incoming rumble,1794.65,1794.75,1794.85,0.199999999999818,2.29621834964186
7,deep incoming rumble,1794.9,1794.95,1795.25,0.349999999999909,2.3356682027858
6,broadband crash,1794.95,1795.15,1795.3,0.349999999999909,3.09495537920559
2,whitewater decay,1795.2,1795.5,1795.7,0.5,2.04725534394776
6,broadband crash,1795.7,1795.8,1796.1,0.399999999999864,2.12475041249342
2,whitewater decay,1796.1,1796.45,1796.5,0.400000000000091,2.21357378216286
9,deep incoming rumble,1797.8,1798.2,1798.7,0.900000000000091,2.54410838073195
1,continuous foamy hiss,1799.55,1799.65,1799.75,0.200000000000045,2.44211480899193
4,lapping water movement,1804.7,1804.85,1804.9,0.200000000000045,1.97174098222164
2,whitewater decay,1804.85,1804.9,1805.05,0.200000000000045,2.01574223511304
1,continuous foamy hiss,1805.1,1805.3,1805.7,0.600000000000136,3.77650401554958
3,deep incoming rumble,1805.45,1805.7,1805.75,0.299999999999955,1.93916194815692
3,deep incoming rumble,1806.75,1806.8,1807.05,0.299999999999955,3.32934346275276
3,deep incoming rumble,1808.2,1808.55,1808.95,0.75,2.42386712551504
2,whitewater decay,1814.7,1815.3,1815.8,1.09999999999991,3.94107681898015
1,continuous foamy hiss,1814.9,1814.95,1815.15,0.25,1.82213429899069
5,deep incoming rumble,1815.1,1815.15,1815.3,0.200000000000045,2.53319698089055
10,lapping water movement,1815.2,1815.3,1815.5,0.299999999999955,2.47446574643056
2,whitewater decay,1816.4,1816.6,1816.65,0.25,1.68579580164827
4,lapping water movement,1816.85,1816.9,1817,0.150000000000091,1.99002180382636
1,continuous foamy hiss,1818.5,1818.65,1818.8,0.299999999999955,2.39195485215257
4,lapping water movement,1820.1,1820.25,1820.3,0.200000000000045,1.91614369562603
7,deep incoming rumble,1824.25,1824.35,1824.45,0.200000000000045,3.61733675494269
7,deep incoming rumble,1824.65,1825.15,1825.7,1.04999999999995,3.42551510434644
10,lapping water movement,1824.85,1824.9,1825,0.150000000000091,1.87818584096186
10,lapping water movement,1826.6,1826.9,1826.95,0.350000000000136,1.88014704663546
2,whitewater decay,1826.7,1826.85,1827.55,0.849999999999909,2.84517370376585
9,deep incoming rumble,1827.3,1827.4,1827.8,0.5,2.26091091961774
2,whitewater decay,1827.8,1827.95,1828.1,0.299999999999955,3.40657115402501
1,continuous foamy hiss,1828,1828.1,1828.4,0.400000000000091,2.93650513118187
2,whitewater decay,1828.45,1828.75,1828.8,0.349999999999909,2.52799074304847
10,lapping water movement,1828.85,1828.85,1829,0.150000000000091,1.89657698695046
9,deep incoming rumble,1829.1,1829.2,1829.3,0.200000000000045,2.31348324767298
6,broadband crash,1829.35,1829.6,1829.75,0.400000000000091,3.10102225272118
7,deep incoming rumble,1829.35,1829.4,1829.65,0.300000000000182,2.16456989128784
2,whitewater decay,1829.6,1829.95,1830.1,0.5,2.04872245057798
6,broadband crash,1830.15,1830.2,1830.55,0.399999999999864,2.09734482784272
2,whitewater decay,1830.55,1830.9,1830.95,0.400000000000091,2.17187851124281
9,deep incoming rumble,1831.55,1831.6,1831.75,0.200000000000045,1.7064210940496
9,deep incoming rumble,1832.55,1832.65,1833.15,0.600000000000136,2.60661621354248
1,continuous foamy hiss,1834,1834.1,1834.2,0.200000000000045,2.40222984963604
3,deep incoming rumble,1838.3,1838.35,1838.7,0.400000000000091,2.06903433784715
1,continuous foamy hiss,1839,1839.1,1839.15,0.150000000000091,1.89437202167177
4,lapping water movement,1839.15,1839.3,1839.35,0.199999999999818,1.98110514667065
2,whitewater decay,1839.3,1839.35,1839.5,0.200000000000045,2.00386112772628
3,deep incoming rumble,1839.3,1839.35,1839.55,0.25,1.97786533472198
1,continuous foamy hiss,1839.55,1839.7,1840.1,0.549999999999955,3.76823541419754
3,deep incoming rumble,1839.9,1840.15,1840.3,0.399999999999864,2.02081731727283
3,deep incoming rumble,1840.8,1841.25,1841.5,0.700000000000045,3.26798565540108
3,deep incoming rumble,1842.65,1843.3,1843.4,0.75,2.37344812817433
1,continuous foamy hiss,1844.6,1844.7,1844.75,0.150000000000091,2.19843470525957
5,deep incoming rumble,1846.55,1846.7,1846.75,0.200000000000045,1.60471021992892
1,continuous foamy hiss,1849.35,1849.35,1849.6,0.25,1.8119711246222
2,whitewater decay,1849.45,1849.75,1850.25,0.799999999999955,3.90255589916292
5,deep incoming rumble,1849.55,1849.55,1849.75,0.200000000000045,2.36392132136982
10,lapping water movement,1849.65,1849.75,1849.95,0.299999999999955,2.4144468029227
7,deep incoming rumble,1850.05,1850.15,1850.2,0.150000000000091,2.81513906086658
2,whitewater decay,1850.85,1851.05,1851.05,0.200000000000045,1.75899457134062
4,lapping water movement,1851.3,1851.35,1851.45,0.150000000000091,2.06659897854396
1,continuous foamy hiss,1852.95,1853.1,1853.2,0.25,2.38700052267272
4,lapping water movement,1854.55,1854.65,1854.7,0.150000000000091,1.96562574697157
7,deep incoming rumble,1858.7,1859.6,1860.15,1.45000000000005,3.50581337473147
9,deep incoming rumble,1860,1860.1,1860.15,0.150000000000091,1.66864109470694
10,lapping water movement,1861.05,1861.3,1861.6,0.549999999999955,1.90140953404359
2,whitewater decay,1861.15,1861.3,1862,0.849999999999909,2.80296884928082
9,deep incoming rumble,1861.75,1861.85,1862.2,0.450000000000045,2.25164515841095
2,whitewater decay,1862.25,1862.4,1862.55,0.299999999999955,3.50029843801379
1,continuous foamy hiss,1862.45,1862.55,1862.85,0.399999999999864,2.95555390028722
2,whitewater decay,1862.9,1863.15,1863.25,0.349999999999909,2.42647286697751
10,lapping water movement,1863.25,1863.3,1863.45,0.200000000000045,1.92154287315753
9,deep incoming rumble,1863.5,1863.65,1863.7,0.200000000000045,2.29571701307582
6,broadband crash,1863.8,1864,1864.15,0.350000000000136,3.03548064954205
2,whitewater decay,1864.05,1864.35,1864.55,0.5,2.02346869092394
6,broadband crash,1864.6,1864.65,1865,0.400000000000091,2.11795572690758
2,whitewater decay,1865,1865.3,1865.35,0.349999999999909,2.18199757350625
9,deep incoming rumble,1866,1866.15,1866.15,0.150000000000091,1.68013038223947
9,deep incoming rumble,1867,1867.1,1867.65,0.650000000000091,2.54660081057416
1,continuous foamy hiss,1868.45,1868.5,1868.65,0.200000000000045,2.48143273875187
2,whitewater decay,1868.6,1868.9,1868.95,0.350000000000136,1.9257242072837
8,deep incoming rumble,1871.35,1871.35,1871.55,0.200000000000045,1.70301268772422
4,lapping water movement,1873.6,1873.75,1873.75,0.150000000000091,1.96019656516219
2,whitewater decay,1873.7,1873.75,1873.9,0.200000000000045,1.9845711474905
1,continuous foamy hiss,1874,1874.15,1874.55,0.549999999999955,3.79510765514308
3,deep incoming rumble,1874.3,1874.6,1874.6,0.299999999999955,1.90683200409673
3,deep incoming rumble,1875.25,1875.65,1875.9,0.650000000000091,3.33187494471
3,deep incoming rumble,1877.05,1877.75,1877.8,0.75,2.45561561431618
1,continuous foamy hiss,1879.05,1879.15,1879.2,0.150000000000091,2.2065957700655
5,deep incoming rumble,1881.15,1881.4,1881.45,0.299999999999955,2.1747122622335
8,deep incoming rumble,1882.05,1882.1,1882.4,0.350000000000136,2.4072253022607
2,whitewater decay,1883.6,1884.15,1884.7,1.10000000000014,3.8560235693002
1,continuous foamy hiss,1883.75,1883.8,1884,0.25,1.85631114015294
5,deep incoming rumble,1883.95,1884,1884.2,0.25,2.52303023626179
10,lapping water movement,1884.1,1884.15,1884.35,0.25,2.47407938399223
1,continuous foamy hiss,1884.25,1884.35,1884.4,0.150000000000091,2.03950460179358
2,whitewater decay,1885.25,1885.5,1885.5,0.25,1.65443990782787
4,lapping water movement,1885.7,1885.8,1885.9,0.200000000000045,2.04950115624041
1,continuous foamy hiss,1887.4,1887.5,1887.65,0.25,2.36963709256377
4,lapping water movement,1889,1889.1,1889.15,0.150000000000091,1.93760839328881
7,deep incoming rumble,1893.15,1893.2,1894.55,1.39999999999986,3.56678460530565
9,deep incoming rumble,1893.85,1893.9,1894,0.150000000000091,1.92612209747479
10,lapping water movement,1895.45,1895.75,1895.8,0.349999999999909,1.93197208444577
2,whitewater decay,1895.55,1895.7,1896.45,0.900000000000091,2.8043087362512
9,deep incoming rumble,1896.2,1896.25,1896.65,0.450000000000045,2.25819421593566
2,whitewater decay,1896.7,1896.85,1897,0.299999999999955,3.47509529348547
1,continuous foamy hiss,1896.85,1896.95,1897.25,0.400000000000091,2.8897573109953
2,whitewater decay,1897.35,1897.6,1897.65,0.300000000000182,2.48020798399515
9,deep incoming rumble,1897.95,1898.05,1898.15,0.200000000000045,2.28175245259
6,broadband crash,1898.25,1898.45,1898.6,0.349999999999909,3.27458904269748
2,whitewater decay,1898.45,1898.8,1899,0.549999999999955,2.05073112745483
6,broadband crash,1899,1899.1,1899.4,0.400000000000091,2.09337710524903
2,whitewater decay,1899.4,1899.75,1899.8,0.399999999999864,2.26431676552393
9,deep incoming rumble,1901.4,1901.5,1902,0.599999999999909,2.55946013855087
1,continuous foamy hiss,1902.85,1902.95,1903.05,0.200000000000045,2.44894664057929
3,deep incoming rumble,1907.15,1907.2,1907.55,0.399999999999864,2.06335852358616
4,lapping water movement,1908,1908.15,1908.2,0.200000000000045,2.00089115132229
2,whitewater decay,1908.15,1908.2,1908.35,0.199999999999818,2.01603629568974
3,deep incoming rumble,1908.15,1908.2,1908.45,0.299999999999955,2.09263461224722
1,continuous foamy hiss,1908.4,1908.6,1909,0.599999999999909,3.7981786318462
3,deep incoming rumble,1908.75,1909,1909.05,0.299999999999955,1.945607167662
3,deep incoming rumble,1909.65,1909.8,1909.85,0.199999999999818,2.70417069336657
3,deep incoming rumble,1910.05,1910.1,1910.35,0.299999999999955,3.31375999759007
3,deep incoming rumble,1911.5,1911.85,1912.25,0.75,2.42415338624982
1,continuous foamy hiss,1913.5,1913.55,1913.65,0.150000000000091,2.17604968677817
2,whitewater decay,1918,1918.6,1919.1,1.09999999999991,3.93310636473862
1,continuous foamy hiss,1918.2,1918.25,1918.45,0.25,1.81830529204513
5,deep incoming rumble,1918.4,1918.45,1918.6,0.199999999999818,2.49555424037871
10,lapping water movement,1918.5,1918.6,1918.8,0.299999999999955,2.4701989770133
2,whitewater decay,1919.7,1919.9,1919.95,0.25,1.71853185801162
1,continuous foamy hiss,1921.8,1921.95,1922.05,0.25,2.40105326464665
7,deep incoming rumble,1927.55,1927.65,1927.75,0.200000000000045,3.58815139890087
7,deep incoming rumble,1927.95,1928.45,1929,1.04999999999995,3.45350907819873
10,lapping water movement,1929.9,1930.2,1930.25,0.349999999999909,1.87936612824421
2,whitewater decay,1930,1930.15,1930.85,0.849999999999909,2.81487249686955
9,deep incoming rumble,1930.4,1930.7,1931.1,0.699999999999818,2.26203721815713
2,whitewater decay,1931.1,1931.25,1931.4,0.300000000000182,3.42574384214481
1,continuous foamy hiss,1931.3,1931.4,1931.7,0.400000000000091,2.93746288897111
2,whitewater decay,1931.75,1932.05,1932.1,0.349999999999909,2.49957028675574
9,deep incoming rumble,1932.4,1932.5,1932.6,0.199999999999818,2.31697981952502
6,broadband crash,1932.65,1932.9,1933.05,0.399999999999864,3.11475712696897
2,whitewater decay,1932.9,1933.25,1933.4,0.5,2.03279847257748
6,broadband crash,1933.45,1933.5,1933.85,0.399999999999864,2.0986542081006
2,whitewater decay,1933.85,1934.2,1934.25,0.400000000000091,2.16985057389141
9,deep incoming rumble,1934.6,1934.65,1935.05,0.450000000000045,1.9088825457195
9,deep incoming rumble,1935.5,1935.95,1936.5,1,2.60409369888381
1,continuous foamy hiss,1937.3,1937.35,1937.5,0.200000000000045,2.40644379649539
8,deep incoming rumble,1940.2,1940.2,1940.4,0.200000000000045,1.63361464347742
3,deep incoming rumble,1941.6,1941.65,1941.95,0.350000000000136,2.06502777951313
1,continuous foamy hiss,1942.3,1942.35,1942.45,0.150000000000091,1.91238652489634
4,lapping water movement,1942.45,1942.6,1942.65,0.200000000000045,1.99553466476453
2,whitewater decay,1942.6,1942.65,1942.8,0.200000000000045,1.97680533281163
3,deep incoming rumble,1942.6,1942.65,1942.85,0.25,1.96665967695385
1,continuous foamy hiss,1942.85,1943,1943.4,0.550000000000182,3.77227035010357
3,deep incoming rumble,1943.2,1943.45,1943.6,0.399999999999864,2.03797422970733
3,deep incoming rumble,1944.1,1944.55,1944.8,0.700000000000045,3.24660531310249
3,deep incoming rumble,1945.95,1946.6,1946.7,0.75,2.39675956360001
5,deep incoming rumble,1949.85,1950,1950,0.150000000000091,1.64449048932809
1,continuous foamy hiss,1952.6,1952.65,1952.9,0.300000000000182,1.83711030329846
2,whitewater decay,1952.75,1953.05,1953.55,0.799999999999955,3.86356004812381
5,deep incoming rumble,1952.85,1952.85,1953.05,0.200000000000045,2.41390705170576
10,lapping water movement,1952.95,1953,1953.25,0.299999999999955,2.41661005286186
7,deep incoming rumble,1953.35,1953.45,1953.5,0.150000000000091,2.77487761117255
2,whitewater decay,1954.15,1954.35,1954.35,0.199999999999818,1.75542830859754
4,lapping water movement,1954.6,1954.65,1954.75,0.150000000000091,2.04707546782793
1,continuous foamy hiss,1956.25,1956.4,1956.5,0.25,2.35942283980813
4,lapping water movement,1957.85,1957.95,1958,0.150000000000091,1.97287370735709
7,deep incoming rumble,1962,1962.05,1962.2,0.200000000000045,3.4756459871482
7,deep incoming rumble,1962.4,1962.9,1963.4,1,3.49837784360917
9,deep incoming rumble,1963.3,1963.4,1963.45,0.150000000000091,1.65664839756316
10,lapping water movement,1964.35,1964.6,1964.7,0.350000000000136,1.91809598371705
2,whitewater decay,1964.45,1964.55,1965.3,0.849999999999909,2.77210525060668
9,deep incoming rumble,1965.05,1965.15,1965.5,0.450000000000045,2.24403905708751
2,whitewater decay,1965.55,1965.7,1965.85,0.299999999999955,3.49162754454986
1,continuous foamy hiss,1965.75,1965.85,1966.15,0.400000000000091,2.93348989718814
2,whitewater decay,1966.2,1966.45,1966.55,0.349999999999909,2.44427967466325
10,lapping water movement,1966.55,1966.6,1966.75,0.200000000000045,1.91055948289657
9,deep incoming rumble,1966.8,1966.95,1967,0.200000000000045,2.29108219874574
7,deep incoming rumble,1967.05,1967.1,1967.4,0.350000000000136,2.34962135822587
6,broadband crash,1967.1,1967.3,1967.45,0.350000000000136,3.05328458351569
2,whitewater decay,1967.35,1967.65,1967.85,0.5,2.0328484052769
6,broadband crash,1967.9,1967.95,1968.25,0.349999999999909,2.1448903894635
2,whitewater decay,1968.3,1968.6,1968.65,0.350000000000136,2.20577837844461
9,deep incoming rumble,1969.3,1969.45,1969.45,0.150000000000091,1.67460347355334
9,deep incoming rumble,1970.3,1970.4,1970.95,0.650000000000091,2.52512109996947
1,continuous foamy hiss,1971.75,1971.8,1971.9,0.150000000000091,2.46424955295296
8,deep incoming rumble,1974.65,1974.65,1974.85,0.199999999999818,1.71563738982146
2,whitewater decay,1977,1977.05,1977.2,0.200000000000045,1.99182521227674
1,continuous foamy hiss,1977.3,1977.45,1977.85,0.549999999999955,3.79528145761816
3,deep incoming rumble,1977.6,1977.9,1977.9,0.300000000000182,1.8930076588769
3,deep incoming rumble,1978.55,1978.65,1978.7,0.150000000000091,2.74986526972671
3,deep incoming rumble,1978.9,1978.95,1979.2,0.299999999999955,3.33893932938657
3,deep incoming rumble,1980.35,1981.05,1981.1,0.75,2.45382293831353
1,continuous foamy hiss,1982.35,1982.45,1982.5,0.150000000000091,2.19864353843005
2,whitewater decay,1986.9,1987.45,1987.95,1.04999999999995,3.92145907990271
1,continuous foamy hiss,1987.05,1987.1,1987.3,0.25,1.83946984781348
5,deep incoming rumble,1987.25,1987.3,1987.5,0.25,2.54885676364804
10,lapping water movement,1987.4,1987.45,1987.65,0.25,2.47857959279605
1,continuous foamy hiss,1987.55,1987.65,1987.7,0.150000000000091,2.04055737005082
2,whitewater decay,1988.55,1988.8,1988.8,0.25,1.64357642550649
4,lapping water movement,1989,1989.1,1989.2,0.200000000000045,2.02904424411245
1,continuous foamy hiss,1990.7,1990.8,1990.95,0.25,2.40866075772738
4,lapping water movement,1992.3,1992.4,1992.45,0.150000000000091,1.93044591042531
7,deep incoming rumble,1996.45,1996.5,1997.85,1.39999999999986,3.59249028384686
10,lapping water movement,1997,1997.05,1997.15,0.150000000000091,1.85647323290208
10,lapping water movement,1998.75,1999.05,1999.1,0.349999999999909,1.90928813564049
2,whitewater decay,1998.85,1999,1999.75,0.900000000000091,2.76726369621543
9,deep incoming rumble,1999.45,1999.55,1999.95,0.5,2.2639392728402
2,whitewater decay,2000,2000.15,2000.3,0.299999999999955,3.47916291755314
1,continuous foamy hiss,2000.15,2000.25,2000.55,0.399999999999864,2.9051745271767
2,whitewater decay,2000.6,2000.9,2000.95,0.350000000000136,2.49112371920114
10,lapping water movement,2001,2001.05,2001.15,0.150000000000091,1.90726476009404
9,deep incoming rumble,2001.25,2001.35,2001.45,0.200000000000045,2.30359769624367
6,broadband crash,2001.55,2001.75,2001.9,0.350000000000136,3.08837095968265
2,whitewater decay,2001.75,2002.1,2002.3,0.549999999999955,2.07213006824712
6,broadband crash,2002.3,2002.4,2002.7,0.400000000000091,2.1127800916104
2,whitewater decay,2002.7,2003.05,2003.1,0.399999999999864,2.20255130444937
9,deep incoming rumble,2003.75,2003.75,2003.9,0.150000000000091,1.72104309983865
9,deep incoming rumble,2004.35,2004.45,2004.5,0.150000000000091,2.39179314595879
9,deep incoming rumble,2004.7,2004.8,2005.3,0.599999999999909,2.57766917804889
1,continuous foamy hiss,2006.15,2006.25,2006.35,0.199999999999818,2.4208237805567
2,whitewater decay,2006.3,2006.65,2006.65,0.350000000000136,1.94732550729973
3,deep incoming rumble,2010.45,2010.5,2010.85,0.399999999999864,2.07156602776995
4,lapping water movement,2011.3,2011.45,2011.5,0.200000000000045,1.98529779160782
2,whitewater decay,2011.45,2011.5,2011.65,0.200000000000045,2.02059998689072
3,deep incoming rumble,2011.45,2011.5,2011.75,0.299999999999955,2.06638519651514
1,continuous foamy hiss,2011.7,2011.9,2012.3,0.599999999999909,3.76639558676625
3,deep incoming rumble,2012.05,2012.3,2012.35,0.299999999999955,1.96779955986235
3,deep incoming rumble,2012.95,2013.4,2013.65,0.700000000000045,3.29812792908003
3,deep incoming rumble,2014.8,2015.15,2015.55,0.75,2.41100600187148
1,continuous foamy hiss,2016.75,2016.85,2016.9,0.150000000000091,2.18783132886599
5,deep incoming rumble,2018.9,2019.1,2019.15,0.25,2.06250898140754
2,whitewater decay,2021.3,2021.9,2022.4,1.10000000000014,3.9099679325115
1,continuous foamy hiss,2021.5,2021.55,2021.75,0.25,1.83103537648888
5,deep incoming rumble,2021.7,2021.75,2021.9,0.200000000000045,2.44099732323988
10,lapping water movement,2021.8,2021.9,2022.1,0.299999999999955,2.45998890325086
2,whitewater decay,2023,2023.2,2023.25,0.25,1.7802783985507
1,continuous foamy hiss,2025.1,2025.25,2025.4,0.300000000000182,2.42645679486605
7,deep incoming rumble,2030.85,2030.95,2031.05,0.200000000000045,3.54894609759029
7,deep incoming rumble,2031.25,2031.75,2032.3,1.04999999999995,3.4785392640728
10,lapping water movement,2033.2,2033.5,2033.55,0.349999999999909,1.86967720554568
2,whitewater decay,2033.3,2033.45,2034.15,0.850000000000136,2.83652684179197
9,deep incoming rumble,2033.9,2034,2034.35,0.449999999999818,2.25882522739264
2,whitewater decay,2034.4,2034.55,2034.7,0.299999999999955,3.45252544687456
1,continuous foamy hiss,2034.6,2034.7,2035,0.400000000000091,2.95605721746499
2,whitewater decay,2035.05,2035.35,2035.4,0.350000000000136,2.45851344694112
9,deep incoming rumble,2035.7,2035.8,2035.9,0.200000000000045,2.31263115291801
6,broadband crash,2035.95,2036.2,2036.35,0.399999999999864,3.07890796523834
2,whitewater decay,2036.2,2036.55,2036.7,0.5,2.03860071135885
6,broadband crash,2036.75,2036.8,2037.15,0.400000000000091,2.08934491852877
2,whitewater decay,2037.15,2037.5,2037.55,0.399999999999864,2.16148166666873
9,deep incoming rumble,2038.15,2038.2,2038.35,0.199999999999818,1.69051332037701
9,deep incoming rumble,2038.8,2038.9,2038.95,0.150000000000091,2.30913393665572
9,deep incoming rumble,2039.15,2039.25,2039.45,0.299999999999955,2.59674634000431
1,continuous foamy hiss,2040.6,2040.65,2040.8,0.200000000000045,2.45137309848927
8,deep incoming rumble,2043.5,2043.5,2043.7,0.200000000000045,1.64917671215839
3,deep incoming rumble,2044.9,2044.95,2045.25,0.349999999999909,2.05263184437219
1,continuous foamy hiss,2045.6,2045.65,2045.75,0.150000000000091,1.91254912632171
4,lapping water movement,2045.75,2045.9,2045.95,0.200000000000045,1.96315996663815
2,whitewater decay,2045.85,2045.9,2046.1,0.25,1.96848427829345
1,continuous foamy hiss,2046.15,2046.3,2046.7,0.549999999999955,3.80816183442454
3,deep incoming rumble,2046.45,2046.75,2046.8,0.349999999999909,2.00580245311825
3,deep incoming rumble,2047.75,2047.85,2048.1,0.349999999999909,3.21710164837509
3,deep incoming rumble,2049.25,2049.9,2050,0.75,2.41772372804051
1,continuous foamy hiss,2051.2,2051.3,2051.35,0.150000000000091,2.22464478885388
5,deep incoming rumble,2053.3,2053.55,2053.6,0.299999999999727,2.17060729934609
8,deep incoming rumble,2054.2,2054.25,2054.55,0.350000000000364,2.45174481777406
2,whitewater decay,2055.5,2055.8,2055.85,0.349999999999909,2.11285821636999
1,continuous foamy hiss,2055.9,2055.95,2056.2,0.299999999999727,1.8637930314628
2,whitewater decay,2056.05,2056.35,2056.85,0.799999999999727,3.79554250477815
5,deep incoming rumble,2056.15,2056.15,2056.35,0.199999999999818,2.4484575797104
10,lapping water movement,2056.25,2056.3,2056.55,0.300000000000182,2.43655644762866
7,deep incoming rumble,2056.65,2056.7,2056.8,0.150000000000091,2.74414543206074
2,whitewater decay,2057.45,2057.65,2057.65,0.200000000000273,1.73536958796823
4,lapping water movement,2057.9,2057.95,2058.05,0.150000000000091,2.06027603159586
1,continuous foamy hiss,2059.55,2059.7,2059.8,0.25,2.34375743071222
4,lapping water movement,2061.15,2061.25,2061.3,0.150000000000091,1.96537627688425
7,deep incoming rumble,2065.3,2065.35,2066.7,1.39999999999964,3.50268981338903
9,deep incoming rumble,2066,2066.1,2066.15,0.150000000000091,1.9248304478423
4,lapping water movement,2067,2067.05,2067.15,0.150000000000091,2.08752933410231
10,lapping water movement,2067.65,2067.9,2068.2,0.549999999999727,1.94498771560606
2,whitewater decay,2067.75,2067.9,2068.6,0.849999999999909,2.88318923030159
9,deep incoming rumble,2068.1,2068.4,2068.8,0.700000000000273,2.25268611707753
2,whitewater decay,2068.85,2069,2069.15,0.300000000000182,3.47748995685788
1,continuous foamy hiss,2069.05,2069.15,2069.45,0.399999999999636,2.90877842407586
2,whitewater decay,2069.5,2069.75,2069.85,0.349999999999909,2.45593588029935
10,lapping water movement,2069.85,2069.9,2070.05,0.200000000000273,1.9053496982305
9,deep incoming rumble,2070.1,2070.2,2070.3,0.200000000000273,2.28546725019087
7,deep incoming rumble,2070.35,2070.4,2070.7,0.349999999999909,2.36327980310908
6,broadband crash,2070.4,2070.6,2070.75,0.349999999999909,3.08240024005864
2,whitewater decay,2070.65,2070.95,2071.15,0.5,2.036021620483
6,broadband crash,2071.15,2071.25,2071.55,0.400000000000091,2.1211950293316
2,whitewater decay,2071.6,2071.9,2071.95,0.349999999999909,2.22211916648628
9,deep incoming rumble,2072.3,2072.35,2072.75,0.449999999999818,1.97893923304154
9,deep incoming rumble,2073.6,2073.65,2074.25,0.650000000000091,2.52064391998895
2,whitewater decay,2075.2,2075.5,2075.55,0.350000000000364,1.95103234260975
3,deep incoming rumble,2079.35,2079.4,2079.7,0.349999999999909,2.01195532124472
4,lapping water movement,2080.2,2080.3,2080.35,0.150000000000091,1.95309487028518
2,whitewater decay,2080.3,2080.35,2080.5,0.199999999999818,1.99787954344659
3,deep incoming rumble,2080.3,2080.35,2080.6,0.299999999999727,2.08129534193267
1,continuous foamy hiss,2080.6,2080.75,2081.15,0.550000000000182,3.81088880944025
3,deep incoming rumble,2080.9,2081.15,2081.2,0.299999999999727,1.88546437702115
3,deep incoming rumble,2081.85,2082.25,2082.5,0.650000000000091,3.34068101999023
3,deep incoming rumble,2083.65,2084.35,2084.4,0.75,2.44632841779529
8,deep incoming rumble,2083.85,2083.95,2084,0.150000000000091,1.88055742346145
1,continuous foamy hiss,2085.65,2085.75,2085.8,0.150000000000091,2.19038370170305
5,deep incoming rumble,2087.75,2088,2088,0.25,2.129561991131
2,whitewater decay,2090.2,2090.75,2091.25,1.05000000000018,3.97258561090232
1,continuous foamy hiss,2090.35,2090.4,2090.6,0.25,1.8414639056516
5,deep incoming rumble,2090.55,2090.6,2090.8,0.25,2.55786306462739
10,lapping water movement,2090.7,2090.75,2090.95,0.25,2.48797282812153
1,continuous foamy hiss,2090.85,2090.9,2091,0.150000000000091,2.04612434523235
2,whitewater decay,2091.85,2092.05,2092.1,0.25,1.64138920878214
4,lapping water movement,2092.3,2092.4,2092.5,0.199999999999818,1.9908525009214
5,deep incoming rumble,2093.1,2093.2,2093.25,0.150000000000091,2.00388519033068
1,continuous foamy hiss,2093.95,2094.1,2094.25,0.300000000000182,2.39153677616398
4,lapping water movement,2095.6,2095.7,2095.75,0.150000000000091,1.92998473144202
7,deep incoming rumble,2099.75,2099.8,2101.15,1.40000000000009,3.61347396651748
10,lapping water movement,2102.05,2102.35,2102.65,0.599999999999909,1.89640585855586
2,whitewater decay,2102.15,2102.3,2102.7,0.549999999999727,2.83522958454299
9,deep incoming rumble,2102.55,2102.85,2103.25,0.699999999999818,2.26399941141481
2,whitewater decay,2102.9,2102.9,2103.05,0.150000000000091,1.62779624310848
2,whitewater decay,2103.3,2103.45,2103.55,0.25,3.44283382526533
1,continuous foamy hiss,2103.45,2103.55,2103.85,0.400000000000091,2.92843447736783
2,whitewater decay,2103.9,2104.2,2104.25,0.349999999999909,2.52340827088263
9,deep incoming rumble,2104.55,2104.65,2104.75,0.199999999999818,2.31079819462242
6,broadband crash,2104.85,2105.05,2105.2,0.349999999999909,3.10660140157535
2,whitewater decay,2105.05,2105.4,2105.6,0.549999999999727,2.06258177223747
6,broadband crash,2105.6,2105.7,2106,0.400000000000091,2.11564839292531
2,whitewater decay,2106,2106.35,2106.4,0.400000000000091,2.19391341194127
9,deep incoming rumble,2107.65,2108.1,2108.6,0.949999999999818,2.5909268147191
1,continuous foamy hiss,2109.45,2109.55,2109.65,0.200000000000273,2.43727001912528
3,deep incoming rumble,2113.75,2113.8,2114.15,0.400000000000091,2.07292764654392
1,continuous foamy hiss,2114.45,2114.55,2114.6,0.150000000000091,1.93079865050531
4,lapping water movement,2114.6,2114.75,2114.8,0.200000000000273,1.97925650922583
2,whitewater decay,2114.75,2114.8,2114.95,0.199999999999818,2.02474621599786
3,deep incoming rumble,2114.75,2114.8,2115,0.25,2.03194987911197
1,continuous foamy hiss,2115,2115.15,2115.55,0.550000000000182,3.73151743727104
3,deep incoming rumble,2115.35,2115.6,2115.75,0.400000000000091,1.97514992493713
3,deep incoming rumble,2116,2116.7,2116.95,0.949999999999818,3.29002825978856
3,deep incoming rumble,2118.1,2118.45,2118.85,0.75,2.38790343108621
5,deep incoming rumble,2122,2122.2,2122.2,0.199999999999818,1.55291298414292
2,whitewater decay,2124.35,2124.65,2124.7,0.349999999999909,2.11186443925855
1,continuous foamy hiss,2124.8,2124.85,2125.05,0.25,1.80922419029521
2,whitewater decay,2124.9,2125.2,2125.7,0.799999999999727,3.93598088634336
5,deep incoming rumble,2125,2125.05,2125.2,0.199999999999818,2.37353643338065
10,lapping water movement,2125.1,2125.2,2125.4,0.300000000000182,2.44060775241571
2,whitewater decay,2126.3,2126.5,2126.5,0.199999999999818,1.768194809785
4,lapping water movement,2126.75,2126.8,2126.9,0.150000000000091,2.04249828497762
1,continuous foamy hiss,2128.4,2128.55,2128.65,0.25,2.4206092259817
4,lapping water movement,2130,2130.1,2130.15,0.150000000000091,1.96636276287981
7,deep incoming rumble,2134.15,2134.25,2134.35,0.199999999999818,3.5029345335487
7,deep incoming rumble,2134.55,2135.05,2135.6,1.04999999999973,3.49489729005309
10,lapping water movement,2134.75,2134.8,2134.9,0.150000000000091,1.86625399855099
4,lapping water movement,2135.85,2135.95,2136,0.150000000000091,2.05598221767467
10,lapping water movement,2136.5,2136.75,2136.85,0.349999999999909,1.86828389033851
2,whitewater decay,2136.6,2136.75,2137.45,0.849999999999909,2.78783409963938
9,deep incoming rumble,2137,2137.3,2137.65,0.650000000000091,2.25684498824569
2,whitewater decay,2137.7,2137.85,2138,0.300000000000182,3.49237744141193
1,continuous foamy hiss,2137.9,2138,2138.3,0.400000000000091,2.96826642800732
2,whitewater decay,2138.35,2138.6,2138.7,0.349999999999909,2.46208351628725
10,lapping water movement,2138.7,2138.75,2138.9,0.200000000000273,1.92245747031782
9,deep incoming rumble,2139,2139.1,2139.15,0.150000000000091,2.30755106632803
6,broadband crash,2139.25,2139.5,2139.65,0.400000000000091,3.06231939340589
7,deep incoming rumble,2139.25,2139.25,2139.55,0.300000000000182,2.22517659416108
2,whitewater decay,2139.5,2139.85,2140.2,0.699999999999818,2.03529472007989
6,broadband crash,2140.05,2140.1,2140.45,0.399999999999636,2.09427007417725
2,whitewater decay,2140.45,2140.75,2140.85,0.400000000000091,2.14679629233338
9,deep incoming rumble,2141.15,2141.2,2141.65,0.5,1.91824762172427
9,deep incoming rumble,2142.1,2142.55,2143.1,1,2.58086048315513
1,continuous foamy hiss,2143.9,2143.95,2144.1,0.199999999999818,2.4877959463172
2,whitewater decay,2144.05,2144.35,2144.4,0.349999999999909,1.9039344536372
8,deep incoming rumble,2146.8,2146.8,2147,0.199999999999818,1.67114750693522
3,deep incoming rumble,2148.2,2148.25,2148.55,0.350000000000364,2.04169842171632
1,continuous foamy hiss,2148.9,2148.95,2149.05,0.150000000000091,1.93983406803027
4,lapping water movement,2149.05,2149.2,2149.25,0.199999999999818,1.97079640227922
2,whitewater decay,2149.15,2149.2,2149.4,0.25,1.96937150566878
3,deep incoming rumble,2149.15,2149.25,2149.45,0.299999999999727,1.92789845160629
1,continuous foamy hiss,2149.45,2149.6,2150,0.550000000000182,3.79958380528195
3,deep incoming rumble,2149.75,2150.05,2150.1,0.349999999999909,1.96409834234122
3,deep incoming rumble,2150.7,2150.8,2150.85,0.150000000000091,2.76242177251722
3,deep incoming rumble,2151.05,2151.1,2151.35,0.299999999999727,3.27514933636802
3,deep incoming rumble,2152.55,2153.2,2153.3,0.75,2.43597868145904
1,continuous foamy hiss,2154.5,2154.6,2154.65,0.150000000000091,2.21236365610306
2,whitewater decay,2159.05,2159.6,2160.15,1.09999999999991,3.81074810015128
1,continuous foamy hiss,2159.2,2159.25,2159.5,0.300000000000182,1.85244123540767
5,deep incoming rumble,2159.45,2159.45,2159.65,0.200000000000273,2.48204177367397
10,lapping water movement,2159.55,2159.6,2159.85,0.299999999999727,2.45525597194252
2,whitewater decay,2160.5,2160.95,2160.95,0.449999999999818,1.72207553695577
4,lapping water movement,2161.2,2161.25,2161.35,0.150000000000091,2.04238406680529
1,continuous foamy hiss,2162.65,2162.95,2163.1,0.449999999999818,2.36116610556109
4,lapping water movement,2164.45,2164.55,2164.6,0.150000000000091,1.95750461503592
7,deep incoming rumble,2168.6,2168.65,2170,1.40000000000009,3.5255963163964
10,lapping water movement,2170.9,2171.2,2171.5,0.599999999999909,1.94697767333317
2,whitewater decay,2171,2171.15,2171.9,0.900000000000091,2.7923441024761
9,deep incoming rumble,2171.65,2171.7,2172.1,0.449999999999818,2.25669186825045
2,whitewater decay,2172.15,2172.3,2172.45,0.299999999999727,3.47922480380752
1,continuous foamy hiss,2172.35,2172.45,2172.75,0.400000000000091,2.91953049326241
2,whitewater decay,2172.8,2173.05,2173.15,0.349999999999909,2.46844433211029
10,lapping water movement,2173.15,2173.2,2173.35,0.199999999999818,1.90688104068862
9,deep incoming rumble,2173.4,2173.5,2173.6,0.199999999999818,2.29239944661169
7,deep incoming rumble,2173.65,2173.7,2174,0.349999999999909,2.34885259524635
6,broadband crash,2173.7,2173.9,2174.05,0.350000000000364,3.08575739835696
2,whitewater decay,2173.9,2174.25,2174.45,0.549999999999727,2.0442277885878
6,broadband crash,2174.45,2174.55,2174.85,0.400000000000091,2.10716477963534
2,whitewater decay,2174.85,2175.2,2175.25,0.400000000000091,2.22700821124676
9,deep incoming rumble,2175.9,2175.9,2176.05,0.150000000000091,1.6984115056291
9,deep incoming rumble,2176.55,2176.95,2177.55,1,2.53457305145413
1,continuous foamy hiss,2178.35,2178.4,2178.5,0.150000000000091,2.4537465737414
2,whitewater decay,2178.5,2178.8,2178.85,0.349999999999909,1.94859318739421
4,lapping water movement,2183.45,2183.6,2183.65,0.200000000000273,1.96877058476467
2,whitewater decay,2183.6,2183.65,2183.8,0.200000000000273,2.00855455560501
1,continuous foamy hiss,2183.9,2184.05,2184.45,0.549999999999727,3.79006767583114
6,broadband crash,2184.15,2184.25,2184.3,0.150000000000091,1.91953222973483
3,deep incoming rumble,2184.2,2184.45,2184.5,0.300000000000182,1.93387057498672
3,deep incoming rumble,2185.15,2185.55,2185.8,0.650000000000091,3.33283913661024
3,deep incoming rumble,2186.95,2187.65,2187.7,0.75,2.42180963302651
8,deep incoming rumble,2187.15,2187.25,2187.3,0.150000000000091,1.88788506377429
1,continuous foamy hiss,2188.95,2189,2189.1,0.150000000000091,2.17284660735243
5,deep incoming rumble,2191.05,2191.3,2191.3,0.25,2.1044093530483
2,whitewater decay,2193.5,2194.05,2194.55,1.05000000000018,3.90509582491275
1,continuous foamy hiss,2193.65,2193.7,2193.9,0.25,1.82803527672013
5,deep incoming rumble,2193.85,2193.9,2194.05,0.200000000000273,2.54837895102178
10,lapping water movement,2194,2194.05,2194.25,0.25,2.48646414376795
2,whitewater decay,2195.15,2195.35,2195.4,0.25,1.68081970160858
4,lapping water movement,2195.6,2195.7,2195.75,0.150000000000091,1.98916375718536
5,deep incoming rumble,2196.4,2196.5,2196.55,0.150000000000091,2.0068032367786
1,continuous foamy hiss,2197.25,2197.4,2197.55,0.300000000000182,2.39918083604522
4,lapping water movement,2198.9,2199,2199.05,0.150000000000091,1.91872499172162
7,deep incoming rumble,2203,2203.1,2203.2,0.199999999999818,3.62228044248824
7,deep incoming rumble,2203.4,2203.9,2204.45,1.04999999999973,3.40485440085192
10,lapping water movement,2203.6,2203.65,2203.75,0.150000000000091,1.8783930567808
10,lapping water movement,2205.35,2205.65,2205.7,0.349999999999909,1.89603231395837
2,whitewater decay,2205.45,2205.6,2206.3,0.850000000000364,2.83221807510775
9,deep incoming rumble,2206.05,2206.15,2206.55,0.5,2.26186728350145
2,whitewater decay,2206.6,2206.75,2206.85,0.25,3.40227050595767
1,continuous foamy hiss,2206.75,2206.85,2207.15,0.400000000000091,2.92316339807139
2,whitewater decay,2207.2,2207.5,2207.55,0.350000000000364,2.51822481594162
10,lapping water movement,2207.6,2207.6,2207.75,0.150000000000091,1.88808611377393
9,deep incoming rumble,2207.85,2207.95,2208.05,0.200000000000273,2.31198905317253
7,deep incoming rumble,2208.1,2208.15,2208.45,0.349999999999909,2.184544981411
6,broadband crash,2208.15,2208.35,2208.5,0.349999999999909,3.10874573689815
2,whitewater decay,2208.35,2208.7,2208.9,0.550000000000182,2.04520630180139
6,broadband crash,2208.9,2209,2209.3,0.400000000000091,2.10419812471971
2,whitewater decay,2209.3,2209.65,2209.7,0.399999999999636,2.18121236543694
9,deep incoming rumble,2210.3,2210.35,2210.5,0.199999999999818,1.71488669968939
9,deep incoming rumble,2210.95,2211.05,2211.1,0.150000000000091,2.37770944411148
9,deep incoming rumble,2211.3,2211.4,2211.9,0.599999999999909,2.59998691361377
1,continuous foamy hiss,2212.75,2212.85,2212.95,0.199999999999818,2.45181373137986
2,whitewater decay,2212.9,2213.25,2213.25,0.349999999999909,1.91543953918297
3,deep incoming rumble,2217.05,2217.1,2217.45,0.399999999999636,2.07307431219104
1,continuous foamy hiss,2217.75,2217.85,2217.9,0.150000000000091,1.92380535279519
4,lapping water movement,2217.9,2218.05,2218.1,0.199999999999818,1.96791729298712
2,whitewater decay,2218.05,2218.1,2218.25,0.199999999999818,2.0203005551376
3,deep incoming rumble,2218.05,2218.1,2218.3,0.25,1.99171177692188
1,continuous foamy hiss,2218.3,2218.45,2218.85,0.549999999999727,3.74727841800257
3,deep incoming rumble,2218.65,2218.9,2219.05,0.400000000000091,1.99746215005688
3,deep incoming rumble,2219.55,2220,2220.25,0.699999999999818,3.27433006737134
3,deep incoming rumble,2221.4,2221.75,2222.15,0.75,2.3665433041995
1,continuous foamy hiss,2223.35,2223.45,2223.5,0.150000000000091,2.19954013151077
5,deep incoming rumble,2225.3,2225.7,2225.75,0.449999999999818,2.13064636884484
2,whitewater decay,2227.9,2228.5,2229,1.09999999999991,3.90024351883127
1,continuous foamy hiss,2228.1,2228.1,2228.35,0.25,1.82363595424478
5,deep incoming rumble,2228.3,2228.35,2228.5,0.199999999999818,2.33857595008129
10,lapping water movement,2228.4,2228.5,2228.7,0.299999999999727,2.43106878096106
2,whitewater decay,2229.6,2229.8,2229.8,0.200000000000273,1.74972976786522
1,continuous foamy hiss,2231.5,2231.85,2231.95,0.449999999999818,2.39388208505778
7,deep incoming rumble,2237.45,2238.35,2238.9,1.45000000000027,3.50734907855422
9,deep incoming rumble,2238.75,2238.85,2238.9,0.150000000000091,1.67013822565699
4,lapping water movement,2239.15,2239.2,2239.3,0.150000000000091,2.04666989829906
10,lapping water movement,2239.8,2240.05,2240.35,0.549999999999727,1.90387791246394
2,whitewater decay,2239.9,2240.05,2240.75,0.849999999999909,2.73385243146235
9,deep incoming rumble,2240.25,2240.6,2240.95,0.699999999999818,2.25609122354777
2,whitewater decay,2241,2241.15,2241.3,0.300000000000182,3.46820619825932
1,continuous foamy hiss,2241.2,2241.3,2241.6,0.400000000000091,2.94820356152741
2,whitewater decay,2241.65,2241.9,2242,0.349999999999909,2.44438913788079
10,lapping water movement,2242,2242.05,2242.2,0.199999999999818,1.92099981610764
6,broadband crash,2242.55,2242.8,2242.9,0.349999999999909,3.05523837132354
2,whitewater decay,2242.8,2243.15,2243.5,0.699999999999818,2.02824500194163
6,broadband crash,2243.35,2243.4,2243.75,0.400000000000091,2.11937060807316
2,whitewater decay,2243.75,2244.05,2244.15,0.400000000000091,2.17796707631232
9,deep incoming rumble,2244.45,2244.5,2244.95,0.5,1.93541108117412
9,deep incoming rumble,2245.4,2245.85,2246.4,1,2.5605080784645
1,continuous foamy hiss,2247.2,2247.25,2247.4,0.200000000000273,2.47997983425463
2,whitewater decay,2247.35,2247.65,2247.7,0.349999999999909,1.92067605491353
8,deep incoming rumble,2250.1,2250.1,2250.3,0.200000000000273,1.69371359221939
3,deep incoming rumble,2251.5,2251.55,2251.85,0.349999999999909,2.03607612343683
1,continuous foamy hiss,2252.2,2252.25,2252.35,0.150000000000091,1.94608447142039
4,lapping water movement,2252.35,2252.5,2252.5,0.150000000000091,1.97044518719613
2,whitewater decay,2252.45,2252.5,2252.65,0.200000000000273,1.96925175260103
3,deep incoming rumble,2252.45,2252.5,2252.75,0.300000000000182,1.95772206864905
1,continuous foamy hiss,2252.75,2252.9,2253.3,0.550000000000182,3.78715114468631
3,deep incoming rumble,2253.05,2253.35,2253.35,0.299999999999727,1.92218178203962
3,deep incoming rumble,2254,2254.4,2254.65,0.650000000000091,3.32244367856914
3,deep incoming rumble,2255.8,2256.5,2256.6,0.799999999999727,2.45152044125563
5,deep incoming rumble,2259.9,2260.15,2260.2,0.299999999999727,2.17792365376025
8,deep incoming rumble,2260.8,2260.85,2261.15,0.349999999999909,2.41765507712357
2,whitewater decay,2262.35,2262.9,2263.4,1.05000000000018,3.84673734309907
1,continuous foamy hiss,2262.5,2263.1,2263.15,0.650000000000091,2.04876222198202
5,deep incoming rumble,2262.7,2262.75,2262.95,0.25,2.511489833398
10,lapping water movement,2262.85,2262.9,2263.15,0.300000000000182,2.50458314155149
2,whitewater decay,2263.8,2264.25,2264.25,0.449999999999818,1.66489313152376
4,lapping water movement,2264.5,2264.55,2264.65,0.150000000000091,2.05077464521802
1,continuous foamy hiss,2266.15,2266.25,2266.4,0.25,2.34130776504478
4,lapping water movement,2267.75,2267.85,2267.9,0.150000000000091,1.95030705644248
7,deep incoming rumble,2271.9,2271.95,2273.3,1.40000000000009,3.55119917983701
9,deep incoming rumble,2272.6,2272.65,2272.75,0.150000000000091,1.91613820356971
10,lapping water movement,2274.2,2274.5,2274.55,0.350000000000364,1.93811614021781
2,whitewater decay,2274.3,2274.45,2275.2,0.899999999999636,2.81157607839737
9,deep incoming rumble,2274.95,2275,2275.4,0.450000000000273,2.25647684138312
2,whitewater decay,2275.45,2275.6,2275.75,0.300000000000182,3.46577122626513
1,continuous foamy hiss,2275.6,2275.75,2276.05,0.450000000000273,2.89317570895736
2,whitewater decay,2276.1,2276.35,2276.4,0.300000000000182,2.47650864215222
10,lapping water movement,2276.45,2276.5,2276.6,0.150000000000091,1.90969811094319
9,deep incoming rumble,2276.7,2276.8,2276.9,0.200000000000273,2.29766006360766
7,deep incoming rumble,2276.95,2277,2277.3,0.350000000000364,2.32373809647496
6,broadband crash,2277,2277.2,2277.35,0.349999999999909,3.0721656396208
2,whitewater decay,2277.25,2277.55,2277.75,0.5,2.04380827745032
6,broadband crash,2277.75,2277.85,2278.15,0.400000000000091,2.11249916272938
2,whitewater decay,2278.15,2278.5,2278.55,0.400000000000091,2.230765869216
9,deep incoming rumble,2278.9,2278.95,2279.35,0.449999999999818,1.99024639711038
9,deep incoming rumble,2280.15,2280.25,2280.75,0.599999999999909,2.55238558365394
1,continuous foamy hiss,2281.6,2281.7,2281.8,0.200000000000273,2.50009204377187
3,deep incoming rumble,2285.9,2285.95,2286.3,0.400000000000091,2.04627635060539
4,lapping water movement,2286.75,2286.9,2286.95,0.199999999999818,1.97623293190269
2,whitewater decay,2286.9,2286.95,2287.1,0.199999999999818,2.01527568607073
3,deep incoming rumble,2286.9,2286.95,2287.2,0.299999999999727,2.10088245533375
1,continuous foamy hiss,2287.15,2287.35,2287.75,0.599999999999909,3.78926040244251
6,broadband crash,2287.45,2287.55,2287.6,0.150000000000091,1.90505393625465
3,deep incoming rumble,2287.5,2287.75,2287.8,0.300000000000182,1.95086418721686
3,deep incoming rumble,2288.4,2288.55,2288.6,0.199999999999818,2.70684252602622
3,deep incoming rumble,2288.8,2288.85,2289.1,0.299999999999727,3.32112697183575
3,deep incoming rumble,2290.25,2290.6,2291,0.75,2.42104383400994
8,deep incoming rumble,2290.45,2290.55,2290.6,0.150000000000091,1.88895446087273
1,continuous foamy hiss,2292.25,2292.3,2292.4,0.150000000000091,2.1739460220161
2,whitewater decay,2296.5,2297.35,2297.85,1.34999999999991,3.95314432171126
1,continuous foamy hiss,2296.95,2297,2297.2,0.25,1.83304584100792
5,deep incoming rumble,2297.15,2297.2,2297.35,0.199999999999818,2.5204222860328
10,lapping water movement,2297.25,2297.35,2297.55,0.300000000000182,2.47315869818329
2,whitewater decay,2298.45,2298.65,2298.7,0.25,1.70832202545047
4,lapping water movement,2298.9,2298.95,2299.05,0.150000000000091,2.0068653359198
1,continuous foamy hiss,2300.55,2300.7,2300.85,0.299999999999727,2.3919937802877
7,deep incoming rumble,2306.3,2306.4,2307.75,1.44999999999982,3.60526743446131
10,lapping water movement,2306.9,2306.95,2307.05,0.150000000000091,1.88210743520836
10,lapping water movement,2308.65,2308.95,2309.25,0.599999999999909,1.883390867616
2,whitewater decay,2308.75,2308.9,2309.6,0.849999999999909,2.83212169901276
9,deep incoming rumble,2309.15,2309.45,2309.85,0.699999999999818,2.26105707357211
2,whitewater decay,2309.85,2310,2310.15,0.300000000000182,3.41990715687244
1,continuous foamy hiss,2310.05,2310.15,2310.45,0.399999999999636,2.95080944824418
2,whitewater decay,2310.5,2310.8,2310.85,0.349999999999909,2.51545253455288
10,lapping water movement,2310.9,2310.9,2311.05,0.150000000000091,1.90876545685805
9,deep incoming rumble,2311.15,2311.25,2311.35,0.199999999999818,2.31164825063984
6,broadband crash,2311.4,2311.65,2311.8,0.400000000000091,3.09130437243267
2,whitewater decay,2311.65,2312,2312.2,0.549999999999727,2.05137863196366
6,broadband crash,2312.2,2312.25,2312.6,0.400000000000091,2.10616854252752
2,whitewater decay,2312.6,2312.95,2313,0.400000000000091,2.18039003822525
9,deep incoming rumble,2313.35,2313.4,2313.8,0.450000000000273,1.92387592939942
9,deep incoming rumble,2314.25,2314.7,2315.2,0.949999999999818,2.60790033335134
1,continuous foamy hiss,2316.05,2316.15,2316.25,0.199999999999818,2.42054318505003
2,whitewater decay,2316.2,2316.55,2316.55,0.350000000000364,1.89200395366913
8,deep incoming rumble,2318.95,2318.95,2319.15,0.200000000000273,1.62450003879299
3,deep incoming rumble,2320.35,2320.4,2320.75,0.400000000000091,2.06542374403217
4,lapping water movement,2321.2,2321.35,2321.4,0.200000000000273,1.97879407614213
2,whitewater decay,2321.35,2321.4,2321.55,0.200000000000273,2.00384962899367
3,deep incoming rumble,2321.35,2321.4,2321.6,0.25,1.96128355220201
1,continuous foamy hiss,2321.6,2321.75,2322.15,0.550000000000182,3.76267749647429
3,deep incoming rumble,2321.95,2322.2,2322.35,0.400000000000091,2.03700498308212
3,deep incoming rumble,2322.85,2323.3,2323.55,0.700000000000273,3.25936855316314
3,deep incoming rumble,2324.7,2325.35,2325.45,0.75,2.3853349472544
1,continuous foamy hiss,2326.65,2326.75,2326.8,0.150000000000091,2.20283339262522
5,deep incoming rumble,2328.6,2328.75,2328.75,0.150000000000091,1.62325692615688
2,whitewater decay,2330.95,2331.8,2332.3,1.35000000000036,3.88193006475609
1,continuous foamy hiss,2331.35,2331.4,2331.65,0.300000000000182,1.86023357716197
5,deep incoming rumble,2331.6,2331.6,2331.8,0.200000000000273,2.38664593634284
10,lapping water movement,2331.7,2331.8,2332,0.300000000000182,2.41216255348562
7,deep incoming rumble,2332.1,2332.2,2332.25,0.150000000000091,2.79820241287352
2,whitewater decay,2332.9,2333.1,2333.1,0.199999999999818,1.74897765163182
4,lapping water movement,2333.35,2333.4,2333.5,0.150000000000091,2.05555998751608
1,continuous foamy hiss,2335,2335.15,2335.25,0.25,2.37868086316538
4,lapping water movement,2336.6,2336.7,2336.75,0.150000000000091,1.98179555972353
7,deep incoming rumble,2340.75,2340.8,2340.95,0.199999999999818,3.45361218944338
7,deep incoming rumble,2341.15,2341.65,2342.2,1.04999999999973,3.50429151831194
4,lapping water movement,2342.45,2342.5,2342.6,0.150000000000091,2.06666366635828
10,lapping water movement,2343.1,2343.35,2343.45,0.349999999999909,1.9241611054353
2,whitewater decay,2343.2,2343.35,2344.05,0.850000000000364,2.75658827075879
9,deep incoming rumble,2343.8,2343.9,2344.25,0.449999999999818,2.24977070657907
2,whitewater decay,2344.3,2344.45,2344.6,0.299999999999727,3.47164086821224
1,continuous foamy hiss,2344.5,2344.6,2344.9,0.400000000000091,2.93287895561706
2,whitewater decay,2344.95,2345.2,2345.3,0.350000000000364,2.4401514560822
10,lapping water movement,2345.3,2345.35,2345.5,0.199999999999818,1.91221861613845
9,deep incoming rumble,2345.55,2345.7,2345.75,0.199999999999818,2.28046513014307
7,deep incoming rumble,2345.8,2345.85,2346.15,0.349999999999909,2.33133219812751
6,broadband crash,2345.85,2346.05,2346.2,0.349999999999909,3.05871688130755
2,whitewater decay,2346.1,2346.4,2346.6,0.5,2.02547362226716
6,broadband crash,2346.65,2346.7,2347,0.349999999999909,2.11545167939189
2,whitewater decay,2347.05,2347.35,2347.4,0.349999999999909,2.21190940889192
9,deep incoming rumble,2348.7,2348.75,2348.85,0.150000000000091,2.36093556691845
9,deep incoming rumble,2349.05,2349.15,2349.7,0.649999999999636,2.53892200407123
2,whitewater decay,2350.2,2350.3,2350.35,0.150000000000091,2.08663935681975
1,continuous foamy hiss,2350.5,2350.55,2350.65,0.150000000000091,2.43733710313945
8,deep incoming rumble,2353.4,2353.4,2353.6,0.199999999999818,1.71001012602346
4,lapping water movement,2355.65,2355.8,2355.8,0.150000000000091,1.95632086989743
2,whitewater decay,2355.75,2355.8,2355.95,0.199999999999818,1.98832565636584
1,continuous foamy hiss,2356.05,2356.2,2356.6,0.549999999999727,3.80617508497352
3,deep incoming rumble,2356.35,2356.65,2356.65,0.300000000000182,1.89478712621377
3,deep incoming rumble,2357.65,2357.7,2357.95,0.299999999999727,3.33714011352034
3,deep incoming rumble,2359.1,2359.8,2359.85,0.75,2.45531496496315
1,continuous foamy hiss,2361.1,2361.2,2361.25,0.150000000000091,2.1992895643947
2,whitewater decay,2365.65,2366.2,2366.7,1.04999999999973,3.9079378057036
1,continuous foamy hiss,2365.8,2365.85,2366.05,0.25,1.84520200847005
5,deep incoming rumble,2366,2366.05,2366.25,0.25,2.53205996676378
10,lapping water movement,2366.15,2366.2,2366.4,0.25,2.47613319660754
2,whitewater decay,2367.3,2367.55,2367.55,0.25,1.63658070576213
4,lapping water movement,2367.75,2367.85,2367.95,0.199999999999818,2.03799478626684
1,continuous foamy hiss,2369.4,2369.55,2369.7,0.299999999999727,2.35703634385633
7,deep incoming rumble,2375.2,2375.25,2376.6,1.40000000000009,3.5782883400341
10,lapping water movement,2375.75,2375.8,2375.9,0.150000000000091,1.8552038085935
9,deep incoming rumble,2375.9,2375.95,2376.05,0.150000000000091,1.92735702364551
10,lapping water movement,2377.5,2377.8,2377.85,0.349999999999909,1.91452017140401
2,whitewater decay,2377.6,2377.75,2378.5,0.900000000000091,2.83194508809834
9,deep incoming rumble,2378.25,2378.3,2378.7,0.449999999999818,2.26270649235187
2,whitewater decay,2378.75,2378.9,2379.05,0.300000000000182,3.44904220451488
1,continuous foamy hiss,2378.9,2379,2379.3,0.400000000000091,2.89380668534179
2,whitewater decay,2379.4,2379.65,2379.7,0.299999999999727,2.49993601021751
10,lapping water movement,2379.75,2379.8,2379.9,0.150000000000091,1.90511954006238
9,deep incoming rumble,2380,2380.1,2380.2,0.199999999999818,2.30497304449442
7,deep incoming rumble,2380.25,2380.3,2380.6,0.349999999999909,2.29220729540525
6,broadband crash,2380.3,2380.5,2380.65,0.349999999999909,3.09264011478
2,whitewater decay,2380.5,2380.85,2381.05,0.550000000000182,2.03208596777182
6,broadband crash,2381.05,2381.15,2381.45,0.399999999999636,2.1193965061876
2,whitewater decay,2381.45,2381.8,2381.85,0.400000000000091,2.21219194426823
9,deep incoming rumble,2382.2,2382.25,2382.65,0.450000000000273,1.98481568136335
9,deep incoming rumble,2383.1,2383.55,2384.05,0.950000000000273,2.56722350117107
1,continuous foamy hiss,2384.9,2385,2385.1,0.199999999999818,2.43131029138136
2,whitewater decay,2385.05,2385.4,2385.4,0.349999999999909,1.93722937049709
3,deep incoming rumble,2389.2,2389.25,2389.6,0.400000000000091,2.06867074346136
4,lapping water movement,2390.05,2390.2,2390.25,0.199999999999818,1.9970447224785
2,whitewater decay,2390.2,2390.25,2390.4,0.200000000000273,2.01519343047393
3,deep incoming rumble,2390.2,2390.25,2390.5,0.300000000000182,2.08449250217875
1,continuous foamy hiss,2390.45,2390.65,2391.05,0.600000000000364,3.77901931967478
6,broadband crash,2390.75,2390.85,2390.9,0.150000000000091,1.9070427261244
3,deep incoming rumble,2390.8,2391.05,2391.1,0.299999999999727,1.9565110840015
3,deep incoming rumble,2391.45,2392.15,2392.4,0.950000000000273,3.30792531616088
3,deep incoming rumble,2393.55,2393.9,2394.3,0.75,2.41018737506343
1,continuous foamy hiss,2395.5,2395.6,2395.7,0.199999999999818,2.18619138963123
5,deep incoming rumble,2397.65,2397.85,2397.9,0.25,2.03685730237601
2,whitewater decay,2400.05,2400.65,2401.15,1.09999999999991,3.90274633242125
1,continuous foamy hiss,2400.25,2400.3,2400.5,0.25,1.82389460631012
5,deep incoming rumble,2400.45,2400.5,2400.65,0.200000000000273,2.47410825637369
10,lapping water movement,2400.55,2400.65,2400.85,0.299999999999727,2.46769068260204
2,whitewater decay,2401.75,2401.95,2402,0.25,1.71506733226672
4,lapping water movement,2402.2,2402.25,2402.35,0.150000000000091,2.02066101311417
1,continuous foamy hiss,2403.65,2404,2404.1,0.449999999999818,2.43143216163332
4,lapping water movement,2405.45,2405.55,2405.6,0.150000000000091,1.91358337429406
7,deep incoming rumble,2409.6,2409.7,2411.05,1.45000000000027,3.56954511183021
10,lapping water movement,2410.2,2410.25,2410.35,0.150000000000091,1.87730925757566
10,lapping water movement,2411.95,2412.25,2412.55,0.600000000000364,1.86232969866269
2,whitewater decay,2412.05,2412.2,2412.9,0.849999999999909,2.86835931998023
9,deep incoming rumble,2412.65,2412.75,2413.15,0.5,2.26017452796504
2,whitewater decay,2413.15,2413.3,2413.45,0.299999999999727,3.44284762902726
1,continuous foamy hiss,2413.35,2413.45,2413.75,0.400000000000091,2.96690455614861
2,whitewater decay,2413.8,2414.1,2414.15,0.349999999999909,2.4850995685605
10,lapping water movement,2414.2,2414.2,2414.35,0.150000000000091,1.91666045890003
9,deep incoming rumble,2414.45,2414.55,2414.65,0.200000000000273,2.3108894258359
6,broadband crash,2414.7,2414.95,2415.1,0.400000000000091,3.07411351130962
7,deep incoming rumble,2414.7,2414.7,2415,0.300000000000182,2.11930407316955
2,whitewater decay,2414.95,2415.3,2415.45,0.5,2.03941966229816
6,broadband crash,2415.5,2415.55,2415.9,0.400000000000091,2.10274623296849
2,whitewater decay,2415.9,2416.25,2416.3,0.400000000000091,2.16710105628405
9,deep incoming rumble,2416.9,2416.95,2417.1,0.199999999999818,1.6974165756932
9,deep incoming rumble,2417.9,2418,2418.2,0.299999999999727,2.60464615079577
9,deep incoming rumble,2418.4,2418.4,2418.55,0.150000000000091,1.62138810298682
1,continuous foamy hiss,2419.35,2419.4,2419.55,0.200000000000273,2.44453311964996
8,deep incoming rumble,2422.25,2422.25,2422.45,0.199999999999818,1.63943073827654
3,deep incoming rumble,2423.65,2423.7,2424,0.349999999999909,2.05627740532341
1,continuous foamy hiss,2424.35,2424.4,2424.5,0.150000000000091,1.92806222586744
4,lapping water movement,2424.5,2424.65,2424.7,0.199999999999818,1.96672685586181
2,whitewater decay,2424.65,2424.7,2424.85,0.199999999999818,1.98303067064498
1,continuous foamy hiss,2424.9,2425.05,2425.45,0.549999999999727,3.79605565104921
3,deep incoming rumble,2425.25,2425.5,2425.55,0.300000000000182,2.03824921358796
3,deep incoming rumble,2426.15,2426.6,2426.85,0.699999999999818,3.23386773051994
3,deep incoming rumble,2428,2428.65,2428.75,0.75,2.40508082353749
1,continuous foamy hiss,2429.95,2430.05,2430.1,0.150000000000091,2.21390744298351
5,deep incoming rumble,2431.9,2432.3,2432.35,0.449999999999818,2.16649033520613
8,deep incoming rumble,2432.95,2433,2433.3,0.350000000000364,2.4624928736679
2,whitewater decay,2434.25,2434.55,2434.6,0.349999999999909,2.12563166887004
1,continuous foamy hiss,2434.65,2434.7,2434.95,0.299999999999727,1.8475564886762
2,whitewater decay,2434.8,2435.1,2435.6,0.799999999999727,3.80087598329055
5,deep incoming rumble,2434.9,2434.9,2435.1,0.199999999999818,2.43167397980725
10,lapping water movement,2435,2435.05,2435.3,0.300000000000182,2.44181452558075
7,deep incoming rumble,2435.4,2435.5,2435.55,0.150000000000091,2.7551010290206
2,whitewater decay,2436.2,2436.4,2436.4,0.200000000000273,1.76033464897715
4,lapping water movement,2436.65,2436.7,2436.8,0.150000000000091,2.06980190496415
1,continuous foamy hiss,2438.3,2438.4,2438.55,0.25,2.37165690442354
4,lapping water movement,2439.9,2440,2440.05,0.150000000000091,1.96068869425726
7,deep incoming rumble,2444.05,2444.1,2445.45,1.39999999999964,3.49396648272729
9,deep incoming rumble,2444.75,2444.85,2444.9,0.150000000000091,1.93155578873162
4,lapping water movement,2445.75,2445.8,2445.9,0.150000000000091,2.09374553946265
10,lapping water movement,2446.4,2446.65,2446.95,0.549999999999727,1.93835369904648
2,whitewater decay,2446.5,2446.6,2447.35,0.849999999999909,2.77337942790231
9,deep incoming rumble,2446.85,2447.15,2447.55,0.700000000000273,2.24649524154731
2,whitewater decay,2447.6,2447.75,2447.9,0.300000000000182,3.49207460445519
1,continuous foamy hiss,2447.8,2447.9,2448.2,0.399999999999636,2.93615783864868
2,whitewater decay,2448.25,2448.5,2448.6,0.349999999999909,2.42987347758548
10,lapping water movement,2448.6,2448.65,2448.8,0.200000000000273,1.91268474207075
9,deep incoming rumble,2448.85,2448.95,2449.05,0.200000000000273,2.28324575185838
6,broadband crash,2449.15,2449.35,2449.5,0.349999999999909,3.06274361835052
2,whitewater decay,2449.4,2449.7,2450.1,0.699999999999818,2.026831003691
6,broadband crash,2449.95,2450,2450.3,0.350000000000364,2.12257864945086
2,whitewater decay,2450.3,2450.65,2450.7,0.399999999999636,2.19364085686025
9,deep incoming rumble,2451.05,2451.1,2451.5,0.449999999999818,1.97606606249317
9,deep incoming rumble,2452,2452.4,2453,1,2.51378222038343
2,whitewater decay,2453.95,2454.25,2454.3,0.350000000000364,1.94611151117241
8,deep incoming rumble,2456.7,2456.7,2456.9,0.200000000000273,1.71824440943671
3,deep incoming rumble,2458.1,2458.15,2458.45,0.349999999999909,2.01783884316008
4,lapping water movement,2458.95,2459.05,2459.1,0.150000000000091,1.93606089630591
2,whitewater decay,2459.05,2459.1,2459.25,0.199999999999818,2.00033057725647
3,deep incoming rumble,2459.05,2459.1,2459.35,0.299999999999727,2.05692982573111
1,continuous foamy hiss,2459.35,2459.5,2459.9,0.550000000000182,3.79600165181334
3,deep incoming rumble,2459.65,2459.95,2459.95,0.299999999999727,1.88228946333528
3,deep incoming rumble,2460.6,2461,2461.25,0.650000000000091,3.34056977379205
3,deep incoming rumble,2462.4,2463.1,2463.15,0.75,2.45218175305955
8,deep incoming rumble,2462.6,2462.7,2462.75,0.150000000000091,1.87272283045798
1,continuous foamy hiss,2464.4,2464.5,2464.55,0.150000000000091,2.19175927807291
5,deep incoming rumble,2466.5,2466.75,2466.75,0.25,2.1465410667555
2,whitewater decay,2468.95,2469.5,2470,1.05000000000018,3.90006437626683
1,continuous foamy hiss,2469.1,2469.15,2469.35,0.25,1.84873583340479
5,deep incoming rumble,2469.3,2469.35,2469.55,0.25,2.55473594245013
10,lapping water movement,2469.45,2469.5,2469.7,0.25,2.48365335161066
1,continuous foamy hiss,2469.6,2469.65,2469.75,0.150000000000091,2.03913654955179
2,whitewater decay,2470.35,2470.8,2470.85,0.5,1.63911801779426
4,lapping water movement,2471.05,2471.15,2471.25,0.199999999999818,2.00662228302231
1,continuous foamy hiss,2472.7,2472.85,2473,0.300000000000182,2.37020876548902
4,lapping water movement,2474.35,2474.45,2474.5,0.150000000000091,1.9308385186239
7,deep incoming rumble,2478.5,2478.55,2479.9,1.40000000000009,3.60170383879318
9,deep incoming rumble,2479.2,2479.25,2479.35,0.150000000000091,1.93631103830841
10,lapping water movement,2480.8,2481.1,2481.4,0.599999999999909,1.92051525348783
2,whitewater decay,2480.9,2481.05,2481.8,0.900000000000091,2.82000084263717
9,deep incoming rumble,2481.3,2481.6,2482,0.699999999999818,2.26152143974591
2,whitewater decay,2482.05,2482.2,2482.35,0.299999999999727,3.43869340744338
1,continuous foamy hiss,2482.2,2482.3,2482.6,0.400000000000091,2.88885503259036
2,whitewater decay,2482.65,2482.95,2483,0.349999999999909,2.51077782089474
9,deep incoming rumble,2483.3,2483.4,2483.5,0.199999999999818,2.31100959249018
6,broadband crash,2483.6,2483.8,2483.95,0.349999999999909,3.09260228066326
2,whitewater decay,2483.8,2484.15,2484.35,0.549999999999727,2.02993481372432
6,broadband crash,2484.35,2484.45,2484.75,0.400000000000091,2.11825713766575
2,whitewater decay,2484.75,2485.1,2485.15,0.400000000000091,2.1856591708789
9,deep incoming rumble,2486.4,2486.85,2487.35,0.949999999999818,2.58516732686278
1,continuous foamy hiss,2488.2,2488.3,2488.4,0.200000000000273,2.42969627747159
3,deep incoming rumble,2492.5,2492.55,2492.9,0.400000000000091,2.0793011173494
1,continuous foamy hiss,2493.2,2493.3,2493.35,0.150000000000091,1.91729393969569
4,lapping water movement,2493.35,2493.5,2493.55,0.200000000000273,1.96869141278201
2,whitewater decay,2493.5,2493.55,2493.7,0.199999999999818,2.0279312239592
3,deep incoming rumble,2493.5,2493.55,2493.8,0.300000000000182,2.05474068359096
1,continuous foamy hiss,2493.75,2493.95,2494.35,0.599999999999909,3.77101135220322
3,deep incoming rumble,2494.1,2494.35,2494.4,0.300000000000182,1.96282574330882
3,deep incoming rumble,2494.75,2495.15,2495.2,0.449999999999818,2.66488351693736
3,deep incoming rumble,2495.4,2495.45,2495.7,0.299999999999727,3.29314261006707
3,deep incoming rumble,2496.85,2497.2,2497.6,0.75,2.40865573942939
5,deep incoming rumble,2500.75,2500.95,2500.95,0.199999999999818,1.56747776406658
2,whitewater decay,2503.1,2503.4,2503.45,0.349999999999909,2.10768252681944
1,continuous foamy hiss,2503.55,2503.6,2503.8,0.25,1.81571598403566
2,whitewater decay,2503.65,2503.95,2504.45,0.799999999999727,3.91189708662415
5,deep incoming rumble,2503.75,2503.8,2503.95,0.199999999999818,2.41129736632038
10,lapping water movement,2503.85,2503.95,2504.15,0.300000000000182,2.45614993901748
2,whitewater decay,2505.05,2505.25,2505.3,0.25,1.74821558235872
4,lapping water movement,2505.5,2505.55,2505.65,0.150000000000091,2.02959698512092
1,continuous foamy hiss,2507.15,2507.3,2507.4,0.25,2.39713529875614
4,lapping water movement,2508.75,2508.85,2508.9,0.150000000000091,1.95354285100168
7,deep incoming rumble,2512.9,2513,2513.1,0.199999999999818,3.53038362024163
7,deep incoming rumble,2513.3,2513.8,2514.35,1.04999999999973,3.48582838681099
10,lapping water movement,2513.5,2513.55,2513.65,0.150000000000091,1.87048864447507
10,lapping water movement,2515.25,2515.55,2515.6,0.349999999999909,1.86029463295144
2,whitewater decay,2515.35,2515.5,2516.2,0.849999999999909,2.81506920542731
9,deep incoming rumble,2515.75,2516.05,2516.4,0.650000000000091,2.25703644300176
2,whitewater decay,2516.45,2516.6,2516.75,0.300000000000182,3.44163529447637
1,continuous foamy hiss,2516.65,2516.75,2517.05,0.400000000000091,2.93967414696336
2,whitewater decay,2517.1,2517.35,2517.45,0.349999999999909,2.44026154042952
10,lapping water movement,2517.45,2517.5,2517.65,0.200000000000273,1.91579732608879
9,deep incoming rumble,2517.75,2517.85,2517.95,0.199999999999818,2.30274688777778
6,broadband crash,2518,2518.25,2518.4,0.400000000000091,3.06682590260329
7,deep incoming rumble,2518,2518,2518.3,0.300000000000182,2.19255943818912
2,whitewater decay,2518.25,2518.6,2518.75,0.5,2.03836478984747
6,broadband crash,2518.8,2518.85,2519.2,0.399999999999636,2.10253127208876
2,whitewater decay,2519.2,2519.55,2519.6,0.400000000000091,2.18429359090655
9,deep incoming rumble,2519.95,2519.95,2520.4,0.450000000000273,1.90085805094741
9,deep incoming rumble,2520.85,2521.3,2521.85,1,2.59169002423453
1,continuous foamy hiss,2522.65,2522.7,2522.85,0.199999999999818,2.46277696885622
2,whitewater decay,2522.8,2523.1,2523.15,0.349999999999909,1.89359351771027
8,deep incoming rumble,2525.55,2525.55,2525.75,0.199999999999818,1.65855475226778
3,deep incoming rumble,2526.95,2527,2527.3,0.350000000000364,2.0474470061579
1,continuous foamy hiss,2527.65,2527.7,2527.8,0.150000000000091,1.92906267160003
4,lapping water movement,2527.8,2527.95,2528,0.199999999999818,1.96396799449444
2,whitewater decay,2527.9,2527.95,2528.15,0.25,1.97298985585233
3,deep incoming rumble,2527.9,2528,2528.2,0.299999999999727,1.92846784873635
1,continuous foamy hiss,2528.2,2528.35,2528.75,0.550000000000182,3.80173398626379
3,deep incoming rumble,2528.5,2528.8,2528.85,0.349999999999909,1.97901069904063
3,deep incoming rumble,2529.45,2529.55,2529.6,0.150000000000091,2.76196196901674
3,deep incoming rumble,2529.8,2529.85,2530.15,0.349999999999909,3.24175448172966
3,deep incoming rumble,2531.3,2531.95,2532.05,0.75,2.42586694729957
1,continuous foamy hiss,2533.25,2533.35,2533.4,0.150000000000091,2.20973257068585
2,whitewater decay,2537.8,2538.4,2538.9,1.09999999999991,3.80827167983023
1,continuous foamy hiss,2537.95,2538,2538.25,0.300000000000182,1.8501827043441
5,deep incoming rumble,2538.2,2538.2,2538.4,0.200000000000273,2.46074477264638
10,lapping water movement,2538.3,2538.35,2538.6,0.299999999999727,2.44351500251179
7,deep incoming rumble,2538.7,2538.75,2538.85,0.150000000000091,2.76044881935761
2,whitewater decay,2539.5,2539.7,2539.7,0.199999999999818,1.72812705343141
4,lapping water movement,2539.95,2540,2540.1,0.150000000000091,2.05124052989531
1,continuous foamy hiss,2541.4,2541.7,2541.85,0.449999999999818,2.37723624855133
4,lapping water movement,2543.2,2543.3,2543.35,0.150000000000091,1.95225434996639
7,deep incoming rumble,2547.35,2547.4,2548.75,1.40000000000009,3.5114936660407
10,lapping water movement,2549.7,2549.95,2550.25,0.550000000000182,1.94024899523973
2,whitewater decay,2549.8,2549.9,2550.65,0.849999999999909,2.75234555416901
9,deep incoming rumble,2550.4,2550.45,2550.85,0.449999999999818,2.251651785051
2,whitewater decay,2550.9,2551.05,2551.2,0.299999999999727,3.48377257562804
1,continuous foamy hiss,2551.1,2551.2,2551.5,0.400000000000091,2.93428363910558
2,whitewater decay,2551.55,2551.8,2551.9,0.349999999999909,2.47711764146234
10,lapping water movement,2551.9,2551.95,2552.1,0.199999999999818,1.91206656874844
9,deep incoming rumble,2552.15,2552.25,2552.35,0.199999999999818,2.29921073436737
7,deep incoming rumble,2552.4,2552.45,2552.75,0.349999999999909,2.35994349609332
6,broadband crash,2552.45,2552.65,2552.8,0.350000000000364,3.0691077850446
2,whitewater decay,2552.7,2553,2553.2,0.5,2.03566844673152
6,broadband crash,2553.2,2553.3,2553.6,0.400000000000091,2.12497021815096
2,whitewater decay,2553.65,2553.95,2554,0.349999999999909,2.2297840999884
9,deep incoming rumble,2554.65,2554.65,2554.8,0.150000000000091,1.68986456401212
9,deep incoming rumble,2555.65,2555.7,2556.3,0.650000000000091,2.52881360128754
1,continuous foamy hiss,2557.1,2557.15,2557.25,0.150000000000091,2.47919280152561
2,whitewater decay,2557.25,2557.55,2557.6,0.349999999999909,1.958927849647
4,lapping water movement,2562.25,2562.35,2562.4,0.150000000000091,1.96182708503634
2,whitewater decay,2562.35,2562.4,2562.55,0.200000000000273,2.00765664627262
1,continuous foamy hiss,2562.65,2562.8,2563.2,0.549999999999727,3.79909114780443
3,deep incoming rumble,2562.95,2563.2,2563.25,0.300000000000182,1.92019814505893
3,deep incoming rumble,2563.9,2564.3,2564.55,0.650000000000091,3.33471262491591
3,deep incoming rumble,2565.7,2566.4,2566.45,0.75,2.43617991531571
8,deep incoming rumble,2565.9,2566,2566.05,0.150000000000091,1.8851631226952
1,continuous foamy hiss,2567.7,2567.75,2567.85,0.150000000000091,2.17085533343993
5,deep incoming rumble,2569.8,2570.05,2570.05,0.25,2.11875049767108
2,whitewater decay,2572.25,2572.8,2573.3,1.05000000000018,3.95375115298576
1,continuous foamy hiss,2572.4,2572.45,2572.65,0.25,1.8416900994368
5,deep incoming rumble,2572.6,2572.65,2572.85,0.25,2.55692560244002
10,lapping water movement,2572.75,2572.8,2573,0.25,2.48374227494617
2,whitewater decay,2573.9,2574.1,2574.15,0.25,1.63615235326203
4,lapping water movement,2574.35,2574.45,2574.55,0.200000000000273,2.00809685520778
5,deep incoming rumble,2575.15,2575.25,2575.3,0.150000000000091,2.006228532089
1,continuous foamy hiss,2576,2576.15,2576.3,0.300000000000182,2.39396769059177
4,lapping water movement,2577.65,2577.75,2577.8,0.150000000000091,1.92083212131444
7,deep incoming rumble,2582.15,2582.65,2583.2,1.04999999999973,3.39113170217569
10,lapping water movement,2582.35,2582.4,2582.5,0.150000000000091,1.87394327481343
10,lapping water movement,2584.1,2584.4,2584.45,0.349999999999909,1.90282322349381
2,whitewater decay,2584.2,2584.35,2585.1,0.900000000000091,2.87266181892832
9,deep incoming rumble,2584.8,2584.9,2585.3,0.5,2.26126420242781
2,whitewater decay,2585.35,2585.5,2585.6,0.25,3.41351330592661
1,continuous foamy hiss,2585.5,2585.6,2585.9,0.400000000000091,2.93176311577999
2,whitewater decay,2585.95,2586.25,2586.3,0.350000000000364,2.51566047144055
10,lapping water movement,2586.35,2586.4,2586.5,0.150000000000091,1.89653338732882
9,deep incoming rumble,2586.6,2586.7,2586.8,0.200000000000273,2.31521624602594
7,deep incoming rumble,2586.85,2586.9,2587.2,0.349999999999909,2.20668487429471
6,broadband crash,2586.9,2587.1,2587.25,0.349999999999909,3.0961295672977
2,whitewater decay,2587.1,2587.45,2587.65,0.550000000000182,2.04744807080201
6,broadband crash,2587.65,2587.75,2588.05,0.400000000000091,2.08424722902758
2,whitewater decay,2588.05,2588.4,2588.45,0.399999999999636,2.19336120741394
9,deep incoming rumble,2588.8,2588.85,2589.25,0.449999999999818,1.95440824786973
9,deep incoming rumble,2589.7,2589.8,2589.85,0.150000000000091,2.38558073672168
9,deep incoming rumble,2590.05,2590.15,2590.65,0.599999999999909,2.59924895815626
1,continuous foamy hiss,2591.5,2591.6,2591.7,0.199999999999818,2.42660259766299
2,whitewater decay,2591.65,2592,2592,0.349999999999909,1.91654030991479
3,deep incoming rumble,2595.8,2595.85,2596.2,0.399999999999636,2.07481026104652
1,continuous foamy hiss,2596.5,2596.6,2596.65,0.150000000000091,1.92585364628054
4,lapping water movement,2596.65,2596.8,2596.85,0.199999999999818,1.99957697471669
2,whitewater decay,2596.8,2596.85,2597,0.199999999999818,2.0141864264105
3,deep incoming rumble,2596.8,2596.85,2597.1,0.299999999999727,2.02014053660848
1,continuous foamy hiss,2597.05,2597.2,2597.6,0.549999999999727,3.73814870105967
3,deep incoming rumble,2597.4,2597.65,2597.8,0.400000000000091,1.98721398240227
3,deep incoming rumble,2598.3,2598.75,2599,0.699999999999818,3.28397754454622
3,deep incoming rumble,2600.15,2600.5,2600.9,0.75,2.3859184429825
1,continuous foamy hiss,2602.1,2602.2,2602.25,0.150000000000091,2.20014104573568
5,deep incoming rumble,2604.05,2604.45,2604.5,0.449999999999818,2.11380171166596
2,whitewater decay,2606.65,2607.25,2607.75,1.09999999999991,3.99576422840172
1,continuous foamy hiss,2606.85,2606.9,2607.1,0.25,1.79732825069593
5,deep incoming rumble,2607.05,2607.1,2607.25,0.199999999999818,2.34794628412274
10,lapping water movement,2607.15,2607.25,2607.45,0.299999999999727,2.44789626776874
2,whitewater decay,2608.35,2608.55,2608.55,0.200000000000273,1.75774726009188
1,continuous foamy hiss,2610.45,2610.6,2610.7,0.25,2.3919260532558
7,deep incoming rumble,2616.2,2617.1,2617.65,1.45000000000027,3.49453322100506
4,lapping water movement,2617.9,2618,2618.05,0.150000000000091,2.03636817820791
10,lapping water movement,2618.55,2618.8,2619.15,0.599999999999909,1.8927778377646
2,whitewater decay,2618.65,2618.8,2619.5,0.849999999999909,2.76584840230054
9,deep incoming rumble,2619,2619.35,2619.7,0.699999999999818,2.25363219514356
2,whitewater decay,2619.75,2619.9,2620.05,0.300000000000182,3.45205881709931
1,continuous foamy hiss,2619.95,2620.05,2620.35,0.400000000000091,2.9553502248597
2,whitewater decay,2620.4,2620.65,2620.75,0.349999999999909,2.4458619103013
10,lapping water movement,2620.75,2620.8,2620.95,0.199999999999818,1.91767550873562
6,broadband crash,2621.3,2621.55,2621.7,0.399999999999636,3.08155019755648
2,whitewater decay,2621.55,2621.9,2622.25,0.699999999999818,2.03758378898536
6,broadband crash,2622.1,2622.15,2622.5,0.400000000000091,2.10113143140432
2,whitewater decay,2622.5,2622.8,2622.9,0.400000000000091,2.15553886469439
9,deep incoming rumble,2623.2,2623.25,2623.7,0.5,1.92488811406746
9,deep incoming rumble,2624.15,2624.6,2625.15,1,2.57006790008912
4,lapping water movement,2624.65,2624.65,2624.85,0.199999999999818,1.69299461772376
1,continuous foamy hiss,2625.95,2626,2626.15,0.200000000000273,2.44109396754491
2,whitewater decay,2626.1,2626.4,2626.45,0.349999999999909,1.90994625297465
8,deep incoming rumble,2628.85,2628.85,2629.05,0.200000000000273,1.68253833215644
3,deep incoming rumble,2630.25,2630.3,2630.6,0.349999999999909,2.03935558938449
1,continuous foamy hiss,2630.95,2631,2631.1,0.150000000000091,1.91706373590238
4,lapping water movement,2631.1,2631.25,2631.25,0.150000000000091,1.95850990770652
2,whitewater decay,2631.2,2631.25,2631.4,0.200000000000273,1.97956953340281
3,deep incoming rumble,2631.2,2631.25,2631.5,0.300000000000182,1.92522480387261
1,continuous foamy hiss,2631.5,2631.65,2632.05,0.550000000000182,3.79186861106091
3,deep incoming rumble,2631.8,2632.1,2632.15,0.349999999999909,1.93933543366516
3,deep incoming rumble,2632.75,2633.15,2633.4,0.650000000000091,3.29788974878797
3,deep incoming rumble,2634.6,2635.25,2635.35,0.75,2.44342186147842
5,deep incoming rumble,2638.65,2638.9,2638.95,0.299999999999727,2.17932729376335
8,deep incoming rumble,2639.55,2639.6,2639.9,0.349999999999909,2.42652644821132
2,whitewater decay,2640.85,2641.15,2641.2,0.349999999999909,2.11572341737732
1,continuous foamy hiss,2641.25,2641.85,2641.9,0.650000000000091,2.08405806101033
2,whitewater decay,2641.4,2641.65,2642.2,0.799999999999727,3.82433872411648
5,deep incoming rumble,2641.5,2641.5,2641.7,0.199999999999818,2.49543446072392
10,lapping water movement,2641.6,2641.65,2641.9,0.300000000000182,2.46030791188381
2,whitewater decay,2642.55,2643,2643,0.449999999999818,1.70660705324843
4,lapping water movement,2643.25,2643.3,2643.4,0.150000000000091,2.0520111697644
1,continuous foamy hiss,2644.9,2645,2645.15,0.25,2.36502450761802
4,lapping water movement,2646.5,2646.6,2646.65,0.150000000000091,1.95012649032054
7,deep incoming rumble,2650.65,2650.7,2652.05,1.40000000000009,3.53690798122887
9,deep incoming rumble,2651.35,2651.45,2651.5,0.150000000000091,1.91258125722587
10,lapping water movement,2652.95,2653.25,2653.55,0.600000000000364,1.93506910405318
2,whitewater decay,2653.05,2653.2,2653.95,0.899999999999636,2.8105121367807
9,deep incoming rumble,2653.7,2653.75,2654.15,0.450000000000273,2.25520497748827
2,whitewater decay,2654.2,2654.35,2654.5,0.300000000000182,3.59631567768941
1,continuous foamy hiss,2654.4,2654.5,2654.8,0.400000000000091,2.88559538294082
2,whitewater decay,2654.85,2655.1,2655.15,0.300000000000182,2.47007699675262
10,lapping water movement,2655.2,2655.25,2655.35,0.150000000000091,1.90473143687262
9,deep incoming rumble,2655.45,2655.55,2655.65,0.200000000000273,2.29338208547817
7,deep incoming rumble,2655.7,2655.75,2656.05,0.350000000000364,2.34203284184231
6,broadband crash,2655.75,2655.95,2656.1,0.349999999999909,3.10186689268509
2,whitewater decay,2655.95,2656.3,2656.5,0.550000000000182,2.04336566990819
6,broadband crash,2656.5,2656.6,2656.9,0.400000000000091,2.12909977083911
2,whitewater decay,2656.9,2657.25,2657.3,0.400000000000091,2.22416220502886
9,deep incoming rumble,2657.65,2657.7,2658.1,0.449999999999818,1.98912342255597
9,deep incoming rumble,2658.9,2659,2659.5,0.599999999999909,2.54301752745082
1,continuous foamy hiss,2660.35,2660.45,2660.55,0.200000000000273,2.46262817368011
3,deep incoming rumble,2664.65,2664.7,2665.05,0.400000000000091,2.03202200208844
4,lapping water movement,2665.5,2665.65,2665.7,0.199999999999818,1.97084551462322
2,whitewater decay,2665.65,2665.7,2665.85,0.199999999999818,2.01263523946634
3,deep incoming rumble,2665.65,2665.7,2665.95,0.299999999999727,2.09646413235749
1,continuous foamy hiss,2665.95,2666.1,2666.5,0.550000000000182,3.80264744241229
3,deep incoming rumble,2666.25,2666.5,2666.55,0.300000000000182,1.93811126624494
3,deep incoming rumble,2667.2,2667.3,2667.35,0.150000000000091,2.71806624864318
3,deep incoming rumble,2667.55,2667.6,2667.85,0.299999999999727,3.32927664103844
3,deep incoming rumble,2669,2669.35,2669.75,0.75,2.41777190659396
8,deep incoming rumble,2669.2,2669.3,2669.35,0.150000000000091,1.89050270039405
1,continuous foamy hiss,2671,2671.05,2671.15,0.150000000000091,2.17665389876188
2,whitewater decay,2675.25,2676.1,2676.6,1.34999999999991,3.91905099002391
1,continuous foamy hiss,2675.7,2675.75,2675.95,0.25,1.82823905054008
5,deep incoming rumble,2675.9,2675.95,2676.1,0.199999999999818,2.53863610731739
10,lapping water movement,2676,2676.1,2676.3,0.300000000000182,2.47441272741736
2,whitewater decay,2676.95,2677.4,2677.45,0.5,1.67925355606506
4,lapping water movement,2677.65,2677.7,2677.8,0.150000000000091,1.99598236678713
1,continuous foamy hiss,2679.3,2679.45,2679.6,0.299999999999727,2.40409344862873
4,lapping water movement,2680.95,2681.05,2681.1,0.150000000000091,1.92337768525576
7,deep incoming rumble,2685.05,2685.15,2686.5,1.44999999999982,3.61838490934415
10,lapping water movement,2685.65,2685.7,2685.8,0.150000000000091,1.87778020137039
10,lapping water movement,2687.4,2687.7,2688,0.599999999999909,1.87667750746541
2,whitewater decay,2687.5,2688.75,2688.9,1.40000000000009,3.40217021733271
9,deep incoming rumble,2687.9,2688.2,2688.6,0.699999999999818,2.26065352257561
1,continuous foamy hiss,2688.8,2688.9,2689.2,0.399999999999636,2.94503191890297
2,whitewater decay,2689.25,2689.55,2689.6,0.349999999999909,2.5130494489336
10,lapping water movement,2689.65,2689.65,2689.8,0.150000000000091,1.90018889246308
9,deep incoming rumble,2689.9,2690,2690.1,0.199999999999818,2.30913795559505
6,broadband crash,2690.15,2690.4,2690.55,0.400000000000091,3.07850664954282
2,whitewater decay,2690.4,2690.75,2691.1,0.699999999999818,2.03521067004066
6,broadband crash,2690.95,2691.05,2691.35,0.400000000000091,2.09632391202229
2,whitewater decay,2691.35,2691.7,2691.75,0.400000000000091,2.1861290142131
9,deep incoming rumble,2692.1,2692.15,2692.55,0.450000000000273,1.937649522398
9,deep incoming rumble,2693,2693.45,2693.95,0.949999999999818,2.60484117909029
1,continuous foamy hiss,2694.8,2694.9,2695,0.199999999999818,2.44665818769451
2,whitewater decay,2694.95,2695.3,2695.3,0.350000000000364,1.89924791706205
3,deep incoming rumble,2699.1,2699.15,2699.5,0.400000000000091,2.06861044908049
4,lapping water movement,2699.95,2700.1,2700.15,0.200000000000273,2.02438504803442
2,whitewater decay,2700.1,2700.15,2700.3,0.200000000000273,2.00284282195564
3,deep incoming rumble,2700.1,2700.15,2700.35,0.25,1.99180020894778
1,continuous foamy hiss,2700.35,2700.5,2700.9,0.550000000000182,3.77020529566914
3,deep incoming rumble,2700.7,2700.95,2701.1,0.400000000000091,2.02070083067499
3,deep incoming rumble,2701.6,2702.05,2702.3,0.700000000000273,3.27145579191364
3,deep incoming rumble,2703.45,2704.1,2704.2,0.75,2.37013864522036
1,continuous foamy hiss,2705.4,2705.5,2705.55,0.150000000000091,2.22412065042973
5,deep incoming rumble,2707.35,2707.75,2707.8,0.450000000000273,2.14186172787482
2,whitewater decay,2709.7,2710.55,2711.05,1.35000000000036,3.87290867607277
1,continuous foamy hiss,2710.15,2710.15,2710.4,0.25,1.82329937666465
5,deep incoming rumble,2710.35,2710.35,2710.55,0.200000000000273,2.35660220727453
10,lapping water movement,2710.45,2710.55,2710.75,0.300000000000182,2.41754442836733
7,deep incoming rumble,2710.85,2710.95,2711,0.150000000000091,2.81654337358855
2,whitewater decay,2711.65,2711.85,2711.85,0.199999999999818,1.75590365204955
4,lapping water movement,2712.1,2712.15,2712.25,0.150000000000091,2.0558735479063
1,continuous foamy hiss,2713.55,2713.9,2714,0.449999999999818,2.40308503180003
4,lapping water movement,2715.35,2715.45,2715.5,0.150000000000091,1.96984756735072
7,deep incoming rumble,2719.5,2719.55,2719.7,0.199999999999818,3.4360052179846
7,deep incoming rumble,2719.9,2720.4,2720.95,1.04999999999973,3.50757013406515
4,lapping water movement,2721.2,2721.25,2721.35,0.150000000000091,2.0526672110461
10,lapping water movement,2721.85,2722.1,2722.2,0.349999999999909,1.91415501573071
2,whitewater decay,2721.95,2722.1,2722.8,0.850000000000364,2.7818541448905
9,deep incoming rumble,2722.55,2722.65,2723,0.449999999999818,2.2531285874724
2,whitewater decay,2723.05,2723.2,2723.35,0.299999999999727,3.49512348585042
1,continuous foamy hiss,2723.25,2723.35,2723.65,0.400000000000091,2.96643232315313
2,whitewater decay,2723.7,2723.95,2724.05,0.350000000000364,2.46095658453533
10,lapping water movement,2724.05,2724.1,2724.25,0.199999999999818,1.92194703953869
9,deep incoming rumble,2724.35,2724.45,2724.5,0.150000000000091,2.29201236432709
6,broadband crash,2724.6,2724.8,2724.95,0.349999999999909,3.06662584113515
7,deep incoming rumble,2724.6,2724.6,2724.9,0.300000000000182,2.31253320230511
2,whitewater decay,2724.85,2725.2,2725.35,0.5,2.02104284294789
6,broadband crash,2725.4,2725.45,2725.8,0.400000000000091,2.11382389252391
2,whitewater decay,2725.8,2726.1,2726.15,0.349999999999909,2.17897619250302
9,deep incoming rumble,2726.8,2726.95,2727,0.199999999999818,1.67961724543671
9,deep incoming rumble,2727.45,2727.5,2727.6,0.150000000000091,2.35244713809562
9,deep incoming rumble,2727.8,2727.9,2728.45,0.649999999999636,2.55206982174314
1,continuous foamy hiss,2729.25,2729.3,2729.45,0.199999999999818,2.46326752577457
8,deep incoming rumble,2732.15,2732.15,2732.35,0.199999999999818,1.70119652368
1,continuous foamy hiss,2734.25,2734.3,2734.4,0.150000000000091,1.94640626503226
4,lapping water movement,2734.4,2734.55,2734.55,0.150000000000091,1.98661587672662
2,whitewater decay,2734.5,2734.55,2734.7,0.199999999999818,1.9813470787927
1,continuous foamy hiss,2734.8,2734.95,2735.35,0.549999999999727,3.78204464235683
3,deep incoming rumble,2735.1,2735.4,2735.4,0.300000000000182,1.91009679579635
3,deep incoming rumble,2736.4,2736.45,2736.7,0.299999999999727,3.3299653806994
3,deep incoming rumble,2737.85,2738.55,2738.6,0.75,2.45607141125951
1,continuous foamy hiss,2739.85,2739.95,2740,0.150000000000091,2.20071845537264
2,whitewater decay,2744.4,2744.95,2745.45,1.04999999999973,3.9165570752243
1,continuous foamy hiss,2744.55,2744.6,2744.85,0.299999999999727,1.84451772586985
5,deep incoming rumble,2744.75,2744.8,2745,0.25,2.51983067763271
10,lapping water movement,2744.9,2744.95,2745.15,0.25,2.47481770835158
2,whitewater decay,2746.05,2746.3,2746.3,0.25,1.66432528769863
1,continuous foamy hiss,2748.2,2748.3,2748.45,0.25,2.33387623728891
7,deep incoming rumble,2753.95,2754,2755.35,1.40000000000009,3.563833636935
10,lapping water movement,2754.5,2754.55,2754.65,0.150000000000091,1.84726253039728
9,deep incoming rumble,2754.65,2754.7,2754.8,0.150000000000091,1.92414426798106
10,lapping water movement,2756.25,2756.55,2756.6,0.349999999999909,1.93683470731362
2,whitewater decay,2756.35,2756.5,2757.25,0.900000000000091,2.82081316269628
9,deep incoming rumble,2757,2757.05,2757.45,0.449999999999818,2.25860611758659
2,whitewater decay,2757.5,2757.65,2757.8,0.300000000000182,3.46959796161361
1,continuous foamy hiss,2757.65,2757.8,2758.05,0.400000000000091,2.87975089887521
2,whitewater decay,2758.15,2758.4,2758.45,0.299999999999727,2.51929174454564
10,lapping water movement,2758.5,2758.55,2758.65,0.150000000000091,1.90083774874511
9,deep incoming rumble,2758.75,2758.85,2758.95,0.199999999999818,2.29960332819569
7,deep incoming rumble,2759,2759.05,2759.35,0.349999999999909,2.30803882910969
6,broadband crash,2759.05,2759.25,2759.4,0.349999999999909,3.11467117476165
2,whitewater decay,2759.25,2759.6,2759.8,0.550000000000182,2.04388385172925
6,broadband crash,2759.8,2759.9,2760.2,0.399999999999636,2.11839936785581
2,whitewater decay,2760.2,2760.55,2760.6,0.400000000000091,2.22415497231939
9,deep incoming rumble,2760.95,2761,2761.4,0.450000000000273,1.98816330179493
9,deep incoming rumble,2761.9,2762.3,2762.8,0.900000000000091,2.55738581734288
1,continuous foamy hiss,2763.65,2763.75,2763.85,0.199999999999818,2.43964745242173
2,whitewater decay,2763.8,2764.15,2764.15,0.349999999999909,1.95289293238753
3,deep incoming rumble,2767.95,2768,2768.35,0.400000000000091,2.06014915662745
4,lapping water movement,2768.8,2768.95,2769,0.199999999999818,1.97372429138081
2,whitewater decay,2768.95,2769,2769.15,0.200000000000273,2.01950509902844
3,deep incoming rumble,2768.95,2769,2769.25,0.300000000000182,2.09128931128186
1,continuous foamy hiss,2769.2,2769.4,2769.8,0.600000000000364,3.78192583419384
6,broadband crash,2769.5,2769.6,2769.65,0.150000000000091,1.92886771566568
3,deep incoming rumble,2769.55,2769.8,2769.85,0.299999999999727,1.95095716022447
3,deep incoming rumble,2770.2,2770.9,2771.15,0.950000000000273,3.3171507144957
3,deep incoming rumble,2772.3,2772.65,2773.05,0.75,2.42003545273848
8,deep incoming rumble,2772.5,2772.6,2772.65,0.150000000000091,1.88383985674643
5,deep incoming rumble,2776.4,2776.65,2776.65,0.25,2.05566760683786
7,deep incoming rumble,2777.85,2777.95,2778,0.150000000000091,2.40076326661782
2,whitewater decay,2778.8,2779.4,2779.9,1.09999999999991,3.92686662996179
1,continuous foamy hiss,2779,2779.05,2779.25,0.25,1.81881998112626
5,deep incoming rumble,2779.2,2779.25,2779.4,0.200000000000273,2.50152571702934
10,lapping water movement,2779.3,2779.4,2779.6,0.299999999999727,2.4729546561453
2,whitewater decay,2780.5,2780.7,2780.75,0.25,1.74184352808033
4,lapping water movement,2780.95,2781,2781.1,0.150000000000091,2.01820078062015
1,continuous foamy hiss,2782.6,2782.75,2782.85,0.25,2.39395318129592
7,deep incoming rumble,2788.35,2788.45,2789.8,1.45000000000027,3.5895265649904
10,lapping water movement,2788.95,2789,2789.1,0.150000000000091,1.88079702055628
10,lapping water movement,2790.7,2791,2791.3,0.600000000000364,1.86780155222063
2,whitewater decay,2790.8,2790.95,2791.35,0.549999999999727,2.812778952903
9,deep incoming rumble,2791.4,2791.5,2791.9,0.5,2.26629102155736
2,whitewater decay,2791.9,2792.05,2792.2,0.299999999999727,3.43157662687343
1,continuous foamy hiss,2792.1,2792.2,2792.5,0.400000000000091,2.94066748728726
2,whitewater decay,2792.55,2792.85,2792.9,0.349999999999909,2.51593773225695
10,lapping water movement,2792.95,2792.95,2793.1,0.150000000000091,1.906745335139
9,deep incoming rumble,2793.2,2793.3,2793.4,0.200000000000273,2.31544875905693
6,broadband crash,2793.45,2793.7,2793.85,0.400000000000091,3.11156012533136
7,deep incoming rumble,2793.45,2793.5,2793.75,0.300000000000182,2.10368706846429
2,whitewater decay,2793.7,2794.05,2794.2,0.5,2.02826024017627
6,broadband crash,2794.25,2794.3,2794.65,0.400000000000091,2.09581167847724
2,whitewater decay,2794.65,2795,2795.05,0.400000000000091,2.17469518995228
9,deep incoming rumble,2795.65,2795.7,2795.85,0.199999999999818,1.70024815270699
9,deep incoming rumble,2796.65,2796.75,2796.95,0.299999999999727,2.60723036801757
9,deep incoming rumble,2797.15,2797.15,2797.3,0.150000000000091,1.61603091361095
1,continuous foamy hiss,2798.1,2798.15,2798.3,0.200000000000273,2.42959079162022
8,deep incoming rumble,2801,2801,2801.2,0.199999999999818,1.63139473739636
3,deep incoming rumble,2802.4,2802.45,2802.75,0.349999999999909,2.06609340521232
1,continuous foamy hiss,2803.1,2803.15,2803.25,0.150000000000091,1.91946499954928
4,lapping water movement,2803.25,2803.4,2803.45,0.199999999999818,1.97335399490604
2,whitewater decay,2803.4,2803.45,2803.6,0.199999999999818,1.99603377226443
1,continuous foamy hiss,2803.65,2803.8,2804.2,0.549999999999727,3.78368026824043
3,deep incoming rumble,2804,2804.25,2804.4,0.400000000000091,2.04270725854659
3,deep incoming rumble,2804.9,2805.35,2805.6,0.699999999999818,3.25038107988211
3,deep incoming rumble,2806.75,2807.4,2807.5,0.75,2.39223069735514
1,continuous foamy hiss,2808.7,2808.8,2808.85,0.150000000000091,2.20104529181527
5,deep incoming rumble,2810.65,2810.8,2810.8,0.150000000000091,1.63974878142359
8,deep incoming rumble,2811.7,2811.75,2812.05,0.350000000000364,2.4726399004192
2,whitewater decay,2813,2813.3,2813.35,0.349999999999909,2.11468222560811
1,continuous foamy hiss,2813.4,2813.45,2813.7,0.299999999999727,1.84238034001352
2,whitewater decay,2813.55,2813.85,2814.35,0.799999999999727,3.89348313430795
5,deep incoming rumble,2813.65,2813.65,2813.85,0.199999999999818,2.40856142157221
10,lapping water movement,2813.75,2813.8,2814.05,0.300000000000182,2.40920436084601
7,deep incoming rumble,2814.15,2814.25,2814.3,0.150000000000091,2.77584480801959
2,whitewater decay,2814.95,2815.15,2815.15,0.200000000000273,1.76527748524433
4,lapping water movement,2815.4,2815.45,2815.55,0.150000000000091,2.05791307954484
1,continuous foamy hiss,2817.05,2817.2,2817.3,0.25,2.36373421711572
4,lapping water movement,2818.65,2818.75,2818.8,0.150000000000091,1.9716408691979
7,deep incoming rumble,2822.8,2823.7,2824.25,1.44999999999982,3.49819879853626
9,deep incoming rumble,2823.5,2823.6,2823.65,0.150000000000091,1.93139396960976
9,deep incoming rumble,2824.1,2824.2,2824.25,0.150000000000091,1.66324573101443
4,lapping water movement,2824.5,2824.55,2824.65,0.150000000000091,2.07173280156111
10,lapping water movement,2825.15,2825.4,2825.7,0.549999999999727,1.90706863619604
2,whitewater decay,2825.25,2825.4,2826.1,0.849999999999909,2.96582570335397
9,deep incoming rumble,2825.6,2825.95,2826.3,0.700000000000273,2.24607463917852
2,whitewater decay,2826.35,2826.5,2826.65,0.300000000000182,3.51471813214912
1,continuous foamy hiss,2826.55,2826.65,2826.95,0.399999999999636,2.9405173439345
2,whitewater decay,2827,2827.25,2827.35,0.349999999999909,2.44922659087505
10,lapping water movement,2827.35,2827.4,2827.55,0.200000000000273,1.9155166669008
9,deep incoming rumble,2827.6,2827.75,2827.8,0.200000000000273,2.28234962319505
6,broadband crash,2827.9,2828.1,2828.25,0.349999999999909,3.05677194441375
2,whitewater decay,2828.15,2828.45,2828.65,0.5,2.01857005908105
6,broadband crash,2828.7,2828.75,2829.05,0.350000000000364,2.13189454560335
2,whitewater decay,2829.1,2829.4,2829.45,0.349999999999909,2.24539000889714
9,deep incoming rumble,2829.8,2829.85,2830.25,0.449999999999818,1.96164103664404
9,deep incoming rumble,2830.75,2831.2,2831.75,1,2.5255211479742
2,whitewater decay,2832.25,2832.3,2832.4,0.150000000000091,2.09121518549346
2,whitewater decay,2832.7,2833,2833.05,0.350000000000364,1.94024648016111
8,deep incoming rumble,2835.45,2835.45,2835.65,0.200000000000273,1.71386571908102
3,deep incoming rumble,2836.85,2836.9,2837.2,0.349999999999909,2.0249895968603
4,lapping water movement,2837.7,2837.85,2837.85,0.150000000000091,1.96523715093002
2,whitewater decay,2837.8,2837.85,2838,0.199999999999818,1.98590843204894
3,deep incoming rumble,2837.8,2837.85,2838.1,0.299999999999727,2.04610703477961
1,continuous foamy hiss,2838.1,2838.25,2838.65,0.550000000000182,3.83837166960005
3,deep incoming rumble,2838.4,2838.7,2838.7,0.299999999999727,1.88675969581491
3,deep incoming rumble,2839.35,2839.75,2840,0.650000000000091,3.34081353751735
3,deep incoming rumble,2841.15,2841.85,2841.9,0.75,2.45450478088913
1,continuous foamy hiss,2843.15,2843.25,2843.3,0.150000000000091,2.19409427322377
5,deep incoming rumble,2845.25,2845.5,2845.5,0.25,2.16209324261582
2,whitewater decay,2847.7,2848.25,2848.75,1.05000000000018,3.8610286577706
1,continuous foamy hiss,2847.85,2847.9,2848.1,0.25,1.86248863378704
5,deep incoming rumble,2848.05,2848.1,2848.3,0.25,2.54595901152209
10,lapping water movement,2848.2,2848.25,2848.45,0.25,2.48069810169556
1,continuous foamy hiss,2848.35,2848.4,2848.5,0.150000000000091,2.03653189807378
2,whitewater decay,2849.1,2849.4,2849.6,0.5,1.64360316100086
4,lapping water movement,2849.8,2849.9,2850,0.199999999999818,2.03035807184887
1,continuous foamy hiss,2851.45,2851.6,2851.75,0.300000000000182,2.37472416741617
4,lapping water movement,2853.1,2853.2,2853.25,0.150000000000091,1.93058793292193
7,deep incoming rumble,2857.25,2857.3,2858.65,1.40000000000009,3.58994739488498
9,deep incoming rumble,2857.95,2858,2858.1,0.150000000000091,1.93129669799402
10,lapping water movement,2859.55,2859.85,2860.15,0.599999999999909,1.9219009722782
2,whitewater decay,2859.65,2859.8,2860.55,0.900000000000091,2.81033664020802
9,deep incoming rumble,2860.05,2860.35,2860.75,0.699999999999818,2.26098068276373
2,whitewater decay,2860.8,2860.95,2861.1,0.299999999999727,3.4423329816525
1,continuous foamy hiss,2860.95,2861.05,2861.35,0.400000000000091,2.9033237203376
2,whitewater decay,2861.4,2861.7,2861.75,0.349999999999909,2.50831457270535
9,deep incoming rumble,2862.05,2862.15,2862.25,0.199999999999818,2.30313318073054
6,broadband crash,2862.35,2862.55,2862.7,0.349999999999909,3.08788708092937
2,whitewater decay,2862.55,2862.9,2863.1,0.549999999999727,2.06321443859153
6,broadband crash,2863.1,2863.2,2863.5,0.400000000000091,2.10505876550987
2,whitewater decay,2863.5,2863.85,2863.9,0.400000000000091,2.21289015581088
9,deep incoming rumble,2865.15,2865.6,2866.1,0.949999999999818,2.57611002749218
1,continuous foamy hiss,2866.95,2867.05,2867.15,0.200000000000273,2.42955969808741
3,deep incoming rumble,2871.25,2871.3,2871.65,0.400000000000091,2.07049821493811
1,continuous foamy hiss,2871.95,2872.05,2872.1,0.150000000000091,1.96239832015179
4,lapping water movement,2872.1,2872.25,2872.3,0.200000000000273,1.98758283273941
2,whitewater decay,2872.25,2872.3,2872.45,0.199999999999818,2.01652156877858
3,deep incoming rumble,2872.25,2872.3,2872.55,0.300000000000182,2.07654635436257
1,continuous foamy hiss,2872.5,2872.7,2873.05,0.550000000000182,3.76408458299013
3,deep incoming rumble,2872.85,2873.1,2873.15,0.300000000000182,1.9559113997052
3,deep incoming rumble,2873.5,2873.9,2873.95,0.449999999999818,2.68111426074238
3,deep incoming rumble,2874.15,2874.2,2874.45,0.299999999999727,3.30077267837547
3,deep incoming rumble,2875.6,2875.95,2876.35,0.75,2.41746297587533
1,continuous foamy hiss,2877.55,2877.65,2877.75,0.199999999999818,2.18518808361129
5,deep incoming rumble,2879.5,2879.7,2879.7,0.199999999999818,1.58455528611444
2,whitewater decay,2881.85,2882.15,2882.2,0.349999999999909,2.10491949370667
1,continuous foamy hiss,2882.3,2882.35,2882.55,0.25,1.81133473570948
2,whitewater decay,2882.4,2882.7,2883.2,0.799999999999727,3.93806090096152
5,deep incoming rumble,2882.5,2882.55,2882.7,0.199999999999818,2.44776804642292
10,lapping water movement,2882.6,2882.7,2882.9,0.300000000000182,2.46131830763163
2,whitewater decay,2883.8,2884,2884.05,0.25,1.74867527646193
4,lapping water movement,2884.25,2884.3,2884.4,0.150000000000091,2.01620169509155
1,continuous foamy hiss,2885.9,2886.05,2886.15,0.25,2.40457066073809
4,lapping water movement,2887.5,2887.6,2887.65,0.150000000000091,1.93214809702948
7,deep incoming rumble,2891.65,2891.75,2891.85,0.199999999999818,3.55336127477315
7,deep incoming rumble,2892.05,2892.55,2893.1,1.04999999999973,3.47739199919875
10,lapping water movement,2892.25,2892.3,2892.4,0.150000000000091,1.87758580210641
10,lapping water movement,2894,2894.3,2894.35,0.349999999999909,1.87394542824322
2,whitewater decay,2894.1,2894.25,2894.95,0.849999999999909,2.86990261663503
9,deep incoming rumble,2894.5,2894.8,2895.15,0.650000000000091,2.25997041445895
2,whitewater decay,2895.2,2895.35,2895.5,0.300000000000182,3.42833456431071
1,continuous foamy hiss,2895.4,2895.5,2895.8,0.400000000000091,2.94560377462282
2,whitewater decay,2895.85,2896.15,2896.2,0.349999999999909,2.47595876148126
10,lapping water movement,2896.25,2896.25,2896.4,0.150000000000091,1.9142430655599
9,deep incoming rumble,2896.5,2896.6,2896.7,0.199999999999818,2.31518777816126
6,broadband crash,2896.75,2897,2897.15,0.400000000000091,3.0969612420042
7,deep incoming rumble,2896.75,2896.75,2897.05,0.300000000000182,2.15744339515322
2,whitewater decay,2897,2897.35,2897.7,0.699999999999818,2.03927373575535
6,broadband crash,2897.55,2897.6,2897.95,0.399999999999636,2.10002887917063
2,whitewater decay,2897.95,2898.3,2898.35,0.400000000000091,2.16422342463818
9,deep incoming rumble,2898.7,2898.7,2899.15,0.450000000000273,1.88911996681907
9,deep incoming rumble,2899.6,2900.05,2900.6,1,2.59819892228871
1,continuous foamy hiss,2901.4,2901.45,2901.6,0.199999999999818,2.42003635774872
2,whitewater decay,2901.55,2901.85,2901.9,0.349999999999909,1.88453195129808
8,deep incoming rumble,2904.3,2904.3,2904.5,0.199999999999818,1.64783250293355
3,deep incoming rumble,2905.7,2905.75,2906.05,0.350000000000364,2.05522536529955
1,continuous foamy hiss,2906.4,2906.45,2906.55,0.150000000000091,1.88977309495659
4,lapping water movement,2906.55,2906.7,2906.75,0.199999999999818,1.96250498258885
2,whitewater decay,2906.65,2906.75,2906.9,0.25,1.96703584112617
3,deep incoming rumble,2906.7,2906.75,2906.95,0.25,1.93412732045244
1,continuous foamy hiss,2906.95,2907.1,2907.5,0.550000000000182,3.766571082127
3,deep incoming rumble,2907.25,2907.55,2907.6,0.349999999999909,2.00771853519677
3,deep incoming rumble,2908.2,2908.3,2908.35,0.150000000000091,2.75831359794051
3,deep incoming rumble,2908.55,2908.65,2908.9,0.349999999999909,3.21458946093635
3,deep incoming rumble,2910.05,2910.7,2910.8,0.75,2.413923333572
1,continuous foamy hiss,2912,2912.1,2912.15,0.150000000000091,2.21500165487842
2,whitewater decay,2916.55,2917.15,2917.65,1.09999999999991,3.80999282880693
1,continuous foamy hiss,2916.7,2916.75,2917,0.300000000000182,1.85942367298159
5,deep incoming rumble,2916.95,2916.95,2917.15,0.200000000000273,2.44500192908649
10,lapping water movement,2917.05,2917.1,2917.35,0.299999999999727,2.4324659264423
7,deep incoming rumble,2917.45,2917.55,2917.6,0.150000000000091,2.72334492213313
2,whitewater decay,2918.25,2918.45,2918.45,0.199999999999818,1.73956975999866
4,lapping water movement,2918.7,2918.75,2918.85,0.150000000000091,2.05327647296704
1,continuous foamy hiss,2920.15,2920.45,2920.6,0.449999999999818,2.36272737489093
4,lapping water movement,2921.95,2922.05,2922.1,0.150000000000091,1.96836677682977
7,deep incoming rumble,2926.1,2926.15,2927.5,1.40000000000009,3.49701751735117
10,lapping water movement,2928.45,2928.7,2929,0.550000000000182,1.94212808768904
2,whitewater decay,2928.55,2928.65,2929.4,0.849999999999909,2.74320403806963
9,deep incoming rumble,2929.15,2929.2,2929.6,0.449999999999818,2.2528463144445
2,whitewater decay,2929.65,2929.8,2929.95,0.299999999999727,3.48636564030697
1,continuous foamy hiss,2929.85,2929.95,2930.25,0.400000000000091,2.93236468431526
2,whitewater decay,2930.3,2930.55,2930.65,0.349999999999909,2.44947195517124
10,lapping water movement,2930.65,2930.7,2930.85,0.199999999999818,1.9104202221981
9,deep incoming rumble,2930.9,2931,2931.1,0.199999999999818,2.28715366055589
7,deep incoming rumble,2931.15,2931.2,2931.5,0.349999999999909,2.36145423566901
6,broadband crash,2931.2,2931.4,2931.55,0.350000000000364,3.07819620952797
2,whitewater decay,2931.45,2931.75,2931.95,0.5,2.03718970190921
6,broadband crash,2931.95,2932.05,2932.35,0.400000000000091,2.13112939576662
2,whitewater decay,2932.4,2932.7,2932.75,0.349999999999909,2.20169417969539
9,deep incoming rumble,2933.4,2933.4,2933.55,0.150000000000091,1.69101850064352
9,deep incoming rumble,2934.4,2934.45,2935.05,0.650000000000091,2.52031152220023
1,continuous foamy hiss,2935.85,2935.9,2936,0.150000000000091,2.46775368599055
2,whitewater decay,2936,2936.3,2936.35,0.349999999999909,1.95298889260377
4,lapping water movement,2941,2941.1,2941.15,0.150000000000091,1.95073579108425
2,whitewater decay,2941.1,2941.15,2941.3,0.200000000000273,1.98956403581605
1,continuous foamy hiss,2941.4,2941.55,2941.95,0.549999999999727,3.8249629633189
3,deep incoming rumble,2941.7,2941.95,2942,0.300000000000182,1.89733410476726
3,deep incoming rumble,2942.65,2943.05,2943.3,0.650000000000091,3.33879447594439
3,deep incoming rumble,2944.45,2945.15,2945.2,0.75,2.44788703378478
8,deep incoming rumble,2944.65,2944.75,2944.8,0.150000000000091,1.87959067165138
1,continuous foamy hiss,2946.45,2946.55,2946.6,0.150000000000091,2.19485166313785
5,deep incoming rumble,2948.55,2948.8,2948.8,0.25,2.13287665297328
2,whitewater decay,2951,2951.55,2952.05,1.05000000000018,3.9240919651053
1,continuous foamy hiss,2951.15,2951.2,2951.4,0.25,1.83577275264405
5,deep incoming rumble,2951.35,2951.4,2951.6,0.25,2.55871840529381
10,lapping water movement,2951.5,2951.55,2951.75,0.25,2.47848068099428
1,continuous foamy hiss,2951.65,2951.7,2951.8,0.150000000000091,2.03123951574662
2,whitewater decay,2952.65,2952.85,2952.9,0.25,1.64766570471158
4,lapping water movement,2953.1,2953.2,2953.3,0.200000000000273,2.02149079573938
5,deep incoming rumble,2953.9,2954,2954.05,0.150000000000091,2.0040796160296
1,continuous foamy hiss,2954.75,2954.9,2955.05,0.300000000000182,2.39438543588227
4,lapping water movement,2956.35,2956.5,2956.55,0.200000000000273,1.91986876559543
7,deep incoming rumble,2960.55,2960.6,2961.95,1.39999999999964,3.61284243948774
10,lapping water movement,2961.1,2961.15,2961.25,0.150000000000091,1.86385731762871
9,deep incoming rumble,2961.25,2961.3,2961.4,0.150000000000091,1.93972612062298
10,lapping water movement,2962.85,2963.15,2963.2,0.349999999999909,1.89382479580875
2,whitewater decay,2962.95,2963.1,2963.85,0.900000000000091,2.83663994696756
9,deep incoming rumble,2963.55,2963.65,2964.05,0.5,2.26169516844742
2,whitewater decay,2964.1,2964.25,2964.4,0.300000000000182,3.44412853437139
1,continuous foamy hiss,2964.25,2964.35,2964.65,0.400000000000091,2.92297548683126
2,whitewater decay,2964.7,2965,2965.05,0.350000000000364,2.53933056198473
10,lapping water movement,2965.1,2965.15,2965.25,0.150000000000091,1.90484723335529
9,deep incoming rumble,2965.35,2965.45,2965.55,0.200000000000273,2.31351786453514
7,deep incoming rumble,2965.6,2965.65,2965.95,0.349999999999909,2.24022261650202
6,broadband crash,2965.65,2965.85,2966,0.349999999999909,3.09022685314919
2,whitewater decay,2965.85,2966.2,2966.4,0.550000000000182,2.04932424921546
6,broadband crash,2966.4,2966.5,2966.8,0.400000000000091,2.10216968222858
2,whitewater decay,2966.8,2967.15,2967.2,0.399999999999636,2.19449578783983
9,deep incoming rumble,2967.55,2967.6,2968,0.449999999999818,1.96297702264133
9,deep incoming rumble,2968.45,2968.55,2968.6,0.150000000000091,2.38853542412744
9,deep incoming rumble,2968.8,2968.9,2969.4,0.599999999999909,2.58942090051446
1,continuous foamy hiss,2970.25,2970.35,2970.45,0.199999999999818,2.4779859786353
2,whitewater decay,2970.4,2970.75,2970.75,0.349999999999909,1.94637867167798
3,deep incoming rumble,2974.55,2974.6,2974.95,0.399999999999636,2.06892800231933
1,continuous foamy hiss,2975.25,2975.35,2975.4,0.150000000000091,1.94068328489911
4,lapping water movement,2975.4,2975.55,2975.6,0.199999999999818,1.96956874124169
2,whitewater decay,2975.55,2975.6,2975.75,0.199999999999818,2.02516664343492
3,deep incoming rumble,2975.55,2975.6,2975.8,0.25,2.03916559951952
1,continuous foamy hiss,2975.8,2976,2976.4,0.599999999999909,3.78768547105817
3,deep incoming rumble,2976.15,2976.4,2976.45,0.299999999999727,1.97714059109115
3,deep incoming rumble,2977.05,2977.5,2977.75,0.699999999999818,3.29529552859869
3,deep incoming rumble,2978.9,2979.25,2979.65,0.75,2.39781766404414
1,continuous foamy hiss,2980.85,2980.95,2981,0.150000000000091,2.19661889877264
5,deep incoming rumble,2982.8,2983.2,2983.25,0.449999999999818,2.09462816702426
2,whitewater decay,2985.4,2986,2986.5,1.09999999999991,3.92938093963736
1,continuous foamy hiss,2985.6,2985.65,2985.85,0.25,1.81211218255464
5,deep incoming rumble,2985.8,2985.85,2986,0.199999999999818,2.38265620601784
10,lapping water movement,2985.9,2986,2986.2,0.299999999999727,2.4448270412548
2,whitewater decay,2987.1,2987.3,2987.3,0.200000000000273,1.76577999692011
1,continuous foamy hiss,2989,2989.35,2989.45,0.449999999999818,2.40680619185513
7,deep incoming rumble,2994.95,2995.05,2996.4,1.45000000000027,3.51081574208374
10,lapping water movement,2997.3,2997.55,2997.85,0.549999999999727,1.87661439502273
2,whitewater decay,2997.4,2997.55,2998.25,0.849999999999909,2.79257236019571
9,deep incoming rumble,2997.8,2998.1,2998.45,0.649999999999636,2.25863965592265
2,whitewater decay,2998.5,2998.65,2998.8,0.300000000000182,3.45312379473222
1,continuous foamy hiss,2998.7,2998.8,2999.1,0.400000000000091,2.95697402119684
2,whitewater decay,2999.15,2999.4,2999.5,0.349999999999909,2.43399051366964
10,lapping water movement,2999.5,2999.55,2999.7,0.199999999999818,1.92248338590218
6,broadband crash,3000.05,3000.3,3000.45,0.399999999999636,3.06749262344837
2,whitewater decay,3000.3,3000.65,3000.8,0.5,2.05885462947874
6,broadband crash,3000.85,3000.9,3001.25,0.400000000000091,2.09817583929053
2,whitewater decay,3001.25,3001.55,3001.65,0.400000000000091,2.13804058915899
9,deep incoming rumble,3001.95,3002,3002.45,0.5,1.90863349277075
9,deep incoming rumble,3002.9,3003.35,3003.9,1,2.58486248201208
1,continuous foamy hiss,3004.7,3004.75,3004.9,0.200000000000273,2.4503121754264
8,deep incoming rumble,3007.6,3007.6,3007.8,0.200000000000273,1.66772388230558
3,deep incoming rumble,3009,3009.05,3009.35,0.349999999999909,2.04559247852761
1,continuous foamy hiss,3009.7,3009.75,3009.85,0.150000000000091,1.9336902769867
4,lapping water movement,3009.85,3010,3010,0.150000000000091,1.96491733836983
2,whitewater decay,3009.95,3010,3010.15,0.200000000000273,1.97468943918415
3,deep incoming rumble,3009.95,3010.05,3010.25,0.300000000000182,1.92205566855867
1,continuous foamy hiss,3010.25,3010.4,3010.8,0.550000000000182,3.77842834750417
3,deep incoming rumble,3010.55,3010.85,3010.9,0.349999999999909,1.96621721265521
3,deep incoming rumble,3011.5,3011.9,3012.2,0.699999999999818,3.26929868504179
3,deep incoming rumble,3013.35,3014,3014.1,0.75,2.43419650476119
5,deep incoming rumble,3017.4,3017.65,3017.7,0.299999999999727,2.17825887650386
8,deep incoming rumble,3018.3,3018.35,3018.65,0.349999999999909,2.43585946983643
2,whitewater decay,3019.6,3019.9,3019.95,0.349999999999909,2.0970792566303
1,continuous foamy hiss,3020,3020.05,3020.3,0.300000000000182,1.85050680372926
2,whitewater decay,3020.15,3020.45,3020.95,0.799999999999727,3.93039477856905
5,deep incoming rumble,3020.25,3020.25,3020.45,0.199999999999818,2.47662571675155
10,lapping water movement,3020.35,3020.4,3020.65,0.300000000000182,2.46060860603741
7,deep incoming rumble,3020.75,3020.8,3020.9,0.150000000000091,2.76884000903127
2,whitewater decay,3021.3,3021.75,3021.75,0.449999999999818,1.72585157560464
4,lapping water movement,3022,3022.05,3022.15,0.150000000000091,2.04554087309932
1,continuous foamy hiss,3023.65,3023.75,3023.9,0.25,2.34645780026627
4,lapping water movement,3025.25,3025.35,3025.4,0.150000000000091,1.95961766195013
7,deep incoming rumble,3029.4,3029.45,3030.8,1.40000000000009,3.52358306748939
9,deep incoming rumble,3030.1,3030.2,3030.25,0.150000000000091,1.92153552926606
10,lapping water movement,3031.75,3032,3032.1,0.349999999999909,1.96034294747334
2,whitewater decay,3031.8,3031.95,3032.7,0.899999999999636,2.78920999602447
9,deep incoming rumble,3032.2,3032.5,3032.9,0.700000000000273,2.25337265206652
2,whitewater decay,3032.95,3033.1,3033.25,0.300000000000182,3.49997332547009
1,continuous foamy hiss,3033.15,3033.25,3033.55,0.400000000000091,2.90860310834852
2,whitewater decay,3033.6,3033.85,3033.95,0.349999999999909,2.4727983837379
10,lapping water movement,3033.95,3034,3034.15,0.200000000000273,1.90048395765612
9,deep incoming rumble,3034.2,3034.3,3034.4,0.200000000000273,2.29089186337995
7,deep incoming rumble,3034.45,3034.5,3034.8,0.350000000000364,2.35516354916587
6,broadband crash,3034.5,3034.7,3034.85,0.349999999999909,3.100483777765
2,whitewater decay,3034.7,3035.05,3035.25,0.550000000000182,2.03838600653734
6,broadband crash,3035.25,3035.35,3035.65,0.400000000000091,2.11456682544493
2,whitewater decay,3035.65,3036,3036.05,0.400000000000091,2.21261739442569
9,deep incoming rumble,3036.4,3036.45,3036.85,0.449999999999818,1.98774876842458
9,deep incoming rumble,3037.65,3037.75,3038.35,0.699999999999818,2.53482979418315
1,continuous foamy hiss,3039.15,3039.2,3039.3,0.150000000000091,2.45600177462575
3,deep incoming rumble,3043.4,3043.45,3043.8,0.400000000000091,2.01438051805319
4,lapping water movement,3044.25,3044.4,3044.45,0.199999999999818,1.96802587219808
2,whitewater decay,3044.4,3044.45,3044.6,0.199999999999818,2.00323248396695
3,deep incoming rumble,3044.4,3044.45,3044.7,0.299999999999727,2.09460010928394
1,continuous foamy hiss,3044.7,3044.85,3045.25,0.550000000000182,3.79532380645014
3,deep incoming rumble,3045,3045.25,3045.3,0.300000000000182,1.92899285600201
3,deep incoming rumble,3045.95,3046.05,3046.1,0.150000000000091,2.72266060685509
3,deep incoming rumble,3046.3,3046.35,3046.6,0.299999999999727,3.3365303642667
3,deep incoming rumble,3047.75,3048.45,3048.5,0.75,2.42384348382718
8,deep incoming rumble,3047.95,3048.05,3048.1,0.150000000000091,1.88780491848842
1,continuous foamy hiss,3049.75,3049.8,3049.9,0.150000000000091,2.17147961047769
2,whitewater decay,3054.3,3054.85,3055.35,1.04999999999973,3.95740582906106
1,continuous foamy hiss,3054.45,3054.5,3054.7,0.25,1.83588481323251
5,deep incoming rumble,3054.65,3054.7,3054.85,0.199999999999818,2.55015820738431
10,lapping water movement,3054.8,3054.85,3055.05,0.25,2.47891640505649
2,whitewater decay,3055.95,3056.15,3056.2,0.25,1.69749359683251
4,lapping water movement,3056.4,3056.5,3056.55,0.150000000000091,1.98888901108555
5,deep incoming rumble,3057.2,3057.3,3057.35,0.150000000000091,2.00575157572296
1,continuous foamy hiss,3058.05,3058.2,3058.35,0.299999999999727,2.40297273354894
4,lapping water movement,3059.7,3059.8,3059.85,0.150000000000091,1.91766707377853
7,deep incoming rumble,3063.8,3063.9,3065.25,1.44999999999982,3.61964093654845
10,lapping water movement,3064.4,3064.45,3064.55,0.150000000000091,1.8757668947625
10,lapping water movement,3066.15,3066.45,3066.75,0.599999999999909,1.88750771213563
2,whitewater decay,3066.25,3066.4,3067.1,0.849999999999909,2.78248620213407
9,deep incoming rumble,3066.65,3066.95,3067.35,0.699999999999818,2.26301299892015
2,whitewater decay,3067.4,3067.55,3067.65,0.25,3.40770577658498
1,continuous foamy hiss,3067.55,3067.65,3067.95,0.399999999999636,2.94317574351546
2,whitewater decay,3068,3068.3,3068.35,0.349999999999909,2.56540261875185
10,lapping water movement,3068.4,3068.45,3068.55,0.150000000000091,1.88850266606236
9,deep incoming rumble,3068.65,3068.75,3068.85,0.199999999999818,2.31056168193844
6,broadband crash,3068.95,3069.15,3069.3,0.350000000000364,3.09959450741302
2,whitewater decay,3069.15,3069.5,3069.7,0.549999999999727,2.04898167474104
6,broadband crash,3069.7,3069.8,3070.1,0.400000000000091,2.0949470467844
2,whitewater decay,3070.1,3070.45,3070.5,0.400000000000091,2.18093092885611
9,deep incoming rumble,3070.85,3070.9,3071.3,0.450000000000273,1.94664042092593
9,deep incoming rumble,3071.75,3072.2,3072.7,0.949999999999818,2.60000953646974
1,continuous foamy hiss,3073.55,3073.65,3073.75,0.199999999999818,2.42006410648826
2,whitewater decay,3073.7,3074.05,3074.05,0.350000000000364,1.89991205318676
3,deep incoming rumble,3077.85,3077.9,3078.25,0.400000000000091,2.07255151146513
4,lapping water movement,3078.7,3078.85,3078.9,0.200000000000273,1.97292461117808
2,whitewater decay,3078.85,3078.9,3079.05,0.200000000000273,2.02430391012647
3,deep incoming rumble,3078.85,3078.9,3079.1,0.25,1.99738008941963
1,continuous foamy hiss,3079.1,3079.25,3079.65,0.550000000000182,3.76287634891563
3,deep incoming rumble,3079.45,3079.7,3079.85,0.400000000000091,1.9987352476915
3,deep incoming rumble,3080.35,3080.8,3081.05,0.700000000000273,3.2795495433565
3,deep incoming rumble,3082.2,3082.55,3082.95,0.75,2.36306714224699
1,continuous foamy hiss,3084.15,3084.25,3084.3,0.150000000000091,2.20499918933577
5,deep incoming rumble,3086.1,3086.5,3086.55,0.450000000000273,2.12709366301143
2,whitewater decay,3088.45,3089.3,3089.8,1.35000000000036,3.87599571570923
1,continuous foamy hiss,3088.9,3088.95,3089.15,0.25,1.80675601413601
5,deep incoming rumble,3089.1,3089.15,3089.3,0.200000000000273,2.3379890901902
10,lapping water movement,3089.2,3089.3,3089.5,0.300000000000182,2.42827605706285
7,deep incoming rumble,3089.6,3089.7,3089.75,0.150000000000091,2.82970810239935
2,whitewater decay,3090.4,3090.6,3090.6,0.199999999999818,1.75656601406323
4,lapping water movement,3090.85,3090.9,3091,0.150000000000091,2.04982920348806
1,continuous foamy hiss,3092.3,3092.65,3092.75,0.449999999999818,2.43265961903536
4,lapping water movement,3094.1,3094.2,3094.25,0.150000000000091,1.95215659240765
7,deep incoming rumble,3098.25,3098.35,3098.45,0.199999999999818,3.44877465175561
7,deep incoming rumble,3098.65,3099.15,3099.7,1.04999999999973,3.50330013535184
10,lapping water movement,3098.85,3098.9,3099,0.150000000000091,1.85373858110445
4,lapping water movement,3099.95,3100,3100.1,0.150000000000091,2.0521223399768
10,lapping water movement,3100.6,3100.85,3100.95,0.349999999999909,1.88655889944946
2,whitewater decay,3100.7,3100.85,3101.55,0.850000000000364,2.79362153788488
9,deep incoming rumble,3101.3,3101.4,3101.75,0.449999999999818,2.25868994848029
2,whitewater decay,3101.8,3101.95,3102.1,0.299999999999727,3.46993580757723
1,continuous foamy hiss,3102,3102.1,3102.4,0.400000000000091,2.95402794091067
2,whitewater decay,3102.45,3102.7,3102.8,0.350000000000364,2.44451135759322
10,lapping water movement,3102.8,3102.85,3103,0.199999999999818,1.92820271053036
9,deep incoming rumble,3103.1,3103.2,3103.25,0.150000000000091,2.29628083114718
6,broadband crash,3103.35,3103.6,3103.7,0.349999999999909,3.04927390269362
7,deep incoming rumble,3103.35,3103.35,3103.65,0.300000000000182,2.27586108942451
2,whitewater decay,3103.6,3103.95,3104.1,0.5,2.03101901413414
6,broadband crash,3104.15,3104.2,3104.55,0.400000000000091,2.10648273037483
2,whitewater decay,3104.55,3104.85,3104.95,0.399999999999636,2.14458241451219
9,deep incoming rumble,3105.55,3105.7,3105.75,0.199999999999818,1.68244060128413
9,deep incoming rumble,3106.2,3106.25,3106.35,0.150000000000091,2.33970566063608
9,deep incoming rumble,3106.55,3106.65,3107.2,0.649999999999636,2.56411953307222
1,continuous foamy hiss,3108,3108.05,3108.2,0.199999999999818,2.46227435001162
8,deep incoming rumble,3110.9,3110.9,3111.1,0.199999999999818,1.69050035098052
1,continuous foamy hiss,3113,3113.05,3113.15,0.150000000000091,1.95839599758893
4,lapping water movement,3113.15,3113.3,3113.3,0.150000000000091,1.94955911553778
2,whitewater decay,3113.25,3113.3,3113.45,0.199999999999818,1.99062266178532
1,continuous foamy hiss,3113.55,3113.7,3114.1,0.549999999999727,3.80672746652007
3,deep incoming rumble,3113.85,3114.15,3114.2,0.349999999999909,1.92918636630341
3,deep incoming rumble,3115.15,3115.2,3115.45,0.299999999999727,3.31842356566439
3,deep incoming rumble,3116.6,3117.3,3117.4,0.800000000000182,2.45040428505538
1,continuous foamy hiss,3118.6,3118.7,3118.75,0.150000000000091,2.21856595520841
2,whitewater decay,3123.15,3123.7,3124.2,1.04999999999973,3.86776637519915
1,continuous foamy hiss,3123.3,3123.35,3123.6,0.299999999999727,1.85834102467981
5,deep incoming rumble,3123.5,3123.55,3123.75,0.25,2.50835761050328
10,lapping water movement,3123.65,3123.7,3123.95,0.299999999999727,2.46758211254321
2,whitewater decay,3124.8,3125.05,3125.05,0.25,1.67516542986393
1,continuous foamy hiss,3126.75,3127.05,3127.2,0.449999999999818,2.37616541421168
7,deep incoming rumble,3132.7,3132.75,3134.1,1.40000000000009,3.54796441508385
9,deep incoming rumble,3133.4,3133.45,3133.55,0.150000000000091,1.91732096391088
10,lapping water movement,3135,3135.3,3135.35,0.349999999999909,1.93950843227002
2,whitewater decay,3135.1,3135.25,3136,0.900000000000091,2.82576263346004
9,deep incoming rumble,3135.75,3135.8,3136.2,0.449999999999818,2.25971502144042
2,whitewater decay,3136.25,3136.4,3136.55,0.300000000000182,3.48254389829982
1,continuous foamy hiss,3136.45,3136.55,3136.85,0.400000000000091,2.88996910138701
2,whitewater decay,3136.9,3137.15,3137.2,0.299999999999727,2.49233771438394
10,lapping water movement,3137.25,3137.3,3137.4,0.150000000000091,1.90552880944151
9,deep incoming rumble,3137.5,3137.6,3137.7,0.199999999999818,2.30126440316559
7,deep incoming rumble,3137.75,3137.8,3138.1,0.349999999999909,2.3270388668806
6,broadband crash,3137.8,3138,3138.15,0.349999999999909,3.12169117131409
2,whitewater decay,3138,3138.35,3138.55,0.550000000000182,2.05110265083701
6,broadband crash,3138.55,3138.65,3138.95,0.399999999999636,2.10105251236217
2,whitewater decay,3138.95,3139.3,3139.35,0.400000000000091,2.22078887468194
9,deep incoming rumble,3139.7,3139.75,3140.15,0.450000000000273,1.98924041990793
9,deep incoming rumble,3140.65,3141.05,3141.55,0.900000000000091,2.54972857982636
1,continuous foamy hiss,3142.4,3142.5,3142.6,0.199999999999818,2.46259194688334
2,whitewater decay,3142.6,3142.9,3142.9,0.300000000000182,1.95058217174395
3,deep incoming rumble,3146.7,3146.75,3147.1,0.400000000000091,2.04372399044506
4,lapping water movement,3147.55,3147.7,3147.75,0.199999999999818,1.97308993931482
2,whitewater decay,3147.7,3147.75,3147.9,0.200000000000273,2.0115306202923
3,deep incoming rumble,3147.7,3147.75,3148,0.300000000000182,2.10418042155597
1,continuous foamy hiss,3147.95,3148.15,3148.55,0.600000000000364,3.78024270916448
6,broadband crash,3148.25,3148.35,3148.4,0.150000000000091,1.92048519503115
3,deep incoming rumble,3148.3,3148.55,3148.6,0.299999999999727,1.95089622232863
3,deep incoming rumble,3148.95,3149.65,3149.9,0.950000000000273,3.32504052701137
3,deep incoming rumble,3151.05,3151.4,3151.8,0.75,2.42777342348857
8,deep incoming rumble,3151.25,3151.35,3151.4,0.150000000000091,1.88939338521801
5,deep incoming rumble,3155.15,3155.4,3155.4,0.25,2.07751792780951
2,whitewater decay,3157.55,3158.15,3158.65,1.09999999999991,3.9462424699673
1,continuous foamy hiss,3157.75,3157.8,3158,0.25,1.84148986832269
5,deep incoming rumble,3157.95,3158,3158.15,0.200000000000273,2.52422272217098
10,lapping water movement,3158.05,3158.15,3158.35,0.299999999999727,2.47498571235345
2,whitewater decay,3159.25,3159.45,3159.5,0.25,1.69912280509759
4,lapping water movement,3159.7,3159.75,3159.85,0.150000000000091,1.992354708203
1,continuous foamy hiss,3161.35,3161.5,3161.6,0.25,2.41915675017321
4,lapping water movement,3162.95,3163.1,3163.15,0.200000000000273,1.9112665122829
7,deep incoming rumble,3167.1,3167.2,3168.55,1.45000000000027,3.60829722370818
10,lapping water movement,3167.7,3167.75,3167.85,0.150000000000091,1.8799926467852
10,lapping water movement,3169.45,3169.75,3170.05,0.600000000000364,1.8907836622496
2,whitewater decay,3169.55,3169.7,3170.4,0.849999999999909,2.78924682758472
9,deep incoming rumble,3170.15,3170.25,3170.65,0.5,2.26127425854562
2,whitewater decay,3170.65,3170.8,3170.95,0.299999999999727,3.39776308538436
1,continuous foamy hiss,3170.85,3170.95,3171.25,0.400000000000091,2.93242392307707
2,whitewater decay,3171.3,3171.6,3171.65,0.349999999999909,2.51502231794339
10,lapping water movement,3171.7,3171.7,3171.85,0.150000000000091,1.90330277869938
9,deep incoming rumble,3171.95,3172.05,3172.15,0.200000000000273,2.31564588835484
7,deep incoming rumble,3172.2,3172.25,3172.5,0.300000000000182,2.15316688567919
6,broadband crash,3172.25,3172.45,3172.6,0.349999999999909,3.0985608878614
2,whitewater decay,3172.45,3172.8,3173,0.550000000000182,2.03968381236285
6,broadband crash,3173,3173.05,3173.4,0.400000000000091,2.10421307262243
2,whitewater decay,3173.4,3173.75,3173.8,0.400000000000091,2.16535606425251
9,deep incoming rumble,3174.4,3174.45,3174.6,0.199999999999818,1.70476394865392
9,deep incoming rumble,3175.4,3175.5,3176,0.599999999999909,2.60765213460573
1,continuous foamy hiss,3176.85,3176.95,3177.05,0.200000000000273,2.39661026705291
8,deep incoming rumble,3179.75,3179.75,3179.95,0.199999999999818,1.62283000005534
3,deep incoming rumble,3181.15,3181.2,3181.55,0.400000000000091,2.06855232937216
1,continuous foamy hiss,3181.85,3181.95,3182,0.150000000000091,1.90314462668621
4,lapping water movement,3182,3182.15,3182.2,0.199999999999818,1.98260942794115
2,whitewater decay,3182.15,3182.2,3182.35,0.199999999999818,1.99812591381972
1,continuous foamy hiss,3182.4,3182.55,3183,0.599999999999909,3.75900570845509
3,deep incoming rumble,3182.75,3183,3183.15,0.400000000000091,2.02707056629655
3,deep incoming rumble,3183.65,3184.1,3184.35,0.699999999999818,3.26573544551696
3,deep incoming rumble,3185.5,3186.15,3186.25,0.75,2.38053601972277
1,continuous foamy hiss,3187.45,3187.55,3187.6,0.150000000000091,2.20401534027626
5,deep incoming rumble,3189.4,3189.55,3189.55,0.150000000000091,1.61779045042662
2,whitewater decay,3191.75,3192.05,3192.1,0.349999999999909,2.10966279088719
1,continuous foamy hiss,3192.15,3192.2,3192.45,0.299999999999727,1.99331294856922
2,whitewater decay,3192.3,3192.6,3193.1,0.799999999999727,3.88859185101792
5,deep incoming rumble,3192.4,3192.4,3192.6,0.199999999999818,2.37988690818924
10,lapping water movement,3192.5,3192.6,3192.8,0.300000000000182,2.41301403415617
7,deep incoming rumble,3192.9,3193,3193.05,0.150000000000091,2.80915254663374
2,whitewater decay,3193.7,3193.9,3193.9,0.200000000000273,1.76404540045442
4,lapping water movement,3194.15,3194.2,3194.3,0.150000000000091,2.04436181142582
1,continuous foamy hiss,3195.8,3195.95,3196.05,0.25,2.37993553073694
4,lapping water movement,3197.4,3197.5,3197.55,0.150000000000091,1.97653549261942
7,deep incoming rumble,3201.55,3202.45,3203,1.44999999999982,3.50832384084215
9,deep incoming rumble,3202.85,3202.95,3203,0.150000000000091,1.65773407375222
4,lapping water movement,3203.25,3203.3,3203.4,0.150000000000091,2.06790161653061
10,lapping water movement,3203.9,3204.15,3204.45,0.549999999999727,1.90555855393606
2,whitewater decay,3204,3204.15,3204.85,0.849999999999909,2.79888011570045
9,deep incoming rumble,3204.35,3204.7,3205.05,0.700000000000273,2.24763080481273
2,whitewater decay,3205.1,3205.25,3205.4,0.300000000000182,3.47175242159856
1,continuous foamy hiss,3205.3,3205.4,3205.7,0.399999999999636,2.94065324193847
2,whitewater decay,3205.75,3206,3206.1,0.349999999999909,2.44268866620207
10,lapping water movement,3206.1,3206.15,3206.3,0.200000000000273,1.91467852198016
9,deep incoming rumble,3206.35,3206.5,3206.55,0.200000000000273,2.28941574419399
6,broadband crash,3206.65,3206.85,3207,0.349999999999909,3.06389779673971
2,whitewater decay,3206.9,3207.2,3207.4,0.5,2.0170214801515
6,broadband crash,3207.45,3207.5,3207.8,0.350000000000364,2.1282411805308
2,whitewater decay,3207.85,3208.15,3208.2,0.349999999999909,2.18474532975766
9,deep incoming rumble,3208.55,3208.6,3209,0.449999999999818,1.95445618942142
9,deep incoming rumble,3209.5,3209.95,3210.5,1,2.54315094734542
2,whitewater decay,3211,3211.1,3211.15,0.150000000000091,2.1089160450496
1,continuous foamy hiss,3211.3,3211.35,3211.5,0.199999999999818,2.44551361246626
2,whitewater decay,3211.45,3211.75,3211.8,0.350000000000364,1.93868879340304
8,deep incoming rumble,3214.2,3214.2,3214.4,0.200000000000273,1.70796350461323
3,deep incoming rumble,3215.6,3215.65,3215.95,0.349999999999909,2.03263211254537
4,lapping water movement,3216.45,3216.6,3216.6,0.150000000000091,1.95101622747857
2,whitewater decay,3216.55,3216.6,3216.75,0.199999999999818,1.99326818669457
3,deep incoming rumble,3216.55,3216.6,3216.85,0.299999999999727,2.00744916896909
1,continuous foamy hiss,3216.85,3217,3217.4,0.550000000000182,3.81410168866042
3,deep incoming rumble,3217.15,3217.45,3217.45,0.299999999999727,1.90073455230039
3,deep incoming rumble,3218.1,3218.5,3218.75,0.650000000000091,3.33394638330036
3,deep incoming rumble,3219.9,3220.6,3220.65,0.75,2.45497403354139
1,continuous foamy hiss,3221.9,3222,3222.05,0.150000000000091,2.21374742060366
5,deep incoming rumble,3224,3224.25,3224.25,0.25,2.17071174367207
2,whitewater decay,3226.45,3227,3227.5,1.05000000000018,3.87098089281003
1,continuous foamy hiss,3226.6,3227.2,3227.25,0.650000000000091,2.02982432308955
5,deep incoming rumble,3226.8,3226.85,3227.05,0.25,2.52804621486011
10,lapping water movement,3226.95,3227,3227.2,0.25,2.47831164531969
2,whitewater decay,3227.9,3228.15,3228.35,0.449999999999818,1.62240604204034
4,lapping water movement,3228.55,3228.65,3228.75,0.199999999999818,2.03790461054324
1,continuous foamy hiss,3230.05,3230.35,3230.5,0.449999999999818,2.35969105446839
4,lapping water movement,3231.85,3231.95,3232,0.150000000000091,1.9435434026633
7,deep incoming rumble,3236,3236.05,3237.4,1.40000000000009,3.57453261485376
9,deep incoming rumble,3236.7,3236.75,3236.85,0.150000000000091,1.92782063293528
10,lapping water movement,3238.3,3238.6,3238.9,0.599999999999909,1.91613759955559
2,whitewater decay,3238.4,3238.55,3239.3,0.900000000000091,2.82129012686868
9,deep incoming rumble,3239.05,3239.1,3239.5,0.449999999999818,2.26259140665018
2,whitewater decay,3239.55,3239.7,3239.85,0.299999999999727,3.45390373219642
1,continuous foamy hiss,3239.7,3239.8,3240.1,0.400000000000091,2.9133124535738
2,whitewater decay,3240.2,3240.45,3240.5,0.300000000000182,2.50333763547176
9,deep incoming rumble,3240.8,3240.9,3241,0.199999999999818,2.30324217332184
6,broadband crash,3241.1,3241.3,3241.45,0.349999999999909,3.06410126946543
2,whitewater decay,3241.35,3241.65,3241.85,0.5,2.05088182921314
6,broadband crash,3241.85,3241.95,3242.25,0.400000000000091,2.10961117484463
2,whitewater decay,3242.25,3242.6,3242.65,0.400000000000091,2.21013992204978
9,deep incoming rumble,3243.95,3244.35,3244.85,0.900000000000091,2.5644510287231
1,continuous foamy hiss,3245.7,3245.8,3245.9,0.200000000000273,2.46989517339896
3,deep incoming rumble,3250,3250.05,3250.4,0.400000000000091,2.06783708788812
4,lapping water movement,3250.85,3251,3251.05,0.200000000000273,1.98622318602176
2,whitewater decay,3251,3251.05,3251.2,0.199999999999818,2.01372812766955
3,deep incoming rumble,3251,3251.05,3251.3,0.300000000000182,2.08805861057008
1,continuous foamy hiss,3251.25,3251.45,3251.85,0.599999999999909,3.78731152896964
3,deep incoming rumble,3251.6,3251.85,3251.9,0.300000000000182,1.96452574207189
3,deep incoming rumble,3252.25,3252.65,3252.7,0.449999999999818,2.6952252256919
3,deep incoming rumble,3252.9,3252.95,3253.2,0.299999999999727,3.30699327318144
3,deep incoming rumble,3254.35,3254.7,3255.1,0.75,2.41528671041085
1,continuous foamy hiss,3256.3,3256.4,3256.5,0.199999999999818,2.18405003658393
2,whitewater decay,3260.6,3261.45,3261.95,1.34999999999991,3.93504083448919
1,continuous foamy hiss,3261.05,3261.1,3261.3,0.25,1.81015996774665
5,deep incoming rumble,3261.25,3261.3,3261.45,0.199999999999818,2.4815413200944
10,lapping water movement,3261.35,3261.45,3261.65,0.300000000000182,2.46453940316022
2,whitewater decay,3262.55,3262.75,3262.8,0.25,1.70619316556631
4,lapping water movement,3263,3263.05,3263.15,0.150000000000091,2.03278421792616
1,continuous foamy hiss,3264.65,3264.8,3264.9,0.25,2.43942038612112
7,deep incoming rumble,3270.4,3270.5,3270.6,0.199999999999818,3.57523637527743
7,deep incoming rumble,3270.8,3271.3,3271.85,1.04999999999973,3.46647651016758
10,lapping water movement,3271,3271.05,3271.15,0.150000000000091,1.88472669575468
10,lapping water movement,3272.75,3273.05,3273.1,0.349999999999909,1.87580224282092
2,whitewater decay,3272.85,3273,3273.7,0.849999999999909,2.82656602363281
9,deep incoming rumble,3273.25,3273.55,3273.95,0.699999999999818,2.26100062585006
2,whitewater decay,3273.95,3274.1,3274.25,0.300000000000182,3.41288581925119
1,continuous foamy hiss,3274.15,3274.25,3274.55,0.400000000000091,2.95722125727366
2,whitewater decay,3274.6,3274.9,3274.95,0.349999999999909,2.46278642622014
10,lapping water movement,3275,3275,3275.15,0.150000000000091,1.92073073320877
9,deep incoming rumble,3275.25,3275.35,3275.45,0.199999999999818,2.31591582206512
6,broadband crash,3275.5,3275.75,3275.9,0.400000000000091,3.08329306309123
7,deep incoming rumble,3275.5,3275.5,3275.8,0.300000000000182,2.11066585482131
2,whitewater decay,3275.75,3276.1,3276.25,0.5,2.04224793260166
6,broadband crash,3276.3,3276.35,3276.7,0.399999999999636,2.09800667693779
2,whitewater decay,3276.7,3277.05,3277.1,0.400000000000091,2.16715071791097
9,deep incoming rumble,3277.45,3277.5,3277.9,0.450000000000273,1.90247846332647
9,deep incoming rumble,3278.35,3278.8,3279.35,1,2.60393776398098
1,continuous foamy hiss,3280.15,3280.2,3280.35,0.199999999999818,2.42527800961538
2,whitewater decay,3280.3,3280.6,3280.65,0.349999999999909,1.86684951029554
8,deep incoming rumble,3283.05,3283.05,3283.25,0.199999999999818,1.63767376026583
3,deep incoming rumble,3284.45,3284.5,3284.8,0.350000000000364,2.06447941470062
1,continuous foamy hiss,3285.15,3285.2,3285.3,0.150000000000091,1.91698271859315
4,lapping water movement,3285.3,3285.45,3285.5,0.199999999999818,1.96876493284656
2,whitewater decay,3285.45,3285.5,3285.65,0.200000000000273,1.98505946105177
3,deep incoming rumble,3285.45,3285.5,3285.7,0.25,1.93595400545343
1,continuous foamy hiss,3285.7,3285.85,3286.25,0.550000000000182,3.76605682748241
3,deep incoming rumble,3286.05,3286.3,3286.35,0.299999999999727,2.04091014713449
3,deep incoming rumble,3286.95,3287.4,3287.65,0.700000000000273,3.23614947682834
3,deep incoming rumble,3288.8,3289.45,3289.55,0.75,2.40268279248971
1,continuous foamy hiss,3290.75,3290.85,3290.9,0.150000000000091,2.2134276317668
5,deep incoming rumble,3292.7,3292.85,3292.85,0.150000000000091,1.65400514587957
2,whitewater decay,3295.3,3295.9,3296.4,1.09999999999991,3.9192931215687
1,continuous foamy hiss,3295.45,3295.5,3295.75,0.300000000000182,1.84728651334367
5,deep incoming rumble,3295.7,3295.7,3295.9,0.200000000000273,2.42618129784702
10,lapping water movement,3295.8,3295.85,3296.1,0.299999999999727,2.42231930548378
7,deep incoming rumble,3296.2,3296.3,3296.35,0.150000000000091,2.76058447695092
2,whitewater decay,3297,3297.2,3297.2,0.199999999999818,1.75370488922
4,lapping water movement,3297.45,3297.5,3297.6,0.150000000000091,2.03507786122277
1,continuous foamy hiss,3298.9,3299.25,3299.35,0.449999999999818,2.36984519105032
4,lapping water movement,3300.7,3300.8,3300.85,0.150000000000091,1.9711747669848
7,deep incoming rumble,3304.85,3304.9,3306.25,1.40000000000009,3.49176078042496
10,lapping water movement,3307.2,3307.45,3307.75,0.550000000000182,1.93868439339439
2,whitewater decay,3307.3,3307.4,3308.15,0.849999999999909,2.75764809220889
9,deep incoming rumble,3307.9,3307.95,3308.35,0.449999999999818,2.24457332731495
2,whitewater decay,3308.4,3308.55,3308.7,0.299999999999727,3.49001829608921
1,continuous foamy hiss,3308.6,3308.7,3309,0.400000000000091,2.93899238659836
2,whitewater decay,3309.05,3309.3,3309.4,0.349999999999909,2.45408826095901
10,lapping water movement,3309.4,3309.45,3309.6,0.199999999999818,1.90419154610921
9,deep incoming rumble,3309.65,3309.75,3309.85,0.199999999999818,2.2824797968084
7,deep incoming rumble,3309.9,3309.95,3310.25,0.349999999999909,2.35735781211567
6,broadband crash,3309.95,3310.15,3310.3,0.350000000000364,3.07140812593867
2,whitewater decay,3310.2,3310.5,3310.7,0.5,2.03570314479088
6,broadband crash,3310.75,3310.8,3311.1,0.349999999999909,2.11374726113366
2,whitewater decay,3311.15,3311.45,3311.5,0.349999999999909,2.1955584058659
9,deep incoming rumble,3312.15,3312.3,3312.3,0.150000000000091,1.67474842774623
9,deep incoming rumble,3313.15,3313.2,3313.8,0.650000000000091,2.51667079120273
1,continuous foamy hiss,3314.6,3314.65,3314.75,0.150000000000091,2.42802002086964
2,whitewater decay,3314.75,3315.05,3315.1,0.349999999999909,1.9569881213855
8,deep incoming rumble,3317.5,3317.5,3317.7,0.199999999999818,1.71812667458646
4,lapping water movement,3319.75,3319.9,3319.9,0.150000000000091,1.9416828244603
2,whitewater decay,3319.85,3319.9,3320.05,0.200000000000273,1.9949122793386
1,continuous foamy hiss,3320.15,3320.3,3320.7,0.549999999999727,3.79292638134709
3,deep incoming rumble,3320.45,3320.75,3320.75,0.300000000000182,1.88527907429717
3,deep incoming rumble,3321.4,3321.8,3322.05,0.650000000000091,3.34050436834855
3,deep incoming rumble,3323.2,3323.9,3323.95,0.75,2.45244183100379
8,deep incoming rumble,3323.4,3323.5,3323.55,0.150000000000091,1.87081128534393
1,continuous foamy hiss,3325.2,3325.3,3325.35,0.150000000000091,2.19646920498458
5,deep incoming rumble,3327.3,3327.55,3327.55,0.25,2.1507899930613
2,whitewater decay,3329.75,3330.3,3330.8,1.05000000000018,3.90289355677136
1,continuous foamy hiss,3329.9,3329.95,3330.15,0.25,1.84717611109515
5,deep incoming rumble,3330.1,3330.15,3330.35,0.25,2.5531101601384
10,lapping water movement,3330.25,3330.3,3330.5,0.25,2.48002924678087
1,continuous foamy hiss,3330.4,3330.45,3330.55,0.150000000000091,2.02619267782813
2,whitewater decay,3331.4,3331.45,3331.65,0.25,1.62303047810791
4,lapping water movement,3331.85,3331.95,3332.05,0.200000000000273,2.01413112737799
1,continuous foamy hiss,3333.5,3333.65,3333.8,0.300000000000182,2.38237634712804
4,lapping water movement,3335.15,3335.25,3335.3,0.150000000000091,1.93383404983436
7,deep incoming rumble,3339.3,3339.35,3340.7,1.39999999999964,3.60002426104788
10,lapping water movement,3339.85,3339.9,3340,0.150000000000091,1.85811672735447
9,deep incoming rumble,3340,3340.05,3340.15,0.150000000000091,1.93445144703511
10,lapping water movement,3341.6,3341.9,3341.95,0.349999999999909,1.9030248771029
2,whitewater decay,3341.7,3341.85,3342.6,0.900000000000091,2.84996278857789
9,deep incoming rumble,3342.3,3342.4,3342.8,0.5,2.26500084147858
2,whitewater decay,3342.85,3343,3343.15,0.300000000000182,3.43880909056155
1,continuous foamy hiss,3343,3343.1,3343.4,0.400000000000091,2.89245548014188
2,whitewater decay,3343.45,3343.75,3343.8,0.350000000000364,2.55012500425873
10,lapping water movement,3343.85,3343.9,3344,0.150000000000091,1.90307195849903
9,deep incoming rumble,3344.1,3344.2,3344.3,0.200000000000273,2.31103522183643
7,deep incoming rumble,3344.35,3344.4,3344.7,0.349999999999909,2.26094824972077
6,broadband crash,3344.4,3344.6,3344.75,0.349999999999909,3.10061669057852
2,whitewater decay,3344.6,3344.95,3345.15,0.550000000000182,2.06536229839691
6,broadband crash,3345.15,3345.25,3345.55,0.400000000000091,2.11956590764872
2,whitewater decay,3345.55,3345.9,3345.95,0.399999999999636,2.18718420206533
9,deep incoming rumble,3346.3,3346.35,3346.75,0.449999999999818,1.97415172871705
9,deep incoming rumble,3347.2,3347.3,3347.35,0.150000000000091,2.39309873995614
9,deep incoming rumble,3347.55,3347.65,3348.15,0.599999999999909,2.57943532525381
1,continuous foamy hiss,3349,3349.1,3349.2,0.199999999999818,2.43547775945166
2,whitewater decay,3349.15,3349.5,3349.5,0.349999999999909,1.94265375330886
3,deep incoming rumble,3353.3,3353.35,3353.7,0.399999999999636,2.07184150465281
4,lapping water movement,3354.15,3354.3,3354.35,0.199999999999818,1.98309173266826
2,whitewater decay,3354.3,3354.35,3354.5,0.199999999999818,2.01885142303513
3,deep incoming rumble,3354.3,3354.35,3354.6,0.299999999999727,2.06229753443407
1,continuous foamy hiss,3354.55,3354.75,3355.15,0.599999999999909,3.79766490518341
3,deep incoming rumble,3354.9,3355.15,3355.2,0.299999999999727,1.96261325608526
3,deep incoming rumble,3355.8,3356.25,3356.5,0.699999999999818,3.29480559430936
3,deep incoming rumble,3357.65,3358,3358.4,0.75,2.40503482343207
1,continuous foamy hiss,3359.6,3359.7,3359.75,0.150000000000091,2.19147914636736
5,deep incoming rumble,3361.55,3361.95,3362,0.449999999999818,2.07430103549592
2,whitewater decay,3364.15,3364.75,3365.25,1.09999999999991,3.91961383685705
1,continuous foamy hiss,3364.35,3364.4,3364.6,0.25,1.81177862501915
5,deep incoming rumble,3364.55,3364.6,3364.75,0.199999999999818,2.42146356437047
10,lapping water movement,3364.65,3364.75,3364.95,0.299999999999727,2.45069916561285
2,whitewater decay,3365.85,3366.05,3366.05,0.200000000000273,1.72745037216527
1,continuous foamy hiss,3367.75,3368.1,3368.2,0.449999999999818,2.4078152294808
7,deep incoming rumble,3373.7,3373.8,3375.15,1.45000000000027,3.53722234981483
10,lapping water movement,3376.05,3376.35,3376.6,0.549999999999727,1.85612640473199
2,whitewater decay,3376.15,3376.3,3377,0.849999999999909,2.81498135150285
9,deep incoming rumble,3376.55,3376.85,3377.2,0.649999999999636,2.25728797966112
2,whitewater decay,3377.25,3377.4,3377.55,0.300000000000182,3.47928615087785
1,continuous foamy hiss,3377.45,3377.55,3377.85,0.400000000000091,2.96492870809694
2,whitewater decay,3377.9,3378.15,3378.25,0.349999999999909,2.42478425484842
9,deep incoming rumble,3378.55,3378.65,3378.75,0.199999999999818,2.30680774145175
6,broadband crash,3378.8,3379.05,3379.2,0.399999999999636,3.07318879307054
2,whitewater decay,3379.05,3379.4,3379.75,0.699999999999818,2.03154784389783
6,broadband crash,3379.6,3379.65,3380,0.400000000000091,2.09123470793858
2,whitewater decay,3380,3380.35,3380.4,0.400000000000091,2.14315129834306
9,deep incoming rumble,3380.75,3380.75,3381.2,0.449999999999818,1.89851883755805
9,deep incoming rumble,3381.65,3382.1,3382.65,1,2.59520272436854
1,continuous foamy hiss,3383.45,3383.5,3383.65,0.200000000000273,2.43194383340305
8,deep incoming rumble,3386.35,3386.35,3386.55,0.200000000000273,1.65437329529976
3,deep incoming rumble,3387.75,3387.8,3388.1,0.349999999999909,2.04873856194661
1,continuous foamy hiss,3388.45,3388.5,3388.6,0.150000000000091,1.9156866532841
4,lapping water movement,3388.6,3388.75,3388.8,0.200000000000273,2.00204127083011
2,whitewater decay,3388.7,3388.75,3388.95,0.25,1.9572431803762
3,deep incoming rumble,3388.7,3388.8,3389,0.300000000000182,1.94218567121726
1,continuous foamy hiss,3389,3389.15,3389.55,0.550000000000182,3.80209807890117
3,deep incoming rumble,3389.3,3389.6,3389.65,0.349999999999909,1.99622393005207
3,deep incoming rumble,3390.25,3390.65,3390.95,0.699999999999818,3.23433573947868
3,deep incoming rumble,3392.1,3392.75,3392.85,0.75,2.42319096123593
5,deep incoming rumble,3396.15,3396.4,3396.45,0.299999999999727,2.17271488566058
8,deep incoming rumble,3397.05,3397.1,3397.4,0.349999999999909,2.44688171872841
2,whitewater decay,3398.35,3398.65,3398.7,0.349999999999909,2.10277947505846
1,continuous foamy hiss,3398.75,3398.8,3399.05,0.300000000000182,1.84726941424277
2,whitewater decay,3398.9,3399.2,3399.7,0.799999999999727,3.79068715294273
5,deep incoming rumble,3399,3399,3399.2,0.199999999999818,2.45560573110947
10,lapping water movement,3399.1,3399.15,3399.4,0.300000000000182,2.44486201451711
7,deep incoming rumble,3399.5,3399.55,3399.65,0.150000000000091,2.75369189072948
2,whitewater decay,3400.3,3400.5,3400.5,0.199999999999818,1.71669170594762
4,lapping water movement,3400.75,3400.8,3400.9,0.150000000000091,2.06513445251992
1,continuous foamy hiss,3402.4,3402.5,3402.65,0.25,2.36737344549626
4,lapping water movement,3404,3404.1,3404.15,0.150000000000091,1.98606120507697
7,deep incoming rumble,3408.15,3408.2,3408.35,0.199999999999818,3.50868868105059
7,deep incoming rumble,3408.55,3409.05,3409.55,1,3.45406472954409
9,deep incoming rumble,3408.85,3408.95,3409,0.150000000000091,1.92562583260215
4,lapping water movement,3409.85,3409.9,3410,0.150000000000091,2.09900123550786
10,lapping water movement,3410.5,3410.75,3410.85,0.349999999999909,1.94510198040058
2,whitewater decay,3410.6,3410.7,3411.45,0.849999999999909,2.80771763537308
9,deep incoming rumble,3410.95,3411.25,3411.65,0.700000000000273,2.25214136181684
2,whitewater decay,3411.7,3411.85,3412,0.300000000000182,3.47697600406299
1,continuous foamy hiss,3411.9,3412,3412.3,0.400000000000091,2.95760453489776
2,whitewater decay,3412.35,3412.6,3412.7,0.349999999999909,2.45146581810421
10,lapping water movement,3412.7,3412.75,3412.9,0.200000000000273,1.90835336717828
9,deep incoming rumble,3412.95,3413.05,3413.15,0.200000000000273,2.28718571148558
7,deep incoming rumble,3413.2,3413.25,3413.55,0.350000000000364,2.35800890192091
6,broadband crash,3413.25,3413.45,3413.6,0.349999999999909,3.0829590699006
2,whitewater decay,3413.5,3413.8,3414,0.5,2.01757140650547
6,broadband crash,3414,3414.1,3414.4,0.400000000000091,2.11291920574008
2,whitewater decay,3414.45,3414.75,3414.8,0.350000000000364,2.21116957416651
9,deep incoming rumble,3415.15,3415.2,3415.6,0.449999999999818,1.98179559256505
9,deep incoming rumble,3416.45,3416.5,3417.1,0.650000000000091,2.52920689461558
1,continuous foamy hiss,3417.9,3417.95,3418.05,0.150000000000091,2.46065292355525
3,deep incoming rumble,3422.2,3422.25,3422.55,0.350000000000364,2.00750661902544
4,lapping water movement,3423,3423.15,3423.2,0.199999999999818,1.96542270364948
2,whitewater decay,3423.15,3423.2,3423.35,0.199999999999818,1.99552250119328
3,deep incoming rumble,3423.15,3423.2,3423.45,0.299999999999727,2.08723954290998
1,continuous foamy hiss,3423.45,3423.6,3424,0.550000000000182,3.77832360857923
3,deep incoming rumble,3423.75,3424,3424.05,0.300000000000182,1.91856807876878
3,deep incoming rumble,3424.7,3424.8,3424.85,0.150000000000091,2.72743748777384
3,deep incoming rumble,3425.05,3425.1,3425.35,0.299999999999727,3.33419283314595
3,deep incoming rumble,3426.5,3427.2,3427.25,0.75,2.43948889752908
8,deep incoming rumble,3426.7,3426.8,3426.85,0.150000000000091,1.88321941206263
1,continuous foamy hiss,3428.5,3428.6,3428.65,0.150000000000091,2.18196994125113
2,whitewater decay,3433.05,3433.6,3434.1,1.04999999999973,3.95644261314407
1,continuous foamy hiss,3433.2,3433.25,3433.45,0.25,1.90557735904052
5,deep incoming rumble,3433.4,3433.45,3433.65,0.25,2.55741596724114
10,lapping water movement,3433.55,3433.6,3433.8,0.25,2.48394850670645
2,whitewater decay,3434.7,3434.9,3434.95,0.25,1.65527024994732
4,lapping water movement,3435.15,3435.25,3435.35,0.199999999999818,2.03962334279503
5,deep incoming rumble,3435.95,3436.05,3436.1,0.150000000000091,2.00570000700272
1,continuous foamy hiss,3436.8,3436.95,3437.1,0.299999999999727,2.39078725166491
4,lapping water movement,3438.45,3438.55,3438.6,0.150000000000091,1.92127059342264
7,deep incoming rumble,3442.6,3442.65,3444,1.40000000000009,3.6170717382602
10,lapping water movement,3443.15,3443.2,3443.3,0.150000000000091,1.87156516276742
10,lapping water movement,3444.9,3445.2,3445.5,0.599999999999909,1.90536237222913
2,whitewater decay,3445,3445.15,3445.9,0.900000000000091,2.82824318543674
9,deep incoming rumble,3445.4,3445.7,3446.1,0.699999999999818,2.26200018598375
2,whitewater decay,3446.15,3446.3,3446.4,0.25,3.40562839715632
1,continuous foamy hiss,3446.3,3446.4,3446.7,0.399999999999636,2.89987556471739
2,whitewater decay,3446.75,3447.05,3447.1,0.349999999999909,2.51533965412554
10,lapping water movement,3447.15,3447.2,3447.3,0.150000000000091,1.89281986769733
9,deep incoming rumble,3447.4,3447.5,3447.6,0.199999999999818,2.31097951632143
6,broadband crash,3447.7,3447.9,3448.05,0.350000000000364,3.11462293981173
2,whitewater decay,3447.9,3448.25,3448.45,0.549999999999727,2.0546543815604
6,broadband crash,3448.45,3448.55,3448.85,0.400000000000091,2.10763901953766
2,whitewater decay,3448.85,3449.2,3449.25,0.400000000000091,2.27699606573215
9,deep incoming rumble,3449.6,3449.65,3450.05,0.450000000000273,1.95517222139632
9,deep incoming rumble,3450.5,3450.95,3451.45,0.949999999999818,2.59461872175213
1,continuous foamy hiss,3452.3,3452.4,3452.5,0.199999999999818,2.40068054221886
2,whitewater decay,3452.45,3452.8,3452.8,0.350000000000364,1.9254545164461
3,deep incoming rumble,3456.6,3456.65,3457,0.400000000000091,2.07248299383584
4,lapping water movement,3457.45,3457.6,3457.65,0.200000000000273,1.98813758775965
2,whitewater decay,3457.6,3457.65,3457.8,0.200000000000273,2.01919269463003
3,deep incoming rumble,3457.6,3457.65,3457.85,0.25,2.02293019848401
1,continuous foamy hiss,3457.85,3458.05,3458.45,0.599999999999909,3.74562426019006
3,deep incoming rumble,3458.2,3458.45,3458.6,0.400000000000091,1.97832287730039
3,deep incoming rumble,3459.1,3459.55,3459.8,0.700000000000273,3.28735750744703
3,deep incoming rumble,3460.95,3461.3,3461.7,0.75,2.39193365555013
1,continuous foamy hiss,3462.9,3463,3463.05,0.150000000000091,2.19643161487724
5,deep incoming rumble,3464.85,3465.25,3465.3,0.450000000000273,2.109590970815
2,whitewater decay,3467.2,3468.05,3468.55,1.35000000000036,3.90890568402986
1,continuous foamy hiss,3467.65,3467.7,3467.9,0.25,1.8124181647326
5,deep incoming rumble,3467.85,3467.9,3468.05,0.200000000000273,2.35422659279502
10,lapping water movement,3467.95,3468.05,3468.25,0.300000000000182,2.43984521060179
2,whitewater decay,3469.15,3469.35,3469.35,0.199999999999818,1.74915175548992
4,lapping water movement,3469.6,3469.65,3469.75,0.150000000000091,2.05437115498911
1,continuous foamy hiss,3471.05,3471.4,3471.5,0.449999999999818,2.40095984741611
4,lapping water movement,3472.85,3472.95,3473,0.150000000000091,1.96366359958113
7,deep incoming rumble,3477,3477.1,3477.2,0.199999999999818,3.48485796702611
7,deep incoming rumble,3477.4,3477.9,3478.45,1.04999999999973,3.49425900208154
10,lapping water movement,3477.6,3477.65,3477.75,0.150000000000091,1.86180733060992
4,lapping water movement,3478.7,3478.8,3478.85,0.150000000000091,2.04345410431659
10,lapping water movement,3479.35,3479.6,3479.7,0.349999999999909,1.86997687742784
2,whitewater decay,3479.45,3479.6,3480.3,0.850000000000364,2.81396213912576
9,deep incoming rumble,3480.05,3480.15,3480.5,0.449999999999818,2.25336132194258
2,whitewater decay,3480.55,3480.7,3480.85,0.299999999999727,3.47499367914351
1,continuous foamy hiss,3480.75,3480.85,3481.15,0.400000000000091,2.93996677963359
2,whitewater decay,3481.2,3481.45,3481.55,0.350000000000364,2.45743045032694
10,lapping water movement,3481.55,3481.6,3481.75,0.199999999999818,1.91824617493333
9,deep incoming rumble,3481.85,3481.95,3482,0.150000000000091,2.30049918603748
6,broadband crash,3482.1,3482.35,3482.5,0.400000000000091,3.06672351645114
7,deep incoming rumble,3482.1,3482.1,3482.4,0.300000000000182,2.25503478588919
2,whitewater decay,3482.35,3482.7,3482.85,0.5,2.03047226503815
6,broadband crash,3482.9,3482.95,3483.3,0.400000000000091,2.1069450354731
2,whitewater decay,3483.3,3483.6,3483.7,0.399999999999636,2.14637980086317
9,deep incoming rumble,3484.3,3484.45,3484.5,0.199999999999818,1.6847424654073
9,deep incoming rumble,3484.95,3485,3485.1,0.150000000000091,2.32591212002524
9,deep incoming rumble,3485.3,3485.4,3485.95,0.649999999999636,2.57307948860543
1,continuous foamy hiss,3486.75,3486.8,3486.95,0.199999999999818,2.45054344099912
8,deep incoming rumble,3489.65,3489.65,3489.85,0.199999999999818,1.67926174506964
1,continuous foamy hiss,3491.75,3491.8,3491.9,0.150000000000091,1.93998074153157
4,lapping water movement,3491.9,3492.05,3492.05,0.150000000000091,1.96509433052393
2,whitewater decay,3492,3492.05,3492.2,0.199999999999818,1.97571473944681
1,continuous foamy hiss,3492.3,3492.45,3492.85,0.549999999999727,3.7981936354977
3,deep incoming rumble,3492.6,3492.9,3492.95,0.349999999999909,1.94515617280503
3,deep incoming rumble,3493.9,3493.95,3494.2,0.299999999999727,3.29451797229629
3,deep incoming rumble,3495.4,3496.05,3496.15,0.75,2.4403788294833
1,continuous foamy hiss,3497.35,3497.45,3497.5,0.150000000000091,2.21669833152313
2,whitewater decay,3501.9,3502.45,3503,1.09999999999991,3.83649572696473
1,continuous foamy hiss,3502.05,3502.1,3502.35,0.299999999999727,1.84955382861204
5,deep incoming rumble,3502.3,3502.3,3502.5,0.199999999999818,2.4921341087273
10,lapping water movement,3502.4,3502.45,3502.7,0.299999999999727,2.45891457974552
2,whitewater decay,3503.55,3503.8,3503.8,0.25,1.71971776532765
1,continuous foamy hiss,3505.5,3505.8,3505.95,0.449999999999818,2.36706205072648
7,deep incoming rumble,3511.45,3511.5,3512.85,1.40000000000009,3.53289433579129
9,deep incoming rumble,3512.15,3512.25,3512.3,0.150000000000091,1.91678499063208
10,lapping water movement,3513.75,3514.05,3514.35,0.599999999999909,1.93726737484951
2,whitewater decay,3513.85,3514,3514.75,0.900000000000091,2.78813281260946
9,deep incoming rumble,3514.5,3514.55,3514.95,0.449999999999818,2.25523823634858
2,whitewater decay,3515,3515.15,3515.3,0.300000000000182,3.48743678589814
1,continuous foamy hiss,3515.2,3515.3,3515.6,0.400000000000091,2.89929516533767
2,whitewater decay,3515.65,3515.9,3515.95,0.299999999999727,2.48561668902514
10,lapping water movement,3516,3516.05,3516.2,0.199999999999818,1.90797595617782
9,deep incoming rumble,3516.25,3516.35,3516.45,0.199999999999818,2.29342292251417
7,deep incoming rumble,3516.5,3516.55,3516.85,0.349999999999909,2.34315085244467
6,broadband crash,3516.55,3516.75,3516.9,0.349999999999909,3.09171501232219
2,whitewater decay,3516.75,3517.1,3517.3,0.550000000000182,2.04977259518807
6,broadband crash,3517.3,3517.4,3517.7,0.399999999999636,2.11179370017342
2,whitewater decay,3517.75,3518.05,3518.1,0.349999999999909,2.22357636007079
9,deep incoming rumble,3518.45,3518.5,3518.9,0.450000000000273,1.9906303845717
9,deep incoming rumble,3519.4,3519.8,3520.3,0.900000000000091,2.54019016062617
1,continuous foamy hiss,3521.2,3521.25,3521.35,0.150000000000091,2.47385684745606
2,whitewater decay,3521.35,3521.65,3521.7,0.349999999999909,1.95222857655641
3,deep incoming rumble,3525.45,3525.5,3525.85,0.400000000000091,2.02744205797999
4,lapping water movement,3526.3,3526.45,3526.5,0.199999999999818,1.97602848686257
2,whitewater decay,3526.45,3526.5,3526.65,0.200000000000273,2.00926908779873
3,deep incoming rumble,3526.45,3526.5,3526.75,0.300000000000182,2.09643116801307
1,continuous foamy hiss,3526.7,3526.9,3527.3,0.600000000000364,3.80065820684348
6,broadband crash,3527,3527.1,3527.15,0.150000000000091,1.89938774548929
3,deep incoming rumble,3527.05,3527.3,3527.35,0.299999999999727,1.94967761624455
3,deep incoming rumble,3528,3528.4,3528.65,0.650000000000091,3.32967275629362
3,deep incoming rumble,3529.8,3530.15,3530.55,0.75,2.41952551006051
8,deep incoming rumble,3530,3530.1,3530.15,0.150000000000091,1.88945353450226
5,deep incoming rumble,3533.9,3534.15,3534.15,0.25,2.09579145908233
2,whitewater decay,3536.3,3536.9,3537.4,1.09999999999991,3.90044011181474
1,continuous foamy hiss,3536.5,3536.55,3536.75,0.25,1.83986406928926
5,deep incoming rumble,3536.7,3536.75,3536.9,0.200000000000273,2.5422180358788
10,lapping water movement,3536.8,3536.9,3537.1,0.299999999999727,2.47928739498262
2,whitewater decay,3538,3538.2,3538.25,0.25,1.68318427497224
4,lapping water movement,3538.45,3538.55,3538.6,0.150000000000091,2.00296818267404
1,continuous foamy hiss,3540.1,3540.25,3540.4,0.300000000000182,2.39374402282906
4,lapping water movement,3541.75,3541.85,3541.9,0.150000000000091,1.93618585308123
7,deep incoming rumble,3545.85,3545.95,3547.3,1.45000000000027,3.62052773280383
10,lapping water movement,3546.45,3546.5,3546.6,0.150000000000091,1.87929834986127
10,lapping water movement,3548.2,3548.5,3548.8,0.600000000000364,1.90270883344602
2,whitewater decay,3548.3,3548.45,3548.85,0.549999999999727,2.83017190403362
9,deep incoming rumble,3548.9,3549,3549.4,0.5,2.26320315076709
2,whitewater decay,3549.45,3549.55,3549.7,0.25,3.38990931874059
1,continuous foamy hiss,3549.6,3549.7,3550,0.400000000000091,2.94729390676193
2,whitewater decay,3550.05,3550.35,3550.4,0.349999999999909,2.50152531056653
10,lapping water movement,3550.45,3550.45,3550.6,0.150000000000091,1.90015629695462
9,deep incoming rumble,3550.7,3550.8,3550.9,0.200000000000273,2.31442997745428
7,deep incoming rumble,3550.95,3551,3551.3,0.350000000000364,2.17666431141208
6,broadband crash,3551,3551.2,3551.35,0.349999999999909,3.08431745767369
2,whitewater decay,3551.2,3551.55,3551.75,0.550000000000182,2.0426175201471
6,broadband crash,3551.75,3551.85,3552.15,0.400000000000091,2.0898776278226
2,whitewater decay,3552.15,3552.5,3552.55,0.400000000000091,2.16740968120517
9,deep incoming rumble,3553.15,3553.2,3553.35,0.199999999999818,1.71015055081761
9,deep incoming rumble,3554.15,3554.25,3554.75,0.599999999999909,2.60432573440109
1,continuous foamy hiss,3555.6,3555.7,3555.8,0.200000000000273,2.42448658598838
3,deep incoming rumble,3559.9,3559.95,3560.3,0.400000000000091,2.06777579415112
1,continuous foamy hiss,3560.6,3560.7,3560.75,0.150000000000091,1.93792273486583
4,lapping water movement,3560.75,3560.9,3560.95,0.199999999999818,1.98010931547982
2,whitewater decay,3560.9,3560.95,3561.1,0.199999999999818,2.01596201423877
3,deep incoming rumble,3560.9,3560.95,3561.15,0.25,1.98512071102599
1,continuous foamy hiss,3561.15,3561.3,3561.7,0.549999999999727,3.75738384747062
3,deep incoming rumble,3561.5,3561.75,3561.9,0.400000000000091,2.01215998911084
3,deep incoming rumble,3562.4,3562.85,3563.1,0.699999999999818,3.27190213581615
3,deep incoming rumble,3564.25,3564.9,3565,0.75,2.36838362285531
1,continuous foamy hiss,3566.2,3566.3,3566.35,0.150000000000091,2.20780239228922
5,deep incoming rumble,3568.15,3568.3,3568.35,0.199999999999818,1.59304033735718
2,whitewater decay,3570.5,3570.8,3570.85,0.349999999999909,2.12747540607523
1,continuous foamy hiss,3570.95,3570.95,3571.2,0.25,1.82474601989925
2,whitewater decay,3571.05,3571.35,3571.85,0.799999999999727,3.88537102857731
5,deep incoming rumble,3571.15,3571.15,3571.35,0.199999999999818,2.34843877640459
10,lapping water movement,3571.25,3571.35,3571.55,0.300000000000182,2.42519118252973
7,deep incoming rumble,3571.65,3571.75,3571.8,0.150000000000091,2.82087911599617
2,whitewater decay,3572.45,3572.65,3572.65,0.200000000000273,1.76647631420796
4,lapping water movement,3572.9,3572.95,3573.05,0.150000000000091,2.05561456105343
1,continuous foamy hiss,3574.55,3574.7,3574.8,0.25,2.40396452092111
4,lapping water movement,3576.15,3576.25,3576.3,0.150000000000091,1.97964927100502
7,deep incoming rumble,3580.3,3581.2,3581.75,1.44999999999982,3.50808445353869
4,lapping water movement,3582,3582.05,3582.15,0.150000000000091,2.07405213891342
10,lapping water movement,3582.65,3582.9,3583.2,0.549999999999727,1.90848891124887
2,whitewater decay,3582.75,3582.9,3583.6,0.849999999999909,2.76878507985211
9,deep incoming rumble,3583.1,3583.45,3583.8,0.700000000000273,2.25761752004204
2,whitewater decay,3583.85,3584,3584.15,0.300000000000182,3.41927245325412
1,continuous foamy hiss,3584.05,3584.15,3584.45,0.399999999999636,2.94808230304354
2,whitewater decay,3584.5,3584.75,3584.85,0.349999999999909,2.45418121034325
10,lapping water movement,3584.85,3584.9,3585.05,0.200000000000273,1.91569467834225
9,deep incoming rumble,3585.15,3585.25,3585.3,0.150000000000091,2.29033526774778
6,broadband crash,3585.4,3585.65,3585.75,0.349999999999909,3.08873117557678
2,whitewater decay,3585.65,3586,3586.15,0.5,2.02076925597991
6,broadband crash,3586.2,3586.25,3586.55,0.350000000000364,2.11720767494538
2,whitewater decay,3586.6,3586.9,3586.95,0.349999999999909,2.1663779483989
9,deep incoming rumble,3587.3,3587.35,3587.8,0.5,1.9441616848047
9,deep incoming rumble,3588.25,3588.7,3589.25,1,2.55324047805495
4,lapping water movement,3588.75,3588.75,3588.95,0.199999999999818,1.69949461189251
1,continuous foamy hiss,3590.05,3590.1,3590.25,0.199999999999818,2.42967245853005
2,whitewater decay,3590.2,3590.5,3590.55,0.350000000000364,1.91458051696098
8,deep incoming rumble,3592.95,3592.95,3593.15,0.200000000000273,1.69958643942744
3,deep incoming rumble,3594.35,3594.4,3594.7,0.349999999999909,2.03401946994766
4,lapping water movement,3595.2,3595.3,3595.35,0.150000000000091,2.0405388278488
2,whitewater decay,3595.3,3595.35,3595.5,0.199999999999818,1.97397842681766
3,deep incoming rumble,3595.3,3595.35,3595.6,0.299999999999727,2.00854506518158
1,continuous foamy hiss,3595.6,3595.75,3596.15,0.550000000000182,3.79008669746512
3,deep incoming rumble,3595.9,3596.2,3596.2,0.299999999999727,1.91126153991414
3,deep incoming rumble,3596.85,3597.25,3597.5,0.650000000000091,3.32670188395234
3,deep incoming rumble,3598.65,3599.35,3599.45,0.799999999999727,2.45515441139173
1,continuous foamy hiss,3600.65,3600.75,3600.8,0.150000000000091,2.20111314978634
5,deep incoming rumble,3602.75,3603,3603.05,0.300000000000182,2.17625659417648
8,deep incoming rumble,3603.65,3603.7,3604,0.349999999999909,2.41204932347351
2,whitewater decay,3605.2,3605.75,3606.3,1.10000000000036,3.846336753163
1,continuous foamy hiss,3605.35,3605.95,3606,0.650000000000091,2.05369814178639
5,deep incoming rumble,3605.55,3605.6,3605.8,0.25,2.51711029337453
10,lapping water movement,3605.7,3605.75,3605.95,0.25,2.47507406995321
2,whitewater decay,3606.6,3607.1,3607.1,0.5,1.69109188298457
4,lapping water movement,3607.3,3607.4,3607.5,0.199999999999818,2.03242147431242
1,continuous foamy hiss,3608.8,3609.1,3609.25,0.449999999999818,2.35262971226857
4,lapping water movement,3610.6,3610.7,3610.75,0.150000000000091,1.95814632470491
7,deep incoming rumble,3614.75,3614.8,3616.15,1.40000000000009,3.55956284964157
9,deep incoming rumble,3615.45,3615.5,3615.6,0.150000000000091,1.91893977728606
10,lapping water movement,3617.05,3617.35,3617.65,0.599999999999909,1.92883369327277
2,whitewater decay,3617.15,3617.3,3618.05,0.900000000000091,2.74215136593571
9,deep incoming rumble,3617.8,3617.85,3618.25,0.449999999999818,2.25880047556583
2,whitewater decay,3618.3,3618.45,3618.6,0.299999999999727,3.46008639691662
1,continuous foamy hiss,3618.45,3618.6,3618.9,0.450000000000273,2.87548275367497
2,whitewater decay,3618.95,3619.2,3619.25,0.300000000000182,2.48181483299885
9,deep incoming rumble,3619.55,3619.65,3619.75,0.199999999999818,2.29594377398928
7,deep incoming rumble,3619.8,3619.85,3620.15,0.349999999999909,2.31009361793996
6,broadband crash,3619.85,3620.05,3620.2,0.349999999999909,3.10904191378181
2,whitewater decay,3620.05,3620.4,3620.6,0.549999999999727,2.03478566355582
6,broadband crash,3620.6,3620.7,3621,0.400000000000091,2.11863626378971
2,whitewater decay,3621.05,3621.35,3621.4,0.349999999999909,2.19821824705529
9,deep incoming rumble,3622.7,3623.1,3623.7,1,2.54831968169895
1,continuous foamy hiss,3624.45,3624.55,3624.65,0.200000000000273,2.44438869290049
4,lapping water movement,3629.6,3629.75,3629.8,0.200000000000273,1.9662980078105
2,whitewater decay,3629.75,3629.8,3629.95,0.199999999999818,2.02319763684999
3,deep incoming rumble,3629.75,3629.8,3630.05,0.300000000000182,2.09207132080332
1,continuous foamy hiss,3630,3630.2,3630.6,0.599999999999909,3.79470375842797
3,deep incoming rumble,3630.35,3630.6,3630.65,0.300000000000182,1.94911101438754
3,deep incoming rumble,3631,3631.4,3631.45,0.449999999999818,2.71716383980245
3,deep incoming rumble,3631.65,3631.7,3631.95,0.299999999999727,3.3204479710032
3,deep incoming rumble,3633.1,3633.45,3633.85,0.75,2.41447180995991
1,continuous foamy hiss,3635.1,3635.15,3635.25,0.150000000000091,2.17685094461718
7,deep incoming rumble,3638.65,3638.75,3638.8,0.150000000000091,2.40306546689223
2,whitewater decay,3639.35,3640.2,3640.7,1.34999999999991,4.01429919083863
1,continuous foamy hiss,3639.8,3639.85,3640.05,0.25,1.82230569782773
5,deep incoming rumble,3640,3640.05,3640.2,0.199999999999818,2.50810744581996
10,lapping water movement,3640.1,3640.2,3640.4,0.300000000000182,2.48021760089934
2,whitewater decay,3641.3,3641.5,3641.55,0.25,1.71770135483371
4,lapping water movement,3641.75,3641.8,3641.9,0.150000000000091,2.01016986461253
1,continuous foamy hiss,3643.4,3643.55,3643.7,0.299999999999727,2.4069218061404
4,lapping water movement,3645,3645.15,3645.15,0.150000000000091,1.91031905807781
7,deep incoming rumble,3649.15,3649.25,3649.35,0.199999999999818,3.59621911698961
7,deep incoming rumble,3649.55,3650.05,3650.6,1.04999999999973,3.44480397110072
10,lapping water movement,3649.75,3649.8,3649.9,0.150000000000091,1.88161630467766
10,lapping water movement,3651.5,3651.8,3651.85,0.349999999999909,1.86351959074444
2,whitewater decay,3651.6,3651.75,3652.45,0.849999999999909,2.88452765256273
9,deep incoming rumble,3652,3652.3,3652.7,0.699999999999818,2.26075046244727
2,whitewater decay,3652.7,3652.85,3653,0.300000000000182,3.43367252378969
1,continuous foamy hiss,3652.9,3653,3653.3,0.400000000000091,2.96875624822357
2,whitewater decay,3653.35,3653.65,3653.7,0.349999999999909,2.50656328094967
10,lapping water movement,3653.75,3653.75,3653.9,0.150000000000091,1.90947551622137
9,deep incoming rumble,3654,3654.1,3654.2,0.199999999999818,2.31126392976523
6,broadband crash,3654.25,3654.5,3654.65,0.400000000000091,3.08174170566724
7,deep incoming rumble,3654.25,3654.3,3654.55,0.300000000000182,2.12392464667277
2,whitewater decay,3654.5,3654.85,3655.2,0.699999999999818,2.04354933389442
6,broadband crash,3655.05,3655.1,3655.45,0.399999999999636,2.09773399715064
2,whitewater decay,3655.45,3655.8,3655.85,0.400000000000091,2.16900488277318
9,deep incoming rumble,3656.2,3656.25,3656.65,0.450000000000273,1.91701405970764
9,deep incoming rumble,3657.1,3657.55,3658.05,0.950000000000273,2.60992700733484
1,continuous foamy hiss,3658.9,3658.95,3659.1,0.199999999999818,2.44189330701762
2,whitewater decay,3659.05,3659.4,3659.4,0.349999999999909,1.87308947664447
