sessID,task,cohort,group,participant,sessNum,breathIdx,onsetSample,goodBreath,nEv,inhalePeakMs,returnCrossMs,exhaleStartMs,exhaleTroughMs,endSymMs,breathLenMs,inhaleVolume,inhaleDuration,peakInspFlow,breathLength,w1_rfreqPW,w1_rfreqGated,w1_rfreqRaw,w1_rpowZ,w1_rpowDb,w1_bandDb,w1_aucZ,w2_rfreqPW,w2_rfreqGated,w2_rfreqRaw,w2_rpowZ,w2_rpowDb,w2_bandDb,w2_aucZ,w3_rfreqPW,w3_rfreqGated,w3_rfreqRaw,w3_rpowZ,w3_rpowDb,w3_bandDb,w3_aucZ,w4_rfreqPW,w4_rfreqGated,w4_rfreqRaw,w4_rpowZ,w4_rpowDb,w4_bandDb,w4_aucZ,w5_rfreqPW,w5_rfreqGated,w5_rfreqRaw,w5_rpowZ,w5_rpowDb,w5_bandDb,w5_aucZ,p1_rfreqPW,p1_rfreqGated,p1_rfreqRaw,p1_rpowZ,p1_rpowDb,p1_bandDb,p1_aucZ,p2_rfreqPW,p2_rfreqGated,p2_rfreqRaw,p2_rpowZ,p2_rpowDb,p2_bandDb,p2_aucZ,p3_rfreqPW,p3_rfreqGated,p3_rfreqRaw,p3_rpowZ,p3_rpowDb,p3_bandDb,p3_aucZ,p4_rfreqPW,p4_rfreqGated,p4_rfreqRaw,p4_rpowZ,p4_rpowDb,p4_bandDb,p4_aucZ,peakZ,peakLatMs,peakFreq,anyBurst,burstLatMs,timeAboveMs,nBursts,dutyCycle,maxBurstMs,peakZ_base,anyBurst_base,timeAboveMs_base,chirpSlope,chirpSlope2,freqSpan,freqJitter,apExp,apOffset,gammaBumpDb,gammaPeakPresent
250623_Dupi_NMH_KS_3,audiobook,Dupi,DupiS3,KS,3,1,2389,1,91,684,1114,1114,1540,3080,2968,1341.33151255394,1.126,2.01740761933597,2.968,46.2627515144428,52,42.148,1.38963119540053,-8.36494478405023,-12.1576725283297,0.694815597700267,39.2188267942048,39.6917293233083,38.868,2.43385598768514,-2.40205713000138,-9.08743746898251,1.21692799384257,52.3589557807433,28,52.996,1.0312515103525,-10.9694754788823,-11.4221270618446,0.515625755176249,43.7584502501095,44.6090909090909,39.916,1.92777860175649,-4.99312489645345,-10.4549845955261,0.963889300878247,29.3002230650594,31.9411764705882,28.932,0.942313123632738,-8.23251859138007,-11.6486200475392,0.471156561816369,40.7699133048209,39.6917293233083,42.672514619883,1.9865890885079,-3.54684210005147,-9.86299905944581,1.3588269365394,49.4291688905636,28,49.3674418604651,1.05519285019971,-9.31446204396736,-10.8839602179251,0.453732925585876,43.4658398418584,44.6090909090909,39.0281690140845,2.18050134940625,-4.849945321892,-10.359223791251,0.928893574847063,32.2780044311272,32.3175,32.0064935064935,2.04382169527509,-4.20680010667981,-9.14849909485042,3.14748541072364,4.53857864343943,1252,45,1,230,348,2,0.173826173826174,188,34.3099999121237,1,1986,27.0772149497249,16.4875125618789,17,4.19849478867916,2.05715606374229,1.09153993735306,12.673025428581,1
250623_Dupi_NMH_KS_3,audiobook,Dupi,DupiS3,KS,3,2,3873,1,91,506,1002,1002,1402,2804,2758,1205.90619939308,0.976,2.02868401493889,2.758,32.7383486398074,32.951724137931,32.432,2.5123292329956,-2.84882686875332,-8.57569143569161,1.2561646164978,41.9432438538556,41.6256684491979,41.784,2.559278124432,-4.19035184419173,-8.48462743968061,1.279639062216,48.4994508120889,48.6180904522613,48.62,2.7741175423008,-6.52252353728025,-9.90287620021265,1.3870587711504,43.5958647148821,45.7692307692308,41.672,1.55312158542868,-8.06981570896584,-11.231139801107,0.77656079271434,52.3369418719,NaN,52.58,0.257320530235392,-11.9721446062747,-13.4946175030823,0.128660265117696,41.9803129705882,41.6631578947368,41.8102766798419,2.57534667748209,-4.18083179871753,-8.48213755738137,1.30312541880594,48.5826046666184,48.6954314720812,48.6814516129032,2.7601056252384,-6.58123335371694,-9.92664300441767,1.36901239011825,42.5117426705841,45.7142857142857,39.345,1.69184349857974,-7.69755248508784,-10.8503309293051,0.676737399431896,46.0992293076335,46,47.3666191155492,0.902588901510301,-8.67937575789735,-12.2478733377711,1.26542963991744,4.50630406055302,140,42,1,68,468,6,0.233766233766234,136,20.1588779496818,1,1212,20.3289698349459,10.6903450329401,23,5.77646095088956,2.10452802310488,1.02114558993405,12.704726003144,1
250623_Dupi_NMH_KS_3,audiobook,Dupi,DupiS3,KS,3,3,5252,1,91,510,978,978,1420,2840,3190,1208.19722946256,0.988,1.93131253578224,3.19,46.8424874653041,46,47.248,1.29786181651016,-8.8495874954033,-12.0404700861684,0.648930908255081,49.5396293774666,49.8,48.964,1.92939350341201,-9.58418218352985,-10.0553634228991,0.964696751706005,54.3108137382879,54.5833333333333,54.14,2.12790529759667,-8.69803659628958,-11.1694633573864,1.06395264879833,52.1648497948649,51.9905660377358,51.804,3.03258166090238,-6.47330257770069,-10.9653407617128,1.51629083045119,39.2950823140019,39.0459183673469,39.152,3.01477130612753,-2.60283476298508,-8.38462301332964,1.50738565306377,49.7974251774669,50.0769230769231,49.121568627451,1.95926538075953,-9.56338667200299,-10.0573539066721,0.999225344187363,54.3637373638591,54.7403846153846,54.1794871794872,2.06643765171545,-8.80819519488576,-11.2474339838364,0.96709282100283,52.9548899365285,52.9052631578947,52.8506787330317,2.99201977371211,-6.65143187771442,-11.5127876989556,1.32247273998075,43.614260107244,43.0820105820106,43.4929577464789,2.28216157068136,-4.62260549418463,-9.89897210137383,3.24066943036753,5.132759498673,1832,41,1,284,654,11,0.326673326673327,160,30.274078912766,1,1732,10.584708783912,5.72281981613131,25,7.24571051012336,2.1684937468665,1.10262129298936,14.2915271113113,1
250623_Dupi_NMH_KS_3,audiobook,Dupi,DupiS3,KS,3,4,6847,1,91,600,1136,1136,1682,3364,3710,1076.44686141046,1.164,1.57582510634801,3.71,49.8605470643249,50.0866141732283,50.168,2.13161811130445,-8.78347196574006,-12.4388347985838,1.06580905565222,34.7359662532135,34.4938271604938,34.32,2.23271333190464,-5.77425301922881,-10.5351273314833,1.11635666595232,33.964551381145,34.3298429319372,34.112,2.23107887415953,-5.18203441616641,-9.95053494212354,1.11553943707976,29.5232645505313,28.7322834645669,30.088,2.05843970578121,-4.95035628628252,-9.98111946765129,1.0292198528906,35.261419023419,38.4235294117647,33.332,1.7904752973673,-4.88384488125112,-10.6149686683749,0.895237648683651,35.8384300023532,35.9756097560976,35.5366666666667,2.21447023044695,-5.75354210709294,-10.5604922707233,1.32868213826817,31.1710405730431,31.4021739130435,31.160447761194,2.21139047602909,-5.12624820198514,-9.7766673515328,1.18530529515159,29.2070904707928,29.021978021978,29.2454212454212,1.74866151475639,-5.50544270704228,-10.937932676957,0.954769187056988,43.2973880563914,45.1119221411192,42.6623067776457,2.08152008799958,-5.17823916540977,-10.3294241556095,3.50111678801529,4.05522617100875,70,43,1,20,374,7,0.186813186813187,90,15.2215226904464,1,1878,2.02656042496679,-4.35059738712919,18,6.72907539399495,2.52250215270657,1.31950269851963,16.3599624299931,1
250623_Dupi_NMH_KS_3,audiobook,Dupi,DupiS3,KS,3,5,8702,1,91,590,1050,1050,1490,2980,3768,977.71437803458,1.062,1.50924953446934,3.768,45.0777494883966,46,45.98,1.82277037882887,-6.11084051203471,-10.9986354684701,0.911385189414433,54.8314789883974,54,55.084,1.7802486160074,-9.82290925344715,-9.79584814827825,0.8901243080037,50.7195236788016,51.9462365591398,49.604,1.87033178964366,-8.89380100529468,-10.9358369684502,0.935165894821828,42.2767333658458,41.3575418994413,43.424,3.16238372758968,-3.35942456872833,-7.79982498845078,1.58119186379484,51.7128344440629,55.3951612903226,47.868,2.25190762764608,-6.11009944647611,-10.1739892287768,1.12595381382304,54.7398194857144,54,54.9186440677966,1.6956029470778,-9.82958190296015,-10.0544097676946,1.0004057387759,50.4458956479295,51.9010989010989,49.004347826087,1.98355636460996,-8.83557158678421,-10.516334385513,0.91243592772058,41.492205462128,40.9367816091954,42.1636363636364,3.34442659210747,-2.91901153965091,-7.66432121492609,1.47154770052729,51.1508287500611,54.3139534883721,50.1288590604027,1.41765078948177,-8.00221517939169,-11.0625290147608,2.11229967632784,5.65621765246746,1144,43,1,434,660,5,0.32967032967033,312,26.1918899258338,1,1502,-10.0197306014039,-6.58968251014255,17,6.63545562842181,2.25189024227176,1.27770836617772,13.0672975016281,1
250623_Dupi_NMH_KS_3,audiobook,Dupi,DupiS3,KS,3,6,10586,1,91,636,1138,1138,1600,3200,4188,882.769532178402,1.138,1.29132646684417,4.188,48.0554860243095,47.8224852071006,48.044,2.77685994045477,-8.27787782471285,-10.8523257545858,1.38842997022738,47.3293405573728,48.0300751879699,47.172,2.06289714395163,-7.86746430566754,-11.1334496439706,1.03144857197582,29.9751696187877,29.5187969924812,32.3,1.97422334681947,-5.8966733870145,-11.8312849030939,0.987111673409734,38.0515042973054,38.0869565217391,38.092,2.20540782064848,-6.94227431841384,-11.2764017607718,1.10270391032424,41.279978634798,41.2713178294574,41.24,1.94002871148309,-5.59819327204768,-11.9581318193676,0.970014355741547,46.7246572777597,48.0300751879699,45.9591194968553,1.78329418923331,-7.99452981950196,-11.6808179394543,1.13417510435238,31.4421610234474,32.4322916666667,31.6494023904382,2.39279357538134,-5.57717416998731,-11.5711574457265,1.20118237484143,38.0687242552766,37.9779411764706,38.1731601731602,2.1523232782037,-6.80414488922838,-10.9902525539981,0.994373354530111,39.6256498761615,40.2926829268293,38.83625,1.93630240127144,-6.36479773797985,-11.3362122756273,3.09808384203431,4.16824934266725,718,27,1,156,74,3,0.036963036963037,62,18.4421516643542,1,1544,-18.7463479415671,-28.2129564149328,25,7.13129100700109,1.78435233381026,0.611750171097739,9.61304008965117,1
250623_Dupi_NMH_KS_3,audiobook,Dupi,DupiS3,KS,3,7,12680,1,91,576,1006,1006,1454,2908,2158,678.401953166624,0.998,1.17710086144262,2.158,35.4580267254085,35.2336448598131,34.884,1.64592348080508,-6.90610808739468,-12.1817278385101,0.822961740402538,44.0933104240362,44.6415094339623,43.808,1.66607316048403,-5.92459999189776,-11.3582493410427,0.833036580242013,38.6892725458724,38.680981595092,38.732,2.58502752738359,-2.604634250811,-9.56535344935632,1.29251376369179,46.6795941231892,50.1276595744681,44.524,1.84301761736954,-6.29289867568548,-12.5535112397258,0.92150880868477,38.4819187167811,38.5759162303665,38.484,2.60643585744224,-4.74275057705892,-10.452346606783,1.30321792872112,43.5936520752302,44.4727272727273,43.3055555555556,1.64732861571535,-5.67195577116889,-11.4283511059744,0.948861282652039,38.5528648914814,38.6524390243902,38.4976744186047,2.77306006640732,-2.36375952559136,-9.25220891563151,1.19241582855515,45.5027078789049,49.6911764705882,43.7410714285714,1.66381744264307,-6.13733226035071,-12.7132050651078,0.745390214304093,39.2266466137247,40.2816091954023,38.121045392022,1.97288098692811,-6.4533238567958,-11.1857894842807,2.86856895499347,4.21020562031878,736,38,1,28,540,7,0.26973026973027,158,19.4933200787459,1,1874,-19.1007398975527,-8.51304574384932,18,6.38413244383768,2.01930750205119,1.02942612241414,13.75449537225,1
250623_Dupi_NMH_KS_3,audiobook,Dupi,DupiS3,KS,3,8,13759,1,91,608,1152,1152,1566,3132,3528,1276.70702077482,1.114,1.96925352086804,3.528,41.1098770351391,41.4212962962963,41.028,2.84943813508779,-5.48281457101407,-10.5312864123528,1.42471906754389,42.3035804834931,43,44.48,1.01777438887181,-7.96623850494587,-12.002775132284,0.508887194435904,45.4795711758405,44.5384615384615,46.584,2.14884451569872,-6.68684616270742,-10.6994293865147,1.07442225784936,48.3737060094367,48.1767676767677,48.34,2.71249071745463,-8.12772010093999,-10.4485105049724,1.35624535872732,52.4987205386673,54.3132530120482,51.164,1.73080271133752,-8.96737476931175,-11.3115898116777,0.865401355668759,43.349285533189,43,45.1019736842105,1.0278253184754,-8.3183763637622,-12.1753751296547,0.624917793633044,46.836601281248,46.8297872340426,47.5404411764706,2.46179868656646,-6.72076459158348,-10.3177220776944,1.33921848549215,47.1926234016584,47.1172839506173,46.9903381642512,2.66370439236521,-7.75751499754087,-10.4932354158408,1.1027736184392,48.6016716901997,48.6252927400468,48.962962962963,2.2829019418465,-4.77490073666727,-10.1081965203116,3.57502444093163,5.62790839320072,766,44,1,724,432,7,0.215784215784216,120,23.9518133530303,1,1662,25.4885221020679,8.22384337663305,13,4.367196272855,2.30845373080508,1.35252410690847,13.2029781970022,1
250623_Dupi_NMH_KS_3,audiobook,Dupi,DupiS3,KS,3,9,15523,1,91,616,1086,1086,1510,3020,2300,1037.03175492827,1.094,1.6020917157028,2.3,31.2525918579047,28.8536585365854,32.38,1.07607885121221,-7.05126821131368,-11.8153156201711,0.538039425606106,36.8269041767453,34.8529411764706,38.052,1.20614035747772,-6.50169678980708,-11.3636074354031,0.603070178738858,55,55,55,1.50874233633522,-9.42259391523809,-11.6779289646949,0.754371168167611,48.3025666262195,49.687898089172,47.1,2.1053750044006,-8.11568480553391,-12.3614632990494,1.0526875022003,41.3631704718305,41.8060606060606,39.944,2.36131744534304,-6.0733449248843,-10.196131646162,1.18065872267152,38.3387977948032,34.8529411764706,41.2435064935065,1.06784869876946,-7.10367352097493,-11.6524179821327,0.657794798441986,54.9300013642471,54.8947368421053,54.9489361702128,1.92374577336096,-8.86211906906605,-11.5411486179063,0.904160513479649,46.0693345241178,47.3858267716535,45.0566037735849,2.06947876996753,-7.90979372815692,-12.2092445356539,0.877458998466234,45.5433703226564,45.9376218323587,44.8807947019868,2.56327278863768,-6.07380949046242,-9.77261451613792,3.87054191084289,4.18541222005888,1742,36,1,906,390,6,0.194805194805195,142,29.1246509801615,1,1660,35.685828116107,29.8928983511371,29,10.0023896715687,1.81647833414666,0.554369119311745,13.0909789100463,1
250623_Dupi_NMH_KS_3,audiobook,Dupi,DupiS3,KS,3,10,16673,1,91,536,1172,1172,1554,3108,2414,891.10706032628,1.06,1.56108502930055,2.414,40.1355281779583,38.8807947019868,40.816,2.21522480429997,-6.01308804591818,-10.8579195870082,1.10761240214998,46.013216835485,46.0662983425414,46.468,3.12743995902045,-5.16142755025841,-8.72420561176584,1.56371997951022,33.4525417297396,34.2962962962963,32.664,2.11274497282047,-5.65917593361887,-10.9143124446415,1.05637248641024,43.3879276040893,NaN,43.38,0.867499732556814,-8.52897910780954,-12.5997185979964,0.433749866278407,32.7396778423637,30,34.116,1.78200508292638,-6.32894741830793,-11.5752498374406,0.891002541463188,45.6431891325532,45.6984924623116,46.1679104477612,3.2136983004277,-4.99303515784078,-8.71299314280848,1.72254228902925,33.8152304584232,32.7555555555556,35.2012578616352,1.67107335535502,-6.46721320885511,-11.5406319221188,1.06280265400579,40.7900613462996,30,41.9633507853403,0.888674976537645,-8.36011890664152,-12.3573259004328,0.33947384103738,36.010738076344,30.7058823529412,39.3166023166023,0.976725122574386,-8.20442865815265,-13.2378576070063,1.5178308404806,6.42290014096843,88,46,1,34,446,4,0.222777222777223,152,21.5834328112168,1,1408,-5.66989186112691,-30.8332712993635,21,8.17770551220369,3.03521847554034,2.5374787165849,13.0473377099512,1
250623_Dupi_NMH_KS_3,audiobook,Dupi,DupiS3,KS,3,11,17880,1,91,546,992,992,1362,2724,1944,1160.46872435311,0.978,2.03555572440685,1.944,50.3539834435586,51,48.192,1.51911077895105,-10.4064822705063,-13.3054561637057,0.759555389475523,54.882469637382,55,54.776,0.90665080488593,-13.9948506595965,-14.4829661263192,0.453325402442965,46.7488250786503,47.9230769230769,45.348,1.71627532011867,-9.33145590330083,-12.7187511164924,0.858137660059333,43.9550278938936,43.5769230769231,38.852,2.32150889845626,-7.78097845217768,-11.9899805972807,1.16075444922813,36.436299525803,36.6647058823529,35.928,2.41816371554202,-6.11531207914191,-11.9237302975385,1.20908185777101,54.6129926785744,55,54.2893772893773,0.870126973051138,-13.9147009133136,-14.6206619352564,0.475089327285921,46.7882740854978,47.9230769230769,45.3004484304933,1.8659875502153,-9.06478192188891,-12.4530064665528,0.832230447396023,41.101595914787,40.3809523809524,35.6648648648649,2.06827345741875,-7.85001385040745,-12.6823112608181,0.765261179244939,40.8391640439316,40.5448113207547,40.2980910425844,2.42310619594473,-6.63838262216185,-11.4266429300546,3.30027063887672,5.97455954828328,1358,53,1,694,320,5,0.15984015984016,128,12.9473875840566,1,1310,-2.11041548093343,-31.3311869579782,29,10.4941511254655,2.67420411853647,1.72071090291648,11.9444051888414,1
250623_Dupi_NMH_KS_3,audiobook,Dupi,DupiS3,KS,3,12,18852,1,91,642,1108,1108,1444,2888,2854,979.968504120839,1.044,1.70708304487603,2.854,33.5869494826634,31.6304347826087,33.344,1.52828814937498,-6.18051428882351,-11.7672191272883,0.764144074687492,40.5739886053468,40.6344827586207,40,2.12113679810594,-6.0041398206859,-10.9333647558276,1.06056839905297,42.014791549557,NaN,42.104,0.99104624745917,-6.61778762500145,-11.6926218445385,0.495523123729585,44.2107413198503,43.3084112149533,45.456,1.96792213676356,-5.20498625605808,-10.1586307838047,0.983961068381782,29.5794351738117,25,29.796,1.03253188239645,-7.99019867730449,-13.9519662220494,0.516265941198225,40.7829452593632,40.6344827586207,40.4423676012461,1.93560412072072,-6.0092710888597,-11.0744797592597,1.2426578455027,42.247495306384,NaN,43.1201716738197,0.708416136582502,-7.51791331596399,-12.3595400226203,0.330121919647446,44.2064773785605,43.0632911392405,45.4107142857143,2.39798649235963,-4.70222357900383,-9.56544806487859,0.805723461432835,40.9292273555396,33.734375,43.9390581717452,0.909194933708588,-9.12892338757393,-12.5146619045867,1.3128774842752,4.41771629151994,1386,43,1,64,248,3,0.123876123876124,168,26.6477865566447,1,1552,-24.9212673117056,12.145568913537,22,7.21807576446361,2.34675952986447,1.38853187555758,14.1708297723268,1
250623_Dupi_NMH_KS_3,audiobook,Dupi,DupiS3,KS,3,13,20279,1,91,530,946,946,1272,2544,2076,1763.98119307367,0.948,3.09702258391527,2.076,32.2315240702568,NaN,32.044,0.762180933914988,-7.99785675969099,-12.4183880728517,0.381090466957494,32.7968886296748,32.7603305785124,32.82,3.56742955645462,-4.29096502389083,-9.30200374539193,1.78371477822731,39.2988501543179,39.524064171123,38.916,2.60382402070192,-3.53518482493062,-9.22886945167016,1.30191201035096,40.316364689179,40.2857142857143,40.54,2.50332528513456,-4.07712399259099,-9.30895710481893,1.25166264256728,38.0547524561308,37.5071090047393,38.26,2.40427854619707,-5.11854370642104,-10.2279853592992,1.20213927309854,33.4478968938026,33.4241245136187,33.4603773584906,3.57054555337073,-4.26353177847052,-9.29301999353674,1.89238914328648,39.039956841738,39.2670807453416,38.7884615384615,2.61330721273253,-3.5085967186221,-9.17279602575664,1.08713580049673,39.5320285092428,39.4576271186441,39.4907975460123,2.940173854301,-3.20292380207855,-8.59248909484275,0.958496676502127,36.8819229086888,36.2292993630573,37.1399371069182,1.77919231123556,-5.93722410158215,-11.0922570830388,2.26313261989163,5.30080459338966,116,34,1,38,822,10,0.410589410589411,152,54.8315888701919,1,1964,9.42098273572378,10.2511445267429,17,5.43111469833007,2.31621235249521,1.2010679662725,16.351179134272,1
250623_Dupi_NMH_KS_3,audiobook,Dupi,DupiS3,KS,3,14,21317,1,91,1990,2660,2660,2936,5872,4998,2244.88345375751,2.518,2.27497473522441,4.998,36.8265046358509,36.6617647058824,36.492,3.10207592666734,-5.22476713118367,-10.5877852149961,1.55103796333367,34.496420957907,27.8421052631579,36.116,1.60327314758304,-7.2927637370828,-12.3669425178668,0.80163657379152,31.9433083389537,25.5744680851064,34.472,1.93854641323364,-6.49160741537136,-11.9912165904887,0.969273206616818,29.4347511001311,28.64,34.232,1.04522556792092,-9.33239072032469,-13.9053744710243,0.522612783960459,33.6477378023719,34,35.872,1.12580584603084,-9.40311538317784,-14.2754983329226,0.562902923015421,32.5277924801838,28.0932203389831,35.1788944723618,1.42666615032888,-7.94236502307293,-13.026024941796,2.83906563915448,35.5270569461998,35.4604316546763,35.6746268656716,1.87901577081681,-5.9287386513589,-11.1064952929949,1.25894056644726,36.8364675100917,NaN,36.8695652173913,0.773695616107222,-7.17773475077153,-14.0675777660379,0.213539990045593,37.8281773823835,37.8273809523809,38.2481203007519,1.51767635916583,-7.82043118526534,-12.1118793531437,1.61480764615244,3.69936094220617,724,25,1,714,70,2,0.034965034965035,58,11.0324871704275,1,1070,67.6918990703851,-25.8679793054677,9,3.67970231944851,2.33126734802036,1.2001074239353,11.8838212005302,1
250623_Dupi_NMH_KS_3,audiobook,Dupi,DupiS3,KS,3,15,23816,1,91,636,1070,1070,1476,2952,3968,987.857205500637,1.072,1.528724317885,3.968,49.1707685720357,50.1826086956522,47.28,2.38023801828553,-6.04871091145315,-10.3332861143492,1.19011900914276,37.97624217765,38,37.908,1.87427194743075,-5.40708122041021,-11.883719875137,0.937135973715375,42.3411165155611,42.7765957446809,41.852,1.89685183615287,-6.45563593879408,-10.7998893926825,0.948425918076436,43.5874663990062,44.5128205128205,42.416,1.35519622277981,-8.61727010835219,-11.5110368016542,0.677598111389907,33.9394172058274,33.7409638554217,34.112,2.39606529651322,-4.8760214048407,-10.8935566238373,1.19803264825661,38.2661652246272,38.1796875,38.2106918238994,1.88478579953724,-5.28386828348342,-11.5807377678307,1.19872376850569,43.5850722741875,44,42.9907834101382,1.91651951320282,-7.35258950255909,-10.6841281547709,0.831769468730024,43.6115077662514,44.9523809523809,42.5812807881773,1.29122353950493,-8.76367442222741,-11.7765847202474,0.524236757039001,36.4096907448864,36.4069478908189,36.6720867208672,2.05694960623272,-5.30260357596105,-11.3029557302029,3.03605761879949,4.86290574976897,896,44,1,198,368,6,0.183816183816184,118,8.59497055220661,1,1040,3.65129956365016,9.84283693750699,16,4.58309180281688,2.28095734669269,1.30028262306315,12.9780280203232,1
250623_Dupi_NMH_KS_3,audiobook,Dupi,DupiS3,KS,3,16,25800,1,91,632,956,956,1332,2664,2590,662.96399807006,0.968,1.22840660642863,2.59,52.0622642148393,53.0476190476191,50.852,2.88154952540992,-6.84470323944355,-10.2596650840727,1.44077476270496,47.9888802758023,47.9351851851852,48.008,1.87566261419474,-9.00152905986002,-12.2298935461777,0.937831307097372,49.2938166616265,50.301724137931,48.44,2.31811184636997,-6.62081213456995,-10.6311779426312,1.15905592318499,47.44186863453,48.8220338983051,45.756,1.84859209342775,-7.86529843264501,-12.8242104154494,0.924296046713876,37.2303609527795,36.0652173913044,38.08,2.88669656713437,-4.42490614159691,-10.8326216439075,1.44334828356718,47.4829474103924,47.7593984962406,47.4177215189873,1.90121964929167,-8.80539770136854,-11.8263737586532,1.20157081835234,49.9586043358088,50.9565217391304,49.2839506172839,2.22374627422628,-6.56756732860289,-10.7439500679535,0.720493792849316,49.4674428810154,49.6350364963504,48.6063829787234,2.50039392387401,-6.8158180787221,-11.9733951305042,0.940148115376628,42.8875425582774,41.5214285714286,44.2057057057057,1.9303612651612,-6.98557109198955,-11.7885406927123,2.57124120519472,5.1971404056165,1790,37,1,0,474,8,0.236763236763237,164,26.0341714283054,1,1418,-14.7945361411497,8.98872222429001,19,6.75524380377584,2.36324316493834,1.37256127664201,15.1025796291853,1
250623_Dupi_NMH_KS_3,audiobook,Dupi,DupiS3,KS,3,17,27095,1,91,520,986,986,1382,2764,3546,1199.0866411769,0.97,2.01932227696496,3.546,53.2057356216124,52.1549295774648,53.636,1.37624870595882,-11.1895103520477,-12.1867919229343,0.688124352979412,45.2388255240537,45.0747126436782,45.232,2.38802145893358,-5.94087468074838,-10.8375535252146,1.19401072946679,47.9121065244999,49.2447552447552,46.416,2.56517121231619,-7.03910138578065,-10.8792573038885,1.2825856061581,29.8238951250762,29.8478260869565,29.776,3.51770097046562,-3.17701991328033,-9.13628221256547,1.75885048523281,47.80625589205,49.89,46.572,1.96670932535742,-8.42213192192841,-12.1637706054751,0.983354662678712,45.0548438437816,44.9076086956522,45.1076923076923,2.43446437624412,-5.75487433984368,-10.8096143265521,1.26592147564694,48.8151491056213,50.7777777777778,47.0386266094421,2.51274686233737,-7.44150579618715,-10.9872485106385,1.17094003784922,30.4786557902844,30.4918918918919,30.459595959596,3.49106603975322,-3.64179102847393,-9.05003803886437,1.38246215174227,47.3296440338257,46.7620817843866,49.1476121562952,1.90150663840609,-8.29853931136238,-12.004332191866,2.62788217427721,4.97613223998384,1030,32,1,82,738,9,0.368631368631369,180,51.4817831341483,1,1872,-21.7199772339215,-1.85441247627201,28,9.80258185929538,2.594751630968,1.39027522851937,18.6816993367122,1
250623_Dupi_NMH_KS_3,audiobook,Dupi,DupiS3,KS,3,18,28868,1,91,636,1170,1170,1570,3140,3546,1255.14808240181,1.144,1.77352553673986,3.546,36.0368772151976,34.9438202247191,38.332,1.65145278826876,-7.38339750662318,-11.0614879315817,0.825726394134381,50.2468666891279,50.8092105263158,49.08,2.35480466337821,-9.49037547731555,-10.9502120553494,1.17740233168911,47.5965422287368,47.5744680851064,47.564,2.19396988596884,-8.59366867632894,-9.14148725865411,1.09698494298442,41.11809897918,39,41.236,1.34064354693404,-4.23739435664115,-10.4927219224941,0.67032177346702,37.8549645170957,37.5924170616114,37.56,2.7793967146817,-1.77208636010129,-8.80068797793785,1.38969835734085,49.5919403007067,49.914691943128,48.7767295597484,2.48413525019843,-9.06264616084496,-10.1547454422223,1.5799100191262,46.5020137121302,47.5487804878049,46.1423220973783,1.70920457145661,-7.33656911905991,-9.92652270886453,0.912715241157828,40.0971963385418,39.4444444444444,40.195,1.506581169759,-3.2314471307069,-10.1257491993288,0.602632467903601,44.142344069116,43.226618705036,44.540127388535,2.47411748837481,-4.44334429783331,-9.38895574654724,3.88436445674845,4.11521435893875,1658,40,1,106,402,5,0.200799200799201,150,31.4995436462664,1,1946,15.4733447163726,-6.23804295232068,17,6.11557058354663,2.15527437939254,0.82094290873314,19.8372011207618,1
250623_Dupi_NMH_KS_3,audiobook,Dupi,DupiS3,KS,3,19,30641,1,91,594,946,946,1352,2704,3818,1026.00636218409,0.966,1.78410284227328,3.818,53.4518906954106,55.5508474576271,51.216,1.91617966606068,-8.36072082946877,-11.3452984944105,0.958089833030342,37.9537259682397,36,37.656,1.12991214114798,-5.16787233920143,-11.7266615587938,0.564956070573991,51.9704599111032,50.5,51.5,1.29554239916534,-10.285591520021,-11.0740299557236,0.647771199582669,52.4160070107637,51.8041237113402,53.28,1.85253027595275,-10.1867129390917,-10.1978169857771,0.926265137976374,56.5947050332176,56.9612403100775,56.056,1.84238574068613,-9.46347366463922,-11.1057868680488,0.921192870343065,41.6478621196455,36,40.4006734006734,1.21424658848638,-5.69063287681788,-11.541155341252,0.721262473560908,51.057827751059,50.5,50.7954545454545,1.32903996408852,-10.0920887109472,-11.0178598463416,0.467822067359161,52.0323930788939,51.8041237113402,52.2167487684729,2.08464089598822,-9.68646839334214,-9.45750223731785,0.846364203771216,52.9827599121053,53.9404255319149,53.137573964497,1.67861639680827,-9.23622720623913,-11.1512668223574,2.26948936848479,5.10888431554074,1130,52,1,1086,172,3,0.0859140859140859,92,10.9631461690342,1,1356,16.7858091443749,21.3695239513158,22,6.72547862625211,2.44457058592143,1.27731546468172,15.6551913454487,1
250623_Dupi_NMH_KS_3,audiobook,Dupi,DupiS3,KS,3,20,32550,1,91,642,1130,1130,1564,3128,3536,1278.52652606093,1.114,1.98546343580199,3.536,36.94573829989,43.3191489361702,35.812,1.81366634011858,-5.48563704965531,-11.239966722102,0.90683317005929,39.3357351821368,38.7544910179641,41.812,2.49910827624126,-4.52161022620915,-9.77068399241542,1.24955413812063,41.2112565055242,40.2333333333333,41.776,2.43468657840099,-3.70554018408635,-8.77336330998062,1.21734328920049,52.9789856735226,53.1034482758621,53.148,1.36662291029801,-13.1504325573745,-12.7093605882103,0.683311455149005,49.8544287881114,50.2352941176471,49.536,1.28790468335851,-10.8002896864697,-11.31267378618,0.643952341679253,39.0370191584907,38.5458937198068,40.9283489096573,2.40638670001609,-4.35039664391335,-9.69535127178217,1.54490026141033,44.0764507677145,41.1636363636364,45.6516393442623,2.30992705186975,-4.82658580537726,-9.35521725112852,1.12724440131244,53.4135852519676,53,53.5483870967742,1.37765722103121,-13.1153597701927,-12.7487344234537,0.597903233927547,51.8544701887305,52.6822742474916,50.269820971867,1.86912087300149,-9.73341072210686,-11.1489379499482,2.92330504537433,4.38338105543267,24,35,1,0,346,2,0.172827172827173,192,15.3109401482343,1,1854,36.3589451716942,-1.09288346298433,20,6.57174040310534,2.86560357652018,1.8833581822091,18.3278008480027,1
250623_Dupi_NMH_KS_3,audiobook,Dupi,DupiS3,KS,3,21,34318,1,91,630,1122,1122,1542,3084,3380.00000000001,1106.54492440971,1.122,1.63243598948908,3.38000000000001,53.7576525142157,54.6883116883117,53.08,1.66734802807037,-10.6788973365801,-11.2610741862213,0.833674014035185,47.079349826846,47,47.296,1.9114850348915,-9.28413726138683,-12.2853686831776,0.955742517445751,46.9566868903113,48.90625,46.384,1.83288288808366,-6.87326958264598,-12.2773775880004,0.916441444041829,36.8667814371032,36.8707865168539,36.772,3.22464759461438,-2.41097539647812,-9.04439667885805,1.61232379730719,49.6593244734173,49.1779141104294,51.564,2.38493571458625,-5.86807985140294,-11.3793809768674,1.19246785729313,48.3038165766234,48.4258373205742,48.3746031746032,1.95413276773396,-9.39411330863494,-12.4452394037183,1.23110364367239,40.6326368212854,41.4379562043796,42.0365853658537,2.26681064779175,-4.67450551357776,-11.2069480831311,1.11527083871354,38.0479508739951,38.195652173913,37.6238095238095,3.16660554897888,-2.31217862594332,-8.7732216649825,1.32997433057113,41.0924222849704,41.6282352941176,41.8586251621271,2.16071445238076,-5.46501689166658,-10.6508294019287,3.33182168557114,5.28309869416839,1460,39,1,124,502,5,0.250749250749251,202,19.3692834108545,1,1652,4.17378106621136,-13.7249227677076,22,6.92546562179059,2.20973086966703,1.12628534036188,14.6192972145078,1
250623_Dupi_NMH_KS_3,audiobook,Dupi,DupiS3,KS,3,22,36008,1,91,636,1070,1070,1524,3048,3455.99999999999,1118.44000924308,1.094,1.71618882975627,3.45599999999999,43.5881733300429,42.890756302521,44.592,1.99199531503366,-6.50525166487972,-10.7059295894929,0.995997657516831,40.1794335927878,40,41.572,1.46902740691722,-6.53598997723402,-12.2195801908264,0.734513703458608,45.7429527744821,NaN,46.164,0.562449505424934,-9.75862104687469,-12.5121851532628,0.281224752712467,47.5952180413139,57.390625,44.788,1.46499120355985,-9.71348504766181,-12.9578497377377,0.732495601779925,28.84753404671,26.0151515151515,30.688,1.98550999276445,-5.80432548175796,-10.1229469135065,0.992754996382225,40.9467665819373,40,43.6729559748428,1.2297321077635,-7.35731016680422,-12.5425143740302,0.782109620537589,47.2602028415787,NaN,46.4331797235023,0.686309374699491,-9.35010965825908,-12.3480037392498,0.297858268619579,46.0678670167389,57.390625,42.0220264317181,1.5234638966255,-9.33991137960188,-12.8418032501341,0.691652609067977,36.8653739693525,37.9063444108761,36.748031496063,2.08651246055812,-5.68580528947079,-10.2406248700153,3.17984498989058,5.72804594954967,1990,26,1,0,186,2,0.0929070929070929,116,12.5626626642773,1,1034,7.44071333712768,1.17802508653739,32,12.6810575750065,2.10009832365646,0.743887774113564,13.8257305389427,1
250623_Dupi_NMH_KS_3,audiobook,Dupi,DupiS3,KS,3,23,37736,1,91,672,1168,1168,1602,3204,4060,1142.5277141478,1.16,1.61914357104503,4.06,43.6947714865067,44.6326530612245,40.852,2.24915005782588,-6.41295659330727,-10.6841557860104,1.12457502891294,52.1479792180671,53.2115384615385,51.432,2.13921360069109,-9.14837470463394,-11.4732525970719,1.06960680034554,50.6818084861701,49.5988023952096,51.424,2.63921039828216,-6.93884510005979,-9.717082094287,1.31960519914108,42.9538759952497,40.258064516129,45.2,1.64231464854079,-6.3866078552225,-10.9928099175984,0.821157324270393,53.1560405983699,50,54.004,1.27373116443592,-11.1151187392412,-11.9587133444807,0.63686558221796,53.4357472935123,54.2634730538922,52.6011904761905,2.39101709560848,-8.98832406689639,-11.3796728757208,1.6067634882489,44.4069469199217,43.2446808510638,46.0282258064516,2.55645941455103,-5.24165310627226,-9.38104874575402,1.26800386961731,47.4904907746804,41,48.3410138248848,0.928056441043395,-9.33041473213181,-11.5678281602017,0.402776495412834,49.3278194409967,48.6715542521994,49.4406991260924,1.90608434899192,-7.78833029518252,-11.1213991101105,3.05354712708506,5.84265980431738,504,56,1,0,348,8,0.173826173826174,102,73.1620166272899,1,1856,18.8385505596661,-11.4225629954963,17,7.04785813733707,2.38327613613148,1.40071034483361,13.1836765311555,1
250623_Dupi_NMH_KS_3,audiobook,Dupi,DupiS3,KS,3,24,39766,1,91,680,1130,1130,1574,3148,2288,844.927848440001,1.13,1.25478215947475,2.288,36.8630427075277,37.0066666666667,36.708,2.11495940949197,-5.71440706047202,-11.9565071929539,1.05747970474598,38.6900244893036,33,43.376,1.2595756759327,-8.92106201860434,-13.3628123118183,0.62978783796635,54.8758536992596,56,54.384,1.14194466773509,-13.6051300236839,-14.661528930793,0.570972333867544,51.9541853369391,51.6688311688312,52.156,2.17611122730128,-11.0506668085816,-12.0550000075648,1.08805561365064,53.759540028125,54.1048951048951,53.852,2.21092138086729,-11.0075821519475,-12.4976475236606,1.10546069043364,44.5027992572975,40.7558139534884,46.7176470588235,1.39440745520439,-9.72346062032731,-13.8434732358127,0.948197069538983,53.1986256792075,53,53.3111111111111,1.11997507169122,-12.8171887932208,-12.9962990128134,0.503988782261048,51.2719004692406,51.0372670807453,51.5765765765766,2.45733050621157,-10.7615627139751,-12.6178628397712,1.09105474475794,51.1716055459322,50.9263959390863,51.3176620076239,2.19697427512474,-8.87653686208999,-11.6565132793436,3.45803750904634,3.73590524094097,1330,54,1,134,200,5,0.0999000999000999,100,13.3790705860362,1,1888,59.6160121419086,6.72497859828041,24,7.6605246521397,1.86321249997367,0.589472250144377,10.7840845392849,1
250623_Dupi_NMH_KS_3,audiobook,Dupi,DupiS3,KS,3,25,40910,1,91,560,1074,1074,1440,2880,2798,1269.22051521327,1.026,2.14195404616297,2.798,54.1616154555157,54.8993288590604,53.94,2.42836415474863,-9.5882815057941,-12.9798101316773,1.21418207737432,44.9597006836857,43.8522727272727,45.048,1.93229396881155,-6.5912188592314,-11.3497330399392,0.966146984405775,52.2407360282535,52.5233160621762,51.804,2.11972758343539,-7.7616512424422,-10.5130847082939,1.0598637917177,43.1484096483286,43.121387283237,43.244,2.80351674035358,-4.20262346655662,-10.5563360635418,1.40175837017679,32.893602377348,33.0402298850575,32.608,2.69955326527854,-5.09593158498123,-10.8412082291278,1.34977663263927,46.4812592407807,46.7837837837838,46.4357142857143,1.95315959499086,-6.93030983862133,-11.4579893607023,1.09376937319488,51.1294728610283,51.7823529411765,49.8132295719844,1.88628326413679,-7.4816681943227,-10.5399769174357,0.96954959776631,43.3480120755542,43.3566433566434,43.4972677595628,3.18247054440508,-3.92537007456195,-10.2483908273183,1.16478421925226,43.8803266562328,44.6163265306122,44.6083333333333,2.48528525678674,-6.92405665980734,-10.7347825960288,3.5788107697729,4.58133823192835,1636,29,1,0,574,4,0.286713286713287,296,13.6396903433728,1,1604,20.3987858091444,2.72862619570477,29,8.95375120653554,1.80932545941916,0.8742222373949,10.7604478938535,1
250623_Dupi_NMH_KS_3,audiobook,Dupi,DupiS3,KS,3,26,42309,1,91,560,1074,1074,1464,2928,3218,1729.25589167073,1.068,2.51730555984574,3.218,52.7467082000041,52.6294117647059,52.84,2.45070948254634,-9.36512475459149,-10.5222296588071,1.22535474127317,51.9172241571212,NaN,52.696,0.921219883569536,-11.0845775623217,-11.5009424894936,0.460609941784768,38.3441376139477,38.9041095890411,38.656,1.50841359636492,-5.83205523982746,-11.1791830479726,0.754206798182459,32.4279626751905,32.5641025641026,32.312,2.05455447958137,-5.81891783060073,-11.8419061970698,1.02727723979069,27.7078111278762,27.8858695652174,27.484,2.56414920724607,-5.21903870490122,-11.3759017700093,1.28207460362303,51.5806894870833,NaN,51.7142857142857,0.857441893350045,-10.8806051223792,-11.631062496757,0.480167460276025,37.2552471067707,37.4432989690722,37.272373540856,1.74753528507226,-5.49938733377116,-11.0297458930098,0.898233136527141,32.623458131631,33,32.3948717948718,1.95811154420062,-5.90840284312425,-12.0688776082366,0.763663502238243,38.92351483504,38.3765432098765,39.0204918032787,2.36518340530588,-6.04202357123337,-10.7171616947207,3.46262850536781,4.20614640350283,1154,33,1,1110,286,6,0.142857142857143,106,11.7692224467343,1,1410,-17.3223297287042,-28.9234935050434,15,4.63817377547236,1.77821428186063,0.645414433020988,10.5835714152704,1
250623_Dupi_NMH_KS_3,audiobook,Dupi,DupiS3,KS,3,27,43918,1,91,630,984,984,1440,2880,2848,853.842429436082,1.034,1.34970063015533,2.848,29.7418431786879,29.2545454545455,30.524,1.4127793539373,-6.35664354713129,-12.0186294721209,0.706389676968652,33.8498805190753,27,34.972,1.23701069828809,-8.1948509426352,-12.5488010816062,0.618505349144046,37.1123954871976,34.8813559322034,41.156,1.14579041979958,-9.34116639932404,-12.7832747267246,0.572895209899791,46.6956538146641,43.1014492753623,47.884,1.60415552173316,-8.68127793054924,-11.7328469628067,0.802077760866579,47.7086129933386,32,50.208,0.886400675484001,-12.2022741353334,-14.3894181189557,0.443200337742001,35.0994587486309,32.9625,35.6793650793651,1.38404600440012,-8.09749162886884,-12.0668792813299,0.871948982772075,35.6510012714244,26.0769230769231,41.6327683615819,0.869166414102169,-9.97593501625867,-13.8742202934917,0.307684910592168,46.0083054732169,43.1014492753623,47.5219298245614,1.55285547094247,-8.55504040890017,-11.4986024583718,0.708102094749768,40.5293591823581,37.6339622641509,42.7819444444444,1.62497362074867,-8.74474645290657,-12.389410604703,2.33996201387809,3.21954602402628,1140,43,1,1118,44,1,0.021978021978022,44,7.16325635284452,1,814,45.1106051982546,17.940503219563,20,7.44608416314008,1.66311666470233,0.388448226669126,10.5608418505166,1
250623_Dupi_NMH_KS_3,audiobook,Dupi,DupiS3,KS,3,28,45342,1,91,628,1224,1224,1702,3404,3754.00000000001,1193.40480768276,1.214,1.65990154939546,3.754,47.9771307798942,48.3703703703704,47.904,1.56113940537306,-7.40768523814504,-10.9040004482537,0.780569702686531,43.3982285696558,43.3661971830986,43.236,2.69974343938161,-3.41559969488213,-8.16375670378202,1.3498717196908,54.8758889292132,55.2071428571429,54.124,2.28581825470178,-9.27715519794458,-11.7516489437554,1.14290912735089,52.876486670938,52.5391304347826,53.128,2.16425334497903,-9.19333611852983,-9.40249199047308,1.08212667248952,38.9671983425741,38.8285714285714,39.388,2.05851762090307,-7.54215905915635,-11.3774540297126,1.02925881045153,44.1602274712,43.9367088607595,44.4108280254777,2.4879021146666,-4.07592904812905,-8.62353652820662,1.56240252801062,55.6624868950535,56.4913793103448,55.1644295302013,2.02835619232912,-10.091076852596,-10.6875659806596,1.20890029062816,52.1465015052532,52.2395209580838,51.9623430962343,2.58208817813709,-8.78938564301162,-10.5448136008239,1.23423814914953,40.4242213804874,39.5663430420712,41.0787309048179,1.76641299518112,-6.73850042851734,-10.7707821184519,3.00643491779827,4.61476363411058,1390,53,1,0,522,8,0.260739260739261,122,38.2369986900937,1,1818,-2.44090305444887,26.068876316671,32,8.67342726924211,1.81989055952885,0.601324299466469,13.1051666831735,1
250623_Dupi_NMH_KS_3,audiobook,Dupi,DupiS3,KS,3,29,47219,1,91,590,1002,1002,1434,2868,3036,986.201135653646,1.014,1.57546832915531,3.036,42.584528112752,42.9246575342466,42.02,2.17691341929636,-6.25557193803595,-10.7670384846191,1.08845670964818,54.5681622570501,54.6616161616162,54.94,2.96839721728635,-8.72120763495471,-10.8197076695785,1.48419860864317,48.3595485795282,51,46.504,1.18645058483227,-9.46632856865184,-12.1593028638691,0.593225292416137,48.4071971070725,48.4081632653061,48.44,2.28649449300943,-8.69015170147265,-10.1711099272671,1.14324724650471,29.6048563706122,25.472972972973,31.824,1.61707048243965,-7.37425337211946,-12.764284377473,0.808535241219827,54.08903168891,54.1659388646288,54.3389830508475,2.90577671979725,-8.60291933085652,-10.9915514128651,1.71440826468038,46.7341949866491,NaN,45.5533980582524,0.888012194333168,-9.87545062327703,-12.1696072168724,0.365861024065265,48.5488204699843,48.4577464788732,48.6388888888889,2.37890394102223,-8.72106715614596,-9.95055299172719,1.0276865025216,39.8672573373859,33.2329545454545,42.0529986052999,1.57649509127791,-7.99558556067309,-12.0356947739815,2.26069396089253,4.41776656647766,358,53,1,0,426,6,0.212787212787213,218,27.0135676800342,1,1634,-16.0125213431986,-10.7358469497897,33,10.4813723949959,2.98661369618391,1.81964103754629,19.2905754635104,1
250623_Dupi_NMH_KS_3,audiobook,Dupi,DupiS3,KS,3,30,48737,1,91,680,1104,1104,1542,3084,2934,869.107373252286,1.112,1.35426824239056,2.934,53.5393204381608,53.6815642458101,53.392,2.46896483124513,-10.5649334459937,-11.8406885860511,1.23448241562257,56.787012657023,56.6954314720812,56.664,2.5991539356218,-10.5592601631394,-11.2602380764255,1.2995769678109,37.3860214217012,36.8027210884354,38.324,2.50878945536779,-3.48289276567645,-9.84010083068827,1.25439472768389,37.6606060916342,37.8039215686275,37.7,1.51817206885826,-5.12215127239933,-10.3777164529892,0.759086034429131,32.2915404930876,33.9411764705882,30.668,2.08919145913982,-5.37785948841992,-10.1321601541842,1.04459572956991,54.1044193009297,54.2770562770563,53.1205882352941,2.36061406064086,-8.9647803544549,-10.9814433933094,1.60521756123579,35.8980654980578,36.0833333333333,35.8490566037736,2.70554237263411,-2.85960022995169,-9.77265728254864,1.14714996599686,36.93047650542,35.4339622641509,37.365296803653,1.53349025856456,-5.09631712543947,-10.2304686024615,0.671668733251276,38.9232883874206,38.5304347826087,40.1102464332036,2.21629212114984,-5.79062599333078,-10.3053242660285,3.41752245081305,4.8979486506217,1604,33,1,0,472,6,0.235764235764236,200,29.9082100075572,1,1850,-5.26086131663821,-37.8908140097517,26,10.440114008332,2.10232936791776,1.04680367852302,13.1167115734472,1
250623_Dupi_NMH_KS_3,audiobook,Dupi,DupiS3,KS,3,31,50204,1,91,708,1122,1122,1582,3164,3378,1252.5129125872,1.144,1.92172779466386,3.378,49.1943954592881,49.25,49.096,1.75146070392707,-8.09559036167428,-13.205665172266,0.875730351963536,48.2406966115326,47.9683544303797,48.332,2.52848819654765,-6.93910803987779,-11.0199196629379,1.26424409827382,44.4327267181292,45.4210526315789,43.36,1.4179634463729,-7.26913777000363,-12.1341170344312,0.708981723186449,53.2589909256098,54.3191489361702,52.068,2.16055775039407,-8.11053101278667,-11.73898600834,1.08027887519704,49.49625414205,49.8465346534653,50.808,2.83390752424963,-6.51027478601721,-10.1032148336601,1.41695376212482,47.5571934296462,47.8793103448276,46.3502824858757,2.08040380947443,-6.90205449686881,-11.4093488170805,1.47292589710789,45.4717384777078,45,45.5700483091787,1.59568028841905,-8.15570372035161,-11.9333316726594,0.660611639405486,51.3255218124541,51.8826815642458,51.5739130434783,2.71000132573523,-6.42373200118377,-10.7017710261451,1.24660060983821,49.054304494825,50.4204545454545,48.5158027812895,2.00482815588726,-7.99222612048507,-11.7991088237935,3.17163814261364,4.2375760076873,1554,43,1,172,478,7,0.238761238761239,182,14.2482949184905,1,1442,-7.9290457218744,-5.71137454870287,15,5.6116047726111,2.17472727705264,0.981762680779062,16.2869455848015,1
250623_Dupi_NMH_KS_3,audiobook,Dupi,DupiS3,KS,3,32,51893,1,91,610,1182,1182,1620,3240,3325.99999999999,1205.4880975042,1.154,1.7224701996855,3.32599999999999,51.1228783173119,53,50.32,1.86736281399925,-9.32139641312927,-11.8448768279755,0.933681406999627,52.521067748442,52.7746478873239,52.332,1.32505949725218,-11.5900260476715,-11.1880117665687,0.662529748626091,51.1060470719952,NaN,51.1,0.253682918402251,-14.2158202468999,-15.5184429381512,0.126841459201125,50.733856518376,51.0574712643678,50.184,1.90504016132001,-10.2370783684208,-11.1505147796962,0.952520080660004,43.0472663145822,39.4634146341463,43.584,1.39294310929086,-7.27291819539812,-11.6337009040107,0.696471554645431,52.3926905515119,52.7746478873239,52.0918032786885,1.18623156806678,-11.8397156452728,-11.6076786014433,0.723601256520736,51.2832764980638,51.7142857142857,50.9265734265734,0.509792872607439,-13.4596860559974,-14.4717208494101,0.291601523131455,50.1691176065349,51,49.4611872146119,1.95794548879134,-9.7385648097489,-10.9599257614141,0.857580124090606,42.2099096810033,41.8060413354531,41.858024691358,2.67171810033679,-4.69704163973419,-9.95313129142827,4.32818332254561,4.45990128900725,1258,51,1,14,162,3,0.0809190809190809,102,46.1080411752658,1,1774,-3.61411496869663,-1.59852235083931,14,5.07271497187942,1.58174109777271,0.254600722373211,10.0740310344859,1
250623_Dupi_NMH_KS_3,audiobook,Dupi,DupiS3,KS,3,33,53556,1,91,532,1022,1022,1470,2940,2978.00000000001,1127.88916649299,1.032,1.63129272483619,2.97800000000001,36.5241683026061,36.1746031746032,36.712,2.01359627140232,-3.74240357269435,-10.7625210605585,1.00679813570116,38.7278985181191,39,39.572,0.813287743480635,-7.30820126037499,-11.9269051292932,0.406643871740318,42.3000273087624,49,41.824,1.60551928312709,-7.50514844606434,-11.0945534354619,0.802759641563543,43.3621570547862,43.021897810219,43.636,2.06690964971477,-1.95204587154153,-9.86781337935808,1.03345482485739,38.0249845642011,41.4444444444444,35.672,1.84666762692397,-5.12821706115674,-9.98529396010257,0.923333813461983,38.4023199242182,39,39.2142857142857,0.816532953160893,-7.28502655957062,-11.9060431727601,0.434395531081595,42.8049052093253,49,42.6816326530612,1.63130047574154,-7.65340067003783,-11.0274328764243,0.799337233113354,43.2282563212081,43,43.4017857142857,2.01939783997352,-1.90576639197077,-10.0590505723061,0.904690232308136,44.9323460183636,45.7638483965015,43.8925170068027,1.9992511130976,-6.94826843858445,-10.8574851954951,2.93889913625347,3.84659306197973,1516,44,1,1444,134,1,0.0669330669330669,134,38.1635120223324,1,1780,2.99146272054638,13.2010458927309,10,2.95831685343155,1.89941936174717,0.68262171819515,17.7394749259239,1
250623_Dupi_NMH_KS_3,audiobook,Dupi,DupiS3,KS,3,34,55045,1,91,580,1078,1078,1558,3116,3146,1183.94426826723,1.098,1.5829942156571,3.146,49.3127829882004,48.6049382716049,49.98,1.68371657184005,-9.37459457872907,-11.1242016372834,0.841858285920026,45.2839714070935,45.1572580645161,45.14,3.92629082382771,-3.64921209393756,-9.30069161466836,1.96314541191385,30.5161730489323,31.615,31.328,3.05527449727733,-3.92799625533262,-9.28560631213124,1.52763724863866,36.4409920220974,36.4666666666667,36.72,3.68821244016704,-2.42946828785648,-9.55834460181764,1.84410622008352,52.6371862054122,54.056,52.16,2.28075879940706,-9.11075704830921,-12.8981341893928,1.14037939970353,43.5348314605718,43.5928571428571,43.3620689655172,3.84999985235762,-3.74434564152317,-9.20546672558573,2.23299991436742,31.1089295518378,31.9565217391304,31.4899598393574,3.27551800581644,-3.22035006563217,-9.14639601481765,1.63120796689659,37.6534657809065,37.3563829787234,38.2125,3.36556936647761,-3.02106159032115,-10.0461733954765,1.61547329590925,50.4385858649949,52.8284518828452,49.0012836970475,1.77795879541022,-9.06139408354433,-13.4687531424169,2.77005980324912,6.03025249442186,596,28,1,0,1080,9,0.53946053946054,262,33.161831120419,1,1854,-12.9975336748245,-19.5575427103882,30,8.59747830393742,1.96436404697595,0.664570584134103,14.9623560497274,1
250623_Dupi_NMH_KS_3,audiobook,Dupi,DupiS3,KS,3,35,56618,1,91,494,954,954,1434,2868,3137.99999999999,1223.92055500121,0.972,1.97272144896051,3.13799999999999,43.3837276835153,43.6347826086957,43.304,2.37374653430216,-8.95163840231248,-13.3915366181806,1.18687326715108,45.7561280779684,46,45.86,1.23056123339119,-11.870560620406,-15.6721272557818,0.615280616695595,55.9276015773318,55.7114427860697,54.884,2.59765551440313,-11.2100825604297,-14.5378189779961,1.29882775720156,28.568248160241,26.7608695652174,32.448,1.53279647163516,-7.73238734517879,-12.8950075058992,0.76639823581758,46.5914174425681,46.8762886597938,46.668,1.65568989574278,-10.905093973183,-13.7713994669539,0.82784494787139,45.7171495903632,46,45.7732793522267,1.23884125110153,-11.8427903988481,-15.6738876879762,0.611987578044155,55.9603348332172,55.6410256410256,55.2739130434783,2.69736952126688,-11.23500521366,-14.9813217420627,1.24078997978276,30.2899437566659,28.6734693877551,32.8916666666667,1.67564693338289,-7.55896697760132,-12.4934744330384,0.804310528023788,38.9694792451807,38.6697247706422,40.1478382147838,2.19698755028686,-6.91392663797427,-12.3281802019741,3.15048014711135,4.63194866944974,884,58,1,802,196,3,0.0979020979020979,138,9.20288216239706,1,1152,4.91481692278504,16.9222466222503,32,11.2867674959396,2.46415559642527,1.35890904413393,11.5720702941694,1
250623_Dupi_NMH_KS_3,audiobook,Dupi,DupiS3,KS,3,36,58187,1,91,528,982,982,1526,3052,3196,1042.26629086875,1.022,1.5566599205536,3.196,53.1241392124962,53.2290502793296,52.928,2.58945797757512,-9.69901021907213,-10.564924459417,1.29472898878756,53.3208140084015,54,53.264,1.36211951480506,-11.9063085766258,-11.2448388465215,0.68105975740253,52.5827720522194,52.2790697674419,52.4,1.81008874099626,-11.5952082509077,-13.32381096769,0.905044370498132,48.6454120355834,48.7902097902098,49.544,2.59741854559647,-7.86704620157989,-11.8190126612424,1.29870927279824,54.430883030522,NaN,54.344,0.83305428937915,-14.0194753757055,-12.444490162776,0.416527144689575,53.4014087772433,54,53.3560606060606,1.35491694825518,-11.9841582451424,-11.2802856335512,0.715396148678735,52.7098829842385,52.2790697674419,52.6123348017621,1.87392459675288,-11.5628506330716,-13.3699338362366,0.850761766925806,48.7334096771461,48.7902097902098,49.6360294117647,2.48183910049381,-8.10523932814547,-11.8526682564204,1.35012047066864,36.7868244022266,34.0989010989011,40.348623853211,1.61990243263899,-7.27078095781013,-11.1764407614722,2.47197111220709,5.12176478669058,1292,47,1,730,204,2,0.101898101898102,176,34.1582242714353,1,1944,8.2583949914627,-9.09461421074182,13,4.27912325360102,2.51615711071487,1.46144371903634,14.1107595822677,1
250623_Dupi_NMH_KS_3,audiobook,Dupi,DupiS3,KS,3,37,59785,1,91,530,958,958,1552,3104,2846,895.335137032847,1.062,1.28492186648925,2.846,40.6389530751733,40.1379310344828,40.952,2.51468787336655,-6.23955710162608,-10.200748920047,1.25734393668328,32.7028381907996,32.4414893617021,32.74,2.19741283813622,-5.35246063553509,-10.6983759182589,1.09870641906811,30.1366090164927,26,31.916,1.56293031184359,-6.3732459162562,-11.4029385964561,0.781465155921796,50.6084184238445,52.4814814814815,49.332,1.89925045683237,-10.2141383572277,-12.4934086670788,0.949625228416186,48.9073486634066,46.6913580246914,49.908,1.65606831726984,-10.2862303264749,-11.6057032116609,0.82803415863492,32.663690329908,32.4414893617021,32.6415094339623,2.12181092774859,-5.45477438070712,-10.7594176329246,1.12455979170675,29.467175057966,26,31.1261682242991,1.66320034441,-6.1554242880528,-11.2333052324842,0.711849747407482,49.8713844489772,51.7577639751553,48.5993265993266,1.933691832675,-9.75811703696949,-12.4383216268486,1.14861294860895,53.6763514320265,53.9109589041096,53.0979381443299,1.81801027439884,-11.3058015037858,-11.7421449552046,2.821551945867,3.65796993718026,760,26,1,732,86,3,0.042957042957043,58,12.0857737642491,1,1502,-19.7818250806299,4.94426247813302,32,10.9670140233777,2.22938610623319,0.969826198341391,14.6634949385838,1
250623_Dupi_NMH_KS_3,audiobook,Dupi,DupiS3,KS,3,38,61208,1,91,558,1130,1130,1612,3224,2968,1254.95372643203,1.148,1.65683806430273,2.968,39.5427202463533,37.956043956044,41,2.82256996038073,-5.43588983561992,-10.799111012085,1.41128498019037,50.5200246092031,NaN,44.816,0.394606865953531,-11.4653028397219,-14.3163248239902,0.197303432976766,48.7227305191553,49.2359550561798,47.676,1.93221482987597,-8.52881916927241,-12.6095586250015,0.966107414937983,50.814687774221,52,50.712,0.872493749921551,-12.347047696368,-11.8851784938541,0.436246874960775,36.50431230007,31.8333333333333,38.26,1.89104195837341,-6.17522408044167,-11.6908258624455,0.945520979186703,49.0193166228877,NaN,44.4193548387097,0.419760098454311,-11.0061909547162,-14.2735079286807,0.234226134937505,49.0924731728777,49.2359550561798,48.9545454545455,1.71500498965079,-9.2310451573076,-12.0292812473388,0.980982854080249,49.9835655823217,52,50.0954356846473,1.13603272260391,-11.4198599436381,-12.1067611549944,0.547567772295083,39.1932634747574,39.4597701149425,39.8498759305211,2.40513121899461,-5.06707149824443,-10.7335027726417,3.87707152501931,4.85532666687986,782,49,1,718,198,2,0.0989010989010989,134,30.4738576716557,1,1784,-64.6514892809714,22.202888301634,21,8.59938523664966,1.73825104428514,0.49369133514782,10.4264184430014,1
250623_Dupi_NMH_KS_3,audiobook,Dupi,DupiS3,KS,3,39,62692,1,91,566,998,998,1488,2976,2619.99999999999,1233.55037931717,1.048,1.8431552356135,2.61999999999999,45.9567346470831,45.9855072463768,46.4,1.29513813162251,-7.96817354625511,-12.9315027876111,0.647569065811253,42.9723816124414,NaN,42.948,1.12956750774015,-7.3918623726768,-11.5384465077491,0.564783753870074,52.5361354460723,53.7222222222222,51.848,1.57605690813733,-10.1045552704991,-10.9306653278233,0.788028454068664,45.0205448749383,42,45.568,1.24955966254574,-6.21531588155376,-11.5430870175182,0.624779831272869,37.7060556853417,35.0526315789474,40.456,1.13313981536999,-7.6291996744446,-11.4016234490892,0.566569907684995,43.7143358176468,47,43.4204946996466,1.223181505434,-7.48550438627989,-11.5156346134871,0.692320732075642,53.6074630937706,55.4912280701754,52.5833333333333,1.52304406547805,-10.4625380886532,-10.8638802575147,0.657955036286518,45.1507632933951,42,45.8448979591837,1.26729536180456,-6.17460581233698,-11.532117066637,0.620974727284233,40.0809172862169,41.2202166064982,40.25,1.70756446137713,-5.67368128614129,-10.3004243734103,2.54085591852917,3.84880465734845,766,58,1,750,50,1,0.024975024975025,50,13.3125075153265,1,1452,22.0576740656422,18.6917966278334,23,8.66717565471078,2.03733692858145,0.945281474342118,13.232456878249,1
250623_Dupi_NMH_KS_3,audiobook,Dupi,DupiS3,KS,3,40,64002,1,91,562,1064,1064,1524,3048,3072,1235.79261663208,1.066,1.87105992335661,3.072,41.1433365775396,41.4682926829268,41.524,2.8741005124741,-3.5292119901026,-8.41097988321479,1.43705025623705,47.5384069580831,42.2222222222222,48.16,1.34395600541915,-9.2797014452659,-11.4995488869433,0.671978002709574,53.6501866001188,52.1666666666667,54.512,1.65663444536392,-11.4101354406717,-11.7753297036169,0.828317222681959,57.3395372821831,57.4320987654321,57.168,2.40127778053468,-10.8059985064738,-12.0998215024962,1.20063889026734,38.4481355929367,36.0181818181818,40.776,1.36357383181208,-6.7543428292307,-11.3571306541711,0.681786915906041,48.7364394037446,49.8,48.5836298932384,1.63462077537412,-9.20026005311367,-11.0938098679381,0.918656875760258,55.2870870613676,54.7945205479452,55.2669322709163,1.55883670987048,-11.7307996214763,-12.3269279625811,0.782536028354982,57.1996024605396,57.2923076923077,56.9913043478261,2.18642214761194,-11.0160186314852,-12.2939359283667,1.00575418790149,41.6414996041016,42.3682008368201,40.4055118110236,1.57179116154368,-6.79779572001991,-11.5291846962942,2.39540973019257,4.66046586498719,550,52,1,508,300,5,0.14985014985015,114,13.7138456394329,1,1238,26.2701574653766,10.5032195630327,22,8.22784222914631,1.66027721297031,0.456054861579155,9.72496359181676,1
250623_Dupi_NMH_KS_3,audiobook,Dupi,DupiS3,KS,3,41,65538,1,91,592,1064,1064,1548,3096,3080.00000000001,1197.53713007583,1.098,1.62472052720343,3.08000000000001,35.1247532056108,35.75,34.96,2.21725609184576,-5.43056434725875,-11.0025472343029,1.10862804592288,39.6119135170229,39,40.16,2.27296582262142,-5.32683295088894,-9.31529105660364,1.13648291131071,45.9620170629747,46.1205673758865,45.872,2.38000107205134,-6.84174805102968,-11.1528493934327,1.19000053602567,35.4529175993155,34.9775280898876,35.556,1.76367540672477,-6.00060534353745,-11.0746887924706,0.881837703362386,38.4711884438129,38.3953488372093,39.388,1.27149832557671,-6.51679619357248,-12.211771170418,0.635749162788356,39.9165385431438,39.4646464646465,40.2905405405405,2.459485474276,-4.79397879839446,-9.28220925557081,1.45601540077139,47.4489266717917,48.4897959183673,46.7033898305085,2.09615419668158,-8.89597821720633,-11.8060991965165,0.989384780833707,34.5254237489637,35.2363636363636,34.4917355371901,1.88134026170149,-5.52681731762069,-10.8202700107227,0.910568686663524,44.7121022946662,45.3031674208145,43.9043927648579,1.32242027788243,-7.93299481508646,-12.5193345583832,2.04710659016201,4.59777216340272,628,51,1,118,366,7,0.182817182817183,104,14.9070988604545,1,1568,19.7222538417757,6.59805709606581,20,5.33985798940944,1.56424754525264,0.332305085355476,12.8969386991904,1
250623_Dupi_NMH_KS_3,audiobook,Dupi,DupiS3,KS,3,42,67078,1,91,518,992,992,1486,2972,3078,1273.50511424549,1.018,1.94645100069303,3.078,45.5118782139194,45.2291666666667,45.96,1.96493279070804,-6.69685895716259,-12.2594770373913,0.982466395354018,32.0940154731915,32.5467980295566,32.404,2.98494424507763,-4.43341789337802,-9.20220463398008,1.49247212253882,42.0173184920072,45.0147058823529,38.808,1.91984518627213,-8.41740270763005,-11.8265271702337,0.959922593136068,48.1065460721832,50,47.584,1.52919908774207,-9.04198940540179,-13.7863247638653,0.764599543871037,41.5271851586324,40,42.268,2.0410857069993,-6.82890542548143,-12.8621657043219,1.02054285349965,32.0097088625444,32.3962264150943,32.2857142857143,2.96192776100521,-4.46902073628661,-9.22350876574394,1.5342785802007,42.4649886657608,46.0162601626016,38.9873417721519,1.90082355123045,-8.55221822063114,-11.9231016418283,0.900990363283235,48.2089534391417,50.02,47.6720647773279,1.54259865608307,-9.06650499147866,-13.7090675979556,0.762043736105039,43.1451440854948,43.1547085201794,42.8008075370121,2.36334985056216,-6.32218095977562,-11.4754069818562,3.51193787793537,4.24689397084954,336,33,1,108,438,5,0.218781218781219,276,35.3628848493664,1,1644,-17.7051792828685,30.3194439274947,25,8.83049797409399,1.80212613508311,0.451515335073176,13.066263346202,1
250623_Dupi_NMH_KS_3,audiobook,Dupi,DupiS3,KS,3,43,68617,1,91,538,1038,1038,1556,3112,3155.99999999998,1127.77487745824,1.076,1.60561082844627,3.15599999999998,41.7207204386064,43.9523809523809,38.176,1.65315798889266,-5.78102000158571,-10.4903539968921,0.826578994446329,31.5750184416464,34,30.476,1.16652246654708,-7.56065142836986,-11.5061467864049,0.583261233273539,35.826059376826,28,35.668,1.18417775222223,-6.5119565246636,-11.7674168010378,0.592088876111113,41.7625632675041,41.804469273743,41.628,2.48109964604396,-5.5435286556074,-11.4994562552667,1.24054982302198,43.6652849624813,43.0352941176471,45.256,2.63803709244804,-5.3811224184754,-10.1854183747991,1.31901854622402,31.9126212614897,34,30.8438661710037,1.18099661730892,-7.30488224933459,-11.4458600088406,0.635376180112201,36.6754860378396,36.8148148148148,36.148,1.24958973485782,-6.55123745781427,-11.8609319151956,0.624794867428909,42.5716166592906,42.4052631578947,42.0733590733591,2.76899629386145,-5.43183153622946,-11.194802658477,1.43434008022023,49.2615523900409,49.5042553191489,48.8971722365039,2.32845099525565,-7.11982572664043,-10.8851730163161,3.6230697486178,5.14335137609253,1532,46,1,1220,294,4,0.146853146853147,104,14.2102510000523,1,1400,19.2699677480554,11.1316857110954,26,5.81524873228382,1.98463793550582,0.757285429455054,14.639214751133,1
250623_Dupi_NMH_KS_3,audiobook,Dupi,DupiS3,KS,3,44,70195,1,91,552,1036,1036,1506,3012,3136.00000000002,1050.08978486614,1.068,1.45157467530149,3.13600000000002,55.2291360292567,55.2088888888889,55.232,2.72344144717306,-9.37752765129671,-11.0589039517082,1.36172072358653,50.865595371435,53,50.892,1.09218704820306,-11.8157445647047,-12.6890151731026,0.546093524101528,50.3457178565026,NaN,50.4,0.704925606987085,-11.7302029767181,-13.8674245157009,0.352462803493543,51.4307294642586,51.672131147541,51.012,2.26946093178831,-9.52525591318343,-11.5352123993236,1.13473046589415,34.4192569086766,34.9496855345912,34.412,2.06627032764216,-6.81525309752982,-12.2288947174574,1.03313516382108,50.8782854556912,53,50.9021739130435,1.09244528921503,-11.9067722982335,-12.7763156281397,0.603029799646694,49.9790106474199,NaN,50.1487603305785,0.683579388307594,-11.6135017666447,-13.8270385832785,0.330852423940875,51.5940260129418,51.7258064516129,51.3021276595745,2.37484463303476,-9.39059747813652,-11.4263245134906,1.11617697752634,38.6128666663493,38.5668604651163,38.593625498008,1.77860380448966,-5.89946124903108,-11.1079200450656,2.67857732956143,3.70954144094842,1600,32,1,1186,92,3,0.045954045954046,62,11.6368850590611,1,1154,-5.32688294441283,-2.73420925298695,24,10.161713274181,2.01634031381919,0.749798313760476,11.9832327700556,1
250623_Dupi_NMH_KS_3,audiobook,Dupi,DupiS3,KS,3,45,71763,1,91,494,968,968,1476,2952,2971.99999999998,1027.90174231464,1.018,1.57632932106804,2.97199999999998,44.1169477950169,44,44.1,2.17740704480614,-5.07574509753284,-9.68132492460256,1.08870352240307,47.1374169737872,46.4901960784314,47.08,1.79827623061962,-7.77831084782039,-11.6275843630244,0.899138115309812,46.3868613751408,46.9590643274854,45.556,2.54787196218197,-6.82242281914116,-11.1564596388374,1.27393598109098,44.5330330042438,44.7903225806452,43.904,1.4104775352107,-9.02968836567631,-11.4301512527351,0.705238767605351,47.6449620484097,48.1847826086956,46.772,1.99474936663866,-8.57533460204714,-11.7828316289726,0.997374683319332,47.211136266315,46.6262626262626,47.1417004048583,1.79436936439877,-7.82909829436444,-11.6327012964741,0.886418466012994,45.7597898545469,46.3544303797468,45.0759493670886,2.46055483229113,-6.64907208487634,-11.1970550378462,1.16630299050599,46.4295583366815,48.1363636363636,44.7874015748031,1.49927229564456,-9.35176639644295,-11.4430931749414,0.761630326187436,41.6550482742956,40.52,42.0867208672087,1.83494146559073,-8.08565788025085,-12.2646215365014,2.70837360321192,4.89443042151426,1774,54,1,738,272,5,0.135864135864136,94,13.6271092196198,1,1230,-23.3940428761146,5.99787843823277,19,5.4967497875524,1.22815353965569,-0.186755529177535,11.0275637160051,1
250623_Dupi_NMH_KS_3,audiobook,Dupi,DupiS3,KS,3,46,73249,1,91,590,1078,1078,1552,3104,3278.00000000002,869.020504161218,1.116,1.16991368613421,3.27800000000002,52.169228696373,51.3478260869565,52.712,1.6016695880556,-12.0337903271426,-11.4696329355913,0.800834794027801,55.0303999807525,52.1818181818182,55.22,1.19788291148065,-13.6109655766748,-10.8338358392553,0.598941455740327,35.4302710593932,36.5038167938931,37.352,1.97342200874873,-6.0228205471723,-10.4850090187565,0.986711004374365,38.2013528033814,38.2857142857143,38.488,3.25388296092395,-1.90527802872082,-8.42178898055231,1.62694148046198,40.2840295850178,40.3333333333333,40.156,1.92702086696825,-5.88943565399721,-10.5254430799433,0.963510433484126,54.5256809933612,52.6949152542373,54.8813559322034,1.35098406625255,-13.3201502258847,-10.7498149328439,0.797080599089002,33.6238626070886,33.2330827067669,35.0491803278689,2.18732105853054,-4.74747753329075,-10.3183700331814,1.0674126765629,38.130217532863,38.3194444444444,38.5696202531646,3.1406269223703,-2.08534240817722,-8.45321498588657,1.48865716120352,41.8658843262433,42.1627296587926,40.9226804123711,1.86987297914422,-5.51817943913694,-10.8802907542741,2.90204286363182,4.39651078519539,1322,36,1,756,558,4,0.278721278721279,234,51.8808692803589,1,1944,-16.4382470119522,-41.6745449808315,28,7.25421824261881,1.84240009729925,0.601812199227226,15.470112080581,1
250623_Dupi_NMH_KS_3,audiobook,Dupi,DupiS3,KS,3,47,74888,1,91,686,1164,1164,1728,3456,2621.99999999999,703.934721329055,1.222,0.955363824275699,2.62199999999999,38.2528993484023,47,34.328,0.68244056361972,-8.90990089021695,-12.4021233500304,0.34122028180986,34.9163173931269,34.5384615384615,34.916,1.38475484626833,-6.8091124240332,-11.918914247967,0.692377423134165,39.729203318392,40.3375,42.668,2.22776338315494,-7.15777214125981,-12.0341171292176,1.11388169157747,46.1332159878413,47.0327868852459,45.344,1.50860025602323,-6.18087632406139,-11.0213507036144,0.754300128011614,50.6706943150184,50.5677966101695,50.688,2.03869963653814,-8.01241222829366,-9.58877331831948,1.01934981826907,43.4210139469625,46.4964028776978,40.9037900874636,1.64143215495594,-7.60451089546052,-12.2861733046814,1.12602245829977,32.8220981319385,29.22,37.7782426778243,1.84837753352295,-6.4389897280803,-11.6001314967763,0.883524461023971,48.3791967716835,49.2792207792208,47.613475177305,2.07069695080436,-6.1858711591917,-10.4277877462283,1.16787308025366,46.0557332844056,44.8489795918367,47.2256944444444,2.31798922006195,-4.45593239189238,-8.760901244806,4.00548537226705,4.70239145199852,896,26,1,848,166,3,0.0829170829170829,90,26.7423573530011,1,1968,31.8023145513185,-10.4456210220717,31,11.4101555858188,1.77218278612578,0.366505496974602,15.5256870853826,1
250623_Dupi_NMH_KS_3,audiobook,Dupi,DupiS3,KS,3,48,76199,1,91,656,1160,1160,1520,3040,3042,1451.016620098,1.122,2.0875301918462,3.042,43.7627243937184,43.8662420382166,43.028,2.33679077525661,-3.67453429908838,-9.0556108505918,1.16839538762831,41.2194214139906,41.6558139534884,41.86,3.04145136087135,-2.43904186524302,-8.12193148940222,1.52072568043568,42.8310405153664,42.6388888888889,43.48,2.19704891401531,-4.2760818109368,-8.91367694628379,1.09852445700765,31.0062354024782,NaN,33.616,0.937781278449782,-7.2304738733384,-12.5774115845635,0.468890639224891,52.861264182537,53.2209302325581,52.708,1.91286381568362,-7.19589081629368,-10.414433198515,0.956431907841812,41.5912241378782,42.0631578947368,42.2286585365854,3.03534358663066,-2.89430320648518,-7.95633693580281,1.99118539282971,41.3395998558434,42,40.3333333333333,1.51879160547471,-4.62617121879134,-10.3510144972697,0.765470969159252,30.7204216652968,NaN,34.6333333333333,0.971543177183067,-7.90427352362295,-12.9582317768226,0.349755543785904,52.0643947193275,51.6791666666667,52.2078947368421,1.77611729160473,-8.06672728004976,-10.9186034527846,2.69969828323919,4.96722243862788,436,37,1,166,496,8,0.247752247752248,214,20.9021982085513,1,1540,-16.2637070764561,4.18422228012059,17,5.34373790913605,1.61681191192717,0.402435010745588,13.551195047216,1
250623_Dupi_NMH_KS_3,audiobook,Dupi,DupiS3,KS,3,49,77720,1,91,552,1014,1014,1368,2736,3108,1861.55908835645,1.006,3.00020933171498,3.108,46.4564412171607,45,46.332,1.30630990870802,-8.82450721191828,-11.9276442474662,0.653154954354009,45.3870448330888,44.8102189781022,44.524,2.27278404559691,-6.51100904013588,-10.6266806437064,1.13639202279846,45.2354376628106,45.2162162162162,43.864,1.60291678028081,-8.61902991402367,-12.3640315098299,0.801458390140406,43.0550988306031,43.3103448275862,42.796,1.39448660710405,-7.76280502271583,-11.4863531038983,0.697243303552024,41.2137260008733,41.2846715328467,41.216,2.28336459469289,-4.00545931127557,-9.37290798120907,1.14168229734645,45.6789586758966,45.1986754966887,44.945652173913,2.23963575134949,-6.66633481080682,-10.6713755028018,1.23627893474492,44.6562731783494,44.2985074626866,43.2900432900433,1.61847038350412,-8.55627419611684,-12.5560793221216,0.747733317178905,43.1440965808604,43.25,43.045197740113,1.5884462483523,-7.91956094629096,-11.7921635147348,0.562309971916713,44.8810722379982,44.9253012048193,44.5394736842105,2.40963802911188,-4.98281048347821,-9.17697453871916,3.29638482382505,5.0433924712241,376,49,1,336,356,4,0.177822177822178,114,27.1969106911841,1,1836,9.06621134509579,-2.91128521978635,10,3.3850031514827,1.98114751294244,0.867531210844268,12.6109251269357,1
250623_Dupi_NMH_KS_3,audiobook,Dupi,DupiS3,KS,3,50,79274,1,91,1454,2022,2022,2368,4736,4228.00000000001,1808.5166084656,1.946,2.37044865911971,4.22800000000001,43.6971223318557,43.2330827067669,43.884,2.18478612137185,-4.97574714201541,-10.9039359601232,1.09239306068592,33.1986504537361,31.8478260869565,33.168,1.40314484456547,-6.19903247499679,-11.2704189434956,0.701572422282735,44.9518870050535,51,47.328,1.0432471765656,-8.53792824939056,-13.380435528474,0.5216235882828,50.3920325517228,48.7297297297297,51.808,1.61785320254374,-10.2354705963431,-12.3355665799561,0.80892660127187,51.0745225932691,53.8358208955224,50.472,1.6128875753168,-9.82516005074939,-10.618312657351,0.806443787658399,42.5493470044641,42.5714285714286,43.9463548830812,1.28702517179469,-8.00806964939986,-12.2522930847366,1.87133459978947,50.6999193409494,52.6,50.3345070422535,1.77523991307535,-9.60688030180149,-10.7541228560346,1.0083362706268,45.9577182170794,46.0666666666667,46.8901734104046,2.07319664322185,-7.3901947295045,-10.426774129725,0.71732603855476,44.9271150534696,45.5408388520971,45.1544117647059,2.22115127104241,-6.02379085464093,-10.5028460656932,3.62491887434121,3.62806166183167,1470,49,1,1446,98,2,0.048951048951049,60,21.6371756028672,1,1450,9.35040789224056,35.0188893438047,24,8.39541681844278,1.93384979297027,0.808904260428017,10.9934451885417,1
250623_Dupi_NMH_KS_3,audiobook,Dupi,DupiS3,KS,3,51,81388,1,91,520,1036,1036,1484,2968,2799.99999999998,1145.79800095991,1.054,1.61547812187232,2.79999999999998,43.8169969908717,44.6294416243655,43.124,2.86459109145033,-3.58410900338089,-8.54861246216817,1.43229554572517,34.8763712634707,35.9325842696629,34.564,1.81059084008158,-5.62759533613226,-10.8927383892895,0.905295420040791,44.2485840554238,41.4626865671642,45.208,1.79003201526473,-6.45632344361077,-10.5531284450819,0.895016007632367,58,58,58,1.75299155912979,-8.63108643840822,-9.89827405566579,0.876495779564893,53.9263105193245,58,50.356,1.56815284513811,-8.14723485959921,-13.554160570958,0.784076422569056,35.3110482936168,36.5454545454545,34.85,1.85408737374658,-5.59304722978383,-10.8663943216493,0.96412543434822,44.8057882480653,41.3684210526316,46.2248062015504,1.66952131614229,-6.73427925201636,-10.5842513201679,0.861472999129419,58,58,58,1.80264992259376,-8.55112347917923,-9.86807838217116,0.807587165322003,43.5476163985881,44.7906137184115,44.777628032345,1.66957488157012,-6.35086811498217,-11.1799578699822,2.47764912425006,3.38650163241509,1360,58,1,502,110,5,0.0549450549450549,36,9.165709467789,1,1482,24.0421172453045,25.8389474076004,27,10.3401741769717,1.75867902733064,0.593629530063919,13.2412269849546,1
250623_Dupi_NMH_KS_3,audiobook,Dupi,DupiS3,KS,3,52,82788,1,91,538,1230,1230,2044,4088,4396.00000000001,1282.36365706556,1.288,1.71636724606206,4.39600000000002,34.8469840767014,34.2142857142857,36.7,2.42832703529712,-4.24775264788897,-9.57806986295793,1.21416351764856,47.1108301497096,47.3724137931034,47.328,2.09532233404989,-6.78229726662324,-10.8553622825023,1.04766116702495,50.3337342672745,49.3566433566434,51.292,2.55357457763933,-6.63808176387309,-10.4101015673841,1.27678728881967,48.1879079222209,49.4066666666667,49.164,2.57558762957917,-6.69698560713887,-9.45998829168027,1.28779381478959,53.5992089524419,53.7337278106509,53.356,2.37629637645263,-8.50839988111851,-10.1053652956875,1.18814818822631,47.097938781611,47.3292682926829,47.3048327137546,2.20364581876133,-6.3418687815663,-10.8298089249421,1.1855614504936,51.4532092555435,51.1818181818182,52.4132947976879,2.45667126003971,-7.71458956300087,-10.0735900279781,1.70001651194748,50.3129140970143,51.1111111111111,50.6461916461916,2.44799191278461,-7.1995877631604,-9.88258189040031,1.99266541700668,41.1040925303098,41.3739837398374,39.0378323108384,1.72379482008383,-6.51266712586378,-11.0521164173427,3.37174266808397,4.95494509879978,1274,44,1,40,572,7,0.285714285714286,148,16.3584058171067,1,1662,25.3633086700816,3.25120035731568,15,4.71588084989976,1.47328344902289,0.0646231715114227,13.8872553506104,1
250623_Dupi_NMH_KS_3,audiobook,Dupi,DupiS3,KS,3,53,84986,1,91,672,1280,1280,2330,4660,3789.99999999999,1227.54230713616,1.656,1.39765995775039,3.78999999999999,48.7250323141533,47.8640776699029,50.188,1.62612611119674,-10.8177952841972,-12.8960950245535,0.813063055598371,48.3600332145105,46.5595238095238,49.036,1.62710383391485,-10.0458819619591,-11.206741794089,0.813551916957425,46.2341046759235,45.1860465116279,47.084,2.01341854881134,-8.49529098262704,-11.6861709399292,1.00670927440567,53.3810735017521,53.3333333333333,53.352,2.56856792114339,-9.62794428230196,-11.1869448363334,1.2842839605717,45.0322746574836,45.2762430939227,47.452,3.21120998994322,-5.7328174081425,-9.04594977814099,1.60560499497161,47.0612719792622,45.7705882352941,48.0029761904762,1.9734415625971,-8.89126678327614,-11.3873925079094,1.32615273006525,50.7310152787613,51.0124223602485,50.3980263157895,1.96476922888093,-9.75337321520881,-11.9690055845201,1.19457969115961,45.7048743129711,46.7068965517241,44.0533333333333,2.38461282685939,-6.68351974026366,-10.1581799508442,2.50384346820236,49.7835381883714,51.2035623409669,48.2431137724551,2.1478786139534,-9.22616750748146,-12.0181709398425,3.58695728530218,5.59095097188262,1948,35,1,566,482,6,0.240759240759241,128,31.7189360609301,1,1948,-21.8474672737621,3.54161238694308,21,5.73299335348967,1.4233801013181,0.224150202249431,10.3004280600431,1
250623_Dupi_NMH_KS_3,audiobook,Dupi,DupiS3,KS,3,54,86881,1,91,656,1268,1268,1932,3864,4042,1580.83476248246,1.376,1.97751562442199,4.042,45.7062277340451,46.0869565217391,45.832,1.36530218825498,-10.5249509680349,-13.1307958950345,0.682651094127492,28.5012911572366,28.574358974359,29.4,2.839391019218,-5.02046050730291,-11.2409405512654,1.419695509609,43.4642708055189,44.3305084745763,41.732,2.334511610587,-3.94412512595346,-9.77089428682021,1.1672558052935,32.68938942104,30.3289473684211,34.22,1.51991418223355,-6.81601304464333,-11.2976296294542,0.759957091116774,38.7231829826342,38.1851851851852,38.636,1.92130455573867,-6.38971654014966,-10.9276168522107,0.960652277869335,29.1110793750858,28.574358974359,31.1158536585366,2.34184378927975,-5.44966513825809,-11.5769526373595,1.53624952576752,42.0052463246484,42.0785714285714,40.9738562091503,2.26232332060847,-4.24137447063349,-9.66944078465654,1.38454187221238,34.9983778815631,34.54,34.9006024096386,1.89225865196242,-6.36962425798835,-11.2406118926694,1.25645974490304,50.4855137190642,50.6893004115226,50.3840579710145,2.04066341201868,-10.4839765604699,-11.2153354578892,3.94256171202009,5.37920108547267,842,44,1,6,488,5,0.243756243756244,188,41.8606826857757,1,1670,24.7759438436729,25.8536494584435,24,7.54549176883996,1.49766331539978,0.254292095683992,11.694924390299,1
250623_Dupi_NMH_KS_3,audiobook,Dupi,DupiS3,KS,3,55,88902,1,91,618,1174,1174,1696,3392,4584,1141.37182073736,1.222,1.50773396349398,4.584,57.4805836433389,58,57.056,2.02380682607395,-10.691729886082,-10.6730481621394,1.01190341303698,47.5676195509755,47.8279569892473,47.248,2.18801633126253,-6.61769339547375,-10.9393648793306,1.09400816563127,44.5223498382397,45.0359281437126,44.684,2.65016870832477,-4.18004289920524,-8.40864254507553,1.32508435416238,39.9650485471795,40.1818181818182,40.32,2.34875929331761,-2.66297880564304,-9.10068928462471,1.1743796466588,48.4880032323968,54,47.36,1.32169778502049,-7.53937322991009,-12.134364894493,0.660848892510243,47.4165445498442,47.6147540983607,47.1844660194175,2.33056570301173,-6.42989628911435,-10.4902690474128,1.44028960446125,42.0736505014846,42.2602040816327,42.7589928057554,2.82738657177156,-3.02115591610559,-7.98006927938697,1.57202693390499,41.4273121979903,40.4444444444444,41.4789272030651,1.61164648481483,-4.00167777746732,-10.9718700761086,0.841279465073344,51.3871161695094,52.0856164383562,50.127358490566,1.6295040361182,-7.90830536084404,-11.8943662389401,2.76363884525647,5.37314079495243,1002,37,1,34,306,6,0.152847152847153,96,9.04173320313735,1,1352,-12.8992601024474,-6.30866862694011,17,4.12717976037525,1.52148288913704,0.171153361100552,14.4854731316849,1
250623_Dupi_NMH_KS_3,audiobook,Dupi,DupiS3,KS,3,56,91194,1,91,642,1220,1220,1676,3352,3936.00000000001,960.285332238077,1.192,1.38308834830955,3.93600000000001,41.7596419415696,41.8571428571429,41.992,3.02990284246013,-3.84321097524329,-8.92388881049136,1.51495142123007,39.2189035337939,39.0377358490566,38.192,2.31352987594392,-6.07869281944188,-10.4398203516609,1.15676493797196,30.5885800105567,29.7345132743363,31.404,1.87355941661724,-4.90479269239421,-9.48306187871466,0.93677970830862,44.6647336583377,45,44.636,1.61824728666697,-7.82546173673594,-11.5011887594521,0.809123643333484,53.0455923581245,55.7472527472527,49.512,1.99930398948355,-8.37016673432598,-11.2714575695535,0.999651994741774,37.6763513153504,38.1685393258427,36.3551401869159,2.18235288609936,-5.82608533444597,-10.1754495219241,1.40107055287579,34.1889306188134,29.5,36.3425605536332,1.65505237079667,-5.70392297734012,-9.99108220199368,0.956620270320478,44.9658273765951,45,45.0614035087719,1.51140424606218,-8.07328302413061,-12.5186844939347,0.689200336204354,50.0892499948755,49.480701754386,49.1479713603819,1.90024794892131,-7.08402752300778,-10.3325242245221,3.18481556239212,5.80225621810953,1874,56,1,112,350,6,0.174825174825175,128,26.4546244761871,1,1620,-57.7897932081199,-2.14742993263111,31,11.4689505822571,1.25243647222042,-0.202369036309299,11.8992463612469,1
250623_Dupi_NMH_KS_3,audiobook,Dupi,DupiS3,KS,3,57,93162,1,91,596,946,946,1358,2716,2965.99999999998,778.250895351501,0.956,1.37567979278104,2.96599999999998,41.0961566122392,41.0894308943089,41.66,2.32640567283876,-4.3938905221038,-9.66771670929464,1.16320283641938,40.9922171071311,40.3422818791946,42.228,2.17418081740179,-5.30926906453594,-10.6235315973869,1.0870904087009,41.6886785428243,44.2280701754386,40.088,1.78290385137375,-6.41038414038651,-10.2531233178518,0.891451925686874,49.8670125482506,49.8850574712644,50.164,1.57964006215088,-8.64157960756649,-10.3337729947834,0.789820031075442,45.9092617368062,46,45.664,1.45118860074167,-6.25186496304951,-10.5538711229804,0.725594300370837,41.2753001621994,40.4935064935065,42.3087248322148,2.04372809783952,-5.51678193852964,-10.7440683035194,1.21806194631236,38.1470436095656,40.3048780487805,36.9085714285714,1.78234991672574,-5.96241503147023,-9.74560796628748,0.623822470854008,51.0411154533044,51.3333333333333,51.9320388349515,1.99515625416929,-8.54125525355055,-10.4048953114921,0.822004376717747,42.9564378989104,42.9210526315789,43.0309278350515,1.31414187374857,-5.48979027120903,-10.7722361578256,1.78460466455056,3.83939005557981,0,34,1,0,166,4,0.0829170829170829,66,10.561176294203,1,1812,29.1079491557579,0.0386161462016471,26,7.65225871312173,2.68523129834142,1.44478148743286,19.9580926652569,1
250623_Dupi_NMH_KS_3,audiobook,Dupi,DupiS3,KS,3,58,94645,1,91,518,952,952,1372,2744,2776.00000000001,1388.47839012522,0.95,2.34756419450669,2.77600000000001,41.4070425825471,41.4178403755869,41.38,2.88849235758785,-3.04221309935228,-9.32625687646399,1.44424617879392,53.7252864386906,53.5289256198347,52.952,2.27644254611064,-8.93021327085556,-10.524725520674,1.13822127305532,46.1815109971742,44.2564102564103,48.228,1.60337369372878,-7.68081303707119,-11.2845609361609,0.801686846864391,41.4538542313345,39,42.06,1.68600661857549,-5.58683592903687,-11.16466525345,0.843003309287745,28.7676584830309,28.0970873786408,29.36,1.86295859663287,-5.8146325545583,-11.561106232134,0.931479298316436,53.7499940805085,53.5289256198347,53.011583011583,2.24661469028282,-8.98686332295279,-10.5739182610078,1.1637464095665,46.2212894485525,44.3389830508475,48.4285714285714,1.52680029715634,-7.95204365934529,-11.285362297894,0.662631328965851,42.7691091472857,40.9387755102041,43.2142857142857,1.66532919093982,-5.95022691410275,-11.0116371693352,0.699438260194723,33.0908934981123,33.134670487106,33.1793002915452,2.05976269719001,-4.98848881647453,-10.642087506044,2.8259944205447,5.25556429755721,322,56,1,290,332,5,0.165834165834166,102,34.9496998968761,1,1620,26.327072661734,-19.5404213347229,32,10.4160405015071,1.85238947490167,0.736099301646762,11.8175441678298,1
250623_Dupi_NMH_KS_3,audiobook,Dupi,DupiS3,KS,3,59,96033,1,91,520,996,996,1392,2784,2834,1448.24566104874,0.988,2.28278087498303,2.834,35.4772077322377,35,35.784,2.0739635186328,-4.22677996051185,-9.88784819152847,1.0369817593164,39.4794868532459,39.0869565217391,40.108,2.04036547220859,-4.27117417161789,-9.32124322904996,1.02018273610429,46.33302630454,46.06,46.624,1.96473098836319,-8.00806394185494,-11.3602809170586,0.982365494181594,44.3397183003388,50.0677966101695,38.488,1.28590901754798,-8.02184491041294,-11.3434082096206,0.642954508773992,47.0756378482814,47.2913385826772,46.712,2.04425786304276,-6.77088979892484,-9.74574370135604,1.02212893152138,39.7061427037835,39.0869565217391,40.4346153846154,2.01162587176737,-4.39614965555656,-9.42444164385917,1.04604545331903,46.2725217902167,46.06,46.546218487395,1.99428518163499,-7.94018200873404,-11.288961080699,0.949279746458257,39.3618533781984,46,35.1666666666667,0.936147447341659,-8.01952881713126,-11.631349522402,0.370714389147297,45.8796080472836,45.813698630137,46.3045977011494,2.17559826466075,-4.83061774401262,-9.46969597883696,3.02843278440777,4.28810032944774,856,46,1,38,280,6,0.13986013986014,78,31.1543409533491,1,1704,27.4285714285714,9.56973238545427,14,5.19390917939637,2.12392885983283,0.906967170471558,15.180334087582,1
250623_Dupi_NMH_KS_3,audiobook,Dupi,DupiS3,KS,3,60,97450,1,91,522,926,926,1326,2652,2852,1347.33488366553,0.938,2.2544549030593,2.852,46.8740733535054,46.4864864864865,47.284,2.16460802767414,-6.62596164200002,-10.2000611652615,1.08230401383707,39.299670580887,39.0086206896552,39.68,1.75332202636731,-3.75443822629474,-9.91944238067283,0.876661013183653,53.3302269730103,56.3069306930693,51.624,2.09040105271063,-8.48574440571439,-10.7012375903523,1.04520052635532,41.3962451133497,40.8421052631579,41.192,1.26345129458993,-5.17870541528469,-10.182398047397,0.631725647294963,38.4242111780681,36.6701030927835,39.476,1.78704106096164,-4.32187954608983,-10.8718915441938,0.893520530480821,39.3280319415859,39.0086206896552,39.6934865900383,1.75030982578027,-3.7330793605446,-9.87946052913298,0.913661729057303,54.9588691052441,56.3069306930693,53.470297029703,2.21002100329231,-9.48509960126654,-10.9574655130945,0.892848485330093,43.1009289005554,44,42.85,1.34474255693566,-5.85216193218317,-9.82353149303576,0.537897022774263,45.3779435100102,45.448275862069,45.1478129713424,1.67703292704572,-6.43492163502583,-11.2176412452428,2.22374566126263,4.83817758221331,616,56,1,580,146,2,0.0729270729270729,88,14.6155000516433,1,1722,-13.3117055587175,21.0255145717795,21,8.529999967976,1.66181060640623,0.555986130967294,12.65778399487,1
250623_Dupi_NMH_KS_3,audiobook,Dupi,DupiS3,KS,3,61,98876,1,91,512,1012,1012,1466,2932,3105.99999999999,1183.31541580655,1.01,1.83632848402982,3.10599999999999,50.6748993505443,50.6526315789474,50.844,1.91556129396241,-8.92900920637172,-11.2520733798405,0.957780646981203,42.8632638967166,42.7547169811321,42.492,2.46738493601391,-5.09239652818319,-9.79478801892799,1.23369246800696,33.38101914774,33.4275362318841,33.644,2.48557023201778,-3.75072247929167,-10.494967503405,1.24278511600889,45.0245203962311,44.78391959799,45.916,2.91679360772136,-4.90858903043185,-9.88958533077872,1.45839680386068,56.9614357308533,57.3541666666667,56.56,2.47703167586318,-9.90245049727815,-11.7134374132495,1.23851583793159,42.7257233531049,42.7547169811321,42.29296875,2.44753658881257,-5.06459039471217,-9.8185968411241,1.25313873347204,33.5214667476188,33.6180555555556,33.74,2.52878131001826,-3.71149962777428,-10.4521134142775,1.26439065500913,44.7837288411161,44.554347826087,45.5198237885463,2.9714211101085,-4.75568318089061,-9.78398203655949,1.34902518398926,54.9480597484482,56.8676470588235,53.6493860845839,1.72850896474558,-10.2420792371927,-12.0205377613014,2.53399414231702,5.67719561288603,18,49,1,0,750,8,0.374625374625375,162,55.74374202155,1,2000,-46.1153481312844,-9.1412327390479,27,10.1202267210056,1.75747310774428,0.407923424400227,14.3236066986313,1
250623_Dupi_NMH_KS_3,audiobook,Dupi,DupiS3,KS,3,62,100429,1,91,510,954,954,1456,2912,3045.99999999999,1106.58860141056,1,1.69070385983451,3.04599999999999,31.9558348993449,31.4333333333333,32.372,2.38031880584244,-4.83333798015703,-10.9346347730741,1.19015940292122,44.692694375934,43.9873417721519,46.096,2.50068254176745,-5.83119807576935,-10.9516277320039,1.25034127088372,40.3073689893852,40.6214285714286,39.212,2.5178872174693,-3.07712516253093,-9.05508763786771,1.25894360873465,52.6414703024701,52.4532374100719,51.732,2.20912396450774,-7.94660514290672,-11.706528297991,1.10456198225387,49.8494444211244,48.954954954955,47.152,2.17467514219029,-5.14934458201839,-10.2938549381099,1.08733757109515,44.6694039524083,43.9877300613497,46.0549019607843,2.53694925083398,-5.69749687395873,-10.8741754266828,1.29384411792533,40.4723610607699,41.2142857142857,39.3333333333333,2.50321090566513,-3.07687531938544,-9.05416485084466,1.11142564211532,50.3308442271902,49.2,49.9203187250996,2.05936116268118,-7.28936705231462,-11.444501984501,1.03379930366595,41.1388716905063,40.3620253164557,39.407967032967,2.22417262805733,-4.43317670536611,-9.72157131160031,3.23839534645148,5.34903732414389,1546,54,1,0,546,3,0.272727272727273,252,24.496550145291,1,1958,17.6846898121798,-21.6596568280791,23,7.46569274390957,1.35749914919067,0.0638680213762864,13.3488180031846,1
250623_Dupi_NMH_KS_3,audiobook,Dupi,DupiS3,KS,3,63,101952,1,91,498,884,884,1360,2720,3102,1110.4092005653,0.936,1.81548202298656,3.102,50.6520565358612,50,50.864,1.26628543090094,-10.4951353297323,-10.419080168018,0.633142715450471,47.1312234060616,47.4634146341463,45,1.68816959036081,-6.73400728875935,-10.4359449867523,0.844084795180406,35.40059870276,35.4235294117647,35.332,1.57259349025803,-4.87818607860341,-11.0084237436163,0.786296745129015,41.0350659737039,41.1803278688525,41.58,2.38764925251683,-5.04575138711023,-9.83585674402622,1.19382462625842,53.9656296319741,53.9533678756477,53.988,2.81344521566894,-10.3404388019833,-10.2755394441794,1.40672260783447,47.1411667733851,47.4634146341463,45.0481927710843,1.69375758354236,-6.72631564686783,-10.4268279653652,0.843491276604096,33.4666763686078,31,34.2176165803109,1.32675117259504,-5.75054848915221,-11.4341363207642,0.512125952621687,38.532443143385,38.2857142857143,38.9579831932773,2.41910522351026,-3.82311879622609,-9.80760872479082,1.15149408639088,50.0005868292949,51.4982935153584,45.7220588235294,1.76906872625186,-9.21042387640259,-11.3493380138587,2.40593346770253,4.9295877387649,1636,54,1,0,346,5,0.172827172827173,182,12.0992372894369,1,1154,-31.6539556061469,-7.38796665053784,25,7.92155885666375,1.6901011271039,0.409006248693512,13.6482859738106,1
250623_Dupi_NMH_KS_3,audiobook,Dupi,DupiS3,KS,3,64,103503,1,91,530,1036,1036,1484,2968,3636,922.198488391158,1.038,1.33425366615682,3.636,46.7041715295046,46.7272727272727,46.504,3.02638162845009,-7.38319922462828,-12.7662909388599,1.51319081422505,40.5232087440474,44.4418604651163,37.084,1.46616235647292,-7.5279318924496,-11.7123610135399,0.733081178236461,40.6232087652556,37.2592592592593,42.208,1.74127580825401,-8.11803569952677,-11.9852340676114,0.870637904127004,54.7299197679363,55,54.068,1.73662925878899,-13.1147615262693,-12.9426602465424,0.868314629394494,36.1150887390209,36.3490566037736,35.844,2.10865086508655,-6.24677249431405,-10.8574478422965,1.05432543254328,39.7149390333831,43.0736842105263,36.6830188679245,1.49825006590285,-7.39346306350232,-11.6828052101152,0.794072534928511,41.6861562246418,37.9191919191919,43.4861660079051,1.65065003398042,-8.51765953038395,-12.1629139204134,0.835228917194091,54.9183392509369,55,54.4330357142857,1.83713333249351,-13.2069329996987,-12.8642054398187,0.823035732957092,43.4830439118863,43.8520710059172,44.9083557951482,2.02999255256205,-7.68668462475714,-11.3742045133132,3.01250894800208,4.73725389744182,1850,36,1,0,306,5,0.152847152847153,126,21.8158146927554,1,1450,-53.0756972111554,34.3761863996725,27,9.7519462780638,0.992769121362251,-0.448463516504562,8.28854969756178,1
250623_Dupi_NMH_KS_3,audiobook,Dupi,DupiS3,KS,3,65,105321,1,91,534,970,970,1434,2868,3252.00000000001,824.544358794593,0.988,1.24682453037352,3.25200000000001,33.1210125260918,30.5,34.104,1.89580984112945,-6.46178477272566,-11.1826405803812,0.947904920564726,33.6559399611061,33.7164948453608,33.712,2.6683749738936,-4.50616209800615,-10.9307477030577,1.3341874869468,43.1973895681721,43.4615384615385,42.452,1.25536407087928,-8.67859752599058,-13.8797549122534,0.62768203543964,40.5956898798989,42.045045045045,38.4,1.77283629421671,-7.0169792838113,-11.7091354820204,0.886418147108357,53.237831132554,53.4689655172414,52.86,2.45760349698088,-9.78602724249933,-12.1883460868605,1.22880174849044,33.7371290634311,33.8199052132701,33.7940074906367,2.65910389729327,-4.54462412370232,-11.0179153539046,1.41996148115461,43.0610779613562,42,42.1697247706422,1.09364111398756,-9.00105308206734,-13.8999365510524,0.476827525698575,41.9648396409263,43.5873015873016,40.0991379310345,1.94232474583703,-6.95828628006627,-11.7751520371145,0.901238682068384,51.2514677535464,51.6084507042254,50.397489539749,2.10178828359137,-9.95817806973382,-13.0555687557009,3.01396439867002,5.2285203600079,1742,53,1,0,420,7,0.20979020979021,152,20.9151825006784,1,1840,5.36520584329348,27.7898537238992,31,10.3493480518038,1.5559879294493,0.324876167353971,8.5688871318115,1
250623_Dupi_NMH_KS_3,audiobook,Dupi,DupiS3,KS,3,66,106947,1,91,530,1012,1012,1502,3004,3132.00000000001,921.269303482011,1.032,1.33774126315391,3.13200000000001,36.4175476967598,36.6545454545455,37.64,1.74445529283837,-5.53675176217087,-11.8489980206096,0.872227646419185,30.0380838439355,29.029702970297,32.652,2.22947488948525,-4.35565694507968,-10.8973870565335,1.11473744474263,51.5627999190252,54,46.824,2.19185458453475,-8.56704253877639,-12.4700186616292,1.09592729226738,49.2363404789866,46,50.056,1.22663459169438,-9.36669638328567,-10.8449137213277,0.61331729584719,50.1347547907923,47.8888888888889,50.916,1.27649154010764,-9.28566874173731,-11.8235737193681,0.638245770053822,30.0376356904573,29.029702970297,32.5018867924528,2.12832334568681,-4.51257283139631,-11.0096132859,1.12801137321401,51.6911371539113,53.6842105263158,47.850622406639,2.29985872311234,-8.56564611288704,-12.4451376022264,1.10853190454015,49.370978461089,46,50.1469387755102,1.20579170099656,-9.37588070382979,-10.7853158669565,0.590837933488315,50.7802652341508,50.9449541284404,49.9054593874834,1.8815656527551,-7.76451233249008,-11.1569791319501,2.82611161043816,6.01447881668381,26,25,1,0,264,2,0.131868131868132,142,56.6681399958916,1,1872,24.9038133181559,32.8890460416124,33,13.0076802154337,1.36566016206924,0.143541746783487,8.43892371818756,1
250623_Dupi_NMH_KS_3,audiobook,Dupi,DupiS3,KS,3,67,108513,1,91,574,1024,1024,1478,2956,3007.99999999998,1171.29036082154,1.042,1.67564090641223,3.00799999999998,47.5959921252476,46.8011363636364,44.984,2.70971030194573,-5.42153142528781,-8.56074373819878,1.35485515097287,47.8603205346652,47.1666666666667,48.816,2.176302468388,-7.76278245686982,-8.61033578625916,1.088151234194,45.7669842032163,NaN,45.564,0.93194163156396,-8.47345692828804,-11.429626382266,0.46597081578198,45.6569920622015,43.8196721311475,48.036,1.54065281634403,-8.19735916239053,-12.6470559771206,0.770326408172016,44.9115666550017,44.3571428571429,45.384,1.9268049382153,-7.78850197192217,-10.8677057512306,0.963402469107651,47.9636546735057,47.1666666666667,49.1777003484321,1.95249490290589,-8.15596461432718,-9.01326356981557,1.12073207426798,45.0952201166444,NaN,44.3777777777778,1.0399983040038,-7.98303702083175,-11.1860096396237,0.467999236801712,45.573539260262,43.8196721311475,47.8766519823789,1.58694491817945,-8.10570465367747,-12.6072489800758,0.72047299285347,44.1701520359156,44.3603238866397,43.1312584573748,1.66368145989302,-8.39792508843145,-12.0093209916804,2.45892119772189,4.47914155438435,26,48,1,0,234,4,0.116883116883117,86,17.3891691237322,1,1928,12.500474293303,-13.2714854654409,17,2.99994540044225,1.28501158578572,-0.0324818321128704,9.28634678012972,1
250623_Dupi_NMH_KS_3,audiobook,Dupi,DupiS3,KS,3,68,110017,1,91,512,938,938,1440,2880,2528.00000000002,1081.33458360992,0.972,1.70145883803805,2.52800000000002,28.1540803027833,25.7868852459016,29.336,1.47275743125481,-7.23672853318432,-12.3126035068345,0.736378715627407,35.3213554992834,39,34.624,1.09681511033079,-7.82474620189054,-12.8617437527711,0.548407555165395,46.33636890128,47.2040816326531,45.564,1.77399346392289,-8.31974162100767,-13.1655945278274,0.886996731961445,46.0908293860586,46.0731707317073,46.66,2.55455988641243,-7.07808402852334,-11.526725616418,1.27727994320621,45.3216433826075,45.6048780487805,44.66,2.86297645985169,-7.54993730903114,-11.3432403372031,1.43148822992584,35.3951366180072,39,34.703125,1.10144698166909,-7.83594824933892,-12.8539748582364,0.563940854614574,45.626595877595,45.9705882352941,45.131455399061,1.64418350440753,-8.09001737205016,-13.2474327751582,0.70042217287761,46.5290117507842,46.7289156626506,47.1115537848606,2.56053481070481,-7.30952181853498,-11.7788466712038,1.28538847497381,43.8096142887956,44.3976109215017,43.3388888888889,2.98995575268525,-6.68661703241218,-10.1797700778348,4.30553628386676,4.45029323130838,1354,43,1,808,490,7,0.244755244755245,126,26.707919208933,1,1862,20.8757351546196,21.8197044701679,12,3.41592721506456,1.07374697831677,-0.453565546774637,10.3182731441347,1
250623_Dupi_NMH_KS_3,audiobook,Dupi,DupiS3,KS,3,69,111281,1,91,538,1010,1010,1426,2852,3067.99999999998,1300.37584781621,1,2.10931328983102,3.06799999999998,33.5117586448087,33.5897435897436,33.94,2.66801524408863,-5.02357290003268,-9.3929391609565,1.33400762204431,54.0775278480611,54.3,54.172,2.88674368667663,-8.94909136734012,-10.5453293989118,1.44337184333832,42.4529774214794,41.0849056603774,42.94,1.81731821215983,-7.73016734628086,-12.5162098676883,0.908659106079913,31.6970374778919,32.2371134020619,31.488,1.79022036528027,-6.14443834316686,-12.0315918621267,0.895110182640136,37.7533246580247,35.6923076923077,38.952,0.869321381104524,-8.36740375206817,-13.2542263077961,0.434660690552262,54.1935086383077,54.3560975609756,54.364312267658,2.79962733169322,-9.10222093792057,-10.7174546618567,1.50619950445095,41.23561626754,40.3168316831683,41.5847457627119,1.82061012753082,-7.49930463716031,-12.4092158547479,0.859327980194548,31.4552236275624,32.0864197530864,31.2067307692308,1.79388438091012,-6.17013786418484,-11.9584893724518,0.746255902458612,38.8583610213926,38.8294314381271,39.1037868162693,1.58901105350464,-6.58694703722849,-11.5225023578222,2.26592976229762,4.59120153242768,16,54,1,0,324,6,0.161838161838162,140,25.7651185063017,1,1512,8.80971352684499,-37.1905125246585,31,11.1063376011665,2.25774012365769,1.09473412092059,12.8529715459106,1
250623_Dupi_NMH_KS_3,audiobook,Dupi,DupiS3,KS,3,70,112815,1,91,516,1022,1022,1578,3156,3056.00000000001,1133.82626837291,1.078,1.65611307265775,3.05600000000001,39.9781713936498,39.8863636363636,39.816,2.72799041498446,-5.67915043098393,-10.7156057831029,1.36399520749223,28.7528835218659,28.4197530864198,30.66,2.55272764425859,-5.63753847660874,-11.8321296152285,1.2763638221293,54.7652869310057,56.1095890410959,54.708,1.37784969240277,-12.8121520414126,-13.4700144761804,0.688924846201383,54.979966791443,55.9569892473118,53.172,1.78506725556572,-11.4433423099085,-14.5913862243648,0.892533627782858,38.6784120016333,NaN,39.292,1.05043657357751,-8.33186479633259,-13.945283705998,0.525218286788754,28.9371503051257,28.4197530864198,30.9496124031008,2.51477402070944,-5.69729414046686,-11.8587580179047,1.29762339468607,55.2216740574012,56.0657894736842,55.1857707509881,1.40142663195143,-12.9884137457174,-13.528809751611,0.709121875767424,53.8718279186093,55.9888888888889,51.6906474820144,1.68800275638732,-11.2254731499347,-14.6325592512536,0.938529532551348,45.1479928506091,47.7777777777778,43.9505703422053,1.57312876758758,-9.00061245076974,-13.2321290610393,2.4823971952532,4.85018595270006,404,25,1,248,278,5,0.138861138861139,142,9.82159539099712,1,736,-30.4481123126542,52.5914690884728,32,14.3034018729499,1.53196438335804,0.151591490807042,9.16263825054013,1
250623_Dupi_NMH_KS_3,audiobook,Dupi,DupiS3,KS,3,71,114343,1,91,542,1016,1016,1474,2948,2355.99999999999,1031.54955275026,1.024,1.56542177192103,2.35599999999999,42.3982580596302,42.777027027027,41.456,2.19402015904689,-7.90504932149535,-12.4509973840126,1.09701007952345,33.1636654668503,32.5,35.064,1.63634722890909,-7.20953662258814,-12.4552073079597,0.818173614454546,30.8747459353034,31.2705882352941,30.908,2.49039250026068,-5.6155146620882,-11.0995869099951,1.24519625013034,47.3512313145383,48.83,46.684,2.11002833804964,-8.70382618430119,-12.8893418662664,1.05501416902482,43.1405738798488,43.2,43.192,2.52159019957213,-6.54047534381093,-11.4556904277796,1.26079509978607,33.2808300294279,32.8247422680412,34.9815498154982,1.75547507661413,-7.03809417787824,-12.2700036022536,0.95146749152486,30.6648203199642,30.8859060402685,30.9029535864979,2.39236872699633,-5.67670071072893,-11.1804438555096,1.13398277659626,47.7077390931311,49.03125,47.1091703056769,2.14756884224785,-8.79876720230268,-12.9657960392095,0.983586529749516,45.547397774352,45.46875,45.6146540027137,1.99902522619061,-7.69003652919705,-11.9811955103561,2.94656318340496,5.05690596165815,444,33,1,380,578,7,0.288711288711289,146,11.5783197355573,1,1604,-28.4321760576741,-4.94947333159639,25,7.68340081972918,1.29095197933286,-0.171924542928117,9.93305637818894,1
250623_Dupi_NMH_KS_3,audiobook,Dupi,DupiS3,KS,3,72,115521,1,91,558,1112,1112,1498,2996,2924.00000000001,1072.71303122958,1.052,1.75568465029736,2.92400000000001,45.097231225088,NaN,43.048,0.616733187879067,-8.82171229293945,-13.6109552459006,0.308366593939533,42.172522273515,41.8854166666667,41.78,1.83582660147593,-7.3313130609883,-11.5826350577822,0.917913300737963,55.1723446052287,56.6180555555556,53.46,2.68760090820998,-10.188767273337,-11.2132695743436,1.34380045410499,52.8258698286746,52,53.856,0.987041788109956,-12.7949042949669,-12.0336630553664,0.493520894054978,41.083814090204,39.7096774193548,43.964,1.3123068521189,-8.85072867581875,-13.6292030597063,0.656153426059448,44.9095787442346,44.928,43.1541218637993,2.09121861254335,-7.42577067980364,-11.4476716109821,1.16689998579919,54.6390153561223,55.7051282051282,53.0036101083032,2.40492693360018,-10.4726741180217,-10.9489965078177,1.3323295212145,53.5821794828056,NaN,54.3730569948187,0.661737475575342,-13.8477227337482,-13.0135201989105,0.255430665572082,46.14386350214,46.6674259681093,46.2336448598131,2.21784494263033,-7.89385929649304,-11.3801277806131,3.32233172406023,4.95321373846263,548,55,1,120,360,5,0.17982017982018,220,24.437787921964,1,1608,64.9258205274141,8.84858748650762,27,9.79238987086446,1.76315616336089,0.505749223758662,12.0240992695547,1
250623_Dupi_NMH_KS_3,audiobook,Dupi,DupiS3,KS,3,73,116983,1,91,522,1054,1054,1496,2992,2585.99999999998,1426.48790022961,1.048,2.14901645797253,2.58599999999998,42.9139029140561,42.3428571428571,42.988,2.22475495192524,-6.72227931816366,-10.9167694438954,1.11237747596262,35.7986939538778,35.6994535519126,35.112,2.85553789653544,-4.10823701044829,-9.03989907680794,1.42776894826772,42.1251294866267,40,43.988,1.19715936555701,-6.57285151737377,-12.0187292620925,0.598579682778505,46.9790079047863,46.4172661870504,47.328,2.51861394530219,-6.1969412997116,-10.5713756544544,1.25930697265109,49.8657076011731,54,47.76,0.971603446552466,-10.1405936821747,-13.438447210755,0.485801723276233,35.8490181310283,35.6994535519126,35.2758620689655,2.77887313454766,-4.19711171428172,-9.14877906660796,1.45057177623388,43.2631383578386,40,44.8045112781955,1.24522696533507,-6.7989218985996,-12.0023253700048,0.662460745558258,46.7508374675952,46.4172661870504,46.9954751131222,2.64269405871163,-5.8816502472,-10.3884239265644,1.16807077395054,43.7315709054714,47.7319587628866,39.9839572192513,1.31058369328182,-8.61521138562921,-13.2924835832516,1.96063320514961,5.13749409659309,1140,50,1,60,420,5,0.20979020979021,188,38.4398528306767,1,1406,-25.460823373174,27.0376298060818,29,7.52059798065302,2.33003696887571,1.26964695665387,13.600045358848,1
250623_Dupi_NMH_KS_3,audiobook,Dupi,DupiS3,KS,3,74,118276,1,91,576,1140,1140,1562,3124,2932.00000000002,1335.9881538433,1.108,1.97629611214849,2.93200000000002,37.9299148652524,38.1455696202532,35.208,2.40574176036554,-7.00500390418476,-12.4061057145188,1.20287088018277,33.1670484285142,NaN,32.532,0.58377645293127,-8.39966165184962,-15.1183199204726,0.291888226465635,41.7519673397841,39.3125,42.34,2.15103774553652,-7.50488938266046,-11.5113888675539,1.07551887276826,47.4300772551958,46.9320388349515,49.544,1.9545709819411,-9.66388211782554,-12.645562645636,0.977285490970552,40.6306019697146,39.9492753623188,42.268,2.57575336965946,-7.37965700313805,-10.9242218197759,1.28787668482973,33.0220858786786,32,32.5555555555556,0.673943026360805,-8.18700118619388,-14.7961427277876,0.388191183183824,44.5916194882512,40.2,47.0496453900709,2.02473904989222,-8.41763991219244,-11.8546183609271,1.14195282413921,43.004885662179,44.0387596899225,45.4834123222749,2.74542292102549,-7.78868047178789,-11.1599123989997,1.15856847267276,46.9368755875272,46.2222222222222,47.416133162612,1.86508798806005,-8.74298562571676,-11.9027084634083,2.9132674373498,5.84904019221103,1514,37,1,722,374,4,0.186813186813187,138,16.0489855050477,1,1354,8.25118573325745,27.5783489038597,26,7.47470795311288,1.75228987093885,0.611609651850696,10.3359716054137,1
250623_Dupi_NMH_KS_3,audiobook,Dupi,DupiS3,KS,3,75,119742,1,91,692,1238,1238,1728,3456,3419.99999999999,1397.42511952981,1.264,1.74481252873734,3.41999999999999,49.6211719043178,50,49.2,2.0337827480671,-8.46744721734454,-11.6360275067947,1.01689137403355,51.952893649085,52,51.776,1.64278289420629,-9.90913725688496,-11.7799250249016,0.821391447103145,50.8618489440055,51.7272727272727,50.188,2.00127620203911,-9.65467985986649,-12.5925105162315,1.00063810101955,51.1287405312833,56,48.58,0.487310490196249,-11.5204888866241,-14.1660131523077,0.243655245098124,41.605973506011,40.7977528089888,44.668,1.55761814218624,-7.41625983908072,-11.0772325751625,0.778809071093121,51.2174786851186,51.4666666666667,50.5202312138728,1.42674123915657,-9.9424219238582,-11.8671576536637,0.98730493749635,51.5854112807589,52.384,49.6776556776557,1.74774357987517,-10.1467122081811,-13.3105040838339,0.954267994611845,51.1218271457402,NaN,50.930612244898,0.624779980909103,-11.3980358722621,-13.1062315234539,0.306142190645461,43.1042828870609,43.3673469387755,43.0474537037037,2.30541309468245,-6.30720508607832,-10.571476823964,3.98375382761128,4.75617018825108,2000,31,1,182,246,3,0.122877122877123,100,19.7229228932876,1,1362,-3.71580345285526,2.69847768638107,26,7.97692351583175,1.57183355238804,0.303760535918121,9.49978202114139,1
250623_Dupi_NMH_KS_3,audiobook,Dupi,DupiS3,KS,3,76,121452,1,91,492,972,972,1530,3060,3015.99999999999,961.911818872237,1.032,1.42940787604762,3.01599999999999,54.0931684713473,53.9611650485437,53.624,1.99380213222457,-10.7246646616582,-11.4367377128076,0.996901066112285,39.4594803567032,39.3279352226721,39.384,3.45076854085422,-4.08926058093877,-9.89064400742243,1.72538427042711,41.7710061507399,35,42.472,1.41701576984016,-7.85877829660883,-12.4835646276753,0.70850788492008,30.9186662367424,28,35.336,1.5311589542048,-6.45467913770558,-12.2803240652545,0.765579477102401,44.2869848731736,46.6991150442478,43.02,2.04954559309955,-7.54238660984774,-12.329351005407,1.02477279654978,39.5209481903177,39.3991769547325,39.4552845528455,3.45919828422945,-4.07490321936117,-9.86392516274021,1.70192555584089,41.4094000410369,35,42.1416666666667,1.47689543896727,-7.71083017517731,-12.3995610726143,0.708909810704292,31.216831847319,28,35.5304659498208,1.50434008218815,-6.5254892290905,-12.34430801171,0.839421765860987,46.6310597751146,48.1365313653137,45.9084967320261,1.79851659060997,-8.07927549221621,-11.8355523019861,2.75173038363325,4.44649870330806,210,42,1,56,516,4,0.257742257742258,298,14.2223590393053,1,1240,-22.6241699867198,15.4084006401906,19,6.54563432703644,2.23468818476523,0.787636348563055,16.5973824875296,1
250623_Dupi_NMH_KS_3,audiobook,Dupi,DupiS3,KS,3,77,122960,1,91,502,974,974,1484,2968,2856.00000000002,1027.90893729238,1.012,1.58567908092694,2.85600000000002,49.7030291279367,49.0490797546012,49.112,2.3372545849965,-8.7038393024599,-10.8907393306578,1.16862729249825,52.7130626905391,54.2292993630573,51.248,2.54793626209513,-9.89708936846751,-12.3145767405858,1.27396813104756,46.825196994364,47.1743119266055,47.724,3.16365403746945,-7.10499957669052,-11.124770083031,1.58182701873472,34.8299916304435,34.8899082568807,35.396,2.11971209888264,-6.45404821077101,-12.2942405787692,1.05985604944132,38.5566875754513,31.8367346938776,47.356,1.33095904166246,-9.55739051436633,-13.2032911981873,0.665479520831232,52.7249232673693,54.2341772151899,51.2629482071713,2.55101526676452,-9.89081150271401,-12.3096419311071,1.28060966391579,47.9850538830808,48.1666666666667,48.614406779661,3.10259407427649,-7.34459153851324,-11.1712095960487,1.4644244030585,34.2876654031672,34.4754098360656,34.4941176470588,2.27714269195463,-6.19035075524423,-12.122664034318,1.16134277289686,39.9505046638146,36.5911330049261,44.2088948787062,1.63052544854786,-8.8983242335854,-12.7378656164496,2.41969976564502,4.52294202629827,1962,28,1,200,846,9,0.422577422577423,170,14.7678849168907,1,1146,23.543160690571,-25.8377377451893,28,10.5538605461029,1.48745112726429,0.538174259509673,6.18373089413541,1
250623_Dupi_NMH_KS_3,audiobook,Dupi,DupiS3,KS,3,78,124388,1,91,642,1120,1120,1632,3264,3232,890.574544962789,1.168,1.22067175085166,3.232,56.0028385897881,54.92,56.568,1.40941412819535,-12.099578760631,-12.5565412206522,0.704707064097674,52.2465919762597,52.1071428571429,52.324,1.95199918164204,-11.4223568520286,-11.7151860676853,0.975999590821019,49.3794947259602,49.2227979274611,49.388,2.39715917396818,-10.2349238270784,-12.8596669925305,1.19857958698409,48.4626131219798,48.4782608695652,48.484,2.39040204649448,-9.9406941596138,-13.0376712184315,1.19520102324724,47.8456550888544,46.390243902439,48.428,1.55810814372942,-10.4953623485659,-12.5244977676591,0.77905407186471,51.9535455164961,51.8157894736842,52.0311526479751,1.98745592500979,-11.3997258880476,-12.1781718464529,1.27594670385629,48.6661224938997,48.6338797814208,48.5606694560669,2.36676310474731,-9.94120920137049,-12.2670783919676,1.13131276406921,48.6233301050843,48.5714285714286,48.73046875,2.1239018209825,-10.470004543008,-13.813899314701,1.08743773234304,40.8118506303093,41.4092409240924,40.1948529411765,1.65405860058522,-8.32482397105945,-12.8129511579329,2.69942363615507,3.56704872406923,1180,48,1,0,192,5,0.0959040959040959,72,32.1693529146812,1,1970,-5.3690001897173,-6.99008076822868,7,1.95811833783219,1.48119745614348,0.116286236043614,10.5639959947596,1
250623_Dupi_NMH_KS_3,audiobook,Dupi,DupiS3,KS,3,79,126004,1,91,698,1220,1220,1796,3592,3090,939.280992072562,1.272,1.35049240596008,3.09,26.8625164364535,26.4181818181818,27.616,1.71443814787336,-6.37725540555713,-13.502993916872,0.857219073936679,31.0804317781672,31.8860759493671,30,1.73070524150714,-6.07781161731216,-12.0377369465404,0.865352620753572,43.7240889900197,44.4408602150538,42.268,2.64187815439165,-6.46477096585457,-10.0490458385543,1.32093907719583,35.5997988832903,35.9473684210526,35.068,1.79923616981846,-6.98298650650529,-12.1445787010607,0.89961808490923,46.2315539587552,51,44.468,1.2809192378442,-9.36145003013092,-13.3129253037877,0.640459618922098,35.7350129244183,37.9252873563218,33.6561604584527,2.02784489038454,-6.00041015771111,-11.1262739187761,1.41543573348841,40.3809007086632,40.9583333333333,38.6896551724138,2.5042636453921,-6.78469430870492,-10.9231021580255,1.30722562289468,38.5632001902245,40.5789473684211,38.4861111111111,1.09296869720507,-8.40656452436583,-13.039442130983,0.62954996959012,43.6858064525856,43.2930728241563,44.2416481069042,2.36884019315884,-7.33406508319864,-11.4620391699847,4.25443698691328,4.3111982138093,790,46,1,312,346,7,0.172827172827173,122,36.1234936507415,1,1744,25.1747296528173,14.9097405739383,22,7.20298967447501,2.01689739862325,0.862752921150386,11.2741545256066,1
250623_Dupi_NMH_KS_3,audiobook,Dupi,DupiS3,KS,3,80,127549,1,91,562,1100,1100,1490,2980,3084,1575.67394311432,1.074,2.38495475065585,3.084,47.3398161241853,47.492385786802,47.488,2.4091850875832,-9.01036493542922,-11.8341844941769,1.2045925437916,44.8589068031063,43.9016393442623,43.56,2.78624084437859,-7.95846710286563,-11.253746652595,1.39312042218929,46.1416364841169,31,46.284,1.22039884422533,-9.98947942375926,-13.7718209432285,0.610199422112663,57.5860450656718,57.9333333333333,57.328,1.57099584914126,-11.814146287368,-12.7051571718113,0.785497924570632,36.9549506516672,NaN,34.872,0.557804657362502,-9.32265635334666,-14.5420429857443,0.278902328681251,43.8358879040218,43.1076923076923,42.1779359430605,2.67681722071063,-7.82049407902476,-11.4236010238234,1.50437127803937,51.5198128272133,NaN,50.2193308550186,1.21474314091673,-10.9436109641873,-13.3718615586555,0.6535318098132,57.512195758692,57.9333333333333,57.1897435897436,1.58822982878824,-11.7182743181903,-12.9560767496267,0.619409633227413,36.9930786549814,36.9315068493151,35.9597315436242,1.42001590186223,-6.96785031011948,-12.3967676963841,2.11582369377472,5.15614126945122,244,48,1,128,196,1,0.0979020979020979,196,13.6678506753553,1,1088,-34.6097514703093,23.5661778389846,28,9.06959011619125,1.63793510345089,0.360814935945044,8.78162506794327,1
250623_Dupi_NMH_KS_3,audiobook,Dupi,DupiS3,KS,3,81,129091,1,91,554,1012,1012,1436,2872,2889.99999999999,1209.77736879716,1.04,1.79266077587997,2.88999999999999,38.813813352208,38.2018348623853,39.06,1.759837619303,-5.95917571153716,-10.871841068255,0.879918809651502,42.9839314250279,40.8529411764706,44.808,1.83459578729389,-7.21909586166552,-11.8247179810925,0.917297893646947,53.5500842257876,55.4553571428571,52.288,1.99276756164771,-8.83642601084634,-10.2050419271708,0.996383780823855,30.8192478342756,25,31.408,1.29117838516421,-6.3308193407414,-12.6771983088865,0.645589192582106,32.3874569729285,32.2359550561798,34.116,1.90021085016274,-5.11194610051603,-10.8405944974445,0.950105425081369,45.0541913849506,44.0232558139535,45.898916967509,1.96894057680696,-7.3307221048581,-11.3580854355605,1.09079307955105,52.8990781811173,55.2823529411765,51.6593886462882,1.82728695764695,-8.86497946293302,-10.5284947571808,0.836897426602301,31.5134307131374,25,31.9905660377358,1.25888896221633,-6.47522694657742,-12.739890275076,0.533768919979724,33.3370114969586,34.0821256038647,34.1782729805014,1.64180928514503,-5.86993185853349,-10.9525597914027,2.35763813346826,4.65792457353104,1914,32,1,48,390,7,0.194805194805195,124,29.3839892380231,1,1608,51.6088028837033,0.498287862433469,31,11.2717113962059,1.14789151000886,-0.119118524718313,6.73654964696711,1
250623_Dupi_NMH_KS_3,audiobook,Dupi,DupiS3,KS,3,82,130536,1,91,552,1072,1072,1556,3112,2944.00000000002,1153.60834356099,1.086,1.7531256598554,2.94400000000002,29.9541065392807,29.1311475409836,33.212,1.31044789268949,-7.91589436883037,-12.0844351768247,0.655223946344746,48.5060185433944,50.4642857142857,47.608,1.97045318651931,-9.20418300088232,-11.6726505016583,0.985226593259655,41.3454982801048,41.7721518987342,41.32,2.37729952124541,-4.60583551105314,-9.82579763558158,1.1886497606227,49.6368698958825,50.1949152542373,48.9,1.86075569955745,-8.60763700776662,-11.8497776348233,0.930377849778725,34.8492302877902,34.3,35.58,1.80875336230591,-5.68474251850174,-12.0059704624145,0.904376681152956,46.394452123391,48.3870967741936,46.1666666666667,2.01787820543214,-8.77239776214645,-11.3465893541501,1.11386876939854,43.4290662039009,44.0893854748603,43.1423076923077,2.36792448730808,-4.76201734053969,-10.018971800721,1.2313207334002,48.6850828698104,51.1707317073171,47.3140495867769,1.71016567673763,-8.54069024392846,-12.0766815444607,0.827720187541014,46.0389391154811,45.255,46.2532133676093,2.01149973294257,-7.56041746215221,-11.3198887080952,3.12989358445863,4.20416780725496,880,42,1,226,306,6,0.152847152847153,88,11.1057357896795,1,1416,-61.1413394042876,-3.39673205047083,26,8.43433766121863,1.99138639890211,0.687803074725008,16.2431467824286,1
250623_Dupi_NMH_KS_3,audiobook,Dupi,DupiS3,KS,3,83,132008,1,91,548,1700,1700,2244,4488,6180.00000000001,2369.24038762972,1.674,2.43078996150822,6.18000000000001,49.8748149563515,50.6302083333333,50.048,2.63049341981287,-7.48767799788395,-11.1299381781201,1.31524670990643,35.9425203072808,35.8579881656805,36.464,2.22719927858255,-5.99769917569373,-10.9691479363991,1.11359963929127,40.8910694174096,40.5348837209302,40.544,2.64829816796087,-5.43059571226809,-10.4212398635694,1.32414908398043,36.4988647613261,36.5322580645161,36.496,1.89927583187717,-6.30231997878185,-12.8445599285266,0.949637915938584,44.3234068284737,43.6666666666667,41.304,1.08930025796333,-10.8207590543556,-14.3182452883151,0.544650128981663,36.2659734588782,36.2487046632124,36.6861313868613,2.27252870722278,-5.79306877628025,-10.8701600220951,1.24534573155808,40.2898061914284,39.98,40.0347222222222,2.09879485179452,-6.43842983309362,-11.8268676779701,2.41781166926728,31.6861859401372,27.6266666666667,33.2132352941176,1.39520386342705,-9.8075411011076,-14.0740405328458,0.758990901704316,43.781126213139,39.3567567567568,44.8052391799544,1.44655139601165,-9.75917714060123,-13.3619016555661,2.54014425139646,5.03673011153658,748,43,1,106,334,5,0.166833166833167,116,22.9523638817209,1,1258,7.16638209068487,5.74450068857706,22,5.02811594278849,2.51342300151307,1.62059708817377,13.2976546500111,1
250623_Dupi_NMH_KS_3,audiobook,Dupi,DupiS3,KS,3,84,135098,1,91,620,1014,1014,1442,2884,3931.99999999996,1087.57529310151,1.036,1.74322207586114,3.93199999999996,55.4409511859132,55.8562091503268,56.104,2.4364607745726,-10.1157187499841,-11.5125840977085,1.2182303872863,46.4571065185992,46.6137931034483,46.764,2.2787172859222,-7.56455885947346,-11.5831705919532,1.1393586429611,46.7261531431946,44.16,47.76,1.74235002444042,-9.54341129314796,-12.5395429585624,0.871175012220212,54.3153157316679,54.3024691358025,54.4,2.37736880601032,-9.95706403511682,-12.4202788244656,1.18868440300516,44.5655343430397,43.9887640449438,45.524,2.42690346349466,-7.18892212414113,-11.2652379464272,1.21345173174733,46.7155239340305,46.6621621621622,47.1967741935484,2.04555102782245,-8.16254331225828,-11.948319218704,1.26824163724992,46.6709207202284,44.9367088607595,47.6395939086294,1.96079913520917,-9.0071122694651,-12.1755083340018,0.772554859272412,54.3144048151505,54.2709677419355,54.4345794392523,2.56045318569063,-9.75625270759437,-12.2607556399345,1.09587396347559,38.4689346192011,37.6737739872068,39.2302357836338,2.38954958362962,-5.61150541781427,-11.465940383757,3.44573049959391,4.64229399607636,0,44,1,0,402,6,0.200799200799201,128,30.4407063477533,1,1692,12.4796053879719,-0.960658056351674,15,5.62177755042619,1.22088508596556,-0.124220513682653,9.01504126066764,1
250623_Dupi_NMH_KS_3,audiobook,Dupi,DupiS3,KS,3,85,137064,1,91,594,1054,1054,1502,3004,6424.00000000003,726.916987790852,1.058,1.1655488008748,6.42400000000004,29.5195076836629,29,31.12,1.17917880634951,-7.153091468241,-12.1852969410726,0.589589403174756,49.5760540391189,51.3977272727273,43.352,1.50806350742377,-9.41810344175309,-13.4038519448574,0.754031753711887,50.1995553546875,51.6959064327485,49.876,2.41176760832977,-6.92372093167423,-10.4534690217902,1.20588380416488,51.4606624672384,51.3851351351351,52.672,2.31423289759054,-10.0848835129817,-9.4614618924387,1.15711644879527,49.0696579891582,49.4861878453039,47.108,3.04386368715833,-6.17487998769747,-8.82792356177945,1.52193184357916,49.6607684664255,50.9923076923077,44.3468013468013,1.78300935132029,-8.86327541223087,-12.460539866357,1.05910755468425,51.207084410327,52.9115646258503,50.8782608695652,2.21657062523507,-7.32940731444268,-10.6207643413291,1.01962248760813,50.7474120120551,50.5114503816794,52.0446428571429,2.33310631282746,-9.91040044851509,-9.4327486350233,1.0452316281467,41.6543256784633,43.2971428571429,37.6684420772304,2.26623603107921,-6.26825486755372,-10.2677187670699,3.40388651868097,5.2526900077715,1568,56,1,368,742,9,0.370629370629371,208,43.2331715786395,1,1518,61.3246063365585,6.02402575650427,33,6.82917007286806,1.57008553265674,0.17356095687717,12.7870507271241,1
250623_Dupi_NMH_KS_3,audiobook,Dupi,DupiS3,KS,3,86,140276,1,91,858,1200,1200,1542,3084,1871.99999999996,668.183321078903,1.17,1.23473193447683,1.87199999999996,40.9724834673406,42.7350427350427,39.128,1.77023350861678,-5.4229806210177,-11.31299294343,0.88511675430839,40.159800584406,40.013698630137,40.908,2.37245070921275,-3.73593214005588,-8.41160606919684,1.18622535460637,40.9829561101091,38.7314814814815,42.76,1.92364477300805,-4.19492693957146,-10.1191247742605,0.961822386504023,47.3526323959132,47.3232323232323,47.444,2.52087493661177,-5.40996934321326,-9.20567454474464,1.26043746830588,50.0903159687171,50.8585858585859,49.4,1.64620945280419,-8.46950431362505,-9.34250844527293,0.823104726402093,39.9683350656508,39.3784860557769,40.6620046620047,2.3411560970509,-3.47103250447203,-8.81326474996692,2.00871193126968,47.2988520119025,47.0097087378641,47.8011695906433,2.23775080900494,-5.759981191766,-9.89339237565271,0.76531077667969,47.6389661568689,47.6428571428571,47.6374269005848,2.00084429982328,-6.46367694449717,-9.64604926614743,0.684288750539563,42.4241868005795,41.9489489489489,44.0142671854734,1.66479326308848,-6.68081771189518,-10.5243136093737,2.56711121168243,4.25622783241766,128,37,1,80,452,6,0.225774225774226,126,85.4394161680763,1,1986,13.4691709353064,7.01846130941304,14,5.04885747035546,1.88817188321488,0.545551591061633,15.8458608220414,1
250623_Dupi_NMH_KS_3,audiobook,Dupi,DupiS3,KS,3,87,141212,1,91,296,626,626,946,1892,2598.00000000001,1336.27569869328,0.614,3.26591230256402,2.59800000000001,48.9594913661381,49.5325443786982,48.56,2.35369875378945,-7.95220741855079,-8.8957604571429,1.17684937689473,46.758492399724,48.1818181818182,44.728,1.85333500662772,-7.46657401233725,-11.1278983152304,0.926667503313858,33.2370299246922,33.0454545454545,32.396,1.22982727462423,-6.260031536238,-12.0710873370862,0.614913637312113,36.0070094651322,36.0833333333333,37.204,2.00563932730255,-5.70805208995772,-10.2845505191824,1.00281966365127,54.6724364506605,54.9541984732824,54.612,2.04479202779624,-8.13079589780905,-11.053983030169,1.02239601389812,51.2244544081433,51.3225806451613,51.2027027027027,2.20944743726065,-9.27196347220614,-10.7643011631001,0.653996441429153,34.3314267397167,34.4615384615385,34.4424242424242,1.89092999789149,-4.58910531819112,-11.230746087519,0.624006899304193,32.1139298487207,33,31.55,0.518663811885596,-8.44930382257671,-12.9737862157191,0.165972419803391,44.2014267304546,46.3833333333333,44.4186046511628,2.06194807305058,-6.55018689786896,-10.5725178856347,1.95060287710585,4.28946516120005,1126,28,1,112,148,4,0.0739260739260739,84,10.4680379667719,1,1718,-49.3652058432935,-17.3029180779395,28,10.8258604438459,1.87416568609169,0.978318644394875,10.6244603626991,1
250623_Dupi_NMH_KS_3,audiobook,Dupi,DupiS3,KS,3,88,142511,1,91,2044,2510,2510,2834,5668,4314.00000000002,2490.43723442261,2.458,3.36025312452942,4.31400000000002,44.1837589589592,45.1764705882353,42.204,1.93036874519488,-6.7926256982066,-10.6010243259167,0.965184372597438,45.9619010870336,47.5961538461538,44.968,1.83690675126188,-8.18909342027186,-10.2980946294566,0.918453375630942,36.6425002380661,35.4920634920635,37.448,1.47498865920611,-6.43767845868191,-12.2740346404601,0.737494329603056,30.7965622091674,30.7674418604651,30.852,1.98817233702327,-6.59985262119782,-11.7351636710991,0.994086168511635,42.4171718644564,43.7446808510638,41.452,2.04041755971304,-6.24002052733877,-11.092611927167,1.02020877985652,38.9706107666395,38.5662337662338,38.6438356164384,1.81913085606561,-6.81780282444707,-11.2646628175812,3.71830346979811,42.6046697133866,43.28125,41.8583690987124,2.01127008685231,-4.96870238702093,-9.7679756859891,0.937251860473179,51.3945198982661,51,51.4382716049383,1.63088895770367,-9.80677099636761,-11.6848970744897,0.528408022295988,38.6126881491172,30.8125,40.8542024013722,1.01918400338003,-9.18634435557875,-13.0456918940801,1.18836854794112,6.55937245538329,14,48,1,0,182,4,0.0909090909090909,62,17.5429103086118,1,1364,-15.9468791500664,-14.2688055979454,19,6.91589372669657,2.33000398807543,1.47342459516189,11.2358109095226,1
250623_Dupi_NMH_KS_3,audiobook,Dupi,DupiS3,KS,3,89,144668,1,91,542,924,924,1340,2680,2901.99999999999,1239.91965454378,0.956,2.03692192946624,2.90199999999999,56.2893877763571,56,56.372,1.27780773656982,-12.2282995345704,-12.1688160074507,0.638903868284911,47.0574594883159,49.3645833333333,39.22,1.81303541645221,-8.72496839918735,-12.7621815086603,0.906517708226105,47.2322312060966,43.6818181818182,48.7,1.29090032227453,-8.78506354297427,-12.3860545080446,0.645450161137264,32.0703088932577,33.3083333333333,31.604,2.25864072955819,-6.09688072746134,-10.9699067716521,1.12932036477909,34.4452505345793,34.5737704918033,33.672,1.42431695950287,-7.18639407656849,-12.1768563072696,0.712158479751434,47.1949908032616,49.3645833333333,40.0553505535055,1.75454764833457,-8.92089790103043,-12.9165962297086,0.950964825397336,49.5414816180269,43.6818181818182,50.9738219895288,1.27009525968341,-9.44864237940156,-12.4319858228196,0.485176389199063,33.4356293009163,33.3083333333333,33.4663461538462,2.48505129589499,-5.76537854012641,-10.596209721361,1.03378133909231,34.5989487752113,34.5641025641026,34.8641791044776,1.29173412281868,-7.65262594474089,-12.7431221733313,1.73092372457703,4.98569825552208,126,55,1,0,244,3,0.121878121878122,140,20.6032911386889,1,1526,-42.9170935306394,21.3096921874418,26,9.77477927740376,2.10237200257676,0.839048902392657,13.8716462169248,1
250623_Dupi_NMH_KS_3,audiobook,Dupi,DupiS3,KS,3,90,146119,1,91,478,910,910,1710,3420,3923.99999999998,1204.97806810704,1.174,1.93222054578163,3.92399999999998,40.4724524520715,NaN,40.172,1.34124643622415,-6.70515309371139,-12.3470879117993,0.670623218112077,44.6550951114316,44.6573033707865,44.512,3.03657380653835,-4.18710683764222,-9.91852749499895,1.51828690326918,53.9387279069671,54.830985915493,53.688,2.08782943191332,-9.31375399090453,-10.0087721278588,1.04391471595666,54.1744004707946,56.375,52.6,2.08067336039966,-8.25140157310786,-11.7992780369861,1.04033668019983,49.7677266273418,51.3142857142857,48.784,2.35390864971345,-8.91169800477157,-9.76977635378776,1.17695432485673,44.7400512249345,44.7664670658683,44.581589958159,3.02125144813479,-4.27116796264189,-9.96540453821398,1.44415819220843,51.939047192992,52.3055555555556,52.2453703703704,2.043878759865,-8.67545420235689,-9.7181693461058,0.882955624261681,53.141129247579,56.7976878612717,51.2875,1.94939550956478,-8.77873979647399,-12.2650178781775,1.55951640765183,50.9159753159382,52.1657303370786,50.1730994152047,1.75390879642632,-9.80956573129543,-11.6282928043485,2.999184041889,4.71686935612867,1786,50,1,152,470,8,0.234765234765235,162,67.5698797198446,1,1860,-4.04325554923165,22.5030706815052,15,5.82398988713248,1.64115635496957,0.356605856770881,12.9532663791672,1
250623_Dupi_NMH_KS_3,audiobook,Dupi,DupiS3,KS,3,91,148081,1,91,644,1128,1128,1618,3236,5418.00000000001,1104.12883560139,1.14,1.57412283759042,5.41800000000001,30,NaN,30,0.0106141824172945,-6.05871549457597,-12.0771231419878,0.00530709120864725,35.8003340331851,NaN,37.852,0.0350091988130219,-6.44757570683229,-11.1161223109765,0.017504599406511,54.9612628874042,NaN,55.884,0.0364987073853334,-12.2183030930861,-10.93092430387,0.0182493536926667,48.0103001622764,NaN,48.36,0.108521530630047,-9.28469747396612,-10.8949715405025,0.0542607653150233,43.8117217256755,NaN,43.036,0.198096707279787,-6.01004462466886,-10.521909832447,0.0990483536398934,42.1630477408063,NaN,41.3012422360248,0.0424956723233603,-7.15262010794514,-10.4157455681615,0.0273672129762441,56.7454156011153,NaN,56.3760330578512,0.0198673156336516,-12.6927757995128,-12.5513390931394,0.00961578076668738,46.8422211112326,NaN,45.3102040816327,0.131524429288927,-7.91049780932388,-10.5685551752709,0.0644469703515741,39.0270809918,NaN,39.5957972805933,0.316374748093186,-4.66180408843483,-10.460483706035,0.511894342414775,0.510261247478887,1778,44,0,NaN,0,0,0,0,49.7644432175214,1,1992,50.6837412255739,35.280827781293,NaN,NaN,1.84113740931746,0.533909535030879,12.1058160819355,1
