sessID,task,cohort,group,participant,sessNum,breathIdx,onsetSample,goodBreath,nEv,inhalePeakMs,returnCrossMs,exhaleStartMs,exhaleTroughMs,endSymMs,breathLenMs,inhaleVolume,inhaleDuration,peakInspFlow,breathLength,w1_rfreqPW,w1_rfreqGated,w1_rfreqRaw,w1_rpowZ,w1_rpowDb,w1_bandDb,w1_aucZ,w2_rfreqPW,w2_rfreqGated,w2_rfreqRaw,w2_rpowZ,w2_rpowDb,w2_bandDb,w2_aucZ,w3_rfreqPW,w3_rfreqGated,w3_rfreqRaw,w3_rpowZ,w3_rpowDb,w3_bandDb,w3_aucZ,w4_rfreqPW,w4_rfreqGated,w4_rfreqRaw,w4_rpowZ,w4_rpowDb,w4_bandDb,w4_aucZ,w5_rfreqPW,w5_rfreqGated,w5_rfreqRaw,w5_rpowZ,w5_rpowDb,w5_bandDb,w5_aucZ,p1_rfreqPW,p1_rfreqGated,p1_rfreqRaw,p1_rpowZ,p1_rpowDb,p1_bandDb,p1_aucZ,p2_rfreqPW,p2_rfreqGated,p2_rfreqRaw,p2_rpowZ,p2_rpowDb,p2_bandDb,p2_aucZ,p3_rfreqPW,p3_rfreqGated,p3_rfreqRaw,p3_rpowZ,p3_rpowDb,p3_bandDb,p3_aucZ,p4_rfreqPW,p4_rfreqGated,p4_rfreqRaw,p4_rpowZ,p4_rpowDb,p4_bandDb,p4_aucZ,peakZ,peakLatMs,peakFreq,anyBurst,burstLatMs,timeAboveMs,nBursts,dutyCycle,maxBurstMs,peakZ_base,anyBurst_base,timeAboveMs_base,chirpSlope,chirpSlope2,freqSpan,freqJitter,apExp,apOffset,gammaBumpDb,gammaPeakPresent
250929_Dupi_NMH_GH_1,audiobook,Dupi,DupiS1,GH,1,1,4173,1,77,720,1314,1314,1708,3416,3098,1619.7482278178,1.298,1.99889343820176,3.098,26,NaN,26,0.435831178376475,-4.99721901656369,-10.0971968185517,0.217915589188237,28.0978970362407,NaN,28.452,0.0240600922894364,-7.22956203765022,-12.9919012983681,0.0120300461447182,55,NaN,41.844,0.347450729716943,-8.30023509554496,-10.3179116558776,0.173725364858471,47.9624043804223,47.2525252525253,48.52,2.48408307602201,1.3149188439615,-2.74382467574525,1.24204153801101,52.0841690106823,52.1,52.1,1.97158416367661,-1.25891468082662,-2.73050308923261,0.985792081838307,28.0978970362407,NaN,28.6194444444444,0.0167083974232197,-8.19127251683178,-12.3181621583794,0.0120300461447182,48.9203699907681,46.6693548387097,49.9360269360269,1.55803309043395,-0.849265820783955,-5.03432945764992,0.925471655717768,50.4472933725316,48.2297297297297,51.497461928934,1.94892157730175,-0.598331823745226,-2.85582708397288,0.767875101456888,43.1882652799196,42.487460815047,42.0023419203747,2.6669613236175,2.30121299705021,-2.59526722973008,4.55516994073868,4.6200780925961,2000,53,1,1180,148,3,0.0739260739260739,86,75.870909477671,1,1486,5.09049516220831,41.5736777459337,9,4.03201483749513,2.52713141864301,1.83287641805267,19.4243995339524,1
250929_Dupi_NMH_GH_1,audiobook,Dupi,DupiS1,GH,1,2,5722,1,77,542,1164,1164,1880,3760,3378,1255.24241628614,1.316,1.56707654380541,3.378,38.7732335477761,39.1843971631206,38.124,2.0435210047478,1.52500883813977,-3.89215881494879,1.0217605023739,32.4976372551885,31.3617021276596,33.744,2.03295190542125,1.07279365831233,-3.94964178654795,1.01647595271062,37.9753569968976,33,39.876,1.13975288572482,-0.120293553819333,-5.06410641234458,0.569876442862409,42.4431784695339,45.6475409836066,39.46,2.14523759950905,-0.421252589986339,-4.04852912231363,1.07261879975452,48.0729804864432,45.5806451612903,47.948,1.48210527126754,-1.94102275883836,-4.27855866160757,0.741052635633769,33.0107146479504,31.3617021276596,34.8487084870849,1.93961167566959,0.963882674557364,-4.01901499241383,1.05126952821292,35.1582707017296,31.986301369863,37.1382636655949,1.37117441432114,0.261936473919031,-4.82326996989111,0.852870485707748,47.2484234303366,51.5833333333333,45.5865921787709,1.91400374031894,-1.51941706413801,-3.80718026440783,1.37042667806836,40.7810644679251,39.601108033241,42.0031914893617,1.80839670010729,1.90566594771679,-3.51368271837902,3.3997857962017,4.24744625385703,1424,54,1,308,158,3,0.0789210789210789,76,12.0017241858494,1,1106,12.030734206033,2.05233185692484,24,9.81221095146855,0.491608876573754,-0.68992306169396,10.0845543960747,1
250929_Dupi_NMH_GH_1,audiobook,Dupi,DupiS1,GH,1,3,7411,1,77,492,1066,1066,1836,3672,3736,1278.79703138543,1.33,1.66585442662201,3.736,48.5156775085777,48.8496240601504,49.504,2.51248298268914,1.02506629600071,-2.81515813491537,1.25624149134457,34.7726060442092,34.4903225806452,34.472,2.12306312815421,3.67739177684279,-2.76688579421907,1.0615315640771,46.5831923283835,47.4331210191083,48.12,2.21125997153554,-0.789255574027954,-4.05668661390137,1.10562998576777,50.1665429526076,50.3474178403756,50.548,3.25477561372858,1.79472005324585,-1.82775210098755,1.62738780686429,44.5895159073649,43.0647058823529,46.048,2.08954022508738,-0.152093491789156,-2.32846399208011,1.04477011254369,34.9263527925489,34.6622516556291,34.5772357723577,2.1096917998053,3.68327342822164,-2.76170387613531,1.03796836550421,47.2920010050213,48.1764705882353,48.616724738676,2.23178547350026,-0.962053430600097,-3.78905993063123,1.28104486178915,50.4426301263129,50.3709090909091,50.8961038961039,2.71542917735123,0.704251375722541,-1.90048886848321,2.09088046656045,42.0719055109354,41.013856812933,42.9596949891068,1.88554936837242,0.704972947009562,-3.23614591479317,3.46186864033176,4.98129615171743,1406,53,1,0,490,7,0.244755244755245,160,15.7322714996166,1,1906,-25.8854107380004,40.1652584955522,29,10.2350324753242,0.182581147213131,-0.763102929280613,8.22691217202601,1
250929_Dupi_NMH_GH_1,audiobook,Dupi,DupiS1,GH,1,4,9279,1,77,504,938,938,2186,4372,4084,1236.81810582814,1.248,1.65079521024072,4.084,38.2106650350965,NaN,38.984,0.944319327133685,1.01666760871391,-4.01796125482696,0.472159663566842,36.4156302696254,36.2405063291139,36.52,1.7126459381994,2.81404075181856,-3.74995692457243,0.856322969099702,45.8369619116299,48.8714285714286,44.484,1.47183489196495,0.52966484950326,-2.67571099591424,0.735917445982474,34.9387079254611,34.044776119403,35.944,1.96295200053403,2.7228737475313,-3.08356027840786,0.981476000267014,40.8742465200662,40.2230769230769,40.444,2.28804039176762,3.22109862383382,-2.67007632089789,1.14402019588381,36.4127325406445,36.2405063291139,36.515873015873,1.7109822923479,2.80440369459298,-3.7524952574257,0.86233507534334,46.0865065290098,48.8714285714286,44.7741935483871,1.58998492968556,0.51605274061069,-2.45144638634541,0.690053459483531,39.0324607500779,37.4965277777778,39.7195512820513,1.95994971601023,2.60396501242321,-2.99342182281154,2.44601724558077,46.4518548232512,46.5803432137285,45.5049614112459,2.59303080062994,2.24810774788145,-2.18578982595586,4.70375787234271,4.89729003335187,1918,43,1,656,282,4,0.140859140859141,158,36.0179142796799,1,1766,-2.98425346234112,13.3864964454535,16,5.60027857293839,0.896856500959598,-0.18527971718193,13.3601788646349,1
250929_Dupi_NMH_GH_1,audiobook,Dupi,DupiS1,GH,1,5,11321,1,77,498,942,942,1798,3596,3412,1343.0949914942,1.252,1.67792379264585,3.412,45.9993396501282,45.8561151079137,46.192,2.03929819060225,0.765542346560446,-2.52603955511397,1.01964909530113,38.6529581565694,38.6842105263158,39.72,2.33224572507738,2.31197966506009,-3.05045399102021,1.16612286253869,42.0506699797075,43.2142857142857,42.044,1.48602812923098,1.30350488934938,-3.81820654633677,0.743014064615488,47.5036917138482,48.9065420560748,47.004,1.88586440670467,-1.37934137102842,-4.71823896667582,0.942932203352335,45.5621427968737,49.5954198473282,42.18,1.85116623778341,-0.916050058354834,-4.35146629262588,0.925583118891703,38.6668704029175,38.7058823529412,39.7389558232932,2.3327280077579,2.30596598552378,-3.04701283176843,1.16169854786343,41.4730820527105,43.0701754385965,41.2342342342342,1.54521283910327,1.62242097629565,-3.59674263429898,0.686074500561852,48.4404562404204,49.2857142857143,47.9766355140187,2.01787133472751,-1.6640294526381,-4.52736400244538,1.72729786252675,47.5581724209252,47.8876080691643,48.1835372636262,1.79072255554329,-1.91869867014608,-4.3065517341137,3.21971915486684,3.73385139758811,424,35,1,340,230,4,0.114885114885115,138,15.2461366528563,1,1710,-24.0952380952381,12.9610674805524,16,5.62992049856573,0.574862823144302,-0.593587388216004,12.4768279458904,1
250929_Dupi_NMH_GH_1,audiobook,Dupi,DupiS1,GH,1,6,13027,1,77,510,1160,1160,1964,3928,3506,1341.39483963621,1.378,1.53824197579396,3.506,31.1996969533225,NaN,30.5,0.480507571529597,-0.556767803516166,-5.5103743386244,0.240253785764798,29.9721304524398,29.4827586206897,30.728,2.52512928408288,4.16065098837491,-1.97524090913901,1.26256464204144,50.4214410094278,52.9871794871795,48.024,2.51740533371328,0.203641683414789,-1.9751013243343,1.25870266685664,51.7811033001383,51.2033898305085,51.084,2.20009467371475,-0.930745534342493,-3.16063766442127,1.10004733685737,41.0844023440217,41.48,39.384,1.88642956728925,3.84091489750302,-2.00314485920983,0.943214783644626,30.0968516527229,29.4827586206897,30.8901960784314,2.51029702741543,4.14081684666449,-2.00059879247208,1.28025148398187,52.0517265900575,53.6694915254237,49.88,2.85959020169692,-0.333231992244418,-2.05929761251362,1.858733631103,43.5029351515507,41.9931034482759,43.4800995024876,1.6355346218849,2.28841494002768,-2.70371743400345,1.31496983599546,40.6564220901563,39.664570230608,40.8462321792261,2.17034272825158,2.48698852941388,-2.63111693352592,4.2625531182861,4.24753523345513,1098,55,1,80,714,8,0.356643356643357,218,23.96687937098,1,1968,39.1864921267312,38.5845088770611,32,10.9909875454962,0.574739781212357,-0.480760507819535,12.9056276752434,1
250929_Dupi_NMH_GH_1,audiobook,Dupi,DupiS1,GH,1,7,14780,1,77,670,1132,1132,1824,3648,3410,1459.40970600979,1.35,1.64240064090939,3.41,32.2788634559392,28.86,35.468,2.63947295397136,2.35727327549552,-3.15934211199198,1.31973647698568,35.8700991505841,37.0172413793103,34.348,2.23550679966907,2.83310570727303,-2.48301311415252,1.11775339983453,53.4551524550773,53.8412698412698,53.428,2.59484521936957,-1.44232061971494,-3.97673387472027,1.29742260968479,49.5250602806321,49.5309278350515,50.52,2.78049761938845,2.57466367270964,-2.76974591064013,1.39024880969422,42.0268591102821,42.6739130434783,37.936,1.40600891561955,-0.131174270504829,-3.81020143944946,0.703004457809777,39.1290064546901,40.4458598726115,38.4477611940299,2.1562767319324,2.05748545618289,-2.92069615326808,1.44470541039471,54.8304357807438,55.0918918918919,55.2380952380952,2.64351282496032,-1.58400664805403,-3.92319545462144,1.22130292513167,47.8039231964172,48.2744186046512,44.6791907514451,2.30471702568681,2.16468106651795,-3.01588892515323,1.59486418177527,41.4969889960403,41.31,40.8081140350877,1.79579191018642,3.26962022442552,-2.50144033144351,3.27552444418004,5.16196489055611,374,38,1,0,684,7,0.341658341658342,262,14.8476530087379,1,1548,31.172453044963,31.8180295529832,30,7.78541317745068,0.959691376586544,-0.0152227591744916,13.8421482104959,1
250929_Dupi_NMH_GH_1,audiobook,Dupi,DupiS1,GH,1,8,16485,1,77,524,1068,1068,1498,2996,3296,1328.96610075281,1.084,1.82180398949397,3.296,45.4705946465121,41,46.028,1.0171178233894,-0.615247399708281,-4.28401211195663,0.508558911694701,54.5416202271243,55,53.888,1.08610137531312,-5.45017320953823,-5.31986525494783,0.543050687656558,52.7863987826191,53.1594202898551,52.736,1.81740571393159,-3.78212658959738,-5.80700265576485,0.908702856965795,51.7449026331043,51.9759615384615,52,2.77030809055747,-2.76090607621566,-2.9412129509289,1.38515404527873,49.0257710096137,49.6888888888889,50.576,2.60786534693647,1.3226531912684,-2.63666234474029,1.30393267346823,54.2850354497561,55,53.4847328244275,1.0650758064902,-5.18278979902044,-5.33917233011413,0.558099722600862,52.3001488403433,52.252427184466,52.7830882352941,2.17279816686114,-3.34263118163927,-5.68362957552845,1.18200220277246,52.0950882795403,52.2816091954023,52.2418604651163,2.54200058855277,-3.21729945525898,-2.70333423089447,1.09306025307769,43.4502047171136,44.0042918454936,42.0720961281709,2.37448494930488,2.29611319281825,-2.99298028076058,3.55697845405871,5.03496139302565,1964,39,1,266,390,5,0.194805194805195,218,17.5141567883754,1,1054,-12.1403908176817,1.04040272453195,19,5.3460838665802,1.68837147166818,0.86839399177233,15.0758742277285,1
250929_Dupi_NMH_GH_1,audiobook,Dupi,DupiS1,GH,1,9,18133,1,77,622,1178,1178,1598,3196,3056,1226.92104199519,1.176,1.50392853244943,3.056,37.5050433558139,37.2758620689655,37.764,1.10337148337443,3.40201754881846,-3.49774802702318,0.551685741687213,44.8335236716246,51.9032258064516,41.008,1.65749747018643,-0.196121113611599,-3.7940662574875,0.828748735093215,50.1390637693102,45,50.744,1.38664558226109,-2.68152416916697,-3.38210534491678,0.693322791130545,50.2139086576907,49.4732824427481,50.876,2.34701302926102,-1.31937301511108,-3.40301284221004,1.17350651463051,50.7658611450663,51.1085714285714,50.508,2.31172969719331,-1.13517190668795,-2.64691368736777,1.15586484859665,46.2632687728554,51.9032258064516,43.556270096463,1.57861928977678,-0.856895483087338,-3.9090106736505,0.981901198241154,50.2116915167251,45,50.8525179856115,1.32400041925811,-2.86093330622239,-3.33518356386427,0.73614423310751,49.3296297247557,49.2866666666667,49.1714285714286,2.74702177936109,-0.0422318412196374,-3.53916289022814,1.15374914733166,44.7180714895549,44.9607329842932,44.8060075093867,1.91762988719243,1.20099676894866,-2.6029047528905,3.0643725597335,4.95044739262859,1340,50,1,1244,266,4,0.132867132867133,186,20.7291599165286,1,1814,71.4338835135648,3.57836751405069,18,3.87089173208962,1.44732756985497,0.463192747349463,15.7538769376893,1
250929_Dupi_NMH_GH_1,audiobook,Dupi,DupiS1,GH,1,10,19661,1,77,648,1212,1212,1716,3432,3056,1166.61855291526,1.264,1.32387310322079,3.056,45.184652826595,43.9929078014184,47.744,2.17439175015682,-0.399846114535165,-2.68067828581883,1.08719587507841,40.1826968492117,40.7368421052632,39.724,2.90389495509929,2.60937003659061,-2.27581555394843,1.45194747754965,50.0395895791753,48.8264462809917,50.984,2.17462038587767,-2.40584102161737,-2.26565732723558,1.08731019293884,56.6208913072165,56.6774193548387,56.448,2.30824120710884,-4.2354804889463,-5.1676927512274,1.15412060355442,39.8589316505798,40.755905511811,38.532,1.91211340777179,2.19140142712253,-3.04509573488379,0.956056703885895,41.7146208470861,42.0789473684211,41.962962962963,2.68349534981275,1.85428011834608,-2.28471444550786,1.73890498667866,52.9028481753996,53.2802197802198,53.6276595744681,2.33951833096579,-3.04858925255368,-3.47145314898365,1.3194883386647,48.7602631084567,48.0523560209424,49.6785714285714,2.51400418686115,0.486752803174524,-3.05183264402102,1.26705811017802,44.8610842550401,46.5612535612536,42.1981351981352,1.64256198935244,0.231097273431436,-4.18421151244439,2.81863637372878,5.0293919198708,268,31,1,208,554,9,0.276723276723277,126,17.300378666125,1,1400,42.6583191045343,23.0709606580564,27,8.84426394058772,1.41387024315366,0.480136323303936,15.4669366008225,1
250929_Dupi_NMH_GH_1,audiobook,Dupi,DupiS1,GH,1,11,21189,1,77,510,1234,1234,1756,3512,3710,1216.98667141589,1.298,1.41224490501052,3.71,46.6310436707114,47.1260869565217,47.304,3.11365934076756,0.985893965018057,-2.86724411294848,1.55682967038378,48.9337796991144,47.5148514851485,49.76,1.80993613369139,-1.52612507884102,-4.59459991430955,0.904968066845693,35.4902059055665,37.7894736842105,33.408,1.74475857280452,2.24424115757781,-2.91926714866587,0.872379286402259,51.7777435379352,52.2986111111111,52.02,2.3202187418402,-3.03025953918166,-3.19526535675165,1.1601093709201,33.6768084475323,33.3288288288288,33.444,3.01505684303049,3.61097720244377,-2.1785736996187,1.50752842151525,48.7368847581489,47.5148514851485,49.4313725490196,1.79664851373048,-1.44375096607715,-4.60608848304765,0.916290742002543,40.0052506698,41.1809523809524,39.1629834254144,1.69025221449058,1.13129414236906,-3.23475356607013,1.22374260329118,43.7848626948167,44.2577777777778,44.1992337164751,3.09869482752483,1.7586141327633,-2.16883078227895,1.61751869996796,32.8368158164497,34.0094339622642,33.0421412300683,1.325105833952,0.713472614214004,-4.52215391117299,2.32688584441972,4.96122363264988,1526,36,1,416,510,8,0.254745254745255,114,23.4251007899218,1,1838,-63.7499525706697,-22.624595228347,29,10.5930776928086,1.38937000261389,0.481837272023406,15.3068818762574,1
250929_Dupi_NMH_GH_1,audiobook,Dupi,DupiS1,GH,1,12,23044,1,77,552,1132,1132,1768,3536,3418,1620.34073199403,1.206,2.04958043680906,3.418,29.5934088391711,29.6046511627907,29.228,1.4043203761802,-0.018139314512148,-6.46229312164584,0.7021601880901,37.1830929729102,36.6024096385542,37.196,1.85488035593519,1.45025651339335,-4.78939805498841,0.927440177967596,32.7242262812594,33.6111111111111,32.116,1.94099256866276,1.51509648333011,-4.30095274132948,0.970496284331381,31.6369511731609,31,33.412,1.58552677236389,0.47176653848309,-4.72772480518769,0.792763386181947,44.1424312744179,44.7322834645669,43.924,1.96861312831937,-1.42190557381797,-3.64750611986097,0.984306564159685,36.6975280890667,36.6024096385542,36.518115942029,1.80195429982938,1.27152416067034,-4.73815415850654,0.994678773505818,31.6979599508949,33.6111111111111,31.1413793103448,1.96476497281507,1.53042870234582,-4.53332376768351,1.13956368423274,35.5594896694099,33,38.5503144654088,1.20126084276142,-0.683558823745386,-4.88560400136999,0.764001895996262,42.5117715527631,42.5393053016453,42.683257918552,2.39379586405563,-0.351873317298834,-3.92787788689224,4.23223108765036,4.38134745339913,1842,43,1,874,276,4,0.137862137862138,114,26.855547781889,1,1958,-1.76057674065642,-7.84726616295083,20,6.12043517501833,1.6723329190624,0.781786389386105,15.8106157088589,1
250929_Dupi_NMH_GH_1,audiobook,Dupi,DupiS1,GH,1,13,24753,1,77,532,1092,1092,1674,3348,3162,1333.10982236416,1.224,1.65736088392544,3.162,34.180402750014,27,38.144,1.47927376925661,-0.305758189398485,-5.57868876858843,0.739636884628303,49.7362402273906,51.343137254902,48.956,1.7954712971608,-3.06818055246725,-5.76552719069537,0.8977356485804,41.8318342068955,41.792899408284,42.892,2.57685923596228,0.448384277923401,-5.02407869591222,1.28842961798114,29.5860543891442,29.5251798561151,29.74,2.00679604796327,1.24149978669191,-4.73716679037359,1.00339802398164,42.4633412640319,42.4174311926606,42.496,3.10002184957192,0.35562568421825,-2.80591154707269,1.55001092478596,49.836838540464,51.2966101694915,49.0789473684211,1.83341745650674,-3.08185459560503,-5.76610665232932,0.975378086861586,40.2283101109735,40.8300653594771,40.3107142857143,2.37680555864673,0.570212021157192,-5.00065150490083,1.33101111284217,30.1186265302429,29.8867924528302,30.3127147766323,2.43099526802215,1.43350377525695,-3.77188944782987,1.41483924598889,45.9321112113951,47.9254237288136,43.5089605734767,1.65891027245812,-1.31874631482814,-4.82449033268172,2.7770157960949,4.36875192826373,1742,49,1,344,614,7,0.306693306693307,172,10.4304795480999,1,1472,-4.80553974577877,-15.8874269550006,30,9.23743316494102,1.26493790334836,0.445302554386025,10.6486305731154,1
250929_Dupi_NMH_GH_1,audiobook,Dupi,DupiS1,GH,1,14,26334,1,77,644,1192,1192,1730,3460,3298,1300.28235537403,1.242,1.68589586820565,3.298,42.6580914520583,43.2909090909091,42.18,1.3389004283773,-1.35348348233766,-4.85794027092848,0.669450214188648,43.9752940270594,NaN,42.612,0.882874697801041,-2.99265068648667,-7.12669187385323,0.44143734890052,39.2474187236932,39.5401459854015,41.864,2.13700674173965,0.789842556398234,-4.26770360625457,1.06850337086982,55.670965540093,58,55.656,1.31271419510537,-6.01752242948375,-4.58887883044789,0.656357097552687,52.1332135483415,52.1307189542484,52.668,2.32976987341547,-3.47614377673138,-2.55064524853475,1.16488493670774,42.2983036886515,29,41.4006211180124,0.843814585378842,-2.40001746299946,-6.64803954558291,0.543416592983974,43.2879387224478,41.6959459459459,48.5510948905109,2.20834159246264,-0.266945193128905,-4.44203179528877,1.21017119266953,54.2222995434414,54.2272727272727,54.2267657992565,1.55278945177282,-5.01061179387916,-2.90070330989764,0.835400725053776,46.413044148899,46.0856531049251,47.2728323699422,2.25291123357784,-0.473672267740128,-3.5095533083883,3.89753643408966,4.36601013106506,1960,49,1,662,250,3,0.124875124875125,152,23.9251060862198,1,1606,-15.6429520015177,13.6326162206424,29,10.876352288729,1.11832786071461,0.0633780172446317,14.0950495797916,1
250929_Dupi_NMH_GH_1,audiobook,Dupi,DupiS1,GH,1,15,27983,1,77,556,1350,1350,1708,3416,3174,1438.4017520756,1.256,1.65893486956153,3.174,42.5989174744079,NaN,43.628,0.658455908442614,-0.610023818763208,-4.00797264619737,0.329227954221307,55.9665029129152,55.9084967320261,56.568,2.2519082236822,-4.63941153945753,-3.85822944290777,1.1259541118411,47.9082949043263,52.5714285714286,45.776,1.44605678132403,0.33319513902579,-4.18877216588623,0.723028390662014,45.9503664883577,46.1105263157895,45.844,3.36617145939374,4.55877145485755,-1.42660712921246,1.68308572969687,48.1229813887078,51.1458333333333,46.616,1.50326599589792,0.603240942406211,-2.27382759368496,0.751632997948961,55.776266004499,55.6976744186046,56.3093525179856,2.24198390073605,-4.63704588891388,-4.00582757861042,1.24654304880925,46.3053953430804,47.6738197424893,45.3853904282116,2.52490908927258,3.29664699955728,-2.26611114338405,2.00477781688243,44.8970627233104,45,44.731843575419,1.41645890266107,1.65921456659451,-2.7802391787973,0.507092287152665,43.075688572534,43.7543103448276,44.0304449648712,2.21507818549783,2.74646599057708,-2.13896138675379,3.78335354083029,5.50265450409191,1180,44,1,216,472,5,0.235764235764236,296,32.1969230908454,1,1582,-11.021817491937,-23.906372129378,14,4.70676014040047,1.47749977629498,0.682132705096678,16.5489528132314,1
250929_Dupi_NMH_GH_1,audiobook,Dupi,DupiS1,GH,1,16,29570,1,77,514,962,962,2314,4628,4066,1437.10649800094,1.15,2.06453577780988,4.066,34.2332498124666,33.7309941520468,35.124,2.47468627384489,5.17905553591897,-2.06943853155602,1.23734313692245,33.4588504900967,28.8809523809524,36.48,1.1079426661062,-0.959912067801011,-5.60891199276614,0.5539713330531,50.6773210386493,50.3076923076923,48.652,1.40582698494088,-3.67035989717395,-5.75733855660095,0.702913492470439,54.8948215522506,55.875,54.464,2.03968579411512,-4.34720366258503,-4.33797972433196,1.01984289705756,47.6453555322468,47.2910447761194,49.524,1.9593528678599,-0.580500143039574,-4.07199831883104,0.979676433929948,33.5087393562028,28.8809523809524,36.5214007782101,1.08973704197392,-0.973769496731497,-5.65815102465029,0.560124839574597,51.2327183778939,51.1818181818182,48.9285714285714,1.22347436607861,-3.94058301401331,-6.0116936245251,0.548116516003216,48.2408941000124,47.6582278481013,49.0502958579882,2.14013257135949,-0.975033713308318,-3.64213969587955,2.89345923647803,35.8334565380127,35.4253164556962,36.3036773428232,1.91887070779689,2.08045530072204,-3.34336786741824,3.23521601334555,4.64133426776631,992,49,1,946,238,7,0.118881118881119,100,16.8890498092461,1,838,-48.889015367103,38.8513790151487,30,8.93364496931745,0.917282441261743,-0.212526177114002,12.8646403681413,1
250929_Dupi_NMH_GH_1,audiobook,Dupi,DupiS1,GH,1,17,31603,1,77,568,1216,1216,1836,3672,3367.99999999999,1795.94606469712,1.386,1.8404581773252,3.36799999999999,32.6713688814103,31.2413793103448,33.768,1.88296642999263,2.65753132618268,-4.4476563382237,0.941483214996315,28.4368358290283,28.385,28.94,2.65244119473509,3.19210484184952,-4.32385490092201,1.32622059736755,45.267908301558,46.0751879699248,43.176,2.46495004557402,-0.431312036408956,-3.54373295350864,1.23247502278701,45.3945694149166,45.33125,45.496,2.48434458631972,1.91235752372887,-3.08621145309548,1.24217229315986,45.3533115302676,44,46.58,1.51011432009079,-0.839788044537314,-5.82116564087761,0.755057160045395,28.9675159322014,28.385,30.0246478873239,2.47207612389127,2.85098007510709,-4.46099376199481,1.40413923837024,45.9694310620322,46.2336956521739,44.7716049382716,2.49178228717593,0.134327609876796,-3.39890006419727,1.61467492209,44.6279819763051,44.4875,44.8870967741936,2.28734737347097,1.55241225748308,-3.74598378620878,1.418155371552,53.546459463083,54.8878281622912,52.4139433551198,1.98284381388329,-4.0396726134162,-4.59341596004035,3.64050124228973,4.62632619106811,958,49,1,56,590,6,0.294705294705295,198,48.9151166482441,1,1826,3.76285334851072,34.0394349946031,22,8.57556643123412,1.23621863678788,0.179386530961938,16.1873193716769,1
250929_Dupi_NMH_GH_1,audiobook,Dupi,DupiS1,GH,1,18,33287,1,77,592,1320,1320,1696,3392,3184,1480.01747490071,1.238,1.73595350638344,3.184,49.0198371906274,50.1478873239437,47.932,2.26883447980124,-2.34934196395138,-3.61905143121672,1.13441723990062,47.2205234777372,NaN,45.652,0.749297274638637,-3.76590782489593,-5.84422699179338,0.374648637319318,42.3410302267818,43.0487804878049,41.632,1.13006774617311,-1.29043360493244,-5.66116844693572,0.565033873086557,43.0889773046768,43.3023255813954,43.808,2.88296762692322,1.45035978793075,-2.00199348754833,1.44148381346161,33.5750527101823,34.04,33.492,1.95342305046293,1.80196612721458,-3.87811047967204,0.976711525231465,45.4660515975515,NaN,43.8513513513514,0.721915891067307,-3.2853855483581,-5.81081668167918,0.427374207511846,43.1322088411066,43.1917098445596,43.3708791208791,2.05557214330128,0.135885090703702,-4.07015680838835,1.49645652032333,40.3270197388735,41.3495145631068,40.3297872340426,2.25693951000534,1.61221428824067,-2.31204214330548,0.848609255762007,35.2125256478637,34.3033033033033,35.4575471698113,1.81538551614355,1.11118480133556,-4.35272046061551,3.07889383537947,4.92592214956989,1110,41,1,1024,216,2,0.107892107892108,130,14.7990178715341,1,1216,-23.8505027509012,-3.82718576692597,18,5.0709189524185,1.35084441276195,0.390040533666598,13.9197588231804,1
250929_Dupi_NMH_GH_1,audiobook,Dupi,DupiS1,GH,1,19,34879,1,77,590,1308,1308,1718,3436,3284.00000000001,1418.86646869959,1.276,1.73855644006969,3.28400000000001,30.7515053726038,31,30.292,1.68673072678437,1.80464422008053,-5.46156066652877,0.843365363392186,51.4397463800496,NaN,51.284,0.897426993877507,-6.9361998862293,-7.32771188745487,0.448713496938753,53.6774366640738,54.0909090909091,52.776,2.48954157578016,-3.94924845337672,-4.29512528651985,1.24477078789008,34.3646923248221,36.8965517241379,32.752,0.917454863017237,-0.577309486694097,-4.92560088841003,0.458727431508618,45.8118544355721,46.1535269709544,45.868,3.44685138515447,1.26650201050368,-2.95777766874701,1.72342569257723,51.6189146626445,52,51.393220338983,1.11809718342011,-6.58118680584416,-7.19894152445677,0.659677338217863,49.7221222487236,53.4834437086093,43.4846796657382,1.79422543007873,-2.24214728321495,-4.52292258147602,1.28825385879653,38.8586676958513,39.0247933884297,37.5560975609756,2.22902165943647,1.65717433625019,-3.04492825701119,0.913898880368953,39.5305324364013,41.0806451612903,37.8044237485448,1.92238884427235,0.245008997991031,-4.52288554600729,3.3026640344599,4.92600171686736,1776,44,1,786,508,10,0.253746253746254,134,21.4706956628157,1,1268,6.60064503889204,1.52780362526519,23,7.2034218830339,1.24277307225068,0.487891498640524,11.6133297329273,1
250929_Dupi_NMH_GH_1,audiobook,Dupi,DupiS1,GH,1,20,36521,1,77,640,1492,1492,4892,9784,8166,1748.94678172037,1.638,1.79147262216387,8.166,33.8610221869456,NaN,33.076,0.618623407042049,-0.827889090640585,-5.11133248418681,0.309311703521024,30.1046209966609,32,30.096,1.41140786330701,0.728815298354396,-5.04216564316727,0.705703931653504,41.4995078064427,42.575,38.164,2.09849453170838,0.51919580760358,-3.94218111135572,1.04924726585419,50.7946821942344,50.5513513513514,51.588,2.51482511303053,-0.921060016462325,-3.96637213930699,1.25741255651526,52.6801567557646,53.0416666666667,52.296,2.49038401353677,-2.97884373467387,-4.9282714614481,1.24519200676839,30.2260505815438,32,30.5125,1.22592607767504,0.183555537876787,-5.28043550834824,0.784592689712029,47.0639276103432,47.3654485049834,46.9342723004695,2.58634555346424,0.16899064739756,-3.66716978555767,2.20356641155153,45.3325419385409,45.3924380704042,46.1905901116427,2.44249584615913,0.679513422727611,-3.87542237592583,6.1257795821671,NaN,NaN,NaN,NaN,NaN,NaN,NaN,4.717952011014,946,46,1,792,416,7,0.207792207792208,158,39.3378903746553,1,1850,-12.1145892619996,23.4374883686307,26,7.48147743054821,1.3518006532446,0.388262676470623,13.9925446100249,1
250929_Dupi_NMH_GH_1,audiobook,Dupi,DupiS1,GH,1,21,40604,1,77,618,836,836,1922,3844,3720,1818.40923563349,1.482,1.83744472803002,3.72,30.5499768111358,26,34.56,1.31971952622244,-1.50970804749465,-7.29980311797206,0.65985976311122,56.0345720812192,NaN,53.08,0.0042956728966849,-12.4514209436235,-12.7978354727652,0.00214783644834245,55.4229989426908,54.5,56.292,1.53770842130182,-6.43909022987171,-8.81982208696077,0.768854210650908,46.3665595634485,46.2592592592593,46.332,3.4996604408555,5.87948209011401,-1.28515130828093,1.74983022042775,47.8402992103837,48.1940298507463,47.116,2.83225054101094,2.11247825287639,-2.53609072039046,1.41612527050547,56.9353270550551,NaN,53.6019417475728,0.0518811924338046,-12.0810220562855,-12.9865603322013,0.0320625769240913,57.5163203395637,NaN,57.394495412844,0.823141604695729,-9.0375821271396,-9.90423713474366,0.179444869823669,48.5134077719235,48.3959183673469,48.4732965009208,3.30295383975794,3.98841716745132,-2.17752169605533,3.58700786997712,36.1494266029879,35.9304029304029,36.3642039542144,2.10287756353271,1.40558928750331,-3.806320573072,4.04173067710986,5.06817908564506,1072,48,1,890,712,9,0.355644355644356,184,122.586980560713,1,1424,-0.933409220261811,5.13771541296014,19,4.66853277193765,1.74196580464571,0.732898287287996,21.1183652073489,1
250929_Dupi_NMH_GH_1,audiobook,Dupi,DupiS1,GH,1,22,42464,1,77,768,1202,1202,2102,4204,4162.00000000001,1430.30379314078,1.578,1.52952192340449,4.16200000000001,55.4858043089935,55.5079365079365,55.412,2.14412735751484,-6.46673047408352,-4.98073386833379,1.07206367875742,52.8992968274004,53.4788732394366,53.376,1.37609874814752,-6.84116059300422,-5.69565588486479,0.688049374073758,55.850328968873,57,54.064,1.32047449389563,-6.60221414576056,-5.37270882446763,0.660237246947814,51.741845792963,54.9878048780488,49.2,1.69772889524753,-1.99899658258429,-5.89635384905755,0.848864447623766,37.7090954147192,40.6451612903226,37.208,1.49008073316456,1.83668123830532,-3.50835472783347,0.745040366582282,54.5741413684926,55.0769230769231,54.640625,1.51443706371051,-7.38311623253694,-5.20392228159682,1.16308766492967,55.2753331006382,57.6060606060606,52.7281105990783,1.05855725169052,-5.76372432228667,-6.6800750174259,0.459413847233687,43.9568799052159,49.7007299270073,41.3066666666667,1.75863037635858,1.01906916392437,-4.15325085681345,1.58276733872273,46.6278965595903,45.8027079303675,47.9093782929399,2.3151365780729,0.420991678540896,-3.29529033531868,4.39412922518236,3.71377523505978,1238,58,1,1218,74,2,0.036963036963037,46,31.9330676767884,1,1464,4.55283627395181,-4.36957978188856,19,6.35343333923308,0.806324050758544,-0.226088769014628,9.71389938805429,1
250929_Dupi_NMH_GH_1,audiobook,Dupi,DupiS1,GH,1,23,44545,1,77,504,876,876,1360,2720,3069.99999999999,1155.04806670638,0.954,1.65462026276696,3.06999999999999,37.5001647414295,37.8770053475936,37.504,2.25258819595154,2.20817307415446,-1.3700937143014,1.12629409797577,38.3684233599791,38.1414141414141,38.384,1.83990270026541,3.94558343178263,-2.10850869786132,0.919951350132705,50.6456419264482,51.168,50.388,2.13443164803309,0.0644825621385859,-1.13835330815661,1.06721582401654,55.1847189913119,57,53.728,1.54755543142153,-5.76711740293831,-4.53817458256086,0.773777715710764,41.8971576245965,42.4010416666667,41.948,2.95938828520191,0.0307028909142838,-2.36073266762719,1.47969414260096,38.3443353431862,38.1188118811881,38.3730158730159,1.85800632205288,3.96352050869679,-2.05617419957287,0.936435186314651,48.5273539979811,48.925,48.6612903225806,1.9429511251174,0.861869504351251,-1.21145335865515,0.722777818543672,56.3137401648794,56.5612244897959,56.2396694214876,2.01793147185548,-6.0269112227324,-3.00922037668229,0.97667883237805,41.8335434414643,42.1737089201878,42.0205882352941,2.41550322080185,3.58718427505475,-2.0220608428729,3.28508438029051,5.19645480325325,1562,29,1,448,440,8,0.21978021978022,100,23.4739669069257,1,1416,5.55074938341869,27.1608292701083,29,10.3637153228439,0.550323487186453,-0.504630273418568,11.8355102300542,1
250929_Dupi_NMH_GH_1,audiobook,Dupi,DupiS1,GH,1,24,46080,1,77,498,974,974,1454,2908,3150.00000000001,1211.24552824966,1.018,1.63493163009996,3.15000000000001,39.6293238327744,39.7918552036199,39.556,2.68852322230372,3.24372673730304,-2.44582231505234,1.34426161115186,44.5859772851887,44.1197916666667,44.012,2.89265877778552,2.25801415012021,-2.72086025454158,1.44632938889276,44.625701609691,41.7236842105263,46.16,2.65269390882685,-0.113519390877149,-3.80655540231253,1.32634695441343,51.6116801601779,51.2068965517241,52.256,1.34044786598561,-4.55620342152376,-6.18356702050197,0.670223932992804,43.9349591641078,44.6363636363636,43.588,1.34192005015984,1.40664880561145,-2.97147317057744,0.670960025079918,44.6373832175937,44.1780104712042,44.0562248995984,2.89144679363283,2.25358014793486,-2.71655308556145,1.43994050322915,44.0654406520018,40.8928571428571,45.8949579831933,2.56183327214622,-0.053439009726939,-3.81486907808953,1.2194326375416,50.9187895159735,50,51.8708333333333,1.44843110531884,-4.31318930513636,-6.26626837360116,0.695246930553045,32.9230948546783,31.077380952381,35.1595598349381,2.06436697658856,2.81424685822111,-2.80917247668559,3.00158958395977,4.48359533063042,976,50,1,124,518,5,0.258741258741259,144,11.8090922956569,1,1282,-23.2851451337507,14.4782632969814,25,8.1058437699642,0.76575164574521,-0.314448227889761,11.8262006170575,1
250929_Dupi_NMH_GH_1,audiobook,Dupi,DupiS1,GH,1,25,47655,1,77,438,1126,1126,1596,3192,3358,1279.45785952936,1.14,1.69404129938148,3.358,29.5427099877617,27.4117647058824,31.604,1.86779172834139,3.09038764555558,-4.27515680950089,0.933895864170694,35.3510385409007,45,35.528,1.23580630932321,1.40124461506443,-4.5394221953982,0.617903154661606,53.3386787473526,54.1428571428571,51.668,2.26822461498001,-2.40917995609114,-3.29312084781399,1.13411230749,54.5743088665689,54.1308411214953,53.888,2.94464920124548,-2.23522096323894,-4.98392757334915,1.47232460062274,46.4713029037086,44.6929824561403,47.512,2.17093230913727,0.0551695224941531,-2.34425940749189,1.08546615456863,34.4954432424858,45,34.1872146118721,1.29583331662816,1.75605692766558,-4.36518036814176,0.567574992683136,54.6042319758553,55.2626728110599,52.2267441860465,2.54280589072703,-2.04548264539283,-3.37116592138235,1.74945045282019,53.0211447762191,52.7530864197531,53.2212765957447,2.30361367009186,-3.16148730640634,-6.31693401782873,1.08269842494318,42.1237142258416,42.6411149825784,42.4586466165414,1.78620438621749,0.358102773037509,-3.32726727461958,2.85078220040312,5.49818220661819,1030,58,1,786,418,4,0.208791208791209,176,32.4518025283032,1,1992,27.9309428950863,34.7449473331596,15,5.00232064663549,0.915231118496155,-0.0980208185633771,11.6503027867385,1
250929_Dupi_NMH_GH_1,audiobook,Dupi,DupiS1,GH,1,26,49334,1,77,530,1108,1108,1518,3036,3252,1121.19128118036,1.106,1.51362610322985,3.252,52.1113941939801,NaN,49.696,0.285122532234316,-6.93753769871097,-6.6563229518737,0.142561266117158,38.4042821554399,NaN,37.716,0.515396831432715,-1.89285823799648,-5.74468615475784,0.257698415716357,49.6425595418788,49.6576086956522,49.964,2.49955811508277,-1.57722180302935,-5.09732622131041,1.24977905754138,40.1093498730765,40.8116883116883,40.036,2.2563504803846,2.64524913923715,-3.73070028855022,1.1281752401923,32.6828761424228,31,34.264,1.96872240791491,4.57505431923969,-1.97455727407441,0.984361203957453,39.0929517743893,NaN,38.5245283018868,0.512166406457044,-2.05402814815434,-5.79958394715375,0.271448195422233,48.6302412610942,48.3739495798319,48.7439446366782,2.59388253029567,-1.02836283864805,-4.90292863421235,1.4992641025109,38.9240771499426,39.09,38.9219512195122,2.14555097367996,3.04043975042934,-3.49311434219982,0.879675899208783,39.6831799533197,40.3478260869565,39.5296442687747,2.16150702695781,2.59099038329688,-3.0943134429678,3.28116766692195,4.83742908038643,1714,31,1,716,408,4,0.203796203796204,142,25.2878357787385,1,1430,30.3737431227471,12.9887036140991,21,7.62757433285673,0.676118967276344,-0.375641396512386,11.483359669314,1
250929_Dupi_NMH_GH_1,audiobook,Dupi,DupiS1,GH,1,27,50960,1,77,664,1174,1174,1740,3480,3724,1354.3180368662,1.24,1.67240916244385,3.724,31.1762898846455,29.8539325842697,31.656,2.32003447358073,3.64736482939486,-2.32109828014343,1.16001723679036,32.6093645514743,32.6916666666667,32.192,2.05310123501659,2.15719398814759,-2.70146145778225,1.0265506175083,36.9518900272275,38.1157024793388,35.668,2.27945112597919,3.84072344093505,-2.45565560530266,1.13972556298959,52.1099430225418,52.3304347826087,52.656,3.41538948244684,1.33316333122521,0.430636427533735,1.70769474122342,56.9581877316635,NaN,56.664,0.608719929664287,-7.63928444791848,-5.33219111222806,0.304359964832144,32.7648325225841,32.8521126760563,32.4578313253012,1.9744082369523,2.50164150769766,-2.98080966764338,1.31100706933633,42.0428537002583,43.0434782608696,40.5254901960784,2.91506350096067,3.98306435855481,-1.06445166299315,1.48668238548994,55.3012265946273,55.0758620689655,56.2014134275618,2.17790162416044,-2.81531801121347,-1.18017244070049,1.23269231927481,43.9849421964688,44.9707317073171,42.5609195402299,1.40921188247347,0.124361620981326,-3.50354160256431,2.45202867550383,4.85323601796115,1198,50,1,0,518,7,0.258741258741259,166,17.1178224089109,1,1502,22.074369189907,8.92972791900845,30,9.91295084167594,1.2562529771905,0.069062154605158,19.1510592826446,1
250929_Dupi_NMH_GH_1,audiobook,Dupi,DupiS1,GH,1,28,52822,1,77,544,1018,1018,1536,3072,3065.99999999999,1282.46793809187,1.122,1.64158162717914,3.06599999999999,30.7702985386435,30.3333333333333,31.896,1.67566453351226,0.78533395258436,-4.619689650333,0.837832266756131,53.1821519304871,57.3132530120482,48.812,1.76214040859916,-3.06853411492259,-5.61859002878766,0.881070204299582,47.8883700836887,48.3414634146341,46.18,2.43797245900741,0.834727142973669,-2.38080632559321,1.2189862295037,36.3649475313427,37.2067039106145,37.736,2.78425102604244,2.81667534481168,-1.69579834580333,1.39212551302122,40.8982961875401,40.2905982905983,41.048,1.91797161222138,1.76194526433615,-3.98431713951708,0.958985806110692,51.7575837194302,53.6153846153846,48.0183823529412,1.80046764582508,-2.45881335607476,-5.3058319877681,0.979454399328844,48.6724670447765,50.1351351351351,46.9409282700422,2.50307367714816,0.795578511628648,-2.29819563074837,1.18645692296823,35.9816894070574,36.8415300546448,37.5135135135135,2.70756669039992,2.80622843345574,-1.74727386599363,1.40251954562716,40.9809476152995,41.3614130434783,40.4830729166667,2.05491795944927,1.9314250165091,-3.4288144962949,3.15635398571408,5.36387435515376,1368,29,1,76,418,4,0.208791208791209,162,27.464678235857,1,1464,-66.1491178144565,7.63520303718316,30,8.8564645245225,1.31278893966432,0.515176073105132,12.9276560959878,1
250929_Dupi_NMH_GH_1,audiobook,Dupi,DupiS1,GH,1,29,54355,1,77,640,1108,1108,1648,3296,3120,1516.69790399178,1.196,1.91198719772436,3.12,31.0684768343796,32.4354838709677,30.944,1.50378629863272,0.0385426716949425,-3.49030226203848,0.751893149316362,34.5942937813604,37.2857142857143,33.616,1.42751901534789,0.40775756542459,-4.53540656895708,0.713759507673946,31.2050484013524,30.9920634920635,31.644,2.27577061712565,1.59246555184846,-2.68346846430457,1.13788530856282,40.7128938492478,41.1464435146444,41.124,3.36705805108616,4.23177457127681,-1.69163733127992,1.68352902554308,47.0816475733683,47.145,46.752,2.81728315209098,2.54229968780507,-3.65903855885735,1.40864157604549,34.7030887744778,36.4545454545455,33.91875,1.52390179067386,0.299933828252181,-4.30731982522197,0.975297146031272,32.2768841243809,32.6959459459459,32.2606837606838,2.68043913146917,2.11846329746008,-2.17057143551659,1.25444551352757,41.3905770033803,41.4166666666667,41.5,3.07225149829852,4.22173324082469,-2.217347097956,1.6590158090812,46.7040864443,45.4488778054863,46.5351941747573,2.12504518684117,0.224031096858028,-4.05905324741718,3.50207446791425,5.09368887136672,1008,29,1,652,800,7,0.3996003996004,226,13.5544941247925,1,1246,-13.3450958072472,-5.73649830647262,24,7.36787706748523,0.822543967415559,-0.380385310237325,15.5204049658876,1
250929_Dupi_NMH_GH_1,audiobook,Dupi,DupiS1,GH,1,30,55915,1,77,518,1174,1174,1844,3688,3486,1463.31864979865,1.352,1.85749896066665,3.486,36.1781141312786,31.2682926829268,37.504,1.28901069397539,0.827474260205133,-5.18392398109638,0.644505346987693,54.9653858621407,57.3333333333333,48.652,1.19082580587112,-3.48931667924838,-6.00781736501771,0.595412902935562,48.1640780983745,47.5703125,46.42,2.24317141962756,1.19784810608182,-3.54022847024124,1.12158570981378,43.7841849857286,44.4428571428571,43.468,2.26161779886251,1.68791130599238,-1.92080995754715,1.13080889943126,40.7772501363714,40.7857142857143,40.084,2.6637758049938,1.80189045790515,-2.29499329499151,1.3318879024969,54.8118230008338,57.3333333333333,48.4208494208494,1.16322304689962,-3.31308181760313,-6.00521290687217,0.602549538294003,49.0699080122794,49.0734463276836,47.4512195121951,2.25561449082911,0.668470345251781,-3.27810917919812,1.47968310598389,40.6379534777262,40.4112554112554,40.3134328358209,2.82425319215344,2.42815990979471,-1.48073466635989,1.8922496387428,39.4519739869191,39.145251396648,39.7472885032538,2.1060075086972,1.22658105563409,-4.04354750659432,3.88347784603764,5.46221480677512,1528,46,1,100,486,4,0.242757242757243,212,26.4085478382345,1,1480,-51.6213242269019,7.68824208136375,23,7.32601507177962,0.435152346288307,-0.665931441352579,12.2786432365467,1
250929_Dupi_NMH_GH_1,audiobook,Dupi,DupiS1,GH,1,31,57658,1,77,506,1354,1354,1784,3568,3346,1164.02145944487,1.356,1.21412515745498,3.346,50.1148052801583,50.2803738317757,49.928,1.98280549100116,-4.71264488860753,-4.26881563383714,0.991402745500579,39.5926821956171,40.8432835820896,36.42,2.24794635330793,0.973700077819619,-4.05122564393116,1.12397317665396,32.3524908798869,34.8125,31.36,1.03923571194223,-0.0642197083305176,-5.55271873226993,0.519617855971118,50.2950942273387,53,47.06,1.65530011110249,-4.66393525471829,-7.34504300100115,0.827650055551243,50.8421802407907,50.3304347826087,51.024,1.87471516495741,-6.35409365001885,-4.68202754677405,0.937357582478705,39.5514180685879,40.8432835820896,36.3873517786561,2.23728868626755,0.967803062944396,-4.05795048252589,1.13206807525138,36.5639939568503,34.8125,36.875,0.919251720466889,-1.41578993611745,-6.28831212471792,0.779525458955922,52.6601237163326,52.7818181818182,52.4558139534884,2.36861754873012,-6.59249860252348,-4.7728374839083,1.01850554595395,40.9862493263292,42.0253411306043,40.804932735426,2.36945795959302,1.22644367694303,-3.81109381433389,4.22711299991396,4.52849592828086,1398,53,1,0,284,4,0.141858141858142,118,15.3892845839823,1,1356,-50.3031682792639,-5.12831726653515,24,7.84726078768744,1.67720142294511,0.782457895787939,14.3295733571052,1
250929_Dupi_NMH_GH_1,audiobook,Dupi,DupiS1,GH,1,32,59331,1,77,514,806,806,1600,3200,3051.99999999999,1170.43751272828,1.136,1.66530373750557,3.05199999999999,39.3880871582286,39,39.8,2.20922868335163,3.21188201538639,-2.95544577820324,1.10461434167581,36.9148964145081,37,36.628,1.1128643802661,-0.191635490390979,-4.06351840849505,0.55643219013305,50.8077574866826,53.984375,45.812,1.02402146758978,-3.31344672783348,-6.6778637714249,0.512010733794891,51.7327282805033,51.638418079096,51.516,2.62511392755765,-2.9383201797918,-1.46515802844253,1.31255696377882,51.2441371458648,52.1085271317829,50.964,2.07343486838513,-4.05170986885777,-2.51856715743925,1.03671743419257,36.916584785429,37,36.6381322957198,1.10446437944393,-0.208514152078939,-4.12773397740027,0.567694691034181,49.0418541082192,53.96875,42.2123287671233,0.988812423192677,-2.32347691829122,-6.04700465790739,0.288733227572262,52.1871191731265,52.1803921568627,51.7884130982368,2.26635841389102,-3.68448772467318,-2.2093795512772,1.79948858062947,39.8075334615322,39.6838407494145,39.395,2.29453395181985,0.838358450797883,-3.21129330712709,3.67125432291177,4.88387543809001,1304,55,1,1124,234,6,0.116883116883117,64,39.499131135309,1,1926,0.641623980269385,27.1946998176201,18,5.20717511378371,0.99479199940512,-0.0826674758930886,17.6985579244224,1
250929_Dupi_NMH_GH_1,audiobook,Dupi,DupiS1,GH,1,33,60857,1,77,652,1126,1126,1602,3204,2870,1057.74235633273,1.168,1.35445770146835,2.87,33.8510125274957,35,33.188,1.55182880028585,0.535141847725565,-4.4018489598216,0.775914400142927,43.6481655867193,41.3,44.884,1.30882827093515,1.36580929416602,-2.88131900581711,0.654414135467575,51.0358714837847,56.5555555555556,47.072,0.797542560478756,-1.0311391371702,-5.66017234127071,0.398771280239378,43.2057136283133,45.6614173228346,40.584,1.77622277133146,-0.105387089151948,-3.5460869083047,0.888111385665728,42.7519547361284,42.4074074074074,43.144,2.9027109947294,5.34878399550464,-0.673070864721037,1.4513554973647,43.6120239745451,41.3,44.6104294478528,1.07067010759223,1.0059700115937,-3.35447737913654,0.698076910150135,53.9572177980783,56.2020202020202,50.5232067510549,1.46136314133674,-1.93433441654085,-5.02693844214138,0.692686128993615,37.2207414578158,35.484375,37.2352941176471,1.47395529989277,1.02501033842127,-3.73375104758561,0.70160272274896,46.4662262037016,45.8270042194093,46.6267166042447,1.82858193144747,1.87911742049453,-2.994675553654,2.92938825417885,5.18145964717158,1866,42,1,0,330,5,0.164835164835165,230,131.585040839702,1,1858,11.8322898880668,9.42150221461273,25,8.57138146274124,1.4889992114626,0.729585129984104,14.544569720674,1
250929_Dupi_NMH_GH_1,audiobook,Dupi,DupiS1,GH,1,34,62292,1,77,578,1384,1384,3902,7804,5036,2256.26527811915,2.01,2.32864137350337,5.036,44.8931943046792,42.1458333333333,45.66,1.12464388375554,-2.83765785824927,-7.00365000570599,0.562321941877771,51.005473630497,37.6842105263158,52.7,1.42927948039236,-4.24931237662876,-4.77898114781358,0.714639740196179,35.7099631494476,34.0989010989011,36.024,1.84718321812278,0.784733863181084,-4.67646315529012,0.923591609061388,36.7989531592451,41.6052631578947,34.856,1.83324915017249,2.54277155665855,-3.19787459808343,0.916624575086243,37.3020086171252,37.0211267605634,38.096,2.45975186622547,2.78302373763961,-1.57740116224282,1.22987593311274,47.2011127511972,34.8701298701299,49.923875432526,1.54815830075219,-3.0903434277412,-4.84510330358205,0.894835497834765,34.6045646334558,35.6216216216216,34.5285359801489,1.59986675766189,0.750596879224594,-4.25135774236043,1.28949260667549,45.5886573768304,45.5822416302766,45.3804606830818,2.30837630753387,1.50298387163991,-2.90366739146005,5.81249154237028,53,53,53,2.96323149081164,-2.90743736901085,-3.14541885293085,0.290396686099541,4.97585969341361,1642,36,1,1430,242,2,0.120879120879121,132,16.4010262664796,1,1666,-39.5484727755644,-26.4381955558864,22,4.98578546176228,1.73483104616539,0.844651443402793,18.00014752072,1
250929_Dupi_NMH_GH_1,audiobook,Dupi,DupiS1,GH,1,35,64810,0,77,708,1786,708,1654,3308,3049.99999999998,1015.98181656478,1.428,1.18265554178464,3.04999999999998,48.4585573276243,48.5166666666667,48.528,3.3895547079796,1.06422578527256,-2.78138351096352,1.6947773539898,55.3577501554103,56,54.632,2.03756681552409,-4.9856335508319,-3.41526982376638,1.01878340776205,52.8946057645718,54,52.056,0.943872205916953,-6.18474363642652,-5.54719917039945,0.471936102958477,33.668944775292,35.9230769230769,30.756,1.5418863508983,0.203277351912378,-5.3017189472373,0.770943175449151,34.8723011387241,35.3028571428571,35.056,2.55012455380358,2.21484727081078,-3.45062860207035,1.27506227690179,54.9331525608117,56,54.0028248587571,1.69013341795561,-5.1698182039867,-3.76214182212684,1.19661445991257,39.2299324969274,39.0612244897959,38.6734693877551,1.67423451835953,-0.477064515964409,-5.21474270302512,1.80482481079157,39.2239364593271,38.969465648855,38.5983086680761,1.48732616363544,-0.895147062102041,-5.55569013373615,1.40701055079912,32.1019104842309,30.5720930232558,31.912938331318,1.4073489247324,0.939440581864304,-5.10094455380911,2.32775512150738,4.79965805594615,96,56,1,2,472,6,0.235764235764236,180,12.7412534402721,1,1026,-8.90153671030165,-5.8085197454126,30,10.4675937835894,2.00768340861508,1.23062863627702,13.991151478498,1
250929_Dupi_NMH_GH_1,audiobook,Dupi,DupiS1,GH,1,36,66335,1,77,568,1174,1174,1610,3220,3316,2152.00199510136,1.178,2.66112423802153,3.316,32.9376471088999,NaN,32.4,0.785855911206021,-1.6091054111052,-7.45292034203226,0.39292795560301,44.2090353408133,49,40.36,0.766353834715439,-2.40929056241635,-7.52137538896754,0.383176917357719,43.6642350832049,45.0387596899225,42.128,2.0943123075443,0.107434628597121,-5.00467900402318,1.04715615377215,44.8532379708339,45.1991341991342,45.5,2.8352040872795,1.38018908691079,-3.45550917687419,1.41760204363975,40.4251447516698,39.6356275303644,39.628,3.779514428507,3.02267022095742,-1.72122138690394,1.8897572142535,43.579462453845,49,40.0774647887324,0.750728279659135,-2.5369997557504,-7.41185705545208,0.426413662846389,45.9853721238596,47.019801980198,45.023102310231,2.41329645774942,0.876515246731152,-4.25540035326609,1.46245765339615,40.513273630403,41.0234741784038,41.0917431192661,3.00524623573616,1.526309862284,-3.60586622543791,1.31028735878096,39.6337575632232,40.6421404682274,36.1453416149068,1.95565806805926,0.755313839471037,-4.10445139788339,3.14860948957541,5.31085167177344,1882,43,1,636,740,8,0.36963036963037,202,46.2471891448996,1,1964,-37.5359514323658,19.976830312279,15,5.9668499027228,1.2022341786913,0.261846424830043,14.3239208099999,1
250929_Dupi_NMH_GH_1,audiobook,Dupi,DupiS1,GH,1,37,67993,1,77,608,1270,1270,1614,3228,3550.00000000001,1409.70713036577,1.192,1.80336779094411,3.55000000000001,27.1872894316839,25,29.5,0.802445055631799,-0.526489205377495,-6.00708275606532,0.4012225278159,34.34970116014,NaN,35.208,0.797831886015649,-0.232253830284642,-6.30871163150105,0.398915943007824,49.7190066852438,53.5846153846154,46.288,1.49904153407561,-1.99717274119129,-6.57377345802315,0.749520767037805,38.9535632472444,38.34375,41.12,2.5365852055193,2.4155242274726,-2.05390198053525,1.26829260275965,41.326162365559,41.5301204819277,41.032,2.42487185146309,0.0393331917966202,-3.89544352566187,1.21243592573154,34.1497028241529,NaN,34.8157894736842,0.770246684056351,-0.0742507104712128,-6.47274498835141,0.468309983906261,48.6032727414932,49.1428571428571,47.963746223565,1.66917439908766,-0.50905912601954,-5.18551370432626,1.10499345219603,36.4008613398373,36.3357664233577,36.5872093023256,3.08125763398921,2.50775275911558,-1.12784323302389,1.05995262609229,46.1129114348121,44.9539748953975,48.360594795539,2.2829798904683,-0.44763763706499,-3.95822059936799,3.68472954321584,5.78315311479817,1386,36,1,830,364,8,0.181818181818182,114,21.0180356803709,1,1856,-16.0223866439006,34.691908288979,22,6.69414691368739,1.21140930849572,0.0747608737558375,15.0455840564456,1
250929_Dupi_NMH_GH_1,audiobook,Dupi,DupiS1,GH,1,38,69768,1,77,496,1156,1156,1574,3148,3259.99999999999,1039.04326995739,1.128,1.36236411964568,3.25999999999999,35.1907159246827,35.5577889447236,34.624,2.67764051167888,2.68798258471842,-2.97024382150142,1.33882025583944,28.1401610110953,28.8518518518519,27.476,1.48021974725668,1.72442763061788,-4.50839548506778,0.740109873628341,38.6536530024487,40.3529411764706,37.98,1.81171560319427,2.40640687983261,-3.75572009865979,0.905857801597134,35.1699304305705,35.1037037037037,35.176,2.06499295839642,2.88935328423831,-3.43742205563488,1.03249647919821,34.3809282091721,36,33.88,1.70058801607181,1.8736597627217,-4.4518587560632,0.850294008035903,28.135579715654,28.8518518518519,27.4637096774194,1.48424879913658,1.73070308463791,-4.50103762301712,0.736187404371744,37.9764652207942,38.9328859060403,37.5515151515152,1.8666176794872,2.45419852380523,-3.38569987624677,1.23196766846155,34.6069939002648,34.7045454545455,34.3349282296651,1.80925212098812,2.7074943728746,-4.32427312495333,0.756267386573032,42.1472813023968,43.7237163814181,40.9415501905972,2.29560266736178,2.15445622444998,-3.18115872060639,3.61327859842744,4.10886442613492,1322,35,1,338,260,4,0.12987012987013,102,24.3731116468514,1,1514,10.9956365016126,22.0251609781516,13,3.83457578562374,1.31289084585689,0.548518375169453,13.1026085474466,1
250929_Dupi_NMH_GH_1,audiobook,Dupi,DupiS1,GH,1,39,71398,1,77,540,1152,1152,1610,3220,3110.00000000001,1124.20265785029,1.188,1.41642745504621,3.11000000000001,38.9575763967917,39.3349514563107,38.372,2.56749924447355,2.60083394793143,-1.99849312142566,1.28374962223678,29.7748340603729,28.5416666666667,30.32,2.04881760846455,2.39301648643987,-2.95096944895199,1.02440880423227,40.3889120816098,38.0634920634921,40.888,1.23776937708065,0.420757549635695,-4.63040078478149,0.618884688540326,33.1130880830332,33.5449438202247,32.352,2.42096535375055,2.3039965822972,-2.01214850551461,1.21048267687528,37.0070457602941,36.3734939759036,36.548,2.14563923340642,1.32157311322116,-3.25431805762516,1.07281961670321,29.8790449496503,28.8928571428571,30.3703703703704,2.0734151102073,2.29077520401867,-3.06055029002725,1.11964415951194,39.2437352302301,37.9243697478992,40.3169934640523,1.60490786002726,0.948040671913121,-4.17357764178659,0.982203610336681,30.6921385669163,30.7707006369427,30.3406113537118,2.29076383360803,2.60653548658357,-1.92273065358584,1.04916983579248,44.9048889337234,45.7292418772563,43.4260869565217,1.52966872316945,-0.567924597239871,-4.5569847966314,2.46276664430282,3.5318696346536,1100,36,1,222,230,4,0.114885114885115,136,20.09034400168,1,1336,-9.62777461582243,29.4597461569956,28,8.13599985004224,1.0300381475819,-0.083614914660995,14.1843057754485,1
250929_Dupi_NMH_GH_1,audiobook,Dupi,DupiS1,GH,1,40,72953,1,77,566,1082,1082,1908,3816,4133.99999999999,1340.83440987715,1.198,1.72449557418517,4.13399999999999,28.267172375991,28.8666666666667,27.588,1.37180111202011,0.369883563322494,-4.52693191266386,0.685900556010054,39.4145675098169,38.4406779661017,40.676,1.34179702486467,0.743277684188604,-3.80646700144638,0.670898512432334,42.0679959745462,42.2878787878788,42,2.56510400171755,3.36963439250863,-1.95748119752876,1.28255200085877,41.7396435897793,43,39.88,2.70180778102036,2.82254926124859,-2.63220328708326,1.35090389051018,41.0386808014741,41.6901408450704,40.508,1.55266271120874,0.546019101098673,-4.17611692114438,0.776331355604371,39.4614891356094,38.4406779661017,40.5971731448763,1.28861371494523,0.817873260194327,-3.96725930220149,0.729355362659002,41.890699803375,41.8670520231214,42.0193798449612,2.89775201974324,3.86990865408524,-1.42067764411689,1.49524004218751,42.342089758772,44.5323741007194,40.5181598062954,1.93764464493102,1.3052708888104,-3.71792503531701,1.60049447671302,42.577463956895,42.6898734177215,41.2285115303983,1.66407492807936,-0.845117409666018,-5.02129310324648,3.17505496277543,5.3472772545868,976,41,1,810,436,3,0.217782217782218,226,64.396162985997,1,1988,31.203187250996,-4.26843339412663,18,4.51069397690163,1.08699808397383,-0.021503433708388,16.7647405112962,1
250929_Dupi_NMH_GH_1,audiobook,Dupi,DupiS1,GH,1,41,75020,1,77,480,908,908,1608,3216,3396.00000000002,1404.87636764169,1.116,1.93342792996246,3.39600000000002,38.579161238442,38.0860215053763,40.192,1.37732495658122,0.413152278057993,-4.26068456477217,0.688662478290608,44.0887952279827,44.2737430167598,43.908,2.68603523851058,1.54216494406014,-3.16599038852299,1.34301761925529,51.8749697315796,51.6123595505618,51.704,2.17746992601074,-2.68631619191229,-4.65889452425506,1.08873496300537,51.3455646499748,51.68,51.58,2.99744536000877,-1.14412955852583,-2.99085993266535,1.49872268000438,32.3986591300114,32.5047619047619,32.38,1.79371059998131,2.20130811382723,-4.25445971607072,0.896855299990656,44.1499803201365,44.3491124260355,43.9458333333333,2.64908731722245,1.48023747254292,-3.12649273976477,1.27156191226677,50.2962054911054,49.8775510204082,50.4252336448598,2.19521142393028,-1.95494891078577,-4.56261852921824,0.939550489442162,50.5794800358683,51.7637795275591,49.6,2.68554886888404,-0.905776161061866,-3.34283285505149,1.87988420821883,34.4023210964287,31.2125,37.1853233830846,1.55524348353698,0.914921203073884,-4.4794630875385,2.50083152152747,4.73294900668104,450,43,1,134,510,4,0.254745254745255,190,24.3366211216084,1,1968,-7.41491178144565,21.8070495403283,25,7.96152711909973,1.39281292812528,0.440668588161258,14.8441803774896,1
250929_Dupi_NMH_GH_1,audiobook,Dupi,DupiS1,GH,1,42,76718,1,77,594,1044,1044,1690,3380,3307.99999999999,1423.32830022301,1.196,1.85414758584701,3.30799999999999,47.3997010993462,NaN,49.732,0.65346731566303,-3.80307036548264,-7.67184215857078,0.326733657831515,39.0257105207043,37.021978021978,44.628,2.0733824166587,0.926784751130936,-3.58986144393328,1.03669120832935,32.8377422964013,32.5769230769231,32.804,1.17489915631382,-0.418539881089429,-4.74909109446125,0.587449578156908,31.3625100541606,30.3978494623656,31.1,1.90513821101914,0.155739343884646,-4.04790408041893,0.952569105509571,48.4748547011431,48.9442060085837,48.98,3.78451135641293,2.62775416156645,-1.73705264451876,1.89225567820647,38.8391911606797,37.021978021978,43.2289562289562,1.88576054976744,0.765770905040341,-3.75645749469679,1.12014176656186,31.4650018156966,30.7179487179487,31.6133333333333,1.31131220471563,-0.30480988286232,-4.84478599319525,0.590090492122035,39.4482855140881,40.144578313253,36.5356037151703,2.44355199135202,0.347514622911021,-3.67859894736396,1.5785345864134,52.4439049403881,52.1747311827957,53.6485207100592,2.0177347797055,-1.51842906944259,-3.45281677914064,3.40997177770229,5.33729699448452,1880,44,1,194,610,6,0.304695304695305,184,119.05725722716,1,1588,-61.1007398975527,-10.5143856775971,31,8.64772621032774,0.97448076289365,-0.108416708579081,14.1571780394286,1
250929_Dupi_NMH_GH_1,audiobook,Dupi,DupiS1,GH,1,43,78372,1,77,548,1138,1138,1668,3336,3355.99999999999,1435.00587422468,1.198,1.94585809956378,3.35599999999999,44.031675464347,43.3414634146341,45.052,1.8771872869131,-0.449229563697028,-5.29830677308756,0.938593643456551,37.678307775547,37.8571428571429,35.964,1.41002431387962,-1.02370080132234,-6.64305659235609,0.70501215693981,37.0134756810071,35,39.948,0.991352721350051,-0.528949142486798,-5.61855705438875,0.495676360675026,33.7777270300301,33.5787234042553,33.58,3.4514225913226,4.14489590191866,-2.02168919875144,1.7257112956613,44.3830431803539,44.920704845815,45.416,3.396590573453,0.674260933824845,-3.53177683553696,1.6982952867265,37.9002114858344,37.8571428571429,37.2810218978102,1.30831149983468,-1.30573111841203,-6.86085894207549,0.716954701909407,36.4533712337258,35.8953488372093,38.1525423728814,1.67327035781175,1.8902921218338,-4.04698551050752,0.987229511108931,32.072065323498,31.944,32.0377358490566,3.57972748096281,3.66107861669367,-2.38209998667512,1.89725556491029,45.520556078639,45.4054982817869,44.0491606714628,2.51950130418997,0.135281889396443,-4.35162309621266,4.20252817538887,5.26737731679394,1578,31,1,0,772,7,0.385614385614386,254,25.4171569615836,1,1282,-28.155568203377,2.79897271746009,31,9.50284735920918,1.09426881675734,0.221928356344405,13.0086449181377,1
250929_Dupi_NMH_GH_1,audiobook,Dupi,DupiS1,GH,1,44,80050,1,77,518,1212,1212,2654,5308,4586.00000000001,1423.2506688927,1.502,1.74931574449583,4.58600000000001,28.6104285462976,27.4220183486239,30.568,1.76786059924989,-0.34449382683843,-5.65030130135324,0.883930299624947,25,NaN,25,0.331833257985606,-5.05670599701535,-10.4954777507808,0.165916628992803,56.5432348268386,56.5714285714286,34.92,0.192183200019196,-12.2492451151993,-12.3268539620897,0.096091600009598,54.7176408618035,54.9555555555556,54.236,2.70095559405116,-4.79102470543011,-6.15891199466836,1.35047779702558,43.7929399981699,43.4597701149425,44.94,2.73403628211903,0.285484834984379,-4.2072352279338,1.36701814105952,25,NaN,25,0.320302372572978,-5.19727113262396,-10.5894938514483,0.165916628992803,55.4622625322009,55.3243243243243,41.3775216138329,1.40009094920904,-8.01125040693642,-9.67545613591856,0.971663118751077,43.8079509571485,43.8655172413793,43.4452149791956,1.89908850920959,-1.31230745728177,-5.32501829501951,2.73848563028023,38.8176174130931,39.4352078239609,38.3031203566122,2.45659293234637,1.86277878560231,-3.7313138806103,3.30657408693822,6.21383217381575,1090,56,1,1012,354,3,0.176823176823177,182,13.8937651180324,1,642,-8.32207197131453e-15,37.3889902110396,18,7.20686819403299,2.14640069961475,1.28030307288501,13.738430487144,1
250929_Dupi_NMH_GH_1,audiobook,Dupi,DupiS1,GH,1,45,82343,1,77,552,1226,1226,1964,3928,3705.99999999999,1493.73921875339,1.386,1.70778278805302,3.70599999999999,39.6182494712603,28.6607142857143,41.544,1.65196706765962,-0.958119537146824,-5.82406670209702,0.82598353382981,50.3742593621188,53,51.044,1.48311028789648,-3.85503917760309,-5.14668661590333,0.74155514394824,37.7847233156261,42.0952380952381,33.32,1.42448459577271,-0.93368464756031,-5.87097791996752,0.712242297886355,30.2155520918796,32.8363636363636,28.96,1.57836683192709,0.466237460356592,-4.15995816234707,0.789183415963547,44.9678909490846,44.9351851851852,44.828,2.76472260390093,0.840961152086811,-2.34330721730186,1.38236130195047,50.8898978003086,53,51.2282608695652,1.67167831775037,-3.75307832076543,-5.07590767815299,0.922766431398203,30.2513893262018,31.1228070175439,29.0712166172107,1.14273019977166,-0.608759231776092,-5.99614069355534,0.770200154646101,41.3850891448831,41.8859060402685,40.2330623306233,2.52142661315613,0.895429713921912,-2.5763433670987,1.86081284050923,38.9638244446698,41.2084592145015,37.367617107943,1.75013205886256,0.579134456449552,-4.38499404442455,3.43725936360607,4.18295090139979,446,53,1,382,388,6,0.193806193806194,90,20.7054749788645,1,1648,26.6089926010245,-52.2984516321138,28,9.4029083494303,0.662891519243235,-0.361960994498193,8.2709764960924,0
250929_Dupi_NMH_GH_1,audiobook,Dupi,DupiS1,GH,1,46,84196,1,77,532,1130,1130,1734,3468,3374,1362.37479161983,1.23,1.68672259312224,3.374,39.4807142838256,38.7460317460317,41.244,1.31917582998959,-1.23314911514884,-5.6744828212004,0.659587914994797,30.5152940269347,30.5348837209302,30.492,1.27684157645985,1.22420256769253,-5.15938870711517,0.638420788229925,32.5006022545345,32.5065502183406,32.368,2.84947217973292,2.77469134655992,-3.20228325145573,1.42473608986646,39.7280563645463,41.125,39.552,1.43637605840581,-0.596619986030213,-4.91345775807269,0.718188029202905,43.3405990467028,43.4273127753304,43.392,3.59939013893787,2.08719065476511,-1.66292764412996,1.79969506946893,30.3343666289343,30.1186440677966,30.4022556390977,1.36275293756988,1.3757861793947,-5.03706527882552,0.724984562787174,32.5616778671563,32.6545454545455,32.5083612040134,2.51759591161813,2.43784280216302,-3.55259457021316,1.50552235514764,43.6342348212356,44.1329113924051,43.0430463576159,2.29475467456362,0.0731933976778361,-3.63552676839764,1.38603182343643,45.1526036959889,45.3114754098361,45.8546712802768,1.75477012026874,-1.12788062659999,-4.42643077482563,3.042771388546,4.88530802584526,1814,42,1,534,678,6,0.338661338661339,230,44.8852213457787,1,1636,-8.00645038892051,2.95259984367439,17,6.23913725431689,0.369621876998641,-0.827557888848449,11.422722078237,1
250929_Dupi_NMH_GH_1,audiobook,Dupi,DupiS1,GH,1,47,85883,1,77,562,1200,1200,2594,5188,4568.00000000001,1690.95414867468,1.442,2.01969186972149,4.56800000000001,40.2139077407544,55,38.468,1.23075104744213,-0.920386634668875,-5.97008212483468,0.615375523721065,55,55,55,1.56471758540894,-4.64136841928816,-5.64852834958439,0.782358792704469,50.8311820737337,50.5363636363636,52.008,2.26139362196249,-1.9847438493586,-3.74813607079317,1.13069681098124,41.8486226527223,42.1179775280899,41.184,3.03464560878326,4.66301338554982,-1.41045734299614,1.51732280439163,41.152955710925,40.9476744186046,42.176,3.25027945260566,2.94485681165776,-2.49599842057255,1.62513972630283,55,55,55,1.61434146909646,-4.56420458605,-5.74558528675146,0.907259905632212,47.1266902752261,46.0806451612903,48.8934169278997,2.76126250892028,1.58842036953505,-2.35016524800207,1.76168548069114,45.5979468211219,46.5938864628821,46.3156384505021,2.72001548545769,1.89698454188195,-3.08395626264223,3.79170158672802,35.6796046855476,35.625,36.5704125177809,1.5855215891035,0.527431276265653,-4.42368470415969,2.22924335427952,5.55941126105107,1584,35,1,0,706,5,0.352647352647353,218,76.3613994147204,1,2002,-2.2873314972065e-14,-9.19622585327727,21,6.03907913051894,1.1830002347412,0.193933303485048,15.5286305602555,1
250929_Dupi_NMH_GH_1,audiobook,Dupi,DupiS1,GH,1,48,88167,1,77,512,1152,1152,1696,3392,3436.00000000001,1443.73588090063,1.234,1.8074959966653,3.43600000000001,35.5335179478428,34.9024390243902,36.192,1.89582042121552,-0.00769861649949022,-5.75734640051676,0.94791021060776,29.1578288365282,25.2592592592593,31.66,1.360393453876,-1.4876447299521,-6.69807106788891,0.680196726938001,37.3142729548372,38.0625,36.624,2.29479470557797,-0.408462002647772,-5.43860812430124,1.14739735278899,35.3504196790626,35.4394904458599,34.796,2.19427945310384,0.513153294877788,-4.51740229344807,1.09713972655192,42.4288926166641,48,37.796,1.47932596637037,-1.55345492095549,-6.15524086327375,0.739662983185186,29.5023071386338,26.6333333333333,31.83203125,1.37669384001075,-1.44664962497182,-6.66013947421273,0.704867246085503,35.9143402235151,36.5502958579882,35.103125,2.17866055600986,-0.396076947720014,-5.23081440179333,1.39434275584631,35.9878440553733,36.7777777777778,34.7647058823529,1.91023801981579,0.123353984158895,-5.05808944369058,1.03916948277979,43.254065861385,44.1839530332681,42.4658018867925,2.35281601585814,-0.0605629550804708,-4.99091603735927,3.9903759628954,4.10168464798592,684,38,1,328,296,3,0.147852147852148,180,21.9868766024358,1,1744,-8.06184784670842,5.91469088472848,23,7.27770992361247,1.62045670027931,0.835819397761358,12.7560844659383,1
250929_Dupi_NMH_GH_1,audiobook,Dupi,DupiS1,GH,1,49,89885,1,77,544,610,610,1560,3120,2819.99999999999,1239.64314777212,1.134,1.50258896500269,2.81999999999999,34.6771169705354,35.7235772357724,34.908,1.8938711942852,1.24835660799217,-4.07169411608272,0.946935597142598,43.0487534230124,43.6341463414634,42.64,1.73388170961313,0.854498581324043,-4.52314474586357,0.866940854806563,40.0691467184844,45,37.2,1.06512361892274,-0.487627916368473,-5.92071983973893,0.532561809461371,39.3801836517712,40,41.348,1.76058871434353,0.310128819208153,-5.55085372311918,0.880294357171763,44.2408251524339,43.6231884057971,44.6,1.90083451965343,0.022313165881409,-3.22377352639692,0.950417259826713,43.2262813858019,43.7462686567164,42.8308823529412,1.75314565806906,0.79299023638292,-4.61455141629313,0.95371123798957,45,45,45,2.00929775616194,0.0749193780730673,-6.13961434960515,0.132613651906688,37.8190304687225,38.1818181818182,38.0252631578947,1.39053519540556,-0.0435181492457048,-5.59856517573065,1.32100843563528,53.1223738422523,52.9171428571429,53.0025641025641,1.92855579605914,-2.33243326702028,-3.19652892823761,3.00854704185225,3.38251995542663,1384,40,1,1302,88,2,0.043956043956044,72,20.1075156363884,1,1742,11.5833807626636,-17.7022927755239,26,5.5196340140559,0.823489371700472,-0.434430428877994,13.0725988880056,1
250929_Dupi_NMH_GH_1,audiobook,Dupi,DupiS1,GH,1,50,91295,1,77,682,1210,1210,1712,3424,3066,1249.95819809734,1.274,1.47892610497684,3.066,47.0546378156864,46.5646258503401,47.476,2.27891411979508,0.517136839244208,-2.95179266590404,1.13945705989754,50.9764106136028,50.962962962963,51.128,1.73510989677305,-1.56331358192391,-4.52978972920889,0.867554948386527,47.4306016885988,47.4375,47.784,2.58006256956516,2.88149860928768,-1.81535824187325,1.29003128478258,45.6140922297129,44.2537313432836,46.936,1.80221911860127,-1.0533319661712,-4.2209269294656,0.901109559300635,45.0853815346533,43.4733333333333,48.088,2.4153527604389,0.625848626678694,-3.00205580552971,1.20767638021945,51.0130669021833,51.5522388059701,51.0234604105572,1.71845403444794,-1.10262354358565,-4.00079732379258,1.1719856514935,42.5932705166496,42.1658767772512,42.0606060606061,2.57209434388062,3.13362674515671,-1.89690615622971,1.35806581356897,55.0072631914129,54.7209302325581,55.1792828685259,1.59801238075104,-4.96715831851175,-5.10266407448922,0.802202215137022,36.6625378138321,34.960396039604,38.9252336448598,1.98820017662083,1.25000281741487,-3.93134638602616,3.40379870237486,4.84643727655563,916,47,1,814,306,5,0.152847152847153,160,19.4947675512391,1,1340,7.96888635932461,-12.3801503703428,24,7.45399140866778,1.16399033587925,0.294018324564624,13.4678167919131,1
250929_Dupi_NMH_GH_1,audiobook,Dupi,DupiS1,GH,1,51,92828,1,77,650,1158,1158,1728,3456,3461.99999999999,1245.17090014756,1.294,1.41409450466383,3.46199999999999,48.9716932941397,38.4285714285714,47.692,0.983799462248242,-1.56312055880151,-5.58385878887723,0.491899731124121,35.3482223827269,36.4949494949495,35.752,2.0350608714111,2.45602930048675,-3.27216452613749,1.01753043570555,39.6934012850762,39.8271604938272,39.808,3.47509325740816,5.50493810199525,-1.43743336288875,1.73754662870408,44.0119339459233,42.9609375,44.624,2.09442503904205,2.47824360516916,-2.62078143747152,1.04721251952103,47.0038110298932,46.6390532544379,46.928,2.38641931587121,1.61325726634532,-1.9972945567154,1.19320965793561,35.2123885504292,35.8448275862069,35.5753846153846,2.52551063225044,3.84399813726362,-2.73136792854653,1.64158191096278,41.8218153064728,41.4813278008299,41.3858267716535,3.07414954394623,4.87938447365025,-1.40711228964807,1.56166796832468,46.2775168464029,45.6601941747573,46.5894736842105,1.66657297420217,1.11393201616795,-2.83781072294306,0.949946595295237,45.0097938842542,50.0828025477707,41.2256944444444,1.73764129649765,0.638040862172806,-3.61599719369331,3.00264416034794,5.03201736624847,1968,48,1,54,638,5,0.318681318681319,270,41.9073865700764,1,1894,-16.5960918231835,16.8679048647039,25,6.18469006792634,1.18223984256278,0.0446955533931822,17.9309963480349,1
250929_Dupi_NMH_GH_1,audiobook,Dupi,DupiS1,GH,1,52,94559,1,77,428,1220,1220,1624,3248,3348.00000000001,1279.67175680417,1.158,1.61840705553154,3.34800000000001,33.4163416017856,41,31.192,1.2143103845922,1.11811715723745,-4.27918970141638,0.607155192296102,33.4416382874188,33.2037037037037,33.012,2.66045748417915,2.72047997100611,-2.57189253807987,1.33022874208958,45.958854705203,47.5922330097087,44.068,2.29581221890011,4.33989177711549,-1.9605742299433,1.14790610945005,54.1171851503559,54.3230769230769,53.792,1.76471455557703,-2.83870767408994,-2.55828818761259,0.882357277788515,43.2780832577889,43.5132275132275,42.64,3.255202450557,5.36908186282924,1.35004844150884,1.6276012252785,30.2259255745878,30.3387096774194,30.2336448598131,2.62393014160926,2.70351891127372,-2.64845093790294,1.12304210060877,47.6114387540314,48.3533834586466,47.1666666666667,1.96243172131764,3.0109025150124,-2.54300908102573,1.55424592328357,49.0876867738473,48.0327868852459,50.0841584158416,2.75078453836311,2.65796143373931,-0.441389574771143,1.1113169534987,40.7405052540695,42.135446685879,39.0775862068966,1.83592764237297,3.40403196597202,-1.76699380131738,2.98154649121371,5.22992175215157,1810,46,1,0,764,8,0.381618381618382,200,34.5607246224501,1,1874,5.62132422690191,20.1213384449325,30,9.53369968406701,1.24549130606907,0.220653430699431,18.0024293801547,1
250929_Dupi_NMH_GH_1,audiobook,Dupi,DupiS1,GH,1,53,96233,1,77,532,1140,1140,3534,7068,5648,1502.86898599622,1.674,1.7900557508938,5.648,37.9567309724013,35.2112676056338,38.656,1.58695601183036,2.37380117599156,-3.73536129284614,0.79347800591518,52.4182803640741,52.3956043956044,52.456,1.93369866015729,-4.67173727359333,-4.90869647794959,0.966849330078645,50.325678360919,49.4864864864865,51.944,1.54131746154556,-2.63698124876682,-3.46948228004547,0.77065873077278,43.248261498172,42.9148936170213,43.18,3.34410016698065,3.7589879639937,-1.63481494057487,1.67205008349032,55.8391260859469,55.8224852071006,55.552,2.33867895798587,-5.8486284589782,-3.19551592594694,1.16933947899293,52.5043449992182,52.3956043956044,52.609022556391,1.88005994995532,-4.80324369462601,-4.95086177483509,1.00019189337623,45.1405617776012,43.9027777777778,48.5723684210526,2.05738734304779,1.03076711098048,-2.43827814546418,1.25089150457306,48.5477509666908,48.8032544378698,48.7042606516291,2.30790775729221,1.83386656604916,-2.45012868755263,5.52513117095756,33.9739338041451,33,34.7854077253219,2.23827630260178,2.93779958213315,-3.40062029099598,1.04303675701243,4.75816519027078,1380,49,1,348,598,9,0.298701298701299,194,49.944072832328,1,1980,3.89944981976853,-7.2803066959467,20,7.14313832356146,1.30606207555538,0.271769807909924,15.9362993541819,1
250929_Dupi_NMH_GH_1,audiobook,Dupi,DupiS1,GH,1,54,99057,1,77,546,1176,1176,1746,3492,3479.99999999999,1858.68556422303,1.302,2.09111565901467,3.47999999999999,37.2912720134348,37,37.144,0.311443185950115,-6.73227476382992,-11.7731697091705,0.155721592975058,51,51,45.068,0.561720080875972,-10.4778623716508,-12.4550344039299,0.280860040437986,53.1131027940001,50.45,53.884,1.17562491419256,-7.52279850655768,-8.72792226717163,0.58781245709628,51.0462879029796,30,50.112,1.22839555616213,-4.5536808130448,-5.41280218434678,0.614197778081065,31.8410067574673,31.5323383084577,31.876,2.21004609528358,0.340144727839393,-5.31727219572313,1.10502304764179,51,51,45.5677655677656,0.681126086920316,-10.0249783046792,-12.1327288821961,0.371894843458492,54.9469297235297,50,55.2444444444444,1.16215846993238,-7.78178737214184,-7.08706622809702,0.7321598360574,36.3570839939104,29.2777777777778,38.6561403508772,1.63356463422232,-1.42837925999283,-5.99064755809128,0.931131841506724,43.7608880315957,42.8318264014467,43.7560137457045,2.54828130438906,-0.338949241622714,-5.00046486057959,4.4492991574633,3.23756625263439,2000,45,1,1990,12,1,0.00599400599400599,12,25.9207323500218,1,1266,37.0476190476191,15.5599806454014,22,7.20391281473736,1.91807062268087,1.0115150792573,11.9796810130252,1
250929_Dupi_NMH_GH_1,audiobook,Dupi,DupiS1,GH,1,55,100797,1,77,534,1324,1324,1738,3476,3464,1576.65117043951,1.272,1.90269548510037,3.464,51.3932651898266,49.8365384615385,52.744,1.96197345729714,-3.54084630250249,-5.37535358647915,0.980986728648572,39.2634118448017,32,40.552,0.703248975085142,-2.63964844876821,-6.33392963727984,0.351624487542571,41.9036668097522,41.4414414414414,42.472,2.33183311997177,2.07131710573164,-2.81253961156574,1.16591655998588,27.6867785556486,27.1881188118812,28.464,2.0241097176739,1.78460258502481,-3.92004948717234,1.01205485883695,28.8651542463278,28.2093023255814,29.38,1.55204499430799,1.26980132131973,-4.56086583141348,0.776022497153994,39.4246876982444,32,40.7715355805243,0.68168342809786,-2.6172740695134,-6.23875978701935,0.364018950604257,37.3881190745591,37.2469879518072,37.1924050632911,2.23733368039398,1.95417481697303,-3.03548730760036,1.76749360751124,26.6213827155432,26.015873015873,27.5265700483092,1.49094447279759,1.18587711077471,-5.32712294129,0.617251011738204,39.0181723974728,40.0920716112532,37.180667433832,2.12099746387529,0.808890271894926,-4.22446702849964,3.68629359221525,5.42117899939314,878,44,1,780,352,5,0.175824175824176,122,32.7631326150731,1,1632,-26.367672168469,7.86848178062307,19,7.00064760723034,1.83807698496004,0.802888428841579,18.4623041336095,1
250929_Dupi_NMH_GH_1,audiobook,Dupi,DupiS1,GH,1,56,102529,1,77,536,1276,1276,2632,5264,4566,1657.27173347515,1.478,1.80322316197615,4.566,43.6726961423818,48.1645569620253,38.584,1.75266293422508,1.1393314119811,-4.74321473517053,0.87633146711254,53.4576446581288,52.8730158730159,53.756,2.94333578560586,-1.27601028856767,-4.24118651192194,1.47166789280293,29.6814329084337,29.6582914572864,29.604,2.73874313083389,2.2192228906659,-3.38545530566577,1.36937156541694,31.5115245850618,33,34.48,1.27902977439717,0.600253206283859,-4.92563878842609,0.639514887198584,46.6000182879743,46.3387096774194,46.304,2.11707435461706,-0.665310800963047,-3.80547941249372,1.05853717730853,52.5527582856066,51.7142857142857,52.6007462686567,2.901809331323,-1.00060720710945,-4.09004581846158,1.55536980158913,29.5478139673625,30.0743801652893,29.1162162162162,2.48235122723957,2.14251076889631,-3.78642758236469,1.83693990815728,43.8293888383234,45.9591836734694,42.2536873156342,1.35228090787039,-0.362511694692275,-4.77901261739922,1.83369291107225,38.4261445438875,38.4156479217604,39.5745614035088,2.57610102666938,2.83443273099386,-3.5697383538765,3.52410620448371,4.50460543433301,610,30,1,0,686,11,0.342657342657343,130,19.5115333554093,1,1444,-28.3653955606147,-43.5444969665389,30,10.9843076683925,1.68735221024567,0.842720733896558,14.2607897504537,1
250929_Dupi_NMH_GH_1,audiobook,Dupi,DupiS1,GH,1,57,104812,1,77,476,1078,1078,1746,3492,3636,1343.76643220487,1.296,1.51310704013915,3.636,56.093740253594,56.042735042735,56.136,2.3484218355711,-7.27204775272604,-5.53928639596526,1.17421091778555,53.6233335941883,53,52.916,1.28821415361725,-7.70096945760979,-5.70100608752071,0.644107076808624,50.5436335490917,50.0865384615385,50.836,1.93620099527104,-4.97037244265712,-5.57540823627804,0.968100497635518,52.966391050203,53.0847457627119,52.968,1.48289406303346,-7.3059271536228,-4.56247383973042,0.741447031516732,41.9681987383041,41.8290598290598,42.164,3.2115766917884,2.94891728527929,-2.33759776860708,1.6057883458942,53.6734885670471,53,52.9117647058824,1.25239528510766,-7.73265495543882,-5.83015402386455,0.596140155711248,50.7027506506089,50.3720930232558,50.9435215946844,1.93286467632242,-5.08031529628943,-5.19201280096749,1.1635845351461,49.1208343774261,47.84,50.5748502994012,2.01075722129275,-2.83520498833708,-4.25418102153177,1.34318582382356,41.1720692054522,39.1098901098901,43.270332187858,2.02408102489392,1.51859595006942,-3.93842715255893,3.53404546946479,4.92835804581708,1980,40,1,414,498,10,0.248751248751249,100,117.277927100868,1,1602,2.8825649781825,-6.64932817210705,19,6.42382801366495,1.83249691476821,0.952739167759268,14.5293358622551,1
250929_Dupi_NMH_GH_1,audiobook,Dupi,DupiS1,GH,1,58,106630,1,77,520,1150,1150,1586,3172,3510.00000000002,1218.78531126714,1.11,1.64699584120307,3.51000000000002,45.5637882499078,46.3536585365854,45.02,1.47587031708644,-2.32437496046873,-5.73681928617806,0.737935158543221,45.7037490347272,46,45.516,1.29476339888332,-2.04403255187454,-5.04432371750479,0.647381699441662,51.7140644276214,52.0357142857143,50.84,2.33199808553526,-3.1935861335798,-5.12210360685089,1.16599904276763,54.789170320648,55.5986394557823,53.304,2.67191256188791,-4.33652492463413,-4.60024549846471,1.33595628094395,30.4524115020292,30.6491228070175,30.496,1.97271453068506,0.548592410421229,-4.68534614076506,0.986357265342532,45.6204928188219,46,45.3423076923077,1.26739770778275,-2.06310545027947,-5.1141227811577,0.659046808047028,52.7151068087072,52.8732394366197,52.0285714285714,2.74222963201508,-3.1590523432952,-4.12479612996532,1.7276046681695,53.1658185346577,55.2043010752688,51.0871559633027,2.14364622530054,-4.28211597421359,-6.17625142979417,0.934629754231036,31.5648055608344,31.3907455012853,30.8915510718789,1.93183459880028,0.664131404875685,-5.77013745404662,3.06388967369725,5.01942996988386,1162,58,1,656,486,6,0.242757242757243,126,28.7326708731628,1,1922,-7.10073989755266,13.221982357539,32,11.1490588868299,1.18662761097917,0.189560451160945,11.9353311186975,1
250929_Dupi_NMH_GH_1,audiobook,Dupi,DupiS1,GH,1,59,108385,1,77,538,1164,1164,1528,3056,3093.99999999999,1059.9271007527,1.104,1.35181372548579,3.09399999999999,31.4633894727767,31.2,32.84,2.00997143498856,0.615827973195169,-4.77906144216066,1.00498571749428,34.1694689505048,32.5,35.848,1.4327912678392,-0.448708385129536,-5.42586986868239,0.716395633919599,47.8794468886455,51.8275862068966,44.736,2.02320578412416,-3.11286514970154,-5.0418683886346,1.01160289206208,30.7766308762051,31.3815789473684,30.668,1.61219001516065,-0.240102493849307,-5.3186771532187,0.806095007580327,39.6364007517529,40.9272727272727,37.592,2.61730359495392,2.66035515727706,-4.76902627121476,1.30865179747696,34.2080499568145,32.5,36.3494423791822,1.3387476837257,-0.677471389911974,-5.56826578356496,0.720246253844429,43.4446516939192,45.9807692307692,40.9137380191693,2.11785682752575,-1.87200851372934,-4.73821389858404,1.32577837403112,31.5581445309819,34,30.8846153846154,1.40569385832324,-0.602034483541876,-5.9348597029664,0.511672564429658,44.0856788782307,44.6479481641469,43.4267015706806,2.48459615956556,0.752995360707514,-4.02988666122884,3.79646293181618,4.40628415351432,1796,40,1,0,380,5,0.18981018981019,186,22.321374349008,1,1774,35.964333143616,27.0959727546804,26,8.24649556535018,1.27420119484764,0.363444841831272,11.3744237190473,1
250929_Dupi_NMH_GH_1,audiobook,Dupi,DupiS1,GH,1,60,109932,1,77,556,1490,1490,3846,7692,7412.00000000001,2809.23430095683,3.234,1.66981784883914,7.41200000000001,45.2511181537322,46.2421052631579,44.148,1.60042223949086,0.290665642289561,-3.44054108889513,0.800211119745432,50.0664077127298,52,48.976,1.38026960377108,-1.70569292917203,-5.88493696784067,0.690134801885539,43.2942965178966,43.626582278481,44.164,2.47973994667826,2.32876463221825,-3.80886828813643,1.23986997333913,51.3982155096792,44.0625,52.676,1.35190246454106,-4.27271065439194,-4.49724225359815,0.675951232270529,46.6285938750819,43.9937888198758,47.1,2.26889310729548,-1.37080547402169,-4.85871403878162,1.13444655364774,50.723946991495,52.8181818181818,49.5719424460432,1.43762234164781,-2.0016263812741,-6.02670869033787,0.799318021956181,45.5538690801644,42.7701863354037,47.982869379015,1.91551738300597,0.407729254046442,-3.97673327883903,1.78909323572758,41.2047729344067,42.1580547112462,40.2292020373514,2.30940949079401,1.96843595589391,-3.06248988943188,5.4409687603107,31.4174657368183,NaN,34.8571428571429,0.314866888218965,-1.12147297761577,-6.86451720088797,0.0484895007857206,4.55169977842903,996,37,1,602,348,4,0.173826173826174,182,19.2049611624306,1,1540,31.1204704989565,-26.9396471507798,29,11.3064013116795,0.792873208674139,-0.441034308945176,14.1053176805201,1
250929_Dupi_NMH_GH_1,audiobook,Dupi,DupiS1,GH,1,61,113638,1,77,1070,1494,1494,2128,4256,3953.99999999998,1841.54064614112,1.696,1.58500822645441,3.95399999999998,33.6690607026373,34.4909090909091,33.624,1.34361807392808,-0.830628953287266,-5.73906902133632,0.671809036964038,37.753500115563,34,39.804,0.854957654104132,-1.52655808065955,-6.13069680505088,0.427478827052066,57.5735006412431,57.6571428571429,57.324,2.05132401249203,-5.22084587038016,-6.66631370385857,1.02566200624602,49.5352938200633,NaN,44.232,0.75950005583852,-4.35070169591571,-6.68627413728174,0.37975002791926,34.6632758681696,27.7608695652174,37.352,1.1976675267409,-0.698657453599521,-5.66012430330751,0.598833763370451,52.130528870516,56.3783783783784,49.1233644859813,1.46548102889014,-3.14514080081608,-6.13715698897791,1.56806470091245,46.2584120674962,NaN,42.0377358490566,0.619150100922036,-4.075029647221,-7.50521256099153,0.262519642790943,32.9071979048705,28.1529411764706,35.9148264984227,1.43899626453716,-0.139452279230938,-4.97198731488067,0.912323631716557,42.3429921717181,42.0535987748851,42.4391025641026,2.57822819036304,0.427110774791703,-3.47486281601021,4.8264431723596,4.30135436660755,794,58,1,742,100,3,0.04995004995005,86,21.9393258121515,1,1598,20.2177954847277,30.5918040719098,31,13.878501190383,1.23399701397853,0.101162521955084,12.0322290470941,1
250929_Dupi_NMH_GH_1,audiobook,Dupi,DupiS1,GH,1,62,115615,1,77,912,1558,1558,4652,9304,7396.00000000001,1268.10155431952,1.9,1.43269293934759,7.39600000000002,50.657572977144,50.5192307692308,50.736,2.21795589942976,-2.02413530018046,-3.73494065118552,1.10897794971488,52.0312181720947,52,52.052,2.12562418088744,-1.2076167445595,-5.00312280274249,1.06281209044372,53.9849955196218,54.1176470588235,52.908,1.53556954269881,-3.75810807235437,-4.66001955054515,0.767784771349405,43.5911425315672,43.0984848484849,43.344,2.39353622115683,-0.865320358567399,-4.30586062783745,1.19676811057842,49.3912779888113,49.0748663101604,49.372,2.87026451397188,1.19469292963668,-4.02992169040689,1.43513225698594,52.5885484438806,52.4739884393064,52.3114035087719,1.69217852094383,-2.34473226720601,-5.17632105433763,1.54326681110077,46.4067995470645,45.8806818181818,46.0526315789474,2.46010400641031,-1.26463825417846,-4.12674723055563,1.58922718814106,40.757327436804,41.5830670926518,40.1556101556102,2.26994685558756,2.20887778839496,-3.41586911180272,5.54321022134481,NaN,NaN,NaN,NaN,NaN,NaN,NaN,4.97903409365762,1022,55,1,366,566,8,0.282717282717283,120,17.7608327831919,1,1384,0.629482071713141,3.19099638962296,27,9.04356855385202,1.42381943252131,0.36730821135708,15.0286966589318,1
250929_Dupi_NMH_GH_1,audiobook,Dupi,DupiS1,GH,1,63,119313,1,77,854,1430,1430,3918,7836,6744,1789.792998552,1.762,2.0044250550009,6.744,43.6203773302936,NaN,39.808,0.0215858796501032,-9.82848967877414,-12.2684125652645,0.0107929398250516,54.3955866525459,52.3625,55.708,1.81712059002546,-6.2052463650429,-5.72417921630886,0.908560295012729,47.293036019376,46.8294573643411,47.568,1.98979660957528,-1.06224444551399,-4.9826671525673,0.994898304787642,45.9666396225781,46.2666666666667,45.656,2.51218098137027,1.51394660093139,-3.09211379685658,1.25609049068513,37.4172138884582,37.4085365853659,38.04,2.44451181595279,0.455849218755841,-3.82933463533828,1.22225590797639,50.6693598513909,48,51.7962529274005,1.74093704137502,-2.89834655532861,-5.74423432361932,1.48676023333426,47.1779814259295,47.7389162561576,46.7743055555556,2.51103934675653,0.74351233839906,-3.15168399706725,1.44635866373176,36.8335154492405,37.0479846449136,36.9397106109325,2.10535173495907,1.07820217702367,-4.39025567938434,5.23811511657817,34,NaN,34,1.59081991256426,-0.527947432155418,-5.97591436082888,0.13044723283027,4.631482497225,1086,46,1,336,472,8,0.235764235764236,98,115.92883731135,1,1934,-16.5114778979321,-10.2825026984777,24,7.2593023685133,1.43614434816505,0.519898135037417,16.0809557642292,1
250929_Dupi_NMH_GH_1,audiobook,Dupi,DupiS1,GH,1,64,122685,1,77,480,842,842,2028,4056,4084,1631.35890379422,1.258,2.10601484148888,4.084,51.0457353510753,50.9913043478261,50.728,2.32301336497472,-2.96714182377929,-4.45362414865601,1.16150668248736,29.1002269148124,29.1785714285714,29.04,1.82219145073174,0.344950297711393,-5.00668515997629,0.911095725365868,40.807541670759,41.4495412844037,41.028,2.74997752662591,2.37200575745928,-4.27909947944004,1.37498876331295,47.1928080598101,46.1987179487179,48.528,2.12523686634546,-0.780560398138101,-4.98311656688148,1.06261843317273,49.2633542620169,50.5826771653543,47.076,2.10324833822017,0.255482716186023,-5.00605052856149,1.05162416911009,29.2016372590186,29.2545454545455,29.1125,1.84620805835941,0.344463977365783,-4.9805691698044,0.886179868012518,38.7192575442448,38.9787234042553,38.3425414364641,2.82971723088782,2.91282607587444,-4.0107174688024,1.02435763758139,47.7633667114316,47.5718232044199,47.3507588532884,2.1163578093756,-0.157733654622682,-5.06241545301514,2.51000036191946,38.0788495827626,37.3532338308458,38.789046653144,1.82234033174858,0.564889128112696,-4.57882318595184,3.59365513420821,4.41620610389309,670,38,1,220,522,6,0.260739260739261,170,21.3389190608747,1,1696,-12.5968506924682,26.0837644694235,33,8.24251765757942,1.25977695291775,0.379118895233381,13.0575220721205,1
250929_Dupi_NMH_GH_1,audiobook,Dupi,DupiS1,GH,1,65,124727,1,77,858,1542,1542,2184,4368,3964,1548.29421927689,1.58,1.68753890970972,3.964,39.1322064241511,41.0291262135922,38.276,1.81931289753317,1.41816374036652,-3.97842799946115,0.909656448766585,38.252606493197,41.5,37.896,1.83650593071689,-0.169496708005167,-5.38709144168733,0.918252965358443,30.5062466226139,29,34.756,1.16815372400145,0.184464255984978,-6.16235039616856,0.584076862000727,48.0059811618988,49.0518518518519,47.092,2.20715571284038,-1.09485405497226,-2.62188456868294,1.10357785642019,39.619183728675,39.3035714285714,40.208,2.93003065447158,3.37507682547161,-2.73770456491181,1.46501532723579,34.8689205254633,36.5153374233129,35.8275058275058,1.70034114275905,0.496010919156075,-5.46053313313814,1.45889270048727,46.7350439722038,47.1602564102564,44.7397660818713,1.85708096072973,-1.21897792542075,-3.2654694630724,1.27024337713914,43.334269328846,43.2047781569966,43.6417445482866,2.98724320074631,2.50603195920233,-3.51165832875553,1.91781013487913,46.6371168123624,46.8837675350701,46.8920704845815,2.05100937467702,0.311922834557568,-3.47650685187704,3.72463302441347,3.94773430062122,1204,49,1,56,440,8,0.21978021978022,148,65.6450712532819,1,1738,-12.8104723961298,2.36302899467748,25,7.67261453924457,0.720411492869124,-0.255993356753602,12.1938999026979,1
250929_Dupi_NMH_GH_1,audiobook,Dupi,DupiS1,GH,1,66,126709,1,77,692,1426,1426,2830,5660,5219.99999999997,1780.18068743179,1.546,2.03386625394414,5.21999999999997,35.5014933765566,36.5433070866142,35.652,1.99810162449401,1.72671657014741,-4.39060643802466,0.999050812247006,51.8782819302146,53,51.268,1.5724350902748,-5.41920775743711,-5.37338663892258,0.786217545137402,47.5913919517646,46.96,48.924,1.85210345006716,0.0477245189367256,-4.24675522020142,0.926051725033581,47.3393187422285,45.1559633027523,49.76,2.12227831501509,1.91378519102239,-3.50756280865736,1.06113915750755,48.0120648037802,53.9821428571429,44.688,1.42358299403227,-2.72385942380485,-5.69288015673086,0.711791497016135,51.7842727721703,53,51.1936416184971,1.2723407790495,-5.78606936914033,-5.97189982464738,0.880459819102255,47.1137048252652,45.8913043478261,48.4386920980926,2.51652648075171,2.25368734611577,-3.10175396213508,1.84713043687176,36.5178259378631,36.0360655737705,37.3931623931624,1.77421740864889,0.379040262699739,-4.53644068321706,2.49100124174304,31.6556015675965,32.6490566037736,30.8547008547009,2.12680629496624,2.36613347039042,-3.57111996423639,2.4883633651105,5.68152085437773,932,47,1,872,376,2,0.187812187812188,316,38.0751372681238,1,1542,15.473724151015,-9.70530762645623,9,3.77104944480605,1.13546188140208,0.0561819524951269,16.047704188857,1
250929_Dupi_NMH_GH_1,audiobook,Dupi,DupiS1,GH,1,67,129319,1,77,734,1056,1056,2968,5936,5117.99999999999,1486.40761421528,1.844,1.65927521276997,5.11799999999999,38.4604739026693,32,47.188,0.794340093623919,-2.42582024046328,-6.76349593931701,0.397170046811959,55.8242476802659,56.4313725490196,55.216,2.16666828604559,-5.97659767373639,-5.2973646471184,1.0833341430228,38.6050110803622,40.3389830508475,37.288,2.6543682792388,3.14310228866866,-2.19737437285823,1.3271841396194,36.4069425869955,37.2452830188679,35.788,2.47664477726751,2.89868336812296,-3.68183731525211,1.23832238863376,37.4128131696057,37.3089005235602,35.364,2.70626146075707,2.20246185540161,-3.156666240775,1.35313073037853,51.1248342534353,50.8871595330739,51.3215258855586,2.32464955949616,-1.56306169336347,-4.11415805408763,1.70629277667018,34.4563750973026,36.9315068493151,32.0310559006211,2.35137707215345,3.53153432944272,-2.46650235263519,0.75714341723341,41.1381931091511,40.0637898686679,41.8640167364017,2.2620963125375,1.10970750814804,-4.25571903903691,4.32512814957171,51.9162894893366,52.2042042042042,50.8391472868217,2.40351879539563,-2.18933400843323,-3.70995192031476,2.48043139684829,4.64438438563407,766,37,1,70,682,9,0.340659340659341,144,52.8790880761498,1,1864,-21.7704420413584,-42.5682994007518,31,9.99565833151464,0.565332532933715,-0.55077192335744,12.2935226413368,1
250929_Dupi_NMH_GH_1,audiobook,Dupi,DupiS1,GH,1,68,131878,1,77,574,1132,1132,2660,5320,5068.00000000004,1612.75713149462,1.312,1.87346823116879,5.06800000000004,37.4523971720123,NaN,38.524,0.685222059563867,-1.43657299269758,-6.13919385798058,0.342611029781934,42.7699585257323,NaN,47.688,0.586243648734721,-3.8678431171578,-5.39072331801519,0.29312182436736,48.1112360686565,47.7155963302752,49.068,2.09826967742245,-1.29913257845415,-3.71553784784395,1.04913483871122,51.7207132526341,52.0046511627907,51.052,2.86839709063864,-0.801155724612025,-5.69272004706861,1.43419854531932,43.8881914800036,44.0178571428571,44.048,2.62429322862227,2.85640702030783,-3.54919940989021,1.31214661431114,44.2643621802986,48,48.1777003484321,0.638935841616834,-3.90961079667418,-5.11530097280522,0.366749173088063,49.2458612347455,49.4912280701754,49.5483870967742,2.44389597430099,-1.10499170911611,-4.00649332448557,1.36369395365995,43.5230827919382,44.358024691358,42.7225130890052,2.67651529806597,2.74569436227952,-3.53978859194827,4.0897153754448,47.5012826237048,46.086387434555,48.5417910447761,2.13153804869222,-1.18473037104027,-4.19861293728103,2.85626098524758,4.96210992876696,2000,41,1,588,544,6,0.271728271728272,182,43.1771830164694,1,1630,54.3642572566875,-10.1938251386459,12,4.20469147710197,0.928841628118965,-0.0797932870916173,11.2729926738297,0
250929_Dupi_NMH_GH_1,audiobook,Dupi,DupiS1,GH,1,69,134412,1,77,464,842,842,1472,2944,3193.99999999996,1344.8518056677,1.054,1.71863897014384,3.19399999999996,35.9333280859267,35.0096153846154,40.108,1.70394054814385,1.07294728760076,-4.35252914652908,0.851970274071924,30.7521435439856,29,32.392,1.07027819897749,-0.163532938297961,-6.04833237522026,0.535139099488743,34.1590959076622,33.2162162162162,35.636,2.28011972089973,2.17168948680981,-3.66718620587249,1.14005986044986,46.5751429243186,46.9906103286385,46.716,3.09667390812623,2.0102970624213,-1.01413687112551,1.54833695406311,53.0197511644594,53.74,51.78,1.95388879355522,-2.6628114599293,-4.2035974435544,0.976944396777609,30.5998608611487,29,32.4224137931034,1.02787934087683,-0.26202874428213,-6.04819927695704,0.476936014166848,33.1554561170935,32.6766917293233,34.2962962962963,2.58278564256071,2.15237879694306,-3.68169432191829,0.976292972887949,45.0072558552765,45.9672897196262,44.2539682539683,2.63647420540594,2.12638360427363,-1.62027813630801,1.66097874940574,51.2667972236737,52.0584795321637,49.7377717391304,1.89457208061241,-1.09892716805244,-4.3134757715248,2.78881010266147,5.02394920696831,1396,49,1,538,502,5,0.250749250749251,204,25.2227224784712,1,1560,-11.0073989755265,13.8157404994975,26,9.43356453607803,1.41926681959626,0.589806174132029,15.7273879576523,1
250929_Dupi_NMH_GH_1,audiobook,Dupi,DupiS1,GH,1,70,136009,1,77,390,758,758,1868,3736,4068.00000000004,890.671601075747,1.302,1.19003263103705,4.06800000000004,54.8574823484057,54.2179487179487,55.6,2.37738332560884,-3.46852362799688,-5.76946553375843,1.18869166280442,48.1167151059715,40,48.856,1.15781829127757,-0.316911137297743,-4.45372835530007,0.578909145638787,42.9726145247674,43.2878048780488,43.304,2.8222270990939,3.82050014813405,-1.84378216513384,1.41111354954695,48.9795807664778,54,45.568,1.0113324367012,-1.59498335399313,-4.48127545750182,0.505666218350601,49.1537196595049,47.4695652173913,50.104,2.24549234018237,0.138822544083516,-2.76212124169377,1.12274617009118,52.5396126641741,NaN,51.3538461538462,0.960819889129738,-2.54082315716472,-4.59803783628239,0.374719756760598,40.9817822554974,41.0756302521008,40.7065217391304,2.78801602737272,4.60001641501208,-1.78465626027543,1.02598989807316,48.4781723546231,48.2328042328042,47.563963963964,1.62804865608095,-0.599965785968338,-3.91030418099944,1.80713400824985,38.2423150646003,37.4844155844156,39.5096359743041,2.71921294106747,2.36180389681816,-3.31149039940396,5.07948977391404,4.56278537633019,714,42,1,606,352,4,0.175824175824176,202,21.8389244464761,1,1642,-49.9616771011193,2.6196635277478,14,4.20869945065391,1.08885469325738,-0.0131356632143244,16.8557984595038,1
250929_Dupi_NMH_GH_1,audiobook,Dupi,DupiS1,GH,1,71,138043,1,77,534,1000,1000,2036,4072,3509.99999999999,632.799736934629,1.32,0.743020397279102,3.50999999999999,35.5041139226902,35.0497237569061,36.988,2.52964648811816,2.80793103168243,-4.37049862193253,1.26482324405908,47.5900339695725,49.3826086956522,46.236,1.85858644458966,-1.37170190644445,-5.20429697454671,0.929293222294829,47.9137090430368,47.6818181818182,48.416,2.6662625562255,-1.02301900463897,-4.9507546449754,1.33313127811275,37.9229017954374,38.2666666666667,36.832,2.91104891946404,2.59549226166165,-2.62288169617763,1.45552445973202,30.5997116635631,30.468253968254,31.06,2.12081368148954,2.22469378955732,-4.78940737754096,1.06040684074477,48.0457274583884,49.8484848484849,46.6666666666667,1.90031745164175,-1.45145514386451,-5.30750473319326,1.0147695191767,47.5652494749629,47.1823204419889,48.0815450643777,2.67737120435812,-0.916323855816496,-4.82439554514655,1.24765498123089,34.805444920175,34.8900343642612,33.8088803088803,2.44412173591568,2.32418053112207,-3.62040046510455,2.53211011840864,43.9023575998488,44.9368686868687,41.2790224032587,1.79693059621687,-0.424935076247888,-4.87153844180506,3.52917169096993,5.90134722038821,1048,40,1,400,616,6,0.307692307692308,204,61.6641558980814,1,1822,26.0781635363309,1.44926861949603,27,8.12853397537072,1.59060775471194,0.642512638323523,15.7725588488849,1
250929_Dupi_NMH_GH_1,audiobook,Dupi,DupiS1,GH,1,72,139798,1,77,666,1210,1210,1814,3628,3620,779.881670667458,1.344,0.894419539683318,3.62,25.1399687911751,25,25.264,1.73793316445252,1.44306644928006,-7.38563147389019,0.868966582226262,31.4102467026289,29.1836734693878,32.848,1.79354741742275,0.403679267540371,-5.69267484925432,0.896773708711377,42.9218283323823,41.9741379310345,43.672,2.18123142917528,-0.524357651741399,-4.70268588238036,1.09061571458764,50.8320870105071,51.3632286995516,50.98,3.17021406071187,-1.01482890721929,-3.82484568490244,1.58510703035594,48.7423654126636,48.6468085106383,48.616,3.02525620180347,0.434480663877126,-3.14853408717895,1.51262810090174,35.2786138723928,34.8950276243094,35.039039039039,2.1813240246252,0.661002676630884,-5.01427524080811,1.45276180040038,49.1726932970057,50.6592592592593,47.9669117647059,2.16124621081751,-2.36546018042845,-5.10264239324897,1.17571793868473,48.6677987722794,48.8679245283019,48.6953642384106,2.95749055493834,0.0565758271003868,-3.52331405010203,1.78632429518275,37.8800564928777,37.7772397094431,36.9845644983462,1.90405679582271,0.788977071115763,-4.58887025966693,3.45395902762239,5.04846265340069,1472,47,1,0,708,9,0.353646353646354,140,45.0686799411916,1,1768,47.0415480933409,20.728868128187,29,7.95031430344275,0.799924922055407,-0.281578517893163,11.2462934183763,1
250929_Dupi_NMH_GH_1,audiobook,Dupi,DupiS1,GH,1,73,141608,1,77,560,1328,1328,1818,3636,2966.00000000001,864.803916884949,1.648,0.872800939308181,2.96600000000001,31.2761429943701,31.3333333333333,31.108,1.67264245041115,2.03112539677052,-4.53779687792488,0.836321225205573,32.4790990520705,NaN,31.584,0.732670456105854,-0.435468552187514,-5.96215110206023,0.366335228052927,45.5578317122041,45.9306358381503,44.956,2.13084801119441,1.19828582571375,-4.54831474912399,1.0654240055972,49.8966637906939,47.5873015873016,51.628,1.2635319176911,-1.18369981545266,-6.37610795363774,0.631765958845548,45.5398386249377,45.553488372093,45.384,3.14059852975731,3.20347601571155,-1.12649120868917,1.57029926487865,33.2766823885877,NaN,32.5928571428571,0.721725880044199,-0.405847032423274,-5.88456357392381,0.404166492824751,47.432134857495,46.4559585492228,48.9765625,1.74241696452777,-0.467973658291493,-5.7011081071419,1.33817622875733,48.0198242977184,48.1117318435754,48.2244897959184,2.7711151334318,2.23676993277363,-2.43405482224122,1.35784641538158,37.3816373122052,35.8308457711443,39.8437843784378,2.04140788865582,2.77550618411729,-2.69827592639629,3.71127954157628,4.82456866948016,1814,40,1,816,384,3,0.191808191808192,188,41.9113583459504,1,1880,-23.5568203376969,31.3488666393717,14,4.91650155297015,1.04288029891719,0.0134543692901293,13.7212946873877,1
250929_Dupi_NMH_GH_1,audiobook,Dupi,DupiS1,GH,1,74,143091,1,77,658,1050,1050,1480,2960,6382.00000000001,2037.15650287611,1.038,2.93344291477203,6.38200000000001,28.9019549418389,27.8083832335329,31.992,2.7280893660512,2.67574018737603,-1.65199908360061,1.3640446830256,43.1762110568013,41,43.872,1.54943947770309,1.70012590497646,-4.47450830434604,0.774719738851543,45.4373132839999,45.4634146341463,45.492,2.38537777171538,3.27743249267122,-1.98480644950291,1.19268888585769,52.8325351527469,56.7424242424242,51.036,1.48181305733979,-1.36170055296209,-3.67820907548452,0.740906528669895,49.0266267230038,49.4933333333333,48.832,3.11312432884862,0.733082267251148,-1.56729979867077,1.55656216442431,43.6525140039219,41.8674698795181,44.1428571428571,1.59356229627469,1.96077780162978,-4.72622480529675,1.04856399094874,45.5775858504173,45.5428571428571,45.7551020408163,2.39914671931314,3.15340010680757,-1.33995819935111,0.940465513970749,52.8558759573509,56.875,51.3906976744186,1.57590872699976,-1.32116379292939,-3.6239779761791,0.677640752609898,43.6296626904755,46.1151315789474,41.6337837837838,1.80269688302684,0.286748599333796,-3.08648176519308,2.66799138687972,4.67670115945593,708,45,1,82,502,8,0.250749250749251,156,13.9656605056911,1,1408,9.65585277935875,1.5980570960658,25,6.55517639035737,1.76027390941863,0.969782898040604,16.86098602521,1
250929_Dupi_NMH_GH_1,audiobook,Dupi,DupiS1,GH,1,75,146282,1,77,1188,1658,1658,1962,3924,3557.99999999999,1109.96238548986,1.594,1.52526253570212,3.55799999999999,46.6342744173582,47.2835820895522,42.748,2.2910803364101,0.217169332302691,-3.8605106009365,1.14554016820505,40.2261636650072,43.2173913043478,39.084,1.56578344484325,-0.156947280239081,-4.79907867913557,0.782891722421627,39.524563181672,32.5230769230769,42.272,1.52757468779734,-3.15106534246575,-6.57566822134418,0.76378734389867,40.9436107458742,39.7657657657658,42.752,2.05497912653378,-0.332608318862454,-4.90328184005123,1.02748956326689,37.1864912478784,37.4081632653061,37.888,2.20155273805159,0.537799581343804,-4.633942309548,1.10077636902579,40.5677669492808,38.0298507462687,41.8215488215488,1.50098288321628,-1.58371454284548,-5.71282120826764,1.78316766526094,40.0558327026047,40.1941176470588,39.9744680851064,2.43778673694886,0.847733427168556,-4.585320195886,1.14575976636597,35.1168915165566,35,35.5328947368421,2.38335030464335,0.425662436792455,-4.25687427553778,0.72453849261158,42.6670717923723,41.3452380952381,44.9520897043833,1.83411541821326,-0.522473861435087,-5.10920612860859,3.59853445053441,4.18101443120653,600,32,1,0,330,4,0.164835164835165,140,10.3308004795378,1,1250,-24.0364257256688,26.4068373841516,22,4.21252122731244,2.34514067073904,1.60385869567351,16.3416894678771,1
250929_Dupi_NMH_GH_1,audiobook,Dupi,DupiS1,GH,1,76,148061,1,77,486,880,880,1222,2444,2774,533.625425807085,0.87,0.953055390223769,2.774,48.8265031715829,NaN,52.564,0.292044685554773,-5.22331454244174,-8.1174852668606,0.146022342777387,50.6289096257008,56,47.908,0.747369201745331,-2.89148010293482,-5.5155004688967,0.373684600872666,51.5554916251042,47.9444444444444,52.528,1.5452960760021,-3.80938342777726,-5.53891170431041,0.772648038001049,44.9281224360741,45.6571428571429,45.712,2.78341097625018,1.11071314921825,-2.13124556078471,1.39170548812509,48.2315186256214,48.4186046511628,47.952,1.64690612966808,-1.4209529187931,-4.99774965029355,0.823453064834039,50.4416498479044,56,47.6748971193416,0.742994313804601,-2.79526653154579,-5.43880937444925,0.361095236509036,54.7484730999301,54.9090909090909,54.8223350253807,1.40385004403909,-7.11564333017618,-6.93661087945179,0.553116917351401,42.3593597435169,42.5241379310345,43.6432748538012,2.80984978377536,2.06486508869383,-1.68737391315028,0.960968626051172,45.6283655154855,45.7491749174918,45.9754500818331,2.06856462202506,-0.00645088483333567,-3.44342262405364,2.52778596811463,5.03482935788835,1074,38,1,1008,188,4,0.0939060939060939,92,42.0099712180874,1,1768,25.9962056535762,2.07959578665277,18,5.12849784986583,1.01047681699679,-0.0141764844901615,11.2996705149122,1
250929_Dupi_NMH_GH_1,audiobook,Dupi,DupiS1,GH,1,77,149448,1,77,516,774,774,5280,10560,7543.99999999998,2014.3356481183,4.234,0.756333690731258,7.54399999999998,52.062324302647,52.4393939393939,51.216,2.72740837156578,-3.50742337186595,-3.03900517424046,1.36370418578289,42.7771456927184,42.2063492063492,40.364,1.3092823199024,-1.50289024705106,-5.60369901091872,0.654641159951198,35.1333605625713,35.5862068965517,35.224,2.46348252913223,3.16554370154029,-1.5126012308514,1.23174126456611,32.7394271019088,32.494623655914,32.88,2.07921846228909,1.98081247344026,-3.13465001301318,1.03960923114454,28.3781322445709,26.75,35.272,0.769249481826369,-0.164617050320917,-6.68259265985255,0.384624740913185,42.6360464425287,42.2063492063492,40.1201550387597,1.28700939912516,-1.43095279081596,-5.54098857828723,0.664096849948585,33,33,33,2.60695494912319,4.47334714326071,-1.21065257075166,0.672594376873783,37.2214678126658,35.6014319809069,40.1345319280843,1.32325547495006,-0.165738525093553,-5.00374973716769,4.26882216218888,NaN,NaN,NaN,NaN,NaN,NaN,NaN,4.41522627599786,684,33,1,624,304,5,0.151848151848152,126,17.0037910095024,1,646,-76.2860937203567,10.3567573603305,29,7.19994355295758,2.12503010958894,2.07647541093051,10.2541217564956,1
