sessID,task,cohort,group,participant,sessNum,breathIdx,onsetSample,goodBreath,nEv,inhalePeakMs,returnCrossMs,exhaleStartMs,exhaleTroughMs,endSymMs,breathLenMs,inhaleVolume,inhaleDuration,peakInspFlow,breathLength,w1_rfreqPW,w1_rfreqGated,w1_rfreqRaw,w1_rpowZ,w1_rpowDb,w1_bandDb,w1_aucZ,w2_rfreqPW,w2_rfreqGated,w2_rfreqRaw,w2_rpowZ,w2_rpowDb,w2_bandDb,w2_aucZ,w3_rfreqPW,w3_rfreqGated,w3_rfreqRaw,w3_rpowZ,w3_rpowDb,w3_bandDb,w3_aucZ,w4_rfreqPW,w4_rfreqGated,w4_rfreqRaw,w4_rpowZ,w4_rpowDb,w4_bandDb,w4_aucZ,w5_rfreqPW,w5_rfreqGated,w5_rfreqRaw,w5_rpowZ,w5_rpowDb,w5_bandDb,w5_aucZ,p1_rfreqPW,p1_rfreqGated,p1_rfreqRaw,p1_rpowZ,p1_rpowDb,p1_bandDb,p1_aucZ,p2_rfreqPW,p2_rfreqGated,p2_rfreqRaw,p2_rpowZ,p2_rpowDb,p2_bandDb,p2_aucZ,p3_rfreqPW,p3_rfreqGated,p3_rfreqRaw,p3_rpowZ,p3_rpowDb,p3_bandDb,p3_aucZ,p4_rfreqPW,p4_rfreqGated,p4_rfreqRaw,p4_rpowZ,p4_rpowDb,p4_bandDb,p4_aucZ,peakZ,peakLatMs,peakFreq,anyBurst,burstLatMs,timeAboveMs,nBursts,dutyCycle,maxBurstMs,peakZ_base,anyBurst_base,timeAboveMs_base,chirpSlope,chirpSlope2,freqSpan,freqJitter,apExp,apOffset,gammaBumpDb,gammaPeakPresent
250908_OBE_NWU_AS,audiobook,OBE,Control,AS,1,1,1855,1,77,1198,1624,1624,2278,4556,4530,1516.71611365023,1.72,1.98179949771344,4.53,50.8654150885675,51.448087431694,50.168,2.11170639362803,5.68236448822204,3.97105709114942,1.05585319681402,34.8477915807695,34.5890410958904,36.044,2.21756113669768,8.84777677234628,3.91391882044118,1.10878056834884,32.6952655232657,32.4123222748815,32.628,2.89182830550579,9.5061052911702,4.04769091822821,1.4459141527529,40.5977385941004,40.937984496124,41.212,1.95761214519407,11.1230076919704,4.45982316391564,0.978806072597033,49.7401710903426,48.7578947368421,50.692,2.04988602545577,8.96113607167409,3.45932436181344,1.02494301272788,33.7966351602032,33.8091168091168,34.3923205342237,2.49821644904959,9.63921321477448,4.08307676110905,2.99286330596141,46.4925463106242,46.4032258064516,46.2253521126761,2.25622869471364,10.6461850088249,4.26961835095501,0.961153423948012,48.6554603180493,48.6382978723404,49.0122324159021,1.58268740838017,10.6257119962082,3.80530879578327,1.03507756508063,38.5031381077887,37.8355263157895,38.2845528455285,2.03622463247852,11.227567813757,4.68739860889175,3.50637881712802,6.24935723660994,50,32,1,0,496,5,0.247752247752248,174,33.1416906027671,1,1692,0.185922974767587,-14.2407972605799,32,8.46591552997143,1.0472910713145,0.443264199190928,19.4332384594864,1
250908_OBE_NWU_AS,audiobook,OBE,Control,AS,1,2,4120,1,77,728,1214,1214,1876,3752,4722,1503.71577235255,1.282,2.06560663365965,4.722,37.5984700092774,31.1,39.576,1.13114521238347,10.2406168123129,3.87350922562584,0.565572606191734,44.098632422816,44.7179487179487,43.124,2.3410624430106,8.08957616718471,3.38595426212595,1.1705312215053,49.133742436338,48.5057471264368,50.088,2.79300743122491,8.41690051691171,3.09471997462948,1.39650371561246,43.7091755859593,44.3486842105263,42.992,2.20651346004809,11.3448123788017,4.91715947267695,1.10325673002405,46.2006508673056,48.25,45.276,1.33802873341481,6.29271212936695,3.77678032912278,0.669014366707403,45.6552574365705,46,44.5741758241758,2.78985781509329,9.04079544809607,3.59479683786204,2.03101648938791,48.7060864547772,47.530612244898,49.3621399176955,2.21390670983395,8.65366474210763,3.47711397740716,1.0759586609793,44.331248072367,45.3458646616541,44.2235649546828,1.69344873245281,9.16872761937382,4.63435234475341,1.12106306088376,43.0346973491431,43.7886178861789,41.181236673774,1.78862177198042,8.88824981511235,3.98360769542753,3.35545444423526,4.44113531264829,502,51,1,184,512,5,0.255744255744256,224,11.3124674479472,1,1520,42.155568203377,10.9501432984703,19,5.02151555607277,1.88480206293801,1.18993125142521,25.4215404857859,1
250908_OBE_NWU_AS,audiobook,OBE,Control,AS,1,3,6481,1,77,774,1536,1536,2004,4008,3916,1120.86646571027,1.466,1.33464623391672,3.916,34.6984273028579,32.0519480519481,42.732,1.87685830623763,8.64314915718537,2.65654678417316,0.938429153118813,38.7096593545354,38.8795180722892,38.524,1.31746625078585,10.0301817869942,2.91820066920018,0.658733125392927,50.0864374364124,50.3188405797101,49.52,2.72323922261713,6.07701171397131,3.54915486244133,1.36161961130856,45.9524568492792,45.3148148148148,47.252,2.31024303012503,10.9942165839921,4.93449894189306,1.15512151506252,47.0574106744472,47,47.148,2.06666069765419,7.9964781458715,2.9198157717125,1.0333303488271,44.6837152836075,45.1479591836735,41.984496124031,1.91048332075863,9.12457324919574,3.0019440249257,1.47871409026718,47.5278992660509,47.3759124087591,48.3517060367454,2.37785700745034,9.83984445081841,4.60417103990384,1.81192703967716,47.0703793567194,47,47.1666666666667,1.97405971618548,7.83273850714113,2.91053996777391,0.923859947174807,44.0135630239506,44.6272493573265,43.4589178356713,1.84349276661426,9.31282744316513,4.42918045211444,3.67961156216206,4.64336921280696,658,50,1,284,480,5,0.23976023976024,172,81.3997003716236,1,1996,-14.4606336558528,24.8117579186362,14,3.95859510991535,1.44458011801507,0.748414394821674,22.6469106358839,1
250908_OBE_NWU_AS,audiobook,OBE,Control,AS,1,4,8439,1,77,1232,1822,1822,2362,4724,4740,1198.97026914096,1.904,1.21859591760419,4.74,38.5308145618379,40.0880503144654,38.06,2.35922598781128,8.49737622617315,4.15293403726241,1.17961299390564,36.7057053543113,34.5714285714286,36.42,1.2504357032323,8.37684630271551,1.95967522471801,0.625217851616149,41.3195368526259,41.056,41.084,1.89216611439623,10.6064583958873,3.95943440171346,0.946083057198113,45.1831108367519,45.007299270073,45.376,2.73065729578108,11.0585431658297,5.66444034581122,1.36532864789054,47.8643652918201,46.2547169811321,49.044,2.11990365654359,9.30558521219052,3.40766127396278,1.05995182827179,39.6960282054452,39.4641148325359,39.3701298701299,1.71854843964997,9.97661645390692,3.62863882039094,2.11725167764876,48.5887158888056,48.2513661202186,49.4237288135593,2.79503807164279,10.9758900119451,5.03143766903347,1.64907246226925,33.9786612789571,25.7945205479452,40.5111111111111,1.21882449939146,3.41681602682178,0.0604660334931091,0.658165229671387,46.2595873822753,45.3366336633663,44.2551892551893,2.04475684394208,6.26808019242134,2.48388903432362,3.34931171037713,5.49530326402774,1472,49,1,982,340,4,0.16983016983017,248,72.5935073830444,1,1282,-15.0999810282679,18.2455242490788,29,6.31353294349778,1.47626014297225,0.786763837820823,25.3298192267398,1
250908_OBE_NWU_AS,audiobook,OBE,Control,AS,1,5,10809,1,77,746,1386,1386,2114,4228,3902,956.383411945491,1.464,1.1311451899497,3.902,31.7893121121564,31,32.716,1.809855900687,7.76187365902905,3.09265703248956,0.9049279503435,32.0611854233354,32.2421052631579,32.18,1.85723906245097,6.68491510175273,4.13510296974577,0.928619531225485,45.6818873516264,46.1632653061224,45.476,2.11581013289419,11.7415696141328,6.02817052960617,1.05790506644709,48.5233643661662,48.6515151515151,48.8,2.69097492464324,9.85615447501292,6.29009041660798,1.34548746232162,45.7486256212648,46.2745098039216,45.592,2.07221573408047,14.2415366413699,5.88036512204364,1.03610786704023,36.9146689182767,38.1158536585366,36.4879356568365,1.94521714846252,7.7318717772712,4.76648785463818,1.45113199275304,47.4609434601427,47.6512605042017,47.3875,2.56924215978749,11.8696467906553,6.52870465187354,1.644314982264,46.6302769942875,47.2142857142857,46.521978021978,1.93689983688275,12.999957952,5.38256870157064,1.41006308125064,38.48286717141,38.5854214123007,37.4305408271474,2.12727095837469,10.9579929030095,4.51038663469075,4.01203302749467,4.32723822895543,472,32,1,438,284,5,0.141858141858142,86,35.0131808397959,1,1992,-8.44280022766079,29.1044776119403,23,7.0415704731324,1.26056016261577,0.924079308942691,20.8113192446907,1
250908_OBE_NWU_AS,audiobook,OBE,Control,AS,1,6,12760,1,77,720,1234,1234,1804,3608,3616,1616.76615032426,1.296,1.99988355337623,3.616,29.7353427038989,31,28.24,1.73941942008693,5.453573153571,2.7840542669569,0.869709710043467,41.8125201454423,42.2038834951456,39.6,1.60427753087746,10.1375009978318,3.98362772309018,0.802138765438732,50.1968330687592,50.7134831460674,49.916,2.70466258479864,10.6181904186695,6.2770596479967,1.35233129239932,49.7204860220378,49.8744394618834,50.184,2.56406531081055,12.8906778047294,6.1748832853405,1.28203265540528,46.8525811036958,47.2739726027397,45.608,1.15672747876573,11.0075152665098,3.51291359549664,0.578363739382864,44.765790325114,44.8083832335329,42.3722222222222,1.92727572987493,10.2721738043318,3.98122507490481,1.38763852550995,52.723808331849,53.2163461538462,52.6848249027237,2.52998316147072,8.44455761804149,6.42927244454018,1.30041134499595,46.5955763667847,46.509900990099,46.7087719298246,2.18879690866553,13.7319248272693,5.72428299912994,1.24761423793935,38.4662935757417,38.5939086294416,38.7716186252772,1.96664338312841,9.70432294579358,5.05189568944333,3.54782466316364,4.33993746661341,526,49,1,438,368,5,0.183816183816184,152,35.5547543009089,1,1798,14.4192752798331,23.4578665277106,25,5.56024655118766,2.08811333724081,1.87205318752461,25.7617054477425,1
250908_OBE_NWU_AS,audiobook,OBE,Control,AS,1,7,14568,1,77,620,1220,1220,1842,3684,3666,1719.63857295741,1.364,2.00994292966471,3.666,42.8234898817319,44.4358974358974,40.944,2.14093429408222,5.70033310672089,2.8740636573368,1.07046714704111,52.1861932639564,52.6666666666667,51.712,1.96099635147072,2.91583772469129,1.99171169522718,0.980498175735361,46.1308525940549,45.3684210526316,46.408,2.50831567614741,11.5513069188316,5.05801452226938,1.2541578380737,40.8395071190271,40.7717391304348,40.568,2.93813102334758,15.3123045440419,7.64517628739756,1.46906551167379,41.9655631002221,40.7333333333333,42.828,1.62548705575751,10.5014562935904,3.58500318615522,0.812743527878753,52.1248008462068,52.4102564102564,51.7677419354839,2.35939978531479,3.41770899902511,1.78173619076428,1.46282786689517,41.6783343478271,40.9677419354839,43.22,2.62143247429656,14.3039907481682,7.18277074090454,1.57285948457794,40.4121827562571,39.2465753424658,41.1897106109325,1.86141746030894,12.4017953045853,4.92963555234196,1.15780166031216,48.6486846901895,50.10183299389,46.2052117263844,1.98279479625515,7.10189578296012,3.21769215463704,3.65230801470198,4.54708319993623,1174,42,1,56,572,4,0.285714285714286,250,17.6470775735018,1,1402,-6.2500474293303,-16.3280232255183,17,5.80421294943789,1.54369525743056,1.11761344301614,23.6196617334666,1
250908_OBE_NWU_AS,audiobook,OBE,Control,AS,1,8,16401,1,77,652,1168,1168,1740,3480,3688,1408.42621800786,1.274,1.88449032804529,3.688,42.8841215109338,34,46.424,0.849897883317412,8.15517751699857,2.3830138681187,0.424948941658706,39.0334289793749,40.7407407407407,38.236,1.92942564821924,6.4839494971232,2.89605701156108,0.964712824109621,44.8372053985026,45.1437125748503,44.036,2.46681529578677,9.79290669094671,4.52070504457433,1.23340764789338,45.3987081979211,45.1,45.388,1.82023755537454,10.032559076263,4.61338163709583,0.910118777687269,48.269599700396,47.6348547717842,47.756,3.02088745057503,10.8620288707546,4.92555804334704,1.51044372528752,41.8795986186311,43.1563981042654,40.3834355828221,2.23683524177285,8.68123344989403,3.54407140038273,1.4584165776359,41.410467771455,41.3219178082192,40.953488372093,2.08490005474314,8.85260766236673,4.7276865442397,1.07580842824746,51.5186534696195,51.9659090909091,50.6188811188811,2.39477845837393,8.50076623182401,3.97570225904597,1.36981327818989,41.262228845569,40.9964539007092,42.4735632183908,2.1815606443708,11.6445338119012,4.98919164044341,3.7959155212052,5.65562130445929,1570,53,1,476,348,5,0.173826173826174,114,19.2414257102356,1,1804,38.9186112692089,2.25546209104106,24,6.70786378045349,1.50518716584048,1.01424396290462,24.0597936313824,1
250908_OBE_NWU_AS,audiobook,OBE,Control,AS,1,9,18245,1,77,580,1278,1278,1782,3564,3150,850.969865734848,1.278,1.1429821117084,3.15,33.4829942979818,30.2073170731707,36.972,1.52391933595593,5.36047978388022,2.13984676393504,0.761959667977965,45.5856660780467,45,46.652,1.41568364076515,9.23218239240951,2.86895619070347,0.707841820382573,46.50284053615,46.3333333333333,46.272,2.67117277251426,10.6114123530543,4.18745010664515,1.33558638625713,38.797930168001,37.4234234234234,39.56,2.14119743863951,8.57703358783298,3.74659573520311,1.07059871931976,53.5822797445701,53.5953757225434,54.416,2.50213860443985,4.54922210517483,2.92456525197551,1.25106930221992,46.2317648130823,45.6851851851852,47.0931034482759,1.55240010628458,9.41727104675621,3.34441651443073,0.900392061645059,41.4567639355542,41.5043103448276,41.10888252149,2.58993404635389,9.74473862430102,3.84862571163527,1.80777396435502,50.814437138848,51.2923076923077,50.3888888888889,2.31003512353458,7.75325190266045,3.8854933407775,1.16425770226143,46.445338875957,46.6034482758621,46.1515151515151,1.71293095519024,4.74583129608995,2.34583608430584,3.05244296214901,4.67399486810904,1496,49,1,442,544,7,0.271728271728272,130,11.9125198054861,1,1632,-8.36425725668755,-8.13265344102432,26,8.0788616482125,1.86542809705984,1.25162672745094,25.9036862585158,1
250908_OBE_NWU_AS,audiobook,OBE,Control,AS,1,10,19820,1,77,984,1804,1804,2204,4408,5404,1280.28551065401,1.732,1.53107850882018,5.404,43.9346022362849,44.7377049180328,43.092,1.30360691802425,4.37150808208369,3.34230983629699,0.651803459012124,48.7954728838725,45.1739130434783,50.208,1.41992238548745,5.40909062105383,2.47135848477321,0.709961192743727,38.0989287534358,38.6428571428571,38.836,1.53478587029169,5.80453966803938,2.57425147670951,0.767392935145846,48.9720623440119,49.1907894736842,48.916,2.43177447782987,8.20847923965599,3.99981926832345,1.21588723891493,43.3476606185307,45,42.412,2.26590596716545,11.9242647912385,4.40898467658064,1.13295298358272,43.0468694714075,40.4918032786885,44.4654471544715,1.44305083679173,5.4924146592281,2.47599616449648,1.41996202340306,47.3252458548991,47.3949275362319,47.4463414634146,2.62325065812587,10.640521906142,4.37111443775521,2.15106553966321,33.7000629638105,30,34.115,1.3212470955315,7.62880791723423,3.11016620627519,0.528498838212598,35.671562605657,35.2105263157895,36.3273942093541,2.46056696352485,9.90532289772618,4.09697150901332,4.41917826649064,3.76500789298515,1644,45,1,18,428,4,0.213786213786214,230,22.5147462758167,1,1490,26.7000569151963,-22.510328655972,28,7.01564331816243,1.32173394555235,0.769999549199418,20.6797834334229,1
250908_OBE_NWU_AS,audiobook,OBE,Control,AS,1,11,22522,1,77,754,1362,1362,1936,3872,4410,924.272607817716,1.452,1.14272190792875,4.41,56.8684515980845,56.9514563106796,56.812,1.82074226795142,-1.3836756266987,3.28554519255149,0.910371133975712,48.3233184175201,50.7088607594937,45.84,1.54917181078073,4.89869924662373,2.83097522338316,0.774585905390365,51.7276198594277,53,50.324,0.984787873757094,3.09104623620066,1.6486758236307,0.492393936878547,48.0681847897493,48.1089743589744,49.036,2.44260045157585,7.05022814949718,2.43330741917409,1.22130022578793,51.1447144440099,52.0718954248366,50.996,2.57859886080673,2.88073951735176,4.51172003045704,1.28929943040337,48.398558525523,50.7088607594937,46.3819628647215,1.23988200319489,5.11710727179272,2.38797216876191,0.934871030408948,51.0328100160907,50.7304347826087,51.5394736842105,1.72383931379458,2.94108895432201,1.3018581493611,1.0480943027871,49.5862575479675,50.2406417112299,49.9198606271777,2.60841366821338,5.68055317866815,4.29841535841684,1.49722944555448,44.6992334379667,43.8162939297125,45.0237603305785,2.40275756955219,10.6682226003384,5.16064896731604,4.65173865465303,4.93195078977895,1964,49,1,0,380,6,0.18981018981019,138,46.9288447485536,1,2002,-68.2857142857143,22.0100867234898,32,6.19462260686159,0.994272039239962,0.105895419932044,20.4279719797791,1
250908_OBE_NWU_AS,audiobook,OBE,Control,AS,1,12,24727,1,77,1076,1380,1380,1980,3960,4512,1135.65628899211,1.49,1.32914776096155,4.512,44.0683542930869,44.5458937198068,43.736,2.91854028680406,9.13343356880131,4.23846818956409,1.45927014340203,50.6831946081378,50,50.816,1.16942904121497,0.640416835916205,3.06965689345818,0.584714520607487,44.5696067623746,45.6,43.616,0.998233170557745,8.35526367342334,1.92397563164119,0.499116585278873,43.0735562509607,43.0603448275862,42.904,3.22833962079294,11.5653646077772,4.36192772025564,1.61416981039647,47.8025053467605,48.11,48.804,3.08046524544889,8.54423266585144,4.02131634847549,1.54023262272445,46.3082336201042,43.9078947368421,46.7156133828996,1.26027008225143,7.33322114282908,2.84877693689956,1.35605060850253,43.268055342417,43.25,42.9473684210526,3.23789204974839,11.210026621995,4.07841579368423,0.98431918312351,47.1316416764427,47.1752988047809,47.8466666666667,3.0945264125034,9.11421898890195,4.11793707756644,1.85671584750204,45.0110531418962,45.5955056179775,44.8454545454545,1.99121295308647,6.5270746085199,2.60468405480981,3.94260164711121,5.0291379481106,1548,43,1,1016,568,5,0.283716283716284,176,15.5847233986897,1,1760,-6.81350787326885,-16.2091041054081,13,4.62954309697129,1.16697453659728,0.378817036555868,22.9464417925748,1
250908_OBE_NWU_AS,audiobook,OBE,Control,AS,1,13,26983,1,77,906,1400,1400,2200,4400,3918,1105.94481803584,1.552,1.33761752446464,3.918,30.2748802770728,27.1492537313433,33.772,1.66176504367822,9.03570875019643,3.05881693312623,0.830882521839112,34.422920292646,34.1011235955056,34.376,3.0788993722404,11.6403110932706,6.46993746159958,1.5394496861202,54.9079710483771,55.4313725490196,53.964,2.02701036111584,3.08090142681521,5.05855415349421,1.01350518055792,53.654051240998,53.8061224489796,53.312,3.26387401043656,5.95883480374683,4.78143212360535,1.63193700521828,47.3948298818716,47.3800904977376,47.756,2.65358898469539,12.2897908676507,5.87711709637019,1.3267944923477,41.1599293952303,42.2992957746479,43.1501103752759,2.51159930572942,9.53478554725979,5.92546007333537,2.27550897099085,54.3670654352129,54.580310880829,53.9109311740891,3.10436360318679,4.32329131242645,4.61908505856625,1.53355561997427,47.7035550960183,48.0330882352941,47.29,2.44905049156587,11.9483449556186,5.49090687393326,1.9592403932527,45.6187514089404,45.3593429158111,45.7944444444444,2.04396094229304,11.1144690737183,4.74386172583816,3.67912969612747,5.30880132936966,360,37,1,126,760,6,0.37962037962038,212,81.6394655185594,1,1990,10.5995067349649,37.5100495031079,27,8.62697399569666,0.901249439569347,0.77001410199098,15.532813511115,1
250908_OBE_NWU_AS,audiobook,OBE,Control,AS,1,14,28942,1,77,626,1164,1164,1890,3780,3444,1762.79242917603,1.37,2.10363008566661,3.444,36.9815132564068,35.0084033613445,39.516,2.07495838347222,9.52657033436101,4.84159520238088,1.03747919173611,50,50,50,1.6364618166476,9.64502127792115,3.96907078384337,0.8182309083238,48.5653723344155,48.4644808743169,47.968,3.06178150652973,13.7531428528762,7.4647279628859,1.53089075326487,48.6409664109688,NaN,48.524,0.951485681836268,10.4264021355308,4.39537030741615,0.475742840918134,42.2310412857361,41.5514018691589,42.824,2.10965463231721,13.4926931706892,6.19157795025139,1.05482731615861,50.3854736109731,50.4793388429752,50.185303514377,2.21312152897071,9.82305658569672,5.00817987294319,1.38541407713566,47.5010067037314,47.175,47.8959107806691,2.03077968648641,13.2851615382619,6.40380318530778,1.09255947132969,44.2096278792522,40.6346153846154,45.1900826446281,1.38292582093226,12.0934232316774,5.45419507904493,1.00400414599682,38.7621774333025,38.2646502835539,39.7724867724868,2.09200786677736,11.9894520619452,5.13312338303054,3.9538948682092,5.37630801969061,578,51,1,460,454,3,0.226773226773227,164,39.9231434926237,1,1978,-1.66441439426291e-14,-5.99080656567536,11,3.72192805020393,1.80796835897871,1.42019933073634,24.9106208296132,1
250908_OBE_NWU_AS,audiobook,OBE,Control,AS,1,15,30664,1,77,726,1078,1078,1876,3752,3741.99999999999,1501.32225203085,1.37,1.7280670486153,3.74199999999999,44.4965599346008,43.6524390243902,45.54,2.2370367702584,11.2245138477077,5.04801714838684,1.1185183851292,32.9074181849492,31.7517730496454,33.952,2.24317002831531,6.45468800500027,3.69430371280762,1.12158501415766,51.0819183291925,50.8828828828829,51.312,1.79251340584954,8.03637444993901,5.34761290429356,0.896256702924769,49.8609433064227,49.2435233160622,49.568,3.06930680676679,10.4108543106446,5.37831818095361,1.53465340338339,37.5244983565583,37.8157894736842,37.3,2.05983312887713,10.6469137063439,5.2131171874577,1.02991656443857,39.5422753529036,40.036,39.2066115702479,2.51716647646622,8.18648079821296,4.97418555905894,1.82746286191448,53.9924761535659,56,51.9659090909091,0.916390146766299,3.08157809796227,3.61631843214072,0.322569331661737,45.1898055388482,44.8205128205128,43.3558897243108,2.74486567767912,10.6719140450595,5.34469938490213,2.19040281078794,46.5279705051053,45.3172205438066,46.9328358208955,1.80656541725058,10.3649314783612,4.85081602727871,3.3891167227621,5.119875888148,1156,51,1,92,454,4,0.226773226773227,208,15.6054591610206,1,1530,24.3870233352305,30.1394833810995,28,8.81880699323438,1.57931805306715,1.09339672797006,23.6361174327555,1
250908_OBE_NWU_AS,audiobook,OBE,Control,AS,1,16,32535,1,77,648,1068,1068,1796,3592,3752.00000000001,1170.18249582251,1.3,1.36210390225283,3.75200000000001,50.0478883327076,51.3949044585987,48.712,2.1441669130615,8.3949767090825,3.44432735472236,1.07208345653075,43.6039056090096,44.2616279069767,42.036,3.09017247641613,10.0058545917361,6.14651605934912,1.54508623820806,47.8655445312158,47.5875,47.844,1.4991027004446,10.3300261339427,3.40339078913615,0.749551350222301,48.3803330649808,49.3109756097561,47.872,2.22355989018637,9.66071324889727,4.24421848146022,1.11177994509319,34.7589874767102,29,39.74,0.608085697324962,5.31987639705304,0.988147086266035,0.304042848662481,44.4508400630929,45.2764227642276,43.3148148148148,3.0176278309868,10.8173008754388,5.83099349469433,1.95542283447944,48.6511889582189,48.8,48.2666666666667,1.11464543154273,8.49752746164877,2.87738612607542,0.468151081247945,47.0740989375065,49.2709677419355,45.1401098901099,1.53798792897861,8.61259534833664,3.29102120295797,1.11965521229643,38.972201326922,40.6076555023923,38.4988864142539,1.99006617763664,8.82478396833947,3.5392283067956,3.5741588550354,5.12033229547345,218,37,1,154,362,6,0.180819180819181,122,24.6585903985944,1,1420,38.7319294251565,6.87851267354005,22,6.11927346591994,1.29203840058827,0.393436012402021,25.6617009552547,1
250908_OBE_NWU_AS,audiobook,OBE,Control,AS,1,17,34411,1,77,626,1196,1196,1872,3744,3720,1166.76966499036,1.344,1.36556071675395,3.72,42.1448469832888,42.7215189873418,40.588,1.56884312891075,9.87087435470245,4.1829299326891,0.784421564455376,37.1214200500519,37.963963963964,35.076,1.90273651033174,6.26965860535741,2.22823158086729,0.95136825516587,45.3962102250763,45.4310344827586,45.488,3.46413576730978,11.4379825345575,4.97078776765543,1.73206788365489,42.3730955650908,42.1879194630872,42.776,2.06931180227014,12.5767205305762,5.06616537701358,1.03465590113507,48.915091044507,48.4923076923077,49.476,2.264171921309,9.44477842106877,3.88123467782087,1.1320859606545,41.9476977043775,42.6724137931034,38.2747603833866,2.33312798751662,6.9662765819991,2.35197943990731,1.4605381201854,42.3325399347048,42.5348837209302,42.6491228070175,2.8823912429505,12.2097862067095,5.38995223600324,1.64296300848178,46.7423886245298,46.2403433476395,46.5769230769231,2.40770419887106,11.5226364618251,4.74037143884227,1.62760803843683,43.2074760805843,44.9397590361446,43.3728632478633,1.88981506598173,6.04830347836949,2.13586667625501,3.5377338035178,4.57097342481344,916,39,1,254,594,4,0.296703296703297,250,26.3201157823248,1,1738,48.2124833997344,8.93661368965645,27,7.2051906896605,1.21978642091153,0.48992424441195,22.8890188197924,1
250908_OBE_NWU_AS,audiobook,OBE,Control,AS,1,18,36271,1,77,696,1322,1322,1786,3572,3825.99999999999,1194.22564446554,1.31,1.44737386531661,3.82599999999999,55.0253085988477,55.0639534883721,55.164,2.52024849432472,-1.11609205942233,1.84084073873646,1.26012424716236,37.3393311631212,37.6666666666667,38.952,2.64470755075054,9.0667454828187,3.4004041516103,1.32235377537527,43.3221264665199,44,43.192,1.41438152695168,11.8324334982263,4.07308300445484,0.707190763475839,44.872657240503,44.685,44.948,2.86570885464868,13.380004990058,5.52635926867152,1.43285442732434,49.3260983499282,48.6062992125984,49.528,2.16422745234503,8.69531064999413,3.31576184135865,1.08211372617252,38.7254009189879,39.0238095238095,40.3620689655172,2.40209963463118,10.1927788868601,3.66887372875453,1.6718613457033,44.8850739657656,45.7297297297297,44.3003194888179,2.0086031255192,12.3679898495924,4.36092412836097,1.25738555657502,44.0376518490909,43.5341614906832,45.3060344827586,2.34717324897762,12.3749802709469,5.3491411092051,1.08908838752562,42.9181884334267,43.7789473684211,43.1623740201568,2.04827672966611,5.99685638384847,3.28690998976268,3.65822223918367,5.56521993588201,158,33,1,0,582,5,0.290709290709291,236,59.2723290614575,1,1928,19.5856573705179,7.65372017716901,24,6.86635736385185,1.23257506854888,0.505655029536369,22.8201237048444,1
250908_OBE_NWU_AS,audiobook,OBE,Control,AS,1,19,38184,1,77,672,938,938,1934,3868,4448.00000000001,997.126876085966,1.296,1.38400912190421,4.44800000000001,36.6741529611136,NaN,35.964,0.710294879961904,7.43083362550124,1.00507659565195,0.355147439980952,32.1556204038087,30.9052631578947,33.74,1.79608474129438,9.6221809784391,3.15270754025354,0.898042370647192,42.5855756461853,42.1333333333333,42.592,1.88716007432458,9.9549174541094,2.91432446490137,0.943580037162291,47.5206144030888,47.2209302325581,48.324,2.72212930080021,7.12030512070945,2.01025185171028,1.36106465040011,47.1467562836456,47.5454545454545,46.692,2.74026055366335,8.03166951156676,3.37622646603331,1.37013027683168,33.8015722698624,32.6779661016949,35.3422619047619,1.69123755563935,9.747965674332,2.89325381206303,1.13651163738965,41.6095460038884,40.7659574468085,42.0751879699248,2.17870298005291,10.669648455915,3.26615372679558,0.579534992694074,47.3236589699608,47.3633440514469,47.6224899598394,2.63830808841901,7.5693762168886,2.8548661440993,2.62775485606534,39.3600587117119,40.1450252951096,38.8273009307135,2.55734936184388,9.02557410762695,4.16274884852663,4.94591366580605,5.0687901460849,1358,46,1,112,498,5,0.248751248751249,184,44.0998077236148,1,1832,11.8034528552457,19.6732980980385,27,7.09404071293466,1.04197184115137,0.348880837138719,17.6777139761574,1
250908_OBE_NWU_AS,audiobook,OBE,Control,AS,1,20,40408,1,77,964,1374,1374,2230,4460,4497.99999999999,951.477883409978,1.522,1.22192652663887,4.49799999999999,34.6565683903386,36.955223880597,33.188,1.66625843284215,8.43685576956947,3.00607163723006,0.833129216421075,34.0941207526809,34.1666666666667,34.996,2.80207451985052,10.0937836856789,4.12636650706278,1.40103725992526,48.9155486054636,47.7701149425287,49.388,1.88289472523269,6.36652142426346,2.68137462342745,0.941447362616344,47.8701355642181,47.6896551724138,47.524,3.28187406903794,11.1534793910369,5.70234925813598,1.64093703451897,41.4864219795954,41.444,41.444,2.98746303546515,15.3148585489408,6.55089862964672,1.49373151773258,39.849740625072,38.5037878787879,42.0124481327801,2.3616108614893,8.65892620078175,3.4784827768679,2.27659287047568,46.8529787811133,46.8735632183908,46.7365853658537,2.86273097989006,11.6198151922061,5.48670918574503,1.17371970175493,42.8268750098516,42.6197183098592,42.0467289719626,2.93263757151043,14.1422871013795,6.27319808731643,2.51033776121293,53.413296809677,55.1752577319588,52.6790960451977,1.48985018771202,5.57941922154345,3.12632701080151,2.63703483225028,5.48556339107244,306,32,1,0,732,9,0.365634365634366,164,41.0745691006427,1,1938,-8.91026370707647,29.8871291919455,22,5.85917042418422,0.81230086009863,-0.000599117316484707,21.6256634759618,1
250908_OBE_NWU_AS,audiobook,OBE,Control,AS,1,21,42657,1,77,864,1630,1630,2412,4824,4140,1238.92332592232,1.734,1.34200418303864,4.14,35.7424400914394,35.804347826087,35.832,2.51893612823352,9.19964788669108,2.95058291729248,1.25946806411676,35.8743356645743,37,35.552,2.02502014541948,9.18822242091698,3.97559164559167,1.01251007270974,37.1176304684074,37.9736842105263,37.792,2.65969459002603,14.319118494284,7.04700333094304,1.32984729501302,55.1698853236691,55.2764227642276,55.032,2.30747950571606,1.42233913047707,4.72539145908044,1.15373975285803,48.4143577246711,48.6767676767677,49.52,2.89612104267839,12.9926938951366,7.94535191789722,1.44806052133919,35.4288358419594,36.3888888888889,35.4722222222222,2.33249938475626,11.7228185705318,5.34596684177565,2.01527946842941,52.7972956191057,52.1928934010152,52.9321148825065,2.19778743416208,8.69334562094414,5.48468752397758,1.68350517456816,48.6674078654048,48.961038961039,49.0358056265985,2.84453742323162,12.1183826138312,7.18118946630125,2.22442826496713,39.8680171803163,37.8322580645161,42.5982367758186,1.42753521747757,6.25788058956615,3.75188875224666,2.26692592535438,4.64160832486291,1796,45,1,0,624,12,0.311688311688312,144,129.162414142776,1,2002,-12.1187630430658,14.081400975174,28,8.46297274557279,1.43022788426845,1.33798552946658,19.9832998262786,1
250908_OBE_NWU_AS,audiobook,OBE,Control,AS,1,22,44727,1,77,504,1224,1224,1718,3436,3368.00000000001,1949.68766542398,1.25,2.1527988252037,3.36800000000001,29.0208320814835,29.0284090909091,29.08,2.29218712330435,5.25593960634301,5.03068994259113,1.14609356165217,45.6367733940569,47.9121621621622,41.904,2.41157192674417,5.98495525021944,4.69330032405937,1.20578596337208,48.5704377059091,48.3717277486911,47.512,2.70594131567562,13.9125687358638,6.3782191309443,1.35297065783781,52.5020429647781,51.2905982905983,52.756,2.14584060094192,8.89722035772647,4.9753289674462,1.07292030047096,44.2565615943288,41.5205479452055,45.992,1.76197139725088,10.6524273585383,5.20132660473035,0.880985698625442,45.7169625066103,47.98,41.9920634920635,2.41877409116526,5.97791416851838,4.70092018387465,1.21906214194729,49.7885395232752,48.9099099099099,49.3083333333333,2.46846655398679,12.9650264903625,5.88414885356597,1.77729591887049,47.2549035317337,46.5414012738853,48.3522267206478,2.52473108393719,10.6792121323783,5.95032788351977,1.24721715546497,38.1899200264117,33.9945054945055,41.9022118742724,1.27645692435048,6.07906504292377,2.11126030354654,2.19295299603412,4.41670931491254,282,50,1,256,534,5,0.266733266733267,154,20.8557176946472,1,1876,60.4572187440713,-4.67041351844269,25,6.37589843294068,1.3181549566594,0.930474431666261,23.9052299354398,1
250908_OBE_NWU_AS,audiobook,OBE,Control,AS,1,23,46411,1,77,798,1366,1366,1988,3976,3834,1857.16414374284,1.404,2.187042622525,3.834,31.1094919724553,28.6551724137931,36.168,1.92334031247084,4.43595882668298,1.58834999324086,0.961670156235421,43.0960565980133,43.2228571428571,43.712,2.42806519409407,6.12662211437954,3.22119935706235,1.21403259704704,47.2091121240684,47.96875,46.432,2.55240569999238,11.3553001858071,4.3657393905709,1.27620284999619,47.0693581919479,46.7041420118343,47.232,2.24890091039965,10.2795016366692,3.98111654715886,1.12445045519982,39.4625851106894,39.6616161616162,39.344,2.34687594767183,9.53740501436466,2.99603684363449,1.17343797383591,45.30010134836,45.2696245733788,45.1829573934837,2.66864075718417,8.76192556221084,4.03899392011266,2.12957532423297,47.0813925551497,47.7410714285714,46.9366197183099,1.98308577270668,10.0710902227841,3.29315089885734,1.12639271889739,40.6975521020189,40.9018867924528,40.4951768488746,2.43071433923099,10.4219828104713,3.5470764184857,1.51190431900168,40.9032389118327,40.5224719101124,41.1961770623742,2.20817640615514,9.48838137160194,3.21385210446887,4.38985469543642,4.22192588816289,596,49,1,0,348,6,0.173826173826174,160,20.6393783065158,1,1966,52.2952001517739,-6.2382290542301,18,5.8937600602552,1.96418639785821,1.53395705578847,25.0640547775089,1
250908_OBE_NWU_AS,audiobook,OBE,Control,AS,1,24,48328,1,77,700,1026,1026,1922,3844,4220,1208.88511531065,1.374,1.54930290318245,4.22,41.4384891423303,NaN,41.856,1.07021305826159,9.43989348575473,2.13985852047985,0.535106529130795,50.6510203942754,56,50.032,0.972925777007485,3.61950570769032,0.817117804763653,0.486462888503742,52.9816413413288,52.626213592233,53.144,2.93720989700988,5.93236302478193,3.72844060354533,1.46860494850494,50.1918916120911,50.7567567567568,49.052,2.06670728867936,9.19314357928488,3.17823324879364,1.03335364433968,43.3597422697746,43.6612021857923,42.884,2.85989991694567,12.4598705522269,4.90746081812316,1.42994995847283,51.0267013058707,52.2276422764228,50.3942857142857,1.61226474466208,4.70826954029057,2.02255409914187,1.12858532126346,54.5736658784987,54.1833333333333,54.5828220858896,2.84271807996955,5.14325822365005,3.22607795037568,0.926726094070075,46.3819968089301,47.1756272401434,46.0803571428571,2.33684401972849,11.1373325960669,4.23632988906721,2.09381224167673,39.807541072773,39.5348837209302,41.0894901144641,2.00827229893904,9.01141167961694,2.88662084847274,3.85989935856083,4.53379081618396,974,57,1,522,584,6,0.291708291708292,174,29.4866634237139,1,1898,44.9095048377917,-1.76164067443331,16,5.56340300400275,1.39144572941195,0.699678572630271,23.1943638050957,1
250908_OBE_NWU_AS,audiobook,OBE,Control,AS,1,25,50438,1,77,698,1022,1022,2038,4076,4452,951.430318384669,1.26,1.43823649039371,4.452,28.5321907082153,28.006329113924,29.516,2.54109820124891,6.78961338991404,1.28339161242388,1.27054910062445,36.8956587411968,36.7547169811321,35.26,2.50548851921342,10.7076784815423,3.4057015290985,1.25274425960671,43.2399127384043,44.0597014925373,42.928,1.64191442024409,8.90470786430524,3.5310278330922,0.820957210122045,51.4355770146021,48.2380952380952,52.856,1.52298903886096,1.91896741516165,0.452969774643325,0.761494519430479,45.724744082153,45.7891156462585,45.78,2.17433432502727,6.8484640985654,1.69998937105941,1.08716716251363,37.4771616405707,37.3513513513514,36.4212034383954,2.22482810361674,10.7335649600687,3.58239516929992,1.55293001632449,45.7445900527658,46,45.9320987654321,1.70834232028414,6.70376097105863,3.10049381612365,0.553502911772063,47.883397895191,46.5238095238095,49.0334645669291,1.83007372203723,5.16423001690398,1.11456948960588,1.85935490158983,42.2596795273352,43.7075664621677,38.8858307849134,2.19741930243274,8.95357432221947,3.29630417073356,4.31133667137303,4.41825979740583,366,40,1,298,346,3,0.172827172827173,202,9.7234927028326,1,1120,24.8647315499905,16.5218483641642,25,5.7945728716938,1.62720087551464,0.833431456983851,24.2326134921557,1
250908_OBE_NWU_AS,audiobook,OBE,Control,AS,1,26,52664,1,77,470,636,636,2134,4268,3911.99999999999,429.721313609513,1.346,0.649918840790093,3.91199999999999,33.4351885428557,35.6142857142857,32.264,1.80700850839631,7.42842017274163,2.95942535492023,0.903504254198157,28.6707260663743,27.4444444444444,30.068,1.61119231436712,4.419059611525,1.08850655966951,0.805596157183558,35.2187837879049,34.993006993007,35.28,2.19680836809219,10.1503166403808,3.89158323765452,1.09840418404609,41.1859206530799,41,41.112,1.67178170928498,12.7830783859453,4.69547387709642,0.835890854642491,49.3355058058274,49.3777777777778,48.072,2.83092346629528,10.1386123724273,4.44569524204158,1.41546173314764,28.6128974728399,27.4444444444444,30.0085106382979,1.67251115116635,4.53457844597198,1.17426584937817,0.786080241048183,30.2380948536813,30.1351351351351,30.3734939759036,1.82177988057917,3.52653001863391,2.35189707789989,0.302415460176142,44.0266592294132,43.8559782608696,43.1255006675567,2.13158737679678,11.343873918527,4.35187624323634,3.19311789044158,44.3154796827328,45.636803874092,42.9753483386924,2.15536282257092,11.2736018354294,4.82185210269173,4.02190702691733,6.3011042834075,1828,53,1,104,424,6,0.211788211788212,132,43.2052987863118,1,1914,14.0417378106621,11.3167640599993,27,9.15062002918322,1.28022159248243,0.625974155015249,21.568061771659,1
250908_OBE_NWU_AS,audiobook,OBE,Control,AS,1,27,54620,1,77,452,840,840,1792,3584,3684.00000000001,1225.33588100115,1.25,1.4033671832761,3.68400000000001,41.2177609621543,41.8407079646018,39.872,1.65570913588411,6.99899283786288,3.59385285281523,0.827854567942057,48.0005086728386,48.2954545454545,47.848,2.00243391044597,11.2253024427256,4.13176814162109,1.00121695522299,40.576744557523,41.1004566210046,40.756,2.99560571604687,12.8012771532769,6.98001921472239,1.49780285802344,47.306785857841,48.963963963964,45.328,1.85222745984609,6.00077551703235,4.57875832201389,0.926113729923045,55.8888298978028,55.2692307692308,56.568,2.04388346453001,0.455848325105824,4.46938305804093,1.02194173226501,48.0005963935256,48.3611111111111,47.8318584070796,1.88927591912239,11.0722289170011,4.03277463307333,0.853952715443318,42.4547688925398,43.0529100529101,43.0567010309278,3.23481799778052,13.4910732389207,7.50306948979,1.25510938313884,48.710324267079,49.0669144981413,47.2415966386555,2.27132241402858,6.33152850176654,4.7476513362391,2.16229893815521,43.3815100878907,42.4314606741573,45.5100446428571,2.06232611134947,13.34768742709,5.99361040056537,3.69568839153825,4.83433769193612,1618,55,1,464,434,6,0.216783216783217,180,18.1327069354586,1,1824,-0.815784481123127,-18.6870510291435,19,6.64521029392802,1.45305714643346,1.0871211279367,20.9678378801261,1
250908_OBE_NWU_AS,audiobook,OBE,Control,AS,1,28,56462,1,77,650,976,976,1768,3536,3520,1507.75112270249,1.27,1.83945930913904,3.52,37.0685179153024,35.2936507936508,38.488,2.39955403354498,11.7628285502528,4.89061644760738,1.19977701677249,35.7083234765501,36.803738317757,34.588,1.9503073256159,4.63050285931162,2.86938568070277,0.975153662807951,47.4902769838523,47.6958525345622,47.692,3.35415228838944,14.5936568289047,7.86639761634601,1.67707614419472,50.9537262112259,50.5698924731183,51.26,1.63990310042949,4.98607353762678,2.16451431616031,0.819951550214743,35.6663146021743,35.5595238095238,35.444,2.5413578642456,10.0756599164403,5.14242590061728,1.2706789321228,40.8135861905983,42.7068965517241,38.6769230769231,2.21017470629654,5.83215394536491,3.65689477409619,1.43661355909275,45.9191327930912,45.7133333333333,45.4969325153374,3.69766179382119,16.0712244434795,8.74380434043877,1.20543774478571,44.1365518460086,42.9468085106383,45.3585858585859,1.83997064046909,7.88142254745582,3.79904258593549,1.45725674725152,34.0376412985666,34.7666666666667,33.433257918552,1.85114226955544,7.83676559750587,3.56713945780872,3.27281953257402,5.14811816215069,646,50,1,452,568,6,0.283716283716284,316,18.7366942684663,1,1676,55.1125023714665,17.6928946290989,28,8.96628870917344,1.64834864907181,0.981611991622171,27.1240713700883,1
250908_OBE_NWU_AS,audiobook,OBE,Control,AS,1,29,58222,1,77,634,1164,1164,1854,3708,3508,1422.1206183613,1.35,1.70817380706312,3.508,48.4516416153478,49.3928571428571,49.092,2.76622811542709,1.39764810036426,3.26969474153515,1.38311405771355,53.5226024616279,54.0530303030303,53.256,2.07503602473452,1.28739411997502,2.9579249856592,1.03751801236726,56.7751878520473,56.7857142857143,56.76,2.52648766798636,0.00512784515333405,4.16474430901455,1.26324383399318,51.1404477704456,51.6312849162011,51.744,2.8814068132146,7.74426709651592,4.75818648254618,1.4407034066073,46.142051325016,44.9296875,45.996,1.9216985709157,8.59132823482194,2.59636388331421,0.960849285457852,54.4415333907934,54.8048780487805,54.1388012618297,2.11874540002078,0.982109401302079,2.60399992833433,1.34328458361317,56.3521798678724,56.3260869565217,56.3169811320755,2.52985903068193,0.100190585839485,4.91908848571462,1.34082528626142,48.9624126367207,48.056338028169,49.0666666666667,2.55852565133013,8.21996006934093,3.60230858513083,1.76538269941779,35.5078630751866,34.7045454545455,36.7432578209277,1.8633087206441,9.13256037011719,3.11852688406577,3.45457436807416,5.15256470151282,1256,49,1,0,486,8,0.242757242757243,202,13.9482871277908,1,1260,11.4824511477898,5.25198198533517,18,5.3332668667903,1.67946920312775,1.17744432296788,22.5955966181406,1
250908_OBE_NWU_AS,audiobook,OBE,Control,AS,1,30,59976,1,77,784,1164,1164,2104,4208,5350.00000000001,1343.82611653255,1.528,1.66414296262168,5.35000000000001,38.2711537916485,27.0714285714286,41.596,1.47329254546591,3.90200675809665,1.45508443931662,0.736646272732956,35.1259967540792,35.0528846153846,35.48,2.54296670764976,10.4767828252583,4.75858301658288,1.27148335382488,46.9217422965984,47.2147651006711,46.388,2.53591792289174,10.1630661204454,3.52829750173348,1.26795896144587,42.5159532393036,43.5798319327731,41.768,2.26821443818037,10.5542429143967,4.88838206496002,1.13410721909018,44.49663450739,41.2857142857143,45.848,1.28727284917494,4.48441415562813,4.28593863727625,0.643636424587472,39.6797910966314,38.6666666666667,39.4540816326531,2.50709012604961,9.31683730578171,4.14701712307316,1.96555865882289,45.4278823673359,45.2269938650307,45.8894736842105,2.95779351648596,12.7330663192376,4.80530740546701,1.12396153626467,40.3545959099508,37.5245901639344,42.2340425531915,1.6141980598299,6.93861866890141,4.43729498244857,1.51734617624011,41.3594300173372,41.6935166994106,41.7848101265823,2.45769478503612,11.2553434051832,4.80195533340271,4.65978931242849,4.35081449695178,88,34,1,42,410,3,0.204795204795205,214,28.0396564849616,1,1846,0.207171314741039,20.0902594260617,18,6.07942889914855,1.43602981682444,0.739079816656975,25.1838499320313,1
250908_OBE_NWU_AS,audiobook,OBE,Control,AS,1,31,62651,1,77,482,640,640,1394,2788,3098,718.295678800815,0.856,1.27608514959777,3.098,35.0490098007068,38.5652173913044,32.512,1.00053797518788,8.20709454712362,2.89381520156243,0.500268987593939,36.423077341283,36.2941176470588,36.888,2.04079972894887,12.0542520781515,5.50409061335373,1.02039986447443,45.2040369181048,44.3941605839416,45.68,2.0628648225759,13.7712914243281,5.60217825856597,1.03143241128795,45.8694828372374,47.7116564417178,46.44,2.71546463136986,13.5955911556649,6.98703862790163,1.35773231568493,46.1197722564774,46.1028037383178,46.232,3.17063611178646,15.0141898180299,7.15665743217867,1.58531805589323,36.1467439355573,35.875,36.6597510373444,2.03165110988553,11.8631005568858,5.42375820223019,0.979255834964824,43,43,43,2.76224850735142,15.9806467060791,7.17906461772002,0.436435264161524,46.2963184447286,47.1695652173913,46.920424403183,2.42967297004258,13.1484080918239,6.29230571883181,1.83197341941211,46.9335282460232,47.4088397790055,46.1205164992826,2.25509614501708,12.6841504070119,5.59734752238898,3.14360402615382,4.86672285496756,1250,41,1,0,642,7,0.320679320679321,226,85.5804171440996,1,1832,9.52912160880287,22.1679011426657,23,6.22321821160738,0.853438096983023,0.603744455811056,17.7429719670661,1
250908_OBE_NWU_AS,audiobook,OBE,Control,AS,1,32,64200,1,77,500,1150,1150,1788,3576,3657.99999999999,1644.3941461718,1.256,1.984317788309,3.65799999999999,32.8016506998761,32.4064516129032,33.344,2.27164128693653,8.14615434068611,4.31363388006463,1.13582064346827,31.4116842876325,31.1239669421488,32.812,1.98069878407664,6.67019274478299,3.32953061879407,0.99034939203832,43.0044600852599,42.9816513761468,43.208,1.90749918774299,12.643241041657,5.14085516984792,0.953749593871497,43.2865464189027,43.3179487179487,43.272,2.56782464294479,15.6171590391375,6.34751864735334,1.28391232147239,47.4625804153781,47.7225806451613,46.644,2.61892970422032,12.0530340822279,5.4909237980536,1.30946485211016,31.4116842876325,31.1239669421488,32.812,1.98069878407664,6.67019274478299,3.32953061879407,0.99034939203832,43.0688142659172,43.0852713178295,43.2184615384615,1.88623926478801,13.1703534652053,5.15313649461608,1.22605552211221,44.2532995410199,44.1240310077519,44.141065830721,2.66765424919707,14.976078889297,6.26231929702235,1.70196341098773,48.1660480412388,46.0141843971631,47.993288590604,1.84524851698309,6.20679487810051,3.45792385418588,3.29930434836577,4.34613533224096,1836,51,1,0,506,6,0.252747252747253,106,8.63313749723616,1,1504,29.3875924871941,19.0026798674954,25,6.4772373475673,1.9150194441286,1.42163042216258,28.8088135681537,1
250908_OBE_NWU_AS,audiobook,OBE,Control,AS,1,33,66029,1,77,470,1130,1130,1730,3460,3548,1536.70228642877,1.23,1.82197693084046,3.548,53.7882551724224,58,52.724,1.27523145573802,6.36937992265069,2.33678283933035,0.637615727869009,38.9856736803154,39.7661290322581,38.884,2.20444592761784,10.5463664420028,3.66809279931709,1.10222296380892,40.2076842734843,40.2736842105263,38.912,2.86576757126167,12.1395635329024,5.67352191649849,1.43288378563083,37.3326550349175,38.8404255319149,36.828,1.71480828914102,10.1603603192935,3.43140621615651,0.85740414457051,41.9232390260462,42.6503496503497,41.768,2.12901025010855,11.9221224001774,5.42907429868972,1.06450512505428,38.4993121476217,38.954128440367,38.4510638297872,2.1856973307753,10.3558784553055,3.53122059041076,1.02727774546439,39.2985012034856,39.7598253275109,37.8575757575758,2.65389252318466,11.4135543674205,5.02077676898595,1.75156906530188,40.6260936616477,42.3548387096774,39.7933333333333,1.78203326520185,11.1752980909411,4.65589989553627,1.06921995912111,40.1134170598127,40.0946196660482,41.6739884393064,2.41318394584632,8.17503069094356,3.47324345240428,4.17480822631413,4.42448083388033,620,44,1,232,406,4,0.202797202797203,172,23.5388841153187,1,1568,9.22443559096945,-7.03455912457661,16,4.15478130735343,1.96359515311542,1.44501341666789,24.5725984110826,1
250908_OBE_NWU_AS,audiobook,OBE,Control,AS,1,34,67803,1,77,636,992,992,1882,3764,5224.00000000002,1212.43997394263,1.308,1.56050912105779,5.22400000000002,30.4700345135804,28.8852459016393,32.404,2.10649164742487,7.95902279223054,3.32115595299578,1.05324582371243,47.8461096739819,47.4220779220779,47.908,2.25889863381241,8.95017430022457,4.09462857193371,1.12944931690621,50.5690551361033,50.561797752809,50.504,1.8598358196917,6.07977999112073,2.77934843540063,0.92991790984585,47.99227445994,47.0866141732283,48.572,1.92061415923956,9.08982566090169,3.74310203430895,0.96030707961978,40.6694023466921,40.4055944055944,40.896,1.94733839473688,9.1179987610687,2.66683755913261,0.973669197368441,48.4511465285198,48.131221719457,48.3081761006289,2.54302165072893,9.02833760746768,4.21171161803533,1.6173617698636,51.3038329598909,53,50.7022471910112,1.21531332327551,3.83626439104014,1.8302428912382,0.432651543086082,45.4351659609999,44.587982832618,45.8426966292135,1.9031827587312,9.11487835477753,3.21765211995654,1.69383265527077,32.2248435062746,32.7685774946921,32.0882040382572,2.03512058430304,6.97896366443481,3.38477755958209,3.83009693965831,4.19202231847944,460,48,1,58,338,4,0.168831168831169,202,22.8234244562294,1,1708,4.18174919370137,4.1215989876056,17,4.93621759934416,1.81518806514962,1.04834847164998,26.7832530106583,1
250908_OBE_NWU_AS,audiobook,OBE,Control,AS,1,35,70415,1,77,240,468,468,868,1736,2861.99999999999,328.551779968982,0.504,0.981354249803132,2.86199999999999,43.6399737763913,NaN,43.736,0.884913864694451,5.60230888015979,1.41477419884494,0.442456932347226,35.248049219721,35.728813559322,34.42,2.69484726872643,10.7101643835933,5.34356492811923,1.34742363436321,55.2923165861705,55.7333333333333,54.716,2.63343274975211,2.39210891400494,4.40221761280482,1.31671637487605,43.8788429579436,43.6279069767442,44.16,2.53661660811467,10.699041048816,3.12548721244489,1.26830830405733,43.5866024061226,43.647619047619,43.464,1.92352811726612,11.9434374700895,3.25338153580668,0.961764058633061,31.1909031708429,31.1372549019608,30.9416666666667,1.98452685745362,8.23082296960474,4.52868346320898,0.476286445788868,37.3332979862665,37.4385964912281,37.4385964912281,3.51597854474355,12.3575419249499,6.13347456433091,0.801643108201528,54.5596586253622,54.6385542168675,53.695,2.94466651217815,4.4433931650442,4.14345069317156,1.17786660487126,44.8364754010638,43.9733840304183,45.3410138248848,2.1369489170228,10.1503891888915,3.26112008500899,1.85487165997579,4.41892477505596,712,57,1,206,592,8,0.295704295704296,146,67.3569819150038,1,1974,26.1665718080061,34.1376968027692,30,8.10066173901121,0.948557273866146,0.248827650422439,20.205325749416,1
250908_OBE_NWU_AS,audiobook,OBE,Control,AS,1,36,71846,1,77,1068,1328,1328,1988,3976,4424.00000000001,1309.60467393073,1.428,1.98131323662124,4.42400000000001,44.0405093850549,43.7340425531915,41.984,2.86482394494558,10.2582382798047,4.86184343951764,1.43241197247279,32.9346783230755,32,35.508,1.59832731485688,7.77462385196132,2.43189520617901,0.79916365742844,35.5358767641357,28,38.648,1.66185891443534,7.68536855871793,3.44021949032859,0.830929457217668,41.3363034238768,38.2380952380952,41.688,1.82772817147154,10.9160324730251,4.81970830947648,0.91386408573577,44.7591060774898,43.4948453608247,45.796,2.04408078796219,9.32183863059894,3.91544711140764,1.02204039398109,34.9024009817615,30.1842105263158,37.5187265917603,1.63397561300807,8.17695147491391,3.19829330584554,1.74508595469262,40.8209943678201,38.04,41.3615384615385,1.91900655992916,11.2909558778886,5.17710515986978,0.498941705581582,43.8246980143545,42.9636363636364,44.4848484848485,1.976652053302,9.47740386969256,3.91954935291393,1.30459035517932,41.7842716221878,41.3587921847247,41.8058350100604,2.13611110203741,9.23425868624039,3.55850209922391,4.24658887085036,4.31635223581753,192,32,1,132,262,4,0.130869130869131,110,25.3077792423194,1,1336,18.7493834187061,17.6550228905348,19,6.21873000319737,1.48715767622325,0.765554379707899,24.5825787283916,1
250908_OBE_NWU_AS,audiobook,OBE,Control,AS,1,37,74058,1,77,980,1382,1382,2330,4660,4061.99999999998,1134.73213045316,1.552,1.60440875928273,4.06199999999998,31.4992722258044,31.6936936936937,31.624,3.30129468143548,10.0821167266864,4.37321065459768,1.65064734071774,35.2819221418348,35.7555555555556,37.064,2.21545486246331,9.28807779154138,3.6276035149463,1.10772743123166,52.6144028815654,52.3026315789474,52.728,2.46955374346401,2.73248409036762,3.46347201592899,1.23477687173201,44.2684642203924,44.6144578313253,44.472,2.74366596996409,10.868514308727,5.04969582069299,1.37183298498204,45.4885358271946,44.0862068965517,46.896,1.87365222419775,10.0367038681568,4.17925514488381,0.936826112098874,44.1176456396715,45.8103448275862,44.7102040816327,2.31761590162815,7.20613065369351,3.5758852434521,2.27126358359558,43.7378685494722,44.2136752136752,44.2039800995025,2.4771871362608,11.0423984319754,4.97145705155053,0.995829228776843,47.643271215715,47.341726618705,48.2616033755274,2.15711064409541,8.6200578370216,3.41161945906986,2.04494089060245,51.0737902995173,49.012987012987,51.4994011976048,1.54555540744299,6.43641406049529,2.71517991297391,2.5810775304298,5.78323385405502,242,26,1,0,618,8,0.308691308691309,124,38.0745585069322,1,1728,21.4395750332005,33.9534559124577,28,7.48748040245663,1.31092294225221,1.173833344358,17.3384076420098,1
250908_OBE_NWU_AS,audiobook,OBE,Control,AS,1,38,76089,1,77,654,1210,1210,1754,3508,3408.00000000002,1693.54819972246,1.246,2.36062582846093,3.40800000000002,38.7229203585757,38.6354166666667,38.668,2.76596152739735,8.25432200561084,2.76191453276229,1.38298076369867,51.6568432884803,51.5684210526316,52.416,2.6482896383219,9.94385585468398,4.79188745901828,1.32414481916095,46.1956508689762,46.1811023622047,46.02,2.06352200887674,13.6174185407754,5.35714378911749,1.03176100443837,45.7954153150586,45.9766081871345,45.96,2.41453659819251,12.5603118554497,5.0390646728809,1.20726829909625,53.8349193169823,53.7922077922078,54.068,1.47912881297759,8.19160201408148,3.28768765368483,0.739564406488795,50.7217102774916,50.6692913385827,51.3761467889908,2.72033377359206,12.1061339985273,5.16024209033915,1.77909828792921,44.8621303504293,44.671875,45.0611510791367,1.93970790722977,12.9140558552691,5.17301963521852,1.07847759641975,50.4764443356855,50.2371794871795,51.5036764705882,2.04183061997628,8.85308510380702,3.72324395229698,1.1107558572671,46.7467354111313,45.1727574750831,48.3888255416192,1.86921799380504,11.5705554822373,4.83747685122268,3.27860836113403,4.25606000665321,510,48,1,0,492,6,0.245754245754246,226,115.097920713615,1,1896,-21.5090115727566,-10.6970447016786,15,5.07156236911436,1.55216643867962,1.14064650515007,24.7467224936417,1
250908_OBE_NWU_AS,audiobook,OBE,Control,AS,1,39,77793,1,77,658,1078,1078,1718,3436,3539.99999999999,1494.88158651151,1.204,2.10294197091935,3.53999999999999,44.4031214878272,43.8018018018018,44.96,1.93633258404434,13.1409561887923,5.4007177629639,0.968166292022168,33.4605079150668,33.5882352941176,33.936,1.82659538472896,7.35698956075976,1.69550616412138,0.91329769236448,37.5962639610402,38.3021582733813,36.94,2.40723479872653,11.1036571684842,6.40879255170047,1.20361739936326,41.0430926096023,40.8855721393035,40.816,2.42183508088086,12.8017934935182,5.42984818577503,1.21091754044043,33.0153959211954,33.6927374301676,33.708,2.5959904514251,7.77827545136091,4.74508782314564,1.29799522571255,33.5805808628385,33.5882352941176,34.1398176291793,1.53827113116135,7.00238795566644,2.52999373297953,1.01218240430417,39.0680023790035,39.5505617977528,39.0619047619048,3.27646104997437,13.2387020415203,7.04387472129696,1.37611364098924,39.4081271288975,39.6234309623431,39.840625,2.24844447324028,11.35225984582,4.95729085256783,1.43900446287378,43.2477465192978,43.3055555555556,45.1327124563446,1.55401881945293,6.19501558919352,4.19718977941302,2.66980433182014,5.02402803624793,1734,31,1,236,578,6,0.288711288711289,158,15.2387055184927,1,1516,-5.39935496110795,10.5503033461123,17,4.94934603168402,1.65746829036717,1.12260862066987,24.4164112052592,1
250908_OBE_NWU_AS,audiobook,OBE,Control,AS,1,40,79563,1,77,520,902,902,1528,3056,3235.99999999999,1187.75495820079,1.028,1.73638447388807,3.23599999999999,48.1225227439093,48.6777777777778,46.988,2.23962365885295,11.3683784560902,5.00049420886241,1.11981182942648,49.3297238517611,52.7603305785124,47.024,2.05198243411211,6.93149435185981,2.59801540101702,1.02599121705606,49.166939679454,48.9661016949153,48.896,2.7757086512945,10.6125473437323,4.73045635699384,1.38785432564725,44.0113152608607,44.088785046729,44.652,2.66428880121545,11.1775929421586,4.87240998225666,1.33214440060772,44.8772852743938,45.8877551020408,44.7,1.78422220872244,11.0715001117143,4.30814673295869,0.89211110436122,49.5342917934512,52.7786259541985,47.2538461538462,2.08952247155305,6.90711929557916,2.67835945245789,1.08655168520758,49.2082011753188,49.0056497175141,48.9109947643979,2.85297123287225,10.6671358740058,5.10663630204457,1.0898350109572,44.640159089919,44.8174904942966,45.2428115015974,2.55176710629909,11.0962647757415,4.6045646798905,1.59740620854323,37.3872151320638,37.5342465753425,37.5366492146597,2.32365493465841,9.16832936005122,3.93113298541665,3.55054474015806,4.27706442354927,608,54,1,294,464,5,0.231768231768232,158,32.2550149166746,1,1858,38.9459305634604,-7.73848959690325,15,4.44458584474129,1.67242991412345,1.30260656496891,21.6817236130928,1
250908_OBE_NWU_AS,audiobook,OBE,Control,AS,1,41,81181,1,77,710,1128,1128,1790,3580,3854.00000000001,1282.58435005024,1.302,1.64985012429562,3.85400000000001,53.4889398256048,53.355421686747,53.848,2.60644351756706,1.91201415928542,2.25254685667725,1.30322175878353,54.8598402801833,NaN,54.348,0.906973503210034,-1.31196199464317,0.969557984002115,0.453486751605017,49.0696487178466,49.2322580645161,49.112,2.56785325753474,8.66878517033621,3.45144798813591,1.28392662876737,53.8322687578018,58,52.492,1.07702131527039,3.42959015368287,1.96613751901965,0.538510657635197,43.0174966805622,44,42.66,1.3620480129683,10.8390645107039,2.55642352708862,0.681024006484152,51.2361710066115,46.975,51.9887323943662,1.14313138030594,4.84378428413253,1.64549458402443,0.811623280017215,51.5492452408421,50.828125,53.2105263157895,2.74447895825539,6.92686305980705,3.71599410505757,1.14719220455075,46.3446913502601,44,47.3293051359517,1.22464584290543,8.25878345690624,2.12250522368998,0.810715548003393,40.4384491523886,40.3962703962704,40.4960893854749,2.0687682832802,11.6881698701774,4.64929748694345,3.70309522707156,5.13671810681693,798,48,1,674,184,2,0.0919080919080919,128,7.25788150594608,1,738,-7.45892619996207,-3.55733799828786,14,4.46716816543374,1.73707459123635,0.911546514196441,25.7675869830563,1
250908_OBE_NWU_AS,audiobook,OBE,Control,AS,1,42,83108,1,77,688,1274,1274,1822,3644,4232,1049.28650201225,1.318,1.52628161497138,4.232,32.6265699895955,32.1397849462366,33.024,1.74270290949846,6.18184882918233,2.55463986416833,0.871351454749232,36.7331810322294,39.0740740740741,39.332,2.88796305844371,6.51821263497861,2.7075562438481,1.44398152922186,48.4628190677308,48.623595505618,48.4,2.3113465731519,7.14852222537186,3.30421887271058,1.15567328657595,53.0876227122768,52.9716981132075,52.84,2.6866874973447,2.01022281214539,4.94983088970181,1.34334374867235,40.9513312697947,40.4496124031008,41.748,2.21645356392277,12.2208463508042,4.6152954316986,1.10822678196139,39.6769504282592,41.7622950819672,42.1540697674419,2.68063254913283,5.90035723549634,2.57511156013452,1.84427519380338,50.341638638953,50.2758620689655,50.2423208191126,2.51467585619845,6.23664733277428,4.2367747733299,1.47360005173229,45.3441700755583,45.8362068965517,45.4087591240876,2.88003301455476,11.4266692746388,5.35061825966238,1.57825809197601,47.2393951564675,48.8978873239437,46.9791437980241,1.66192992232429,7.78062760419242,2.74301053283548,3.02803631847485,5.3651573805457,98,27,1,2,668,7,0.333666333666334,210,20.4670568584909,1,1960,70.2682602921647,3.96936762571184,28,8.77254303195446,1.63639539057848,0.818554243244247,25.0225197993125,1
250908_OBE_NWU_AS,audiobook,OBE,Control,AS,1,43,85224,1,77,1046,1326,1326,2410,4820,5145.99999999999,821.454880691272,1.89,0.914805044337993,5.14599999999999,33.9452222712453,33.4807692307692,34.944,2.05130398869277,10.1768460950689,3.71207385027614,1.02565199434638,37.5410576224572,38.5182481751825,36.344,2.38602154400818,10.0531944678509,4.34180604371516,1.19301077200409,49.8286268746795,50.0377358490566,49.468,3.00104383115208,7.62982179694693,3.68125165089976,1.50052191557604,36.3266367345882,45.0322580645161,35.32,1.181798108294,8.15337298084668,2.92029392460205,0.590899054147002,45.202917653084,45.3484848484849,44.496,2.28144092581784,9.49128207992168,4.61061172410808,1.14072046290892,44.416553597724,45.4865591397849,43,2.69889408147312,9.10707832250883,4.05147052375399,2.82304320922088,33.5441199642869,45,33.7857142857143,0.972054118302447,7.48275741102897,2.41263090390937,0.272175153124685,42.3168356135104,43.2990654205607,41.3062730627306,1.93833120663759,10.5983961869333,3.94948106788925,2.10115102799515,39.3569646358168,39.6886363636364,38.6125786163522,1.95209837751359,9.79091999878022,3.47007163227302,3.10383642024662,4.88277679042177,524,51,1,268,580,9,0.28971028971029,144,11.941972206893,1,1614,28.7258584708784,18.3181970447017,20,6.22368363098548,1.45749280933388,0.714046580614084,22.3031683939109,1
250908_OBE_NWU_AS,audiobook,OBE,Control,AS,1,44,87797,1,77,656,924,924,2226,4452,5860.00000000001,736.734662708989,1.612,1.03226956682884,5.86000000000001,31.0687634342426,35.2045454545455,32.028,1.56481195129564,5.7244873335596,2.42529364297643,0.782405975647822,32.326646666166,32.7105263157895,32.952,2.42103816219821,8.48867033324496,3.60891144882111,1.21051908109911,47.0975516058877,48.2388059701493,46.992,2.54704163924658,10.9658261506811,4.25193753007659,1.27352081962329,44.7396191184983,42.1309523809524,46.772,1.72353267912002,9.79212700012007,4.05399944001286,0.86176633956001,46.1744992278596,46.6971428571429,45.264,2.69478154693482,11.9492754716468,4.94242593151147,1.34739077346741,35.7045370767073,36.2,35.3414634146341,2.69970202416279,9.95472232010772,4.24327577685457,1.77100452785079,48.1159739838391,55.1612903225806,46.7611940298507,1.9173203614536,10.755181148054,3.38137033623111,0.513841856869565,45.8152612679819,45.465564738292,45.973886328725,2.24160998284423,11.0116291340121,4.59986133005579,2.91857619766319,42.6043707549954,38.0507246376812,43.6719278466742,1.15695116402243,7.52634351672815,2.67797361799593,2.05243136497579,6.0137413413541,0,26,1,0,642,8,0.320679320679321,262,25.1420565648765,1,1648,10.9501043445267,31.8410131387948,30,7.65235079873479,1.17014521330683,0.425541036885838,21.6105866072233,1
250908_OBE_NWU_AS,audiobook,OBE,Control,AS,1,45,90727,1,77,482,716,716,1520,3040,2841.99999999998,803.470118979819,0.84,1.76646557312859,2.84199999999998,36.3234657349528,36,33.676,0.562714887753015,5.45357606258731,0.229329125795059,0.281357443876507,38.8987639386853,39,38.804,1.42814945728051,8.48361705047978,3.16424482069619,0.714074728640257,45.4978819282877,45.559748427673,45.588,2.47556707332787,12.4700126590508,5.75525409994054,1.23778353666394,44.3523287831113,44.1160220994475,44.532,2.619004917264,12.0911024843788,4.27428164950058,1.309502458632,54.1954290357894,54.281512605042,54.256,3.5071796478761,5.34334581267165,3.8326221962515,1.75358982393805,38.8538710973981,39,38.7593360995851,1.42345448524627,8.46110095155757,3.14499691646153,0.686105061888702,45.7748635567687,46.5344827586207,45.4188034188034,2.11650707497728,11.458202469143,5.65984788209126,0.495262655544684,45.045912763664,44.8972602739726,45.1641791044776,2.66876097131043,12.356664085782,4.83010541341604,2.14568382093359,44.0488038165444,43.6520737327189,44.2013157894737,2.37758394630252,7.1913784697986,3.60768959008761,3.61392759837983,5.67671462287729,1888,53,1,668,828,8,0.413586413586414,188,161.588792508367,1,2000,0.614304686017812,11.7646183049838,19,5.79641073870967,1.85300597589921,1.69708742178725,21.4035756881565,1
250908_OBE_NWU_AS,audiobook,OBE,Control,AS,1,46,92148,1,77,664,1236,1236,1958,3916,3736.00000000002,1769.50524244777,1.306,2.35371748231115,3.73600000000002,29.2005034833648,28.1304347826087,31.144,1.9117273032247,5.19237852318068,3.10633391075114,0.95586365161235,33.8878440552181,31.2321428571429,35.732,1.87406261289325,6.29883551680081,2.13370013815411,0.937031306446626,48.3190176920332,48.2229299363057,48.36,2.29082537382313,12.3348864413862,5.00066013267222,1.14541268691157,39.1294033768132,37.1785714285714,39.812,1.3942322764677,7.94394131721591,3.7276783846068,0.697116138233852,43.3519479637975,43.4224137931034,43.32,2.76932419958074,13.0695438676869,5.93094084095066,1.38466209979037,38.4303544999161,38.4484536082474,38.8373493975904,2.06081716970654,9.00650331163375,3.09474515782917,1.36838260068514,47.619201595811,48.1333333333333,45.7692307692308,1.5181393853787,10.3170736651194,4.03595178536268,0.868375728436619,41.8043217437341,42.3033707865169,41.4432132963989,2.47953660814936,12.1874176972437,5.48206613144355,1.79022543108384,43.3468947508423,43.0911458333333,43.7078651685393,1.81485454076886,9.46247308912049,3.4610208816817,3.55348519082542,4.68406901301802,1424,37,1,0,404,5,0.201798201798202,112,14.9154125772157,1,1470,61.8038322898881,15.1375293110507,25,7.67778018643483,2.15326529611928,1.82633264726831,24.7256495378784,1
250908_OBE_NWU_AS,audiobook,OBE,Control,AS,1,47,94016,1,77,482,1102,1102,1666,3332,3328,1769.92185354275,1.11,2.47959941588514,3.328,37.1337403283662,35.8910256410256,39.428,2.42226747307664,9.80007945689431,3.17752242692802,1.21113373653832,48.177759421106,48.28,48.108,2.11007526307182,11.6158656707101,4.77127911572064,1.05503763153591,52.9390152326562,57,51.64,1.19479079474118,6.99452001399557,2.94520462946355,0.597395397370592,43.4865706575666,43.5448275862069,43.236,2.386827985027,13.2534086370783,5.3383075986316,1.1934139925135,43.2817931553277,42.8173913043478,44.136,1.87934394782957,11.743959910462,4.4668466451704,0.939671973914784,48.2139331319876,48.28,48.149377593361,2.12364898483933,11.56583665405,4.81099292888419,1.02359881069256,49.6492128480992,51.3269230769231,50.1903225806452,1.51187743204664,9.45259060906632,3.82187109093453,0.937364007868914,43.7735382759726,43.5490196078431,43.8297872340426,1.77851191459355,12.2285835929133,4.34011772259928,1.00308071983076,39.231970834578,39.7709750566893,38.1608643457383,2.16557549837395,10.4348908017024,3.84677925067045,3.607848780291,4.06984173737755,1104,43,1,250,338,4,0.168831168831169,146,44.785234856297,1,1902,0.829823562891292,9.72261510403098,16,4.7374554098398,2.1408164386793,1.60009844506297,26.8660574026734,1
250908_OBE_NWU_AS,audiobook,OBE,Control,AS,1,48,95680,1,77,512,1072,1072,1648,3296,3293.99999999998,1569.48772915721,1.142,2.10306356336134,3.29399999999998,37.8594249076632,37.1463414634146,38.644,2.14750303222489,9.68163955559764,3.44852634028999,1.07375151611244,53.0911841037532,53.5213675213675,52.972,1.89646401574778,4.64723038222908,4.00152279999687,0.948232007873891,47.6306157508946,47.5466666666667,47.54,2.54425151785055,14.0570686467491,5.64475712147293,1.27212575892527,44.0210764548623,43.9875518672199,43.88,3.65852510971537,11.8817025552012,6.67525271422826,1.82926255485769,46.783743220437,49.0144927536232,44.232,2.50132946226435,6.94414554466394,2.28748981565965,1.25066473113218,53.0885454869188,53.4959349593496,52.97265625,1.9072048975213,4.62086820422681,4.04979571199531,0.976488907530904,48.1590469600877,47.8823529411765,47.8464285714286,2.76026859837867,13.7297879825535,5.76611984939744,1.54575041509206,40.9089711172522,41.0627450980392,40.4722222222222,3.32895571438426,11.4424725076481,6.02321278507363,1.91747849148533,43.9155983204467,47.2763157894737,41.5934466019417,1.57676330975404,8.53162062005197,2.87227837675847,2.59850593447466,4.8200417948939,1834,57,1,342,798,8,0.398601398601399,258,51.2213374062479,1,1852,8.60102447353443,-11.1090743291026,24,7.21571582998719,2.09440448831979,1.68010494081086,28.3581692764424,1
250908_OBE_NWU_AS,audiobook,OBE,Control,AS,1,49,97327,1,77,708,1028,1028,1752,3504,3452,1225.12944257671,1.24,1.64070136629487,3.452,47.29308815837,43.9642857142857,48.516,1.68070212597003,7.11783096990779,4.30454716648323,0.840351062985015,38.5811029205299,39.9940828402367,39.756,2.89658943120672,7.47618375796708,4.74409024092549,1.44829471560336,43.7097368512261,44.2982456140351,43.324,1.88636559036146,10.5386534386447,4.90926116995786,0.943182795180731,51.1838846606539,49.21,52.268,2.24972140945858,6.24914144825145,3.5814554911206,1.12486070472929,47.4885936300682,48.6666666666667,46.956,1.73024709004592,8.66499392304715,3.94367964107032,0.865123545022962,40.6584154719584,42.1900826446281,42.0225988700565,2.67484887016824,9.10671687446747,4.94158946468951,1.89379300007912,40.1579362297141,39,40.25,1.87499727824108,9.782800120347,4.7828885435133,0.599999129037145,51.0479014022872,49.7630057803468,51.5828729281768,2.28862928058272,7.59781186217483,4.03477746981918,1.65696759914189,37.3768041255605,37.1733021077283,40.1575342465753,2.18293731560398,9.49411375581114,2.74308789350693,3.82450617693817,6.29654143231474,294,30,1,86,486,8,0.242757242757243,132,28.3310992649642,1,1574,-48.4238284955417,12.1906055756132,28,8.13667779647634,1.63739735879942,1.18220247781713,22.9539979984996,1
250908_OBE_NWU_AS,audiobook,OBE,Control,AS,1,50,99053,1,77,602,926,926,1670,3340,3398,941.580081039211,1.14,1.2669533759409,3.398,36.2089507047011,35.3068181818182,40.352,1.52358363653413,6.85757229129863,2.54461820656827,0.761791818267065,47.6495494654805,46.4112903225806,48.732,1.93847176193462,11.8054579165549,4.34638007311866,0.96923588096731,48.0659064983756,48.4756097560976,47.072,2.39425755321947,9.68124701797639,4.90501988728485,1.19712877660973,41.395404068617,41.1473684210526,39.984,2.82819983883701,9.30605436349272,4.80954718980681,1.4140999194185,45.706823583765,45.8571428571429,45.024,2.14881271212714,10.2973122082575,4.77695484053913,1.07440635606357,47.2743807046999,46.343023255814,48.3156146179402,2.10702934459212,12.1637764278307,4.89050190620185,1.26843166544446,49.7628535002505,50,49.1666666666667,2.5066281410559,7.10979500928869,4.15988834302712,0.812147517702113,43.9405045486614,44.0445344129555,42.8790322580645,2.54292773901167,9.09832269714301,4.78545346197495,1.89193823782468,39.7785887343434,39.4184782608696,41.348502994012,1.99966283547196,9.60951235361653,4.33456171262224,3.33943693523818,4.81017308806441,1430,57,1,450,580,9,0.28971028971029,138,28.5461327352158,1,1990,-18.9034338835136,-2.18725574124389,22,6.55674508199667,0.999524936803117,0.306725547881728,23.3012002626119,1
250908_OBE_NWU_AS,audiobook,OBE,Control,AS,1,51,100752,1,77,576,1018,1018,1684,3368,3624,949.359064939252,1.118,1.26224467875727,3.624,32.6599232752682,30.563829787234,34.82,2.02171383559467,8.69955835169433,3.67195915320055,1.01085691779733,44.6484626382374,43.6435643564356,45.02,2.13490898265363,9.13645878160848,3.95982710177688,1.06745449132682,51.1809343898265,50.9807692307692,51.9,1.73557051895349,9.83371893028493,4.67463299968964,0.867785259476744,57.119896579154,57.3092105263158,56.688,2.12412953512472,1.03412221129412,4.60049451514677,1.06206476756236,52.3944755840053,52.6065573770492,52.428,1.62833530898369,2.58589909908737,3.75414171491746,0.814167654491846,45.0691315324792,44.2393162393162,45.4131944444444,2.1192130618719,9.61323131632287,4.05256512465253,1.22066672363822,52.1647820143994,51.8709677419355,52.8190045248869,1.70030223037737,9.19132353114553,4.66094635159461,0.751533585826796,55.7907055768449,56.5438596491228,55.2462462462462,2.02378213172129,1.8900854697792,4.26877938219263,1.34783889972638,47.7676377535751,48.2925373134328,47.6543942992874,1.82061944194247,10.1861202312269,4.54283060665645,3.06592314023112,3.66544906533876,408,52,1,30,278,5,0.138861138861139,80,17.9904073933459,1,1762,40.2117245304496,12.8802992518703,25,7.29460883302993,1.34649101503148,0.552356950468538,23.1323365517892,1
250908_OBE_NWU_AS,audiobook,OBE,Control,AS,1,52,102564,1,77,602,966,966,1576,3152,3528.00000000002,1098.32465850384,1.018,1.56198729228652,3.52800000000002,40.9411121499679,40.9817351598174,40.904,2.51671156675057,10.5803913625463,3.55745618255925,1.25835578337528,45.8466320253864,47.3801169590643,43.876,2.56079509158794,12.808265289901,5.20536040703661,1.28039754579397,46.1140173592654,46,46.164,1.83235852901131,14.3371452283388,5.1668027949779,0.916179264505656,55.2047174620672,55.4270833333333,55.024,2.49768184270754,2.29072163281282,3.69093817300562,1.24884092135377,40.6373265340346,NaN,40.74,0.944701271691291,6.63730364374281,1.75358615174319,0.472350635845645,45.8732020213948,47.0630630630631,44.2358803986711,2.57259069180534,13.3923013310947,5.2458276170107,1.54869959646681,46,46,46,1.66886798850706,14.1376095230154,5.09044826446316,0.60746794781657,54.7548549511263,55.4270833333333,54.0295081967213,2.22126285150176,4.14777646109867,3.47341666872236,1.35497033941608,40.9121432957292,41.265780730897,40.7296954314721,1.7249614235744,10.4881424040748,3.80448036899302,2.71853920355326,4.49727741539698,290,48,1,176,356,3,0.177822177822178,198,20.3512738491054,1,1302,26.2534623411117,-1.68468753489412,11,4.34636800748725,1.40197112345676,0.628877674096102,27.8642515610675,1
250908_OBE_NWU_AS,audiobook,OBE,Control,AS,1,53,104328,1,77,766,1194,1194,1712,3424,3386,1242.07043119008,1.244,1.72839451609675,3.386,39.4532078607616,NaN,39.3,0.884243631356238,9.40572787966383,2.33360802597726,0.442121815678119,37.4371092026758,35.5918367346939,39.272,2.20563163668397,6.09470223080637,2.70231510243794,1.10281581834198,51.3045979519386,51.0745341614907,50.24,2.48921338548991,10.5613441405492,4.50911985957743,1.24460669274496,42.3953068152472,42.7402597402597,42.684,2.56923179195579,12.0867413973501,5.88365628146578,1.2846158959779,47.0098444086066,47.6014492753623,46.504,2.2872976370473,12.7465660344761,4.66643311880419,1.14364881852365,45.0430964321961,45.7835051546392,44.9556135770235,2.42770864296689,5.02294483007644,2.4545536907321,1.85962482051264,41.2741297286249,41.2708333333333,42.0280373831776,2.7077645654428,13.1103501606774,6.5874902259297,1.15892323400952,46.8885192900155,47.2541436464088,46.030888030888,2.53066147239803,12.2839028286767,5.0463210457731,1.31088264270218,44.7000904112431,44.6990521327014,44.8200934579439,1.97675419167428,10.8411969786023,4.25339617694582,3.38420317614637,5.07751913120585,96,37,1,38,650,7,0.324675324675325,152,21.4483320175044,1,1550,36.6784291405805,11.1883537425094,24,6.88027586900135,1.04283392273655,0.392025762571407,21.653982393721,1
250908_OBE_NWU_AS,audiobook,OBE,Control,AS,1,54,106021,1,77,1178,1616,1616,2114,4228,4442.00000000001,1198.59253330268,1.636,1.63476601394214,4.44200000000001,40.1697146442495,40.0473684210526,38.876,2.72131865567057,12.6578116520868,4.78398657098117,1.36065932783529,33.504567263206,39.5263157894737,31.476,1.24703814635825,2.85995803205577,1.28898552404322,0.623519073179126,49.5473880328606,49.2762430939227,50.008,2.82809527051998,8.76937595051409,4.10043833393836,1.41404763525999,45.1559169660545,38.6530612244898,48.228,1.75727886412359,7.62605984748457,2.95327212853504,0.878639432061793,36.8771377501518,36.5940594059406,37.356,2.12998254952128,8.23218228159214,2.59577593760243,1.06499127476064,45.633603765084,47,42.8285229202037,1.91870508846982,6.19371669608238,2.70374920460247,2.26023459421745,40.6904618714212,38.1777777777778,43.0913242009132,2.28058520265771,9.23872485128626,3.47042368507884,0.998896318764076,37.9820684447856,35.2666666666667,39.6827309236948,1.67104808962563,7.72787130302004,2.65132149467611,0.832181948633564,41.6050814054258,42.135593220339,42.32131495228,2.08578342879573,9.90984385144778,3.69942480444676,3.93378754670875,4.61123971286342,1486,38,1,520,456,4,0.227772227772228,142,20.7439352288082,1,1476,40.0944792259533,29.6784159005471,27,7.50487875664817,1.6325200999073,0.967973577347721,22.0785515848867,1
250908_OBE_NWU_AS,audiobook,OBE,Control,AS,1,55,108242,1,77,786,1338,1338,1988,3976,4572,1168.30239662631,1.426,1.46471305327785,4.572,33.6287191537908,31.075,34.08,1.09365298153986,4.43417457567884,1.30347108029178,0.546826490769931,32.8194436538723,32.3716814159292,32.788,2.19704367292759,10.1562602574311,4.77820461083841,1.0985218364638,43.9178563007041,44.021897810219,43.868,1.93480649053629,11.0037455773682,2.85834050119818,0.967403245268145,51.4047868555229,51.3021276595745,51.488,3.10252860688794,5.30900670667565,5.25680490887015,1.55126430344397,46.4752781170012,49.037037037037,45.888,1.93248734789367,9.66699753455143,4.77114282494057,0.966243673946834,36.1611559889692,35.7358490566038,36.7760814249364,2.00842342575641,10.3398689359518,4.14820774710406,1.57862081264454,48.3618919132576,47.7413127413127,47.5253623188406,2.99684858926201,9.12480895948303,4.07998347965556,1.65426042127263,49.0748258631048,51.3942857142857,48.3384615384615,2.05304427243946,8.51619600704836,5.22361142736274,1.33447877708565,39.4323991814666,38.063025210084,40.6498993963783,1.93776064143606,9.27491046492616,3.75261166998952,3.85226815517489,5.38259975988074,1234,50,1,0,394,7,0.196803196803197,148,72.525993298923,1,1928,29.6349838740277,17.5744407637622,32,8.66827470564613,1.1046365305698,0.366717355004877,21.9226013839701,1
250908_OBE_NWU_AS,audiobook,OBE,Control,AS,1,56,110528,1,77,876,1282,1282,2104,4208,4524,930.869590526507,1.44,1.13325245759866,4.524,39.7039530970143,39.4444444444444,40.58,1.23044507250541,9.46009286254443,3.7171188475434,0.615222536252704,51.8591927912506,52.6709677419355,51.156,2.24950677257474,3.36952936823956,3.92990672352084,1.12475338628737,53.5279087299005,53.5664739884393,53.304,2.68670731614512,2.42869822969092,4.330944825324,1.34335365807256,42.4534689300866,45.6867469879518,39.26,1.65439018290378,10.535892727983,3.54093165848436,0.82719509145189,41.4084111506559,NaN,41.908,0.477837509742812,5.08128189966333,1.1812462534199,0.238918754871406,52.8694708144575,53.2376237623762,52.2625570776256,2.48688032219718,2.93811369132488,3.97011392755725,2.17850716224473,46.1963088890553,47.1481481481481,44.871921182266,2.42232209864494,10.8269136213886,4.79869422839405,0.983462772049845,42.7023432623469,NaN,41.69099756691,0.599120228314583,5.32343827983434,1.3118868112525,0.492476827674587,47.309448185957,47.1844919786096,47.9018987341772,1.84358907365248,8.27908327941311,3.9917177098107,3.49544488364511,4.83286556617096,546,55,1,324,326,6,0.162837162837163,130,17.7067440534588,1,1426,20.1073800037943,0.553187925708108,11,3.76795958511346,1.01810411506643,0.328798758619292,20.313532186373,1
250908_OBE_NWU_AS,audiobook,OBE,Control,AS,1,57,112790,1,77,516,768,768,2080,4160,4045.99999999999,516.428977616428,1.54,0.701165541344956,4.04599999999999,36.4076024838047,37.1754385964912,35.404,2.12674366943317,8.67202261879068,3.61774547128387,1.06337183471659,44.6892313340209,52,44.864,0.902760856284217,6.15544587694228,1.8898845769526,0.451380428142109,36.0622421636695,36.049504950495,36.852,2.75799243980972,11.5519876744656,6.12647391034287,1.37899621990486,34.2666912204054,34.625,34.564,2.36161519121429,10.090952544451,3.97867006863312,1.18080759560714,38.0013263531618,38.1082474226804,38.104,2.5708581718162,12.5449421543683,5.97652668151603,1.2854290859081,44.6200317036157,52,44.8062015503876,0.912133985455075,6.42180473810421,1.93163698402309,0.470661136494818,40.7459744770506,40.63,41.0079365079365,2.56202678580162,12.930130458917,6.84418600722365,0.645630750022009,35.3860808780558,35.5788381742739,35.7515243902439,2.53284780643432,11.2480261106653,5.22414641509553,3.32309632204183,50.6272860336856,50.8238747553816,50.0458333333333,1.93587051332911,7.1293844108894,3.24776565457274,3.71687138559188,4.58372253155989,1402,32,1,592,496,7,0.247752247752248,102,18.773536902519,1,1494,-36.114968696642,-14.6303085569658,24,5.11015923127403,1.60923278269372,0.885872496655483,23.0767432859156,1
250908_OBE_NWU_AS,audiobook,OBE,Control,AS,1,58,114813,1,77,1244,1808,1808,2508,5016,3910,1171.5291903448,1.828,1.42838252691125,3.91,40.0271154832044,41,39.728,1.76964237291812,12.5767086762319,4.2751556993027,0.884821186459061,35.7835378779722,33.7446808510638,36.74,2.32219509700819,10.1138821490092,4.43422485847396,1.16109754850409,38.3136017374681,37.5496688741722,38.204,2.30177856666679,8.78620597817723,4.46297592246961,1.15088928333339,47.9372484136873,47.7527472527473,47.336,2.71714053134309,10.7686260846504,5.34105737956715,1.35857026567154,44.9194687983552,44.8389830508475,45.028,1.69541321998066,11.9298528218764,4.68368836834089,0.84770660999033,40.3386501158315,40.2234332425068,39.6398713826367,2.58021335761286,9.82613074095595,4.86933705092457,3.2097854168704,45.3926583735175,45.2921348314607,45.4787234042553,2.05711416613284,11.943260033714,4.91166343284705,1.16021238969892,43.5266842633693,42.7265625,44.2542857142857,1.9795332067487,13.7637521841803,5.9071429589664,1.38567324472409,48.0408199088808,47.6653465346535,48.1474530831099,2.44258976698066,7.42912093318747,2.98088412259021,3.64434393233514,5.18369276072074,1034,50,1,390,394,3,0.196803196803197,194,28.8234534479021,1,1922,-18.2284196547145,11.5289202367216,18,6.63657525676414,1.57330644674074,1.26275554811055,21.0607393766833,1
250908_OBE_NWU_AS,audiobook,OBE,Control,AS,1,59,116768,1,77,868,1338,1338,2070,4140,3714,1689.32213717326,1.488,2.15368071217687,3.714,40.9871535931572,38.5454545454545,41.676,1.80791913174161,8.69826014466603,3.82509608107233,0.903959565870803,41.0676911935623,45.8725490196078,37.448,2.20320090448258,5.45920003581577,3.42302729030073,1.10160045224129,47.7867130807789,49.8931297709924,44.524,2.37912740841159,7.87226523794339,3.14832647021373,1.18956370420579,48.6680317973203,47.6495726495726,50.488,2.10293907229083,11.3609173904206,3.87397854120582,1.05146953614542,41.2297616590731,41.2678571428571,41.52,2.6472998978955,12.1413965751797,4.90270674513653,1.32364994894775,43.2863011774203,47.1559139784946,39.3110599078341,2.25491250948784,6.94921955469725,3.49310406761985,1.95726405823544,52.4478594468302,52.2289156626506,52.6382978723404,1.69044461240414,6.19285544620041,1.82471268642106,0.794508967829946,41.6187414665309,41.8274647887324,41.8743169398907,3.05413444323429,12.8191050794248,5.2714669052274,2.2356264124475,44.9627931707312,43.0741839762611,45.7419689119171,1.63112794500458,9.01093814751839,2.56673025683763,3.14807693385884,4.99555135221493,126,53,1,40,658,6,0.328671328671329,248,31.0846064991756,1,1850,-57.093151204705,36.848457215171,27,6.32256477721728,1.53271930070972,0.976246690496251,24.3990950005695,1
250908_OBE_NWU_AS,audiobook,OBE,Control,AS,1,60,118625,1,77,492,962,962,1660,3320,2430.00000000001,1326.22800667379,1.118,1.8465096797321,2.43000000000001,30.1253775909985,29.9080459770115,30.312,1.90026755469393,3.76316325971487,-0.400562754229932,0.950133777346963,42.0700663963914,45.8384615384615,39.168,1.83679102789853,9.41835994887774,3.34925990761014,0.918395513949265,43.6206453680761,45.0472440944882,42.42,1.79324044553167,10.7170249663854,3.78530331262054,0.896620222765835,53.8969173579251,54.4318181818182,54.024,1.42757611808136,2.56240317593872,4.01408442868239,0.713788059040682,46.2964892082688,50,45.404,1.49890007384243,7.91445451635529,3.231196013108,0.749450036921216,41.9757765844605,45.8015873015873,39.0406504065041,1.8316259080342,9.34676813172789,3.35500806533955,0.901159946752828,43.7890198053637,45.1068702290076,42.936170212766,1.91440546079202,11.0117379052408,3.98496886657876,0.899770566572252,52.5977695166242,53,52.1747851002865,1.43304840961086,3.84983154813104,3.61038990221356,1.00026778990838,45.1068535711602,45.9595375722543,43.6301204819277,2.09530639657861,7.64741688501976,3.85934061923318,3.47820861832049,3.20851700752148,1306,55,1,778,36,2,0.017982017982018,28,52.3760319797443,1,1978,50.7975716182888,-10.9803848587486,25,4.60689867610017,1.73188084675596,0.96496103583814,27.0627467517176,1
250908_OBE_NWU_AS,audiobook,OBE,Control,AS,1,61,119840,1,77,720,1342,1342,1758,3516,3352,2334.06592866259,1.248,3.49839190805725,3.352,55.0419882576859,NaN,54.636,1.16005948102594,1.23010813991427,1.75661095761392,0.580029740512968,55.1346647928653,54.5959595959596,55.304,1.99122995034057,1.84427764093149,3.67973615868287,0.995614975170286,49.0233671065751,49.2023809523809,48.332,2.92797290353363,9.90546121580352,5.12237185303102,1.46398645176681,48.4940572817738,47.87,48.112,1.65507311394138,8.147114174238,3.52081671286959,0.827536556970688,46.1872915429383,45.0724637681159,45.42,1.59588979674784,9.24977466806975,3.23603931703941,0.797944898373918,52.9537533631548,52.3684210526316,53.7944444444444,2.59214844463839,5.21338092519702,4.55227131316028,1.86634688013964,46.8672613700296,46.843537414966,46.4790996784566,2.04286462013353,10.1009491328739,4.20988573432278,1.27066179372305,50.4938657871572,50.3023255813954,47.8990384615385,1.15907297199971,6.54808619472237,1.96811059244802,0.482174356351879,38.0903921651265,38.805,37.7258248009101,2.04449011924632,8.21657044041235,3.14740111450521,3.59421362963504,5.02360635741316,620,51,1,262,446,5,0.222777222777223,192,23.7316313506238,1,1632,-9.92980459115918,-14.2515911713254,17,5.17050818514162,1.59548051732487,2.01755047978372,13.0848170279731,1
250908_OBE_NWU_AS,audiobook,OBE,Control,AS,1,62,121516,1,77,688,1146,1146,1620,3240,3361.99999999999,1155.60072214117,1.192,1.52221268520704,3.36199999999999,28.0955834735738,28.1641791044776,28.164,1.89204551823793,3.75425460416147,2.40237400919959,0.946022759118966,44.3786642889461,44.3514851485149,46.288,2.67246007496469,5.96757748996753,2.63258539711816,1.33623003748234,49.6740164802621,50.0909090909091,49.564,1.92264105439522,8.42389688864895,2.77630868534729,0.96132052719761,47.0181010259769,46.6046511627907,48.204,1.78185327799348,9.75697436966578,3.36679492564704,0.890926638996742,47.7146974151888,46,49.364,0.968562023674626,7.88685709146625,2.10317769166551,0.484281011837313,45.9375447333863,45.8008849557522,47.7994186046512,2.35499627105387,6.19825667698852,2.42806196867167,1.62023743448506,47.7089298186862,47.6470588235294,47.82096069869,2.43096356607192,10.1971091867835,3.82649015393103,1.11338131326094,46.6879735836172,46.054347826087,48.0168776371308,1.44429897324236,9.18215073483663,2.87446213621094,0.68459771331688,45.7976791370627,45.1423948220065,46.6037037037037,1.83889382503767,7.99871217371183,3.46249987961733,2.97900799656103,4.75898155793614,168,34,1,38,342,6,0.170829170829171,106,28.4951226048953,1,1734,71.3246063365585,-12.4620352104813,27,7.93201809415128,1.76866041163302,1.24354437486164,23.3618716272892,1
250908_OBE_NWU_AS,audiobook,OBE,Control,AS,1,63,123197,1,77,738,1202,1202,1616,3232,3395.99999999999,944.815827903722,1.188,1.29004964736399,3.39599999999999,39.025488928385,37.9655172413793,40.344,1.2781224374294,8.73951048237668,2.77288491747048,0.639061218714698,39.9092719310453,40.9111111111111,40.488,2.75816389221518,9.99639332401842,3.53505545161047,1.37908194610759,43.7825685162332,44.2139917695473,44.212,3.61667321826753,13.065441444361,6.50639095258867,1.80833660913377,50.1803503110501,50.7518248175182,50.18,1.94352019402734,9.49057848931743,2.67831034407255,0.971760097013672,43.9652274933999,42,44.744,1.58964116202418,11.2656815450856,4.18656186415038,0.794820581012088,43.0970909458238,43.9124579124579,43.0569105691057,2.96744391641206,10.0832999924986,4.16552384872474,2.1899736103121,42.1576997461605,42.6699029126214,42.9913793103448,3.27034540940554,13.790342372657,6.4501810530889,1.51744026996417,52.937930662173,56.6491228070175,51.1207729468599,1.37692196099493,6.17411978376153,1.40751348631008,0.570045691851902,41.8238720994996,41.1005434782609,42.8811881188119,1.99549230027641,9.57785622153588,3.40863020355142,3.22471555724668,4.84574955727082,870,40,1,16,780,6,0.38961038961039,234,19.0533157412176,1,1322,33.0517928286853,-0.328004615327363,21,6.21497426762775,1.8693966076471,1.2073944975792,26.9343921676274,1
250908_OBE_NWU_AS,audiobook,OBE,Control,AS,1,64,124895,1,77,782,1054,1054,1668,3336,3518,737.186920615122,1.222,1.04151163915618,3.518,40.2011071699796,39.4850746268657,41.292,1.99247330735852,6.42883816435086,2.93280962038425,0.996236653679261,42.1513984294698,41.8713450292398,41.552,2.3394630235313,5.40781377299867,2.05102586558642,1.16973151176565,43.8600354467345,44.5576923076923,43.352,1.79743916492378,8.57209455879031,2.86693518594697,0.898719582461889,44.5060988058099,44.8028169014084,44.356,2.47641124429315,15.0833381089727,6.08643473137206,1.23820562214658,45.5660957752164,45.7604166666667,45.864,3.04037025428208,11.4044844020704,5.3380090264993,1.52018512714104,44.488289900965,43.7946428571429,44.5984654731458,2.13002819776066,5.59100846226829,1.72132378343623,1.66568205064884,38.7984894806275,40.6666666666667,36.5882352941176,2.19216024068884,12.3302756688403,5.21575782978438,0.596267585467365,43.5722949691771,43.7931034482759,43.7035830618892,2.58803715011199,14.4587437113121,5.96898247227708,1.58905481016876,48.704441317267,48.5200892857143,48.2937649880096,2.16640442664862,10.1337138271048,3.69681709672281,3.61356258364989,4.68478856696101,1634,41,1,0,644,8,0.321678321678322,168,9.41114133057557,1,1142,53.8611269208879,-11.7698291584472,30,6.75778633245414,1.16952264723237,0.448554407942666,23.9766302622218,1
250908_OBE_NWU_AS,audiobook,OBE,Control,AS,1,65,126654,1,77,792,810,810,1738,3476,3672.00000000003,627.288737379866,1.254,0.826052134349205,3.67200000000003,40.7280876230805,40,41.26,1.51000196643361,9.17531372318122,2.64594343188644,0.755000983216807,38.8106590086613,39.2183908045977,38.048,1.86485355244602,8.26216752599497,3.07906805560394,0.93242677622301,48.4694696552698,48.5644171779141,48.328,2.65166256985564,11.5981045500266,4.34491773979333,1.32583128492782,52.3115890106446,52.6300578034682,52.68,2.7057058515314,5.4301660888435,4.17064068201503,1.3528529257657,54.4098134424343,53.039603960396,55.48,2.06366933046005,5.49856878770526,3.24182241622601,1.03183466523002,43.7011761136327,44.8654708520179,41.8787878787879,2.36840591124255,10.0810210348153,3.34720627851853,1.8757774817041,49,49,49,3.36957532207905,10.7588541838436,4.86027026179475,0.060652355797423,52.6870646846448,52.6256157635468,53.1056034482759,2.20201652814881,6.71245845640499,3.90445571603884,2.0434713381221,41.0737963871579,41.8209366391185,40.867663981588,1.93112147533258,9.40053142113997,3.42760135877603,3.35628912412803,4.59750091632187,1230,51,1,208,630,9,0.314685314685315,154,18.0226931282961,1,1838,-0.150635553026002,16.9330405329959,21,5.5716965328099,1.5949970037214,0.990362690741516,24.3162817665431,1
250908_OBE_NWU_AS,audiobook,OBE,Control,AS,1,66,128490,1,77,580,1004,1004,1554,3108,3181.99999999996,938.970752174673,1.05,1.2822703808253,3.18199999999996,53.1230315137055,54.6184210526316,53.108,1.56188245865623,2.81798753594283,1.73734127263208,0.780941229328116,52.7952018011244,52.4342105263158,53.716,2.324702960751,7.38758975632784,3.99470327581967,1.1623514803755,46.3739130952644,46.4135338345865,46.324,1.91862401662797,11.9515474903954,3.82372554643425,0.959312008313983,40.2452876028409,40.4967741935484,39.928,2.44625984858198,9.69109591030324,3.38372873750105,1.22312992429099,49.2886720355356,49.475138121547,50.108,2.51628372601015,9.73830290767251,4.61255950475058,1.25814186300507,52.0366990014022,51.8588235294118,52.7896551724138,2.30585527337359,8.39134862878227,3.93210198604161,1.33739605855668,46.2330337137779,46.3217391304348,46.1933962264151,1.85873526416053,11.9313964500561,3.87010504697949,0.788103752004065,40.9561116398449,41.4670658682635,40.84,2.3940067411817,9.41923463052665,3.31595859961484,1.31670370764993,42.3731596950739,43.8762626262626,40.5933075933076,2.13273023892929,7.60575614813069,3.71362188760362,3.31426279129612,4.18698489918935,1294,41,1,96,428,5,0.213786213786214,120,18.0876319832497,1,1806,-20.2018592297477,-13.1436334536793,16,5.45075737047527,0.951113568966758,0.215325128218938,20.8672982205615,1
250908_OBE_NWU_AS,audiobook,OBE,Control,AS,1,67,130081,1,77,1260,1924,1924,2234,4468,4694.00000000002,1109.61053001158,1.814,1.34958453284745,4.69400000000002,48.9829529751292,49.5824175824176,48.16,1.5281486845957,4.787169193893,2.43752407733384,0.764074342297849,53.0307192459908,53.113475177305,52.628,2.04553584669997,0.209969308507814,2.44477892658486,1.02276792334999,27.5156389451545,26.75,28.992,2.69027316163153,7.77685107883543,2.48976287164741,1.34513658081577,50.9902942851651,51.3975155279503,50.604,2.58499190818462,3.65980149830482,5.41712556585807,1.29249595409231,47.6565791367882,46.3026315789474,48.472,1.49879490372465,7.25487939079875,3.36932866697518,0.749397451862327,40.5641129634198,40.1060240963855,41.9555555555556,2.43673801432417,5.53977200060917,3.07495797464354,3.07028989804846,51.9118579450036,50.8266666666667,52.066265060241,1.87906583469441,4.43588870310839,4.35713096881681,1.24769971423709,34.8587513387647,34.6272727272727,35.5548387096774,2.96306966959378,12.2907571831284,6.17033506033243,0.918551597574072,43.534860144329,43.0552147239264,43.6421291053228,1.63859764656807,7.24831332040394,3.25223318215753,2.89376344383922,4.5515994541357,728,25,1,108,462,6,0.230769230769231,170,43.949234092204,1,1814,-5.24796053879721,-45.3653180481632,31,11.9811655772983,1.07424679731849,0.354148089987407,20.1970918110565,1
250908_OBE_NWU_AS,audiobook,OBE,Control,AS,1,68,132428,1,77,1292,1912,1912,2506,5012,5295.99999999999,1513.67861072686,1.972,1.65021903464563,5.29599999999999,34.432800279849,35.19375,34.008,2.4399816072788,8.18056635955914,2.14194862301421,1.2199908036394,46.6433208949653,47.1283783783784,43.64,2.58273170775853,8.66967545553438,3.55485983929268,1.29136585387926,35.1089718968222,35.0815217391304,35.176,2.36042705493174,12.008172785915,4.35270614820084,1.18021352746587,44.5663482211218,42.9454545454545,45.46,2.2391602624766,10.1741348337463,6.09990545129753,1.1195801312383,53.4597658845935,53,53.676,1.5023670850294,0.169547901434856,2.6739408650778,0.751183542514699,41.5864450003999,41.0728476821192,40.266253869969,2.46651762867445,10.6988183122967,4.57238887710322,3.18674077624739,50.783532419509,46.5076923076923,52.0774193548387,1.49087196099,5.207171510266,4.11477691519661,0.924340615813801,43.6564729519979,44.0491803278689,44.2222222222222,2.69750208254962,11.2699427524797,5.52034425949362,1.60231623703448,46.7938016491242,46.52466367713,46.5060240963855,1.52846206853921,8.69086574238424,4.17735038987143,2.28352233039757,4.82131107933762,156,54,1,0,362,7,0.180819180819181,70,63.2644105875816,1,1992,-51.115917283248,-5.95321397997544,20,7.6942773427417,1.32912173376261,0.62001352310719,21.3316359223603,1
250908_OBE_NWU_AS,audiobook,OBE,Control,AS,1,69,135076,1,77,660,1236,1236,2274,4548,3732.00000000003,1039.1718293328,1.492,1.42482012466633,3.73200000000003,32.9757292880137,31.6885245901639,33.9,2.50214399315772,8.66284839388379,2.83985885711982,1.25107199657886,42.9328742903711,NaN,41.504,0.839329058306774,6.97640697939488,1.16763031047605,0.419664529153387,51.0548123323303,49.0740740740741,50.832,2.27978422555426,5.62454026872209,2.92019712596774,1.13989211277713,30.0205810961365,30.3121387283237,30.676,2.57208342245666,7.55922788305296,5.35929159113256,1.28604171122833,47.2080976984108,46.45,47.652,2.05948458231244,11.2272745749994,5.21422498253034,1.02974229115622,42.1173374090487,39,42.0181818181818,1.07974293409978,7.5951291005297,2.00126122165385,0.712630336505852,48.0356950049185,46.2805755395683,47.0694444444444,2.36800218174655,5.17568006815929,3.67618271213949,1.36396925668601,40.5909290585209,38.4501992031873,43.121387283237,2.18761059147417,9.58861462188738,5.0322942826271,2.27073979395018,52.2240774518726,51.0388059701493,52.8064889918888,1.95293686301463,6.66815526145883,3.56855483000878,3.37076902556326,5.29751691398414,754,55,1,698,344,5,0.171828171828172,122,31.0437966329342,1,1968,-27.6475052172263,28.6212640041687,30,11.7498490226503,0.963823654975812,0.629594564465665,15.7178118790984,1
250908_OBE_NWU_AS,audiobook,OBE,Control,AS,1,70,136942,1,77,1078,1600,1600,2226,4452,3945.99999999997,1645.89149770533,1.686,1.57700832453384,3.94599999999997,53.1900725060311,53.392523364486,52.964,1.93346169748441,2.54684155067638,3.24945220627051,0.966730848742203,55.9239062670667,55,55.116,1.18386686862029,2.15034984291034,2.20319024642788,0.591933434310143,51.4249639947572,51.5,51.564,2.77499311546509,9.96416857453585,5.28691934406558,1.38749655773254,42.2485246805713,42.2525252525253,42.716,2.51963680332406,13.270407871001,6.25617841260154,1.25981840166203,53.7805607505671,54.5289855072464,51.94,2.20382093694522,7.19544761071382,4.05130258014771,1.10191046847261,51.1349796060172,49.9758064516129,52.4471243042672,2.13249221130956,8.50422918861049,4.54840322576051,2.29882660379171,43.4166739940559,42.559748427673,44.5593869731801,1.97835318898941,12.3581589976385,5.06734383308058,1.03270036465247,53.6921282820627,54.5289855072464,52.4984025559105,2.04596862193291,7.73443509092641,4.2396767966097,1.28077635733,42.5167638492345,36.5714285714286,42.4306651634724,1.33197899733711,9.19016305595088,3.27580959718205,2.36293074127603,4.43671047975949,1032,41,1,572,486,7,0.242757242757243,148,18.2284723568865,1,1502,-10.3236577499526,-8.20690810287714,16,6.10814572064471,1.97106933911778,1.63531449524611,25.6384169881696,1
250908_OBE_NWU_AS,audiobook,OBE,Control,AS,1,71,138915,1,77,428,1040,1040,1558,3116,3164.00000000004,1606.81510334744,1.084,2.14487793551294,3.16400000000004,47.7680248976336,49.25,47.64,1.53688899061396,9.45727644602833,3.06439402528833,0.768444495306978,52.6562943818163,52.5512820512821,52.692,2.83595724200425,4.74202217016127,3.80181334231333,1.41797862100213,50.0406637525662,50.1954022988506,50.12,2.18935794397073,9.61627655717094,4.00938583317921,1.09467897198537,38.0408053900962,36.8018018018018,39.116,1.97616928355865,10.2211578985208,4.62051615047179,0.988084641779326,33.7293310940025,33,35.332,1.02619817058919,6.03616673472473,2.72066811843449,0.513099085294597,53.301085448013,53.4297520661157,53.2242990654206,2.72996535018176,2.43975926330535,3.43301859134786,1.16842516987779,49.8232363732655,50.0813397129187,49.6503267973856,2.25022703910572,9.84243456857285,4.14399449561614,1.3771389479327,37.1272024497111,36.2571428571429,38.1853281853282,2.2838019376705,9.75761927375286,5.06863653290046,1.18300940371332,38.8764617312764,37.9498207885305,38.9037227214377,1.65432456638063,9.82733313127734,3.50387001184921,2.57743767442102,4.71002772756948,244,54,1,166,476,5,0.237762237762238,116,17.8671700953373,1,1612,-6.46974008726998,-6.46955372762125,27,8.05947175021942,1.59846820063861,0.858094603170612,26.1537009367131,1
250908_OBE_NWU_AS,audiobook,OBE,Control,AS,1,72,140497,1,77,558,1044,1044,1680,3360,3441.99999999995,1292.25281113697,1.166,1.81029936679385,3.44199999999995,35.2690748786657,35.1587301587302,35.124,1.88690793795984,6.75693137064149,3.8628075097569,0.943453968979918,34.7935406317923,36.3934426229508,33.764,1.96642380706286,9.33131920602288,2.91297996965109,0.98321190353143,50.1814769293806,50.031914893617,50.284,2.29401448845949,9.39787603801592,4.1706227221925,1.14700724422975,50.3056995328157,50.5611111111111,49.832,2.63514301180655,7.80036834030008,6.25914196895985,1.31757150590328,49.544769276554,51.5111111111111,49.904,1.48459550016369,6.80087209769694,4.27529213516129,0.742297750081844,36.2243957945962,38.046357615894,34.9318996415771,2.04932582186424,10.1220456262622,3.08790050774725,1.14352380860025,51.1822799777625,51.0828729281768,51.0740740740741,2.40527962446136,8.01160971964168,4.26961569684474,1.16896589748822,50.9081257749499,50.9197860962567,50.9276729559748,2.26666799997796,6.7665157893062,5.8575549769366,1.44160084798598,50.8117631855876,50.3504043126685,50.9309523809524,2.06599589630278,7.52761938959793,4.15333545599817,3.47087310578867,4.29494244389547,1044,52,1,462,278,5,0.138861138861139,200,32.6552443192671,1,1812,51.9874786568014,29.6353333085197,29,7.61811906166694,1.81192421570788,1.23712395356407,27.2487787699915,1
250908_OBE_NWU_AS,audiobook,OBE,Control,AS,1,73,142218,1,77,660,1152,1152,1654,3308,3268.00000000003,1185.97445886725,1.182,1.65951155461925,3.26800000000003,40.9046550504458,42.4318181818182,38.852,2.03144598181116,9.51179096720821,4.57355966670409,1.01572299090558,38.0508895812916,32.1212121212121,41.364,1.40816162884605,3.73303578340919,0.482381293787058,0.704080814423027,50.2566219203429,51,49.988,1.70465156485756,6.24996759373811,1.98933838300819,0.852325782428778,46.8016961852966,47,46.76,1.28607752148988,10.2415853639339,3.23530576219142,0.643038760744939,50.0033160565088,51.0882352941176,49.704,1.9207258234511,7.45726494878694,1.78661504430271,0.960362911725552,41.8576100203378,39.2452830188679,43.7,1.51098017535494,3.53457187950438,0.418391474257795,0.997246915734261,49.0872605491523,51,48.5121951219512,1.44466160320871,7.88450664619133,2.73152829671864,0.710773508778685,46.8387865692094,46.7948717948718,46.8565737051793,1.54912684636591,10.7636435516673,3.37949621116043,0.777661676875686,45.7344386371662,45.5972222222222,45.2103990326481,2.22799897156036,9.0388219282952,3.7159595294188,3.68511029896084,3.63699339585035,668,51,1,408,90,3,0.044955044955045,64,11.3473444343836,1,1110,-11.8228040220072,10.2982283098225,22,8.02919491937622,1.82333356375868,1.26511479678912,24.692077931484,1
250908_OBE_NWU_AS,audiobook,OBE,Control,AS,1,74,143852,1,77,1066,1382,1382,1958,3916,3766.00000000002,1020.00419913984,1.486,1.20705127209721,3.76600000000002,42.4860784244,42.5276073619632,40.08,2.48145710195345,7.0064412443727,3.29464220160366,1.24072855097672,57.2796011251608,57.75,57.188,1.58078974562801,1.88461024477458,2.85139605394451,0.790394872814005,49.8217287418613,49.6129032258064,50.024,2.03606342474516,8.81806739949629,4.59820163261388,1.01803171237258,46.6847683777191,46.3566878980892,46.16,2.63642525829844,11.5802239067193,4.75208388687276,1.31821262914922,44.3250843208821,44.8235294117647,44.056,2.33704215930957,10.7193617586217,3.083679754568,1.16852107965479,52.7877738481527,52.1945701357466,53.4521575984991,1.99114166233561,6.7422781599292,3.95176886370327,2.12255701204976,45.2190488141917,45.0887096774194,45.1835443037975,2.83161145419986,12.6571575040784,5.3825874460631,0.894789219527157,44.8026975213261,45.3624161073826,44.6770833333333,2.02336996445725,10.4568206510269,2.8180812200809,1.16546109952738,48.7427737192187,49.3243243243243,47.8569969356486,1.78693488065312,6.44144737680627,3.28979595487933,3.4988184963188,5.26018786062107,1040,51,1,0,394,7,0.196803196803197,114,17.5178642014747,1,1534,4.99373932840067,-14.8111065619533,17,4.64471730150154,1.31162685075531,0.67643560217204,22.9380417923336,1
250908_OBE_NWU_AS,audiobook,OBE,Control,AS,1,75,145735,1,77,450,906,906,1338,2676,2913.99999999999,777.346874444144,0.974,1.14540972232026,2.91399999999999,52.1465342644024,52.4201680672269,51.664,1.94701725947846,4.23337057083404,3.14283670832438,0.973508629739229,50.4753541368736,50.1875,51.856,2.42893406896674,9.91961210278115,4.79330837521869,1.21446703448337,41.6911672391737,42.261744966443,41.176,2.58399842320259,12.3172501931263,5.83074476835642,1.2919992116013,42.5661784989216,43.6593406593407,44.76,2.67344299895504,5.41220452627493,3.04452706263314,1.33672149947752,42.8594549192554,44.5652173913044,43.288,1.41639140645319,10.2443190645145,3.83061235906921,0.708195703226597,50.5740303531412,50.1875,52.1733333333333,2.5296264456766,9.94031968377933,4.75729059136777,1.13833190055447,42.4586697793913,42.4420289855072,42.3815789473684,2.63090314473464,12.6276146913125,6.16792261014615,1.19969183399899,48.8609026810192,50,48.2083333333333,2.0747546058944,5.46564118023345,2.63274471348034,0.896293989746381,40.2338638749477,39.3604060913706,41.6711509715994,1.76121402496642,10.6162901438724,4.1062167344096,2.35650436540507,5.23710759045931,1414,32,1,0,498,4,0.248751248751249,194,12.0618047156477,1,1334,-21.3803832289888,-17.6538132281237,24,7.64269060311823,1.27355494932969,0.535268762094244,24.1619442626544,1
250908_OBE_NWU_AS,audiobook,OBE,Control,AS,1,76,147192,1,77,1204,1668,1668,2068,4136,4931.99999999996,1021.40478182941,1.626,1.18876785100309,4.93199999999996,45.8498023989944,46.9625,45.112,1.72540039048951,11.5598241521276,4.39225285035878,0.862700195244757,54.8255770003475,54.4722222222222,55.412,1.95530166942688,-0.538539596654071,4.60863640730461,0.97765083471344,51.5849585345477,50.9915966386555,52.352,1.56412922267186,5.85483479116615,2.57631688603322,0.78206461133593,41.2950785062638,41.4072398190045,41.248,3.00515762011482,12.0446955015187,4.7102860179161,1.50257881005741,41.460420528023,40.7894736842105,42.228,1.92199432423314,9.77590781326435,4.46497146066751,0.96099716211657,51.1492978243032,50.2840909090909,52.1378737541528,1.92697123069565,7.38653911263308,4.03054993199375,2.32007336175756,39.9523532049073,39.9439655172414,39.9439655172414,3.24468432007458,11.6117600317876,4.78793055489396,1.50553352451461,43.872437710064,45.1578947368421,43.94,1.25563820733972,7.47289134657942,3.66202432844416,0.502255282935887,34.1130574131127,33.8666666666667,35.1904761904762,1.69555159820959,8.09540927326214,2.75099314501831,3.27580568774093,6.36077075553348,22,54,1,0,502,5,0.250749250749251,170,21.1918398542469,1,1628,6.43900588123697,-12.9428294934306,17,6.15546112465308,1.45116203249853,0.927653841376255,21.6227131504508,1
250908_OBE_NWU_AS,audiobook,OBE,Control,AS,1,77,149658,1,77,438,686,686,1686,3372,2372.00000000001,372.709882822566,0.748,1.00987322673876,2.37200000000001,39.6965406298019,NaN,48.304,0.532737460670797,9.68663858736915,3.64986831770524,0.266368730335398,43.7934929556194,45,41.884,0.913856412774162,12.2408775762999,5.97072003182958,0.456928206387081,52.3217029055707,51.3793103448276,53.392,3.10785302249826,12.6767588027992,13.7665967518164,1.55392651124913,48.092637087707,NaN,49.244,0.362854662955604,7.84568149405366,2.80080314293669,0.181427331477802,42.9379730120773,42.9767441860465,42.916,1.92438392064757,14.0683766870774,6.26911017190462,0.962191960323785,42.797712959479,45,41.4429223744292,0.57151784639161,11.3024441647725,5.30420021796453,0.250324816719525,47.6984341223094,46.7983870967742,46.7983870967742,3.81182879754678,15.4280120452271,14.0815154511732,0.945333541791602,52.2994953409092,55.9506172839506,50.462,1.21855371404876,9.81836827106318,8.81614226615777,1.21855371404876,42.9100020123335,41.7916666666667,43.570581257414,1.24764917663855,13.3627206297932,5.58081934911647,2.10353651181259,7.78057013925245,684,53,1,446,398,3,0.198801198801199,150,909.554435622849,1,1996,8.43179662303168,27.6056128335877,16,5.41145737927796,1.95284394755487,3.43741575985277,6.40828724374933,1
