sessID,task,cohort,group,participant,sessNum,breathIdx,onsetSample,goodBreath,nEv,inhalePeakMs,returnCrossMs,exhaleStartMs,exhaleTroughMs,endSymMs,breathLenMs,inhaleVolume,inhaleDuration,peakInspFlow,breathLength,w1_rfreqPW,w1_rfreqGated,w1_rfreqRaw,w1_rpowZ,w1_rpowDb,w1_bandDb,w1_aucZ,w2_rfreqPW,w2_rfreqGated,w2_rfreqRaw,w2_rpowZ,w2_rpowDb,w2_bandDb,w2_aucZ,w3_rfreqPW,w3_rfreqGated,w3_rfreqRaw,w3_rpowZ,w3_rpowDb,w3_bandDb,w3_aucZ,w4_rfreqPW,w4_rfreqGated,w4_rfreqRaw,w4_rpowZ,w4_rpowDb,w4_bandDb,w4_aucZ,w5_rfreqPW,w5_rfreqGated,w5_rfreqRaw,w5_rpowZ,w5_rpowDb,w5_bandDb,w5_aucZ,p1_rfreqPW,p1_rfreqGated,p1_rfreqRaw,p1_rpowZ,p1_rpowDb,p1_bandDb,p1_aucZ,p2_rfreqPW,p2_rfreqGated,p2_rfreqRaw,p2_rpowZ,p2_rpowDb,p2_bandDb,p2_aucZ,p3_rfreqPW,p3_rfreqGated,p3_rfreqRaw,p3_rpowZ,p3_rpowDb,p3_bandDb,p3_aucZ,p4_rfreqPW,p4_rfreqGated,p4_rfreqRaw,p4_rpowZ,p4_rpowDb,p4_bandDb,p4_aucZ,peakZ,peakLatMs,peakFreq,anyBurst,burstLatMs,timeAboveMs,nBursts,dutyCycle,maxBurstMs,peakZ_base,anyBurst_base,timeAboveMs_base,chirpSlope,chirpSlope2,freqSpan,freqJitter,apExp,apOffset,gammaBumpDb,gammaPeakPresent
251002_Dupi_NMH_AB_2,audiobook,Dupi,DupiS2,AB,2,1,2767,1,93,484,1002,3518,1550,3100,3518,1017.33395747149,1.044,1.50224713987117,3.518,36.5459102885985,32,38.972,1.51834373793906,-0.737737129019381,-6.64264210603981,0.759171868969528,49.541264826149,49.8224299065421,50.132,1.73105153337226,-8.06707072981158,-6.79216745513294,0.865525766686129,46.4540550499278,54,44.9,1.33936209102845,-5.75742243651068,-8.44956742812281,0.669681045514225,46.3532369942755,46.4536585365854,48,3.51294608594431,-4.01504663181856,-5.5351949624548,1.75647304297215,41.5630954401084,40.6233766233766,45.016,2.02828769470432,-3.1661517598745,-5.92879022360828,1.01414384735216,49.3571596129134,49.5742574257426,50.004132231405,1.71736482841047,-8.06945048451989,-6.81035489603187,0.831204576950669,46.8364787619586,54,45.2007722007722,1.36532733231632,-5.82082321326436,-8.36290665565993,0.707239558139855,NaN,NaN,NaN,NaN,NaN,NaN,NaN,36.2190113201499,33.6113360323887,39.3625806451613,1.72100517628087,-0.109135967338237,-6.1697754426643,2.66755802323535,6.11295759895783,1120,50,1,284,408,6,0.203796203796204,140,54.7284774968726,1,1866,2.53993549611079,-14.9493802806417,33,8.27167965908855,1.61764972535075,0.486916810389558,14.2016034283646,1
251002_Dupi_NMH_AB_2,audiobook,Dupi,DupiS2,AB,2,2,4526,1,93,668,1224,3810,1610,3220,3810,2444.69877415075,1.192,3.60000444031383,3.81,39.9525390826415,37.9126213592233,42.528,1.50413926222394,0.347752746282245,-6.76137689488338,0.752069631111968,45.2547218257636,44.9076923076923,45.884,1.57260302732714,-6.03843307309648,-7.02118338962126,0.786301513663569,36.2670102788367,35.7132867132867,36.856,1.90652423701258,0.402512539354103,-5.90392067738346,0.95326211850629,27.2042715650732,27.993006993007,27.316,2.85872808773737,1.50526533602348,-3.84710722847359,1.42936404386868,37.4589549780395,55,33.672,0.853606963867619,-2.79803978160401,-7.58701505981663,0.426803481933809,42.1161809522909,40.0208333333333,43.3982035928144,1.78113030413854,-3.1197391890861,-7.00668815246044,1.18979504316455,31.1058926719699,31.2701149425287,33.9208633093525,2.73852666088843,1.85460910802221,-3.87193888691223,1.52262082345397,NaN,NaN,NaN,NaN,NaN,NaN,NaN,42.2691467766394,41.9217391304348,41.0149068322981,1.89784390027049,-1.7388427449833,-6.33046633996293,3.05552867943549,6.35952985905113,1216,25,1,394,264,3,0.131868131868132,196,31.8215452922247,1,1614,-17.0999810282679,-14.6266795697324,30,7.79485369369744,1.6674971398471,0.724602697333374,17.2190661976739,1
251002_Dupi_NMH_AB_2,audiobook,Dupi,DupiS2,AB,2,3,6431,1,93,504,914,3312,1562,3124,3312,1225.48559104596,0.994,1.8577750317825,3.312,52.0142834630568,52.0157894736842,51.94,2.6818924465152,-7.69147462768536,-5.49215189481884,1.3409462232576,44.185781801484,43.8015267175573,44.352,2.17518725233569,-4.97298870168797,-7.05443142587974,1.08759362616785,36.9417314498552,34,37.596,1.38191346054479,-1.52458996973365,-6.18789158591588,0.690956730272393,44.9961474888761,42.928,46.756,2.17863421883864,-4.43930056757334,-6.71402847815237,1.08931710941932,40.4551409994681,39.9818181818182,43.96,1.66695186806464,-1.39541045133326,-7.68181113937922,0.83347593403232,44.0786200218802,43.6541353383459,44.2698412698413,2.18086816936922,-4.79133972582571,-7.00526679644595,1.09915755736209,36.9786809228339,34,37.6731707317073,1.57935621927741,-1.12700807575789,-5.79394380867467,0.647536049903738,NaN,NaN,NaN,NaN,NaN,NaN,NaN,35.5631465897351,35.6047197640118,36.3444302176697,1.76943563649912,-0.441519871205442,-6.26840866548332,2.76385846421163,5.1531726210925,1236,50,1,104,434,6,0.216783216783217,94,10.8891636874805,1,1436,-26.9144374881427,-9.51362265976848,27,8.39406748914262,0.813140664530373,-0.644710024201105,13.8416427788781,1
251002_Dupi_NMH_AB_2,audiobook,Dupi,DupiS2,AB,2,4,8087,1,93,688,1076,3790,1544,3088,3790,1379.57553516476,1.122,2.15682419701277,3.79,38.8417272799757,38.5511811023622,39.204,2.49756179644065,-4.72663909646761,-6.10324368521133,1.24878089822033,39.3050312258567,38.7017543859649,39.448,2.39537588414075,-4.273308482042,-7.76153468602525,1.19768794207038,52.6656779937523,55.3846153846154,48.588,1.83869489162521,-6.80261561568903,-8.05992899522992,0.919347445812604,46.6619346139277,NaN,46.512,1.23653211964259,-8.86653420384128,-9.55321178622289,0.618266059821297,37.5987140985182,33.0847457627119,39.024,2.04919315528175,-0.927558405929072,-7.57711520283408,1.02459657764087,39.2850529779374,38.7017543859649,39.1424418604651,1.94510693925886,-4.26043632366976,-8.26810930205678,1.3382335742101,55.0949876975465,55.3846153846154,54.8144329896907,2.3481580122464,-9.92484968068969,-7.76886826159228,0.911085308751603,NaN,NaN,NaN,NaN,NaN,NaN,NaN,40.5883140522839,39.0676470588235,41.9326424870466,1.96037991504999,-2.96973624234918,-7.46821440441449,3.02682658883719,4.47310597187678,860,55,1,96,220,3,0.10989010989011,108,13.579243936762,1,1558,-13.0567254790363,28.6519708192206,29,8.8554640188622,1.31165645290344,-0.0242347434392552,13.7724554914947,1
251002_Dupi_NMH_AB_2,audiobook,Dupi,DupiS2,AB,2,5,9982,1,93,598,1038,3076,1524,3048,3076,982.028915389346,1.052,1.40821813692052,3.076,42.0531421433252,44.1086956521739,40.44,1.44758176128509,-4.41080694425503,-7.25017131638379,0.723790880642546,31.1767390475826,32.8307692307692,30.644,1.65275886745359,1.31951658442219,-6.27340903652413,0.826379433726794,28.9806284913732,27.0247933884298,34.884,2.22878035987408,0.546592712161827,-6.02243812986541,1.11439017993704,54.0669313008717,56.1016949152542,51.46,1.42244187708806,-10.1448618781024,-7.15088458733624,0.71122093854403,50.2096570281998,50.2261904761905,51.796,2.86122774193761,-7.63212350316052,-4.78000862477487,1.43061387096881,30.9306317977529,31.8921568627451,30.5351170568562,1.7866498035643,1.65935703466097,-5.85137127015909,1.06841658253145,29.503930349033,25.6071428571429,36.9363636363636,2.08252024904144,-0.720521637736487,-6.86313998978182,0.916308909578234,NaN,NaN,NaN,NaN,NaN,NaN,NaN,42.8846496752973,42.9021276595745,41.7099737532808,2.39269491301973,-3.6479410102924,-5.84489813634269,3.64646704744207,5.8590140937505,1880,45,1,426,500,5,0.24975024975025,142,52.5422027611174,1,1586,17.5769303737431,15.9440949864146,32,12.2137036310061,1.36617999626789,-0.149274855516559,18.5964109878787,1
251002_Dupi_NMH_AB_2,audiobook,Dupi,DupiS2,AB,2,6,11520,1,93,502,972,3366,1416,2832,3366,1428.20630174804,0.968,2.30507005255984,3.366,31.9036664310603,32.3571428571429,31.716,2.09394489941324,1.90760200022218,-6.10888014042511,1.04697244970662,31.6473617235283,29.84,32.564,1.81780651929784,-0.423388281067543,-7.57910816811359,0.90890325964892,37.2763103744448,42.2878787878788,34.576,1.44500687768498,-2.54875785059014,-7.92391310587727,0.722503438842492,27.5533352273783,25.8969072164948,28.7,2.00884331484351,0.488908728561482,-5.77886076482001,1.00442165742175,34.9871053705664,35,36.452,1.28332822103425,-1.3250300520419,-6.62403392238199,0.641664110517123,31.7498215533263,30.049504950495,32.6374501992032,1.82020106154721,-0.437896041125555,-7.58448780281465,0.9137409328967,38.0940794283081,43.5,35.0170212765957,1.41202046367828,-2.66983532441613,-7.93579961032463,0.663649617928792,NaN,NaN,NaN,NaN,NaN,NaN,NaN,40.001802066952,40.0788177339901,39.8700564971751,1.67921324521436,-2.69873314464238,-7.30501485171905,2.37776595522354,4.33794073878741,1366,25,1,514,234,3,0.116883116883117,98,21.3316200003467,1,1430,42.1821286283438,-10.1696318904232,26,8.90837920426176,2.01783479743607,0.611542753402846,18.9705461097892,1
251002_Dupi_NMH_AB_2,audiobook,Dupi,DupiS2,AB,2,7,13203,1,93,598,1030,3392,1722,3444,3392,1198.52440527644,1.118,1.78644060502195,3.392,41.8849965766778,37,42.452,1.0634788626256,-7.07251844650754,-8.86161182387122,0.531739431312799,54.6164847119463,56,54.668,0.983384986819996,-10.9416910142397,-8.67073679385128,0.491692493409998,43.1936080283194,52.9038461538462,41.784,1.44247279986677,-4.7033767983724,-8.70124236609492,0.721236399933383,30.0819958830028,29.1621621621622,31.232,1.45459517101904,-2.04314411185178,-7.40800218379274,0.727297585509518,53.1121103102539,53.4545454545455,53.052,1.29722977825021,-10.936310838165,-7.73079214892156,0.648614889125107,54.1015626692386,55.7575757575758,54.2307692307692,1.02368950350691,-10.9351830353863,-8.84357945102865,0.612166323097135,40.0947528412646,52.94,38.3703703703704,1.52216094973713,-3.64801611513307,-8.42887750906226,0.657573530286442,NaN,NaN,NaN,NaN,NaN,NaN,NaN,40.275487108011,40.8851351351351,41.5946573751452,2.22669370618573,-2.0519922584247,-6.80697398380181,3.83436656205183,3.38017043543899,1340,27,1,1320,28,1,0.013986013986014,28,8.66860612764194,1,1260,4.13887307911212,-44.1049428667138,30,11.5490360478289,1.27367580617841,-0.0851903123111217,13.2140480743177,1
251002_Dupi_NMH_AB_2,audiobook,Dupi,DupiS2,AB,2,8,14899,1,93,676,1170,3702,1786,3572,3702,1308.88928862358,1.184,2.01611526816379,3.702,35.4473246727769,33.4597701149425,36.712,1.66562480812543,-0.672046199163682,-6.32572745608118,0.832812404062716,33.4472555477261,34.7102803738318,31.924,1.82382214405531,-0.872660604542677,-5.61001715864481,0.911911072027656,39.2927582398203,41.7142857142857,37.108,1.68553310078934,-0.0193313629027104,-6.54066308566429,0.842766550394669,55.2139157153303,55,55.272,1.4355423471399,-9.73777147676511,-7.73185441852654,0.717771173569948,52.7243672151527,51.0526315789474,52.752,1.58753438495918,-10.3539087610969,-6.54278654232104,0.793767192479588,33.3840051217903,34.7102803738318,32.2041420118343,1.57117482614893,-0.642867078348357,-6.16090983935075,1.06211418247668,45.8294178136668,45.8951048951049,44.7287449392713,2.19260105616203,-1.49408930883628,-5.65119658724862,1.08314492174404,NaN,NaN,NaN,NaN,NaN,NaN,NaN,44.8291599172717,43.3112582781457,45.6696528555431,1.82875956574519,-4.01700799020894,-7.08970307523541,3.26616458442092,3.83395696803465,76,39,1,34,156,3,0.0779220779220779,74,29.0159440715702,1,1572,-17.447922595333,26.5773997841218,30,10.0600861181257,1.00958824152567,-0.467979683193443,15.634128891571,1
251002_Dupi_NMH_AB_2,audiobook,Dupi,DupiS2,AB,2,9,16750,1,93,496,852,3360,1752,3504,3360,905.685439603157,1.062,1.41818970992686,3.36,56.4089074103333,56.5742574257426,56.252,1.87210539809546,-10.8731807936372,-6.89708759013962,0.936052699047732,51.7982714020134,51.7916666666667,51.868,2.29661035354997,-9.86191428891205,-8.19257303115576,1.14830517677498,48.3552109453949,48.1871657754011,48.36,2.48807333005817,-8.52931156994323,-6.46311432290587,1.24403666502909,34.5048007150632,30.5111111111111,34.972,1.34401874677057,-3.73370412534043,-8.14490448825802,0.672009373385284,36.4658032326912,36.4634146341463,35.132,1.71450977471773,-0.0673267184252393,-7.38865263776765,0.857254887358867,51.7964715845813,51.789156626506,51.866935483871,2.29465851970538,-9.86887852510072,-8.17822062078084,1.13815062577387,50.9730494717919,51.1,50.6685393258427,2.47097092586126,-9.58025758240501,-5.80198119383972,0.87966564960661,NaN,NaN,NaN,NaN,NaN,NaN,NaN,37.7209246674392,36.9910179640719,37.1643835616438,1.8360433261804,-0.847696292029917,-7.28147494595421,3.21674790746807,4.86497646607586,1928,37,1,106,356,7,0.177822177822178,142,78.4937030899117,1,1920,0.782394232593429,-13.1708043324525,27,8.07803448887199,1.87573465192264,0.425513238672518,19.4091967200459,1
251002_Dupi_NMH_AB_2,audiobook,Dupi,DupiS2,AB,2,10,18430,1,93,520,960,2862,1456,2912,2862,987.884706027519,1.012,1.46798407787675,2.862,44.369297449223,45,43.896,1.3477529454302,-10.2837955057637,-7.56188014620854,0.673876472715099,47.16076539704,45,45.968,0.993519955553775,-9.45373180408397,-9.2175537772673,0.496759977776888,47.7581460575711,57,39.356,1.35431865385862,-1.29913205638381,-7.533777131291,0.677159326929308,47.3622370505499,47.2248062015504,48.032,2.1294783290704,-9.52064793613418,-6.49026243084603,1.0647391645352,47.4555883727242,48.4619047619048,48.112,2.83672193487716,-5.17593543489339,-5.20850689967919,1.41836096743858,47.1545457836893,45,45.1615384615385,0.955575840319205,-9.32010285971284,-9.25605670658855,0.496899436965987,46.8765763861533,57,38.4045454545455,1.40397726458441,-0.820140654644894,-7.36564076821531,0.617749996417139,NaN,NaN,NaN,NaN,NaN,NaN,NaN,48.6569693440071,49.3995157384988,47.7967032967033,2.25268924621927,-6.5012904601945,-5.34051843303293,3.27991554249526,5.3164759841477,1762,41,1,856,382,7,0.190809190809191,88,34.6480933507348,1,1800,-31.9199392904572,2.25462463244874,18,7.11447045729678,1.22648172358438,-0.156796218960371,16.9820031373117,1
251002_Dupi_NMH_AB_2,audiobook,Dupi,DupiS2,AB,2,11,19861,1,93,472,978,3082,1636,3272,3082,1359.44522772576,1.044,2.13311703908402,3.082,52.612346683507,52.6851851851852,51.996,2.48566907851486,-10.1950889941612,-4.08828186697848,1.24283453925743,42.4595424696706,47,39.644,1.04159149317214,-4.60365440294338,-8.88842594955481,0.520795746586071,41.0594746473069,42,41.328,1.01924336775556,-2.38144991493845,-7.97421935201574,0.509621683877778,37.9059516787297,35,40.388,1.50619881838827,-1.1024227571111,-6.52753256980962,0.753099409194134,38.1801572951003,38.1096774193548,38.248,2.15396295230117,-2.2260245294944,-6.32198367465295,1.07698147615059,42.5100663520505,47,39.5042372881356,0.994087033048949,-4.49344973582076,-8.80771825689444,0.469209079599104,41.3921174883189,42,41.596837944664,1.05846865295304,-2.67724785580265,-8.21008922263725,0.53558513839424,NaN,NaN,NaN,NaN,NaN,NaN,NaN,38.0641496550289,37.7533039647577,37.5440097799511,2.23134055476638,-0.817882483902223,-6.17752619386967,3.6504731475978,3.69991586885024,1454,35,1,1406,186,2,0.0929070929070929,100,8.22654805111035,1,1062,-21.0472396129767,6.40916365801913,12,3.12960728639686,1.07940989472996,-0.300173579989694,15.4601265123027,1
251002_Dupi_NMH_AB_2,audiobook,Dupi,DupiS2,AB,2,12,21402,1,93,514,950,2942,1588,3176,2942,1460.24299443781,1.002,2.33334521141428,2.942,40.9638506080603,41.6736842105263,40.236,1.76855639114772,-1.9926092664302,-6.84728963029723,0.88427819557386,43.6834882154385,43.6459330143541,43.836,2.87363873990986,-2.53705932640782,-6.98712215388634,1.43681936995493,53.915923566914,54.4378378378378,53.096,2.83062738037175,-7.1860416642334,-6.39654531989889,1.41531369018588,42.2893387508915,41.4402985074627,42.716,2.05732067466715,-0.330119444460633,-6.37856938160759,1.02866033733358,37.4233528377167,39,36.196,1.71903933469425,-3.10813150590689,-5.54332315951229,0.859519667347123,44.0282812842705,43.9490740740741,44.0856031128405,2.90279752296187,-2.62309746236586,-6.96204319545983,1.4920379268024,54.2998110569862,54.4943820224719,53.5688073394495,2.91541451711637,-7.04340837454819,-6.04158522050327,1.27112072946274,NaN,NaN,NaN,NaN,NaN,NaN,NaN,39.6441341138429,38.2570694087404,40.7241813602015,1.93543970724766,-3.67486804010063,-6.18938771654946,3.07347825510928,4.843858016356,738,57,1,0,550,12,0.274725274725275,136,17.2557109490456,1,1684,35.021817491937,8.41087579558566,24,7.91151034853022,1.3162456805985,-0.0493621504633556,16.8043887711,1
251002_Dupi_NMH_AB_2,audiobook,Dupi,DupiS2,AB,2,13,22873,1,93,512,1000,3018,1578,3156,3018,1464.51188533626,1.044,2.31167169646718,3.018,36.4461911185817,36.0197368421053,37.192,2.22888057590593,-0.348470936447626,-5.91284540199433,1.11444028795297,51.4270945643981,NaN,51.372,0.691359638536046,-12.6925517183391,-9.25881522022876,0.345679819268023,45.9330988850387,33.0217391304348,48.98,1.59690879806638,-2.74201084974314,-7.73106714720703,0.798454399033192,47.0111112614938,45.5208333333333,45.856,1.7405904818043,-2.02247971745873,-7.92539876799369,0.870295240902148,50.9153865975805,43.3448275862069,52.184,1.65761502421919,-10.1044363869726,-7.00225795939426,0.828807512109595,51.5668679602615,NaN,51.50390625,0.691215442535301,-12.7049489085751,-9.3155953595958,0.353902306578074,45.8133360210676,33.0217391304348,48.7827868852459,1.61932768795726,-2.64577917980363,-7.65837502112665,0.790231911723141,NaN,NaN,NaN,NaN,NaN,NaN,NaN,48.1111425219905,47.1111111111111,49.08618504436,2.06676749965058,-9.70106784129734,-7.14559225044912,3.26135911444861,4.71280521672041,2000,42,1,918,128,3,0.0639360639360639,64,25.7147066377941,1,788,-1.64902295579588,-18.6717906725723,22,9.85997435327526,1.16591269269828,-0.372970227485238,17.4282428594054,1
251002_Dupi_NMH_AB_2,audiobook,Dupi,DupiS2,AB,2,14,24382,1,93,530,904,2902,1598,3196,2901.99999999999,1498.41908834288,1.072,2.29490242532037,2.90199999999999,45.5270798319953,45.7005347593583,44.94,2.74801317674751,-8.9237108236664,-8.067443413244,1.37400658837376,53.1011323579417,55,52.572,1.4635497185099,-11.9564034736201,-8.66265872040528,0.731774859254949,42.9115231987987,43.4018691588785,42.244,2.83481863027556,-1.46228170918666,-7.04913638774844,1.41740931513778,32.2201080692789,33.1775700934579,31,1.96540585443283,2.038254521824,-6.22647067482665,0.982702927216414,42.0007308225458,42.8477157360406,43.232,2.50175450812041,-1.17936325836407,-6.05089130049535,1.2508772540602,53.0958181429603,54.6142857142857,52.6,1.49428469236438,-11.8496412325665,-8.78445599722201,0.79197088695312,46.0770628833119,46.8506493506493,44.5187165775401,2.81307627429568,-3.733197601343,-7.62244995144496,1.05209052658658,NaN,NaN,NaN,NaN,NaN,NaN,NaN,43.8720284580839,43.7403433476395,44.6370463078849,2.0820260486008,-5.29354259554372,-6.99933756769149,3.32707762566407,4.45145279680917,1512,34,1,594,444,5,0.221778221778222,198,9.80958819025787,1,1492,17.6922785050275,-36.4289835113708,25,9.0473498752435,1.02470363820745,-0.482526550279569,17.7614509385908,1
251002_Dupi_NMH_AB_2,audiobook,Dupi,DupiS2,AB,2,15,25833,1,93,530,1032,2882,1500,3000,2882.00000000001,1358.14158156084,1.062,2.02049971862508,2.88200000000001,46.3767235552424,45.7433155080214,45.18,2.71576631030109,-8.70415631712049,-7.05528294871341,1.35788315515055,26.0706391020307,25.5984251968504,29.632,1.93372213763371,-2.47016534289032,-8.54103511113514,0.966861068816856,32.8065646050787,25,36.556,0.941466856185462,-2.52631846581818,-8.45943519023511,0.470733428092731,37.2281634205677,37.1009174311927,36.72,1.8300303758841,-0.489756976190081,-5.96604244507387,0.91501518794205,43.8477488251649,44.3225806451613,43.948,3.0786714952928,-0.559247618263471,-6.81535039990907,1.5393357476464,26.1595147092036,25.5984251968504,30.5018867924528,1.83287171891091,-2.7129150330137,-8.66633736997714,0.971422011022784,32.9463446703744,25,36.0796812749004,0.987981326586482,-2.35766921424918,-8.37680784664012,0.495966625946414,NaN,NaN,NaN,NaN,NaN,NaN,NaN,43.0958251619306,43.6689342403628,42.9373333333333,2.28871008438194,-3.80035430953722,-7.81504732294211,3.43306512657292,4.44726796952383,1648,51,1,48,500,7,0.24975024975025,134,8.24159345335621,1,1062,39.5526465566306,-0.157628317266528,26,10.2005094658977,1.47921804652744,0.102536213089304,16.1309577523856,1
251002_Dupi_NMH_AB_2,audiobook,Dupi,DupiS2,AB,2,16,27274,1,93,552,956,3186,1690,3380,3186,1276.99210561151,1.088,1.91080405085834,3.186,44.8352270213474,42.9677419354839,45.48,1.27975601392595,-10.9559699949823,-8.46333558193416,0.639878006962973,39.4529574240256,40.0515463917526,38.248,1.74715419223365,-2.95235701794351,-7.93224688037859,0.873577096116823,47.5153732466004,39.2678571428571,49.084,1.49394945579897,-7.107977118247,-8.18968624619169,0.746974727899483,43.3249850705237,47.6538461538462,41.88,1.28091986190898,-5.63141214662216,-8.19548145630451,0.640459930954492,44.8110011148081,44.9685039370079,44.12,2.1482391943794,-9.49443521906977,-7.46050051058905,1.0741195971897,39.9180345758791,40.5966386554622,38.695652173913,1.82138099436131,-3.25352509423788,-7.92191174256437,1.00540230888745,51.502635440266,43,51.6138613861386,1.27356127051245,-12.0952950190925,-8.65247018419888,0.514518753287028,NaN,NaN,NaN,NaN,NaN,NaN,NaN,45.6074973808709,47.2113289760349,44.105325443787,2.28122276690108,-5.40902707133115,-7.94441300354267,3.85526647606283,4.21689105015794,1584,45,1,374,242,4,0.120879120879121,88,31.8116859081987,1,1724,13.3185353822804,20.2769196411955,17,4.63305243861882,1.13753868714854,-0.329478750925321,15.0906277602435,1
251002_Dupi_NMH_AB_2,audiobook,Dupi,DupiS2,AB,2,17,28867,1,93,520,1000,3038,1572,3144,3038,1253.60709848353,1.058,1.86424649576457,3.038,48.1404002826361,48,48.224,1.87590340607821,-12.5614503371026,-8.80032357102818,0.937951703039105,38.1304436433875,37.6858638743456,39.684,2.71056983311877,-0.341938658023849,-6.97554804156358,1.35528491655939,35.6999449590915,31.9189189189189,36.924,1.46720071320027,-2.17139708892069,-7.46342726349652,0.733600356600133,38.0201616525692,37.9285714285714,37.976,2.49510871417301,-1.66419655418892,-8.37851658433094,1.24755435708651,37.4888133282742,37.747572815534,37.756,1.65417538066353,-2.55392432281475,-6.7863502927587,0.827087690331766,37.822377876871,37.3034825870647,39.3115384615385,2.70896075539898,-0.210776202839688,-6.96840621336638,1.40865959280747,36.1471975777606,32.21875,37.2125,1.41713683406677,-2.49800479129715,-7.4937106742869,0.680225680352048,NaN,NaN,NaN,NaN,NaN,NaN,NaN,38.2939661243628,38.6970802919708,39.3778625954198,1.69666122639781,-3.21336976110846,-7.73587576680586,2.66715144789736,3.88295393655178,368,29,1,80,300,4,0.14985014985015,186,37.5884978603033,1,1544,-58.518307721495,11.3214166077344,21,6.68221080791253,0.888888111987957,-0.312664625454733,10.7504063677551,1
251002_Dupi_NMH_AB_2,audiobook,Dupi,DupiS2,AB,2,18,30386,1,93,1216,1866,3724,2470,4940,3724,1169.26856890144,1.858,1.34320815126136,3.724,48.2177682752565,48.5804195804196,49.84,2.30373133608824,-8.79296948835048,-9.06726851321293,1.15186566804412,51.4974760968242,51.5121951219512,51.224,2.01034362575776,-11.2729177959548,-9.67410062052667,1.00517181287888,54.3707182064505,54.3318385650224,54.164,2.92946200701597,-10.0130138763694,-7.66931482929991,1.46473100350798,35.3903024051992,36.7474747474747,33.332,2.21793589164955,-1.36513170104503,-7.39460440243688,1.10896794582477,33.7074330913255,34.2894736842105,33.664,1.73060577629915,0.437665528247425,-7.26952653005939,0.865302888149574,50.0591171575864,50.3356643356643,49.8305921052632,2.57912064254268,-7.34139602291291,-8.24985819521915,3.1362107013319,32.3189579038304,31,32.3384615384615,1.56888787405809,-0.295909542688935,-7.53200925188003,1.01977711813776,NaN,NaN,NaN,NaN,NaN,NaN,NaN,45.8041244529825,45.2948328267477,46.0928104575163,1.97725517819611,-6.73335821338835,-8.9972348504222,3.02520042264004,5.2123046348417,1014,45,1,426,406,5,0.202797202797203,164,53.609928455963,1,1866,8.67577309808386,3.92079502735698,27,9.00271733755907,1.09176483585905,-0.148507900585197,12.850277980569,1
251002_Dupi_NMH_AB_2,audiobook,Dupi,DupiS2,AB,2,19,32248,1,93,536,1036,2978,1714,3428,2978.00000000001,1204.76514826736,1.122,1.71135474920726,2.97800000000001,42.0992480928709,NaN,43.236,0.879630808022021,-5.34261085688382,-9.78892772061092,0.439815404011011,46.0687176838047,45,46.228,1.2282469667757,-11.6517714404921,-8.35693990041439,0.614123483387851,51.4794715559999,51.2033898305085,52.28,2.06204548021681,-10.673390007604,-8.10384035435511,1.0310227401084,43.9252854540688,44.1975308641975,44.22,3.32769008691594,-2.23339224118171,-6.15225985863675,1.66384504345797,37.6742508324134,38.3557046979866,37.188,2.26780076833738,-1.14805353695647,-6.55952701926278,1.13390038416869,46.2492085975569,45,46.3805970149254,1.23789787588198,-11.6793674454528,-8.30643789110952,0.663513261472742,51.6721666675226,51.3088235294118,52.532,2.21752960496446,-10.4794571223662,-8.06217435401161,1.10876480248223,NaN,NaN,NaN,NaN,NaN,NaN,NaN,45.5625386771593,47.7364016736402,44.169194865811,1.41980372532135,-5.66811633567931,-9.21389586597615,2.4335435852008,4.55964902518618,1058,52,1,570,522,6,0.260739260739261,196,21.0076970275976,1,1594,4.48985012331626,14.9236982171437,28,8.57772745175006,1.4849447156086,0.00812678946154237,16.7202257409216,1
251002_Dupi_NMH_AB_2,audiobook,Dupi,DupiS2,AB,2,20,33737,1,93,528,936,3188,1660,3320,3188,1391.67657348849,1.064,2.17621553017829,3.188,50.2033590376868,49.7073170731707,50.14,2.12666719615698,-12.0399119942931,-8.15501774576627,1.06333359807849,42.6838883793123,42,42.944,1.11961754565479,-10.9455536412377,-9.84549437493455,0.559808772827393,37.6502618394146,36.2849162011173,37.896,2.69822638626776,-0.788510596675241,-5.13714764862259,1.34911319313388,30.8075266819115,31.5172413793103,30.924,2.6727449266086,1.01682462110617,-5.60093317296927,1.3363724633043,55.1276934562297,55.5619047619048,54.232,1.67723641103192,-12.0175911366466,-8.02198781255438,0.838618205515962,42.802442787886,42,43.0530303030303,1.11744221086153,-11.0275304235543,-9.86653400447009,0.590009487334887,38.5294116088538,37.6530612244898,38.6470588235294,2.83564903482264,-1.37112459424148,-4.85619205942944,1.15694480620764,NaN,NaN,NaN,NaN,NaN,NaN,NaN,49.4148432268038,51.3681318681319,47.7457831325301,1.76866901533183,-9.56740349558692,-7.90131665323651,2.93599056545084,5.06233713389335,744,41,1,672,410,5,0.204795204795205,196,55.3389215682883,1,1810,1.77841016884841,-18.4734060371459,30,10.6818791805304,1.4068389918556,-0.195500902807094,17.950078506497,1
251002_Dupi_NMH_AB_2,audiobook,Dupi,DupiS2,AB,2,21,35331,1,93,496,974,3106,1630,3260,3105.99999999999,1399.07531552871,1.054,2.19958477120321,3.10599999999999,38.5046359288511,37.6666666666667,38.844,1.60959539980451,-4.1009044066942,-8.10247480226372,0.804797699902256,47.3501749698649,47.7019867549669,46.224,2.15650894311411,-8.49286865281671,-8.39097781844275,1.07825447155705,38.3295182665004,39,37.22,1.41093113113422,-3.27028093700337,-7.39728642318615,0.705465565567111,27.8550085361869,28.8640776699029,26.956,2.17390241838488,-0.728522511786217,-7.11366973092146,1.08695120919244,41.1872129389445,41.4842767295597,40.192,3.05050266118941,-3.92556561338955,-7.1809772959628,1.5252513305947,47.4237867728215,47.8187919463087,46.2822580645161,2.1549033779228,-8.57133873265244,-8.42176108970106,1.06883207544971,38.4135327395652,39,37.4811715481172,1.4760170524804,-3.34142665016877,-7.31092379292046,0.705536151085632,NaN,NaN,NaN,NaN,NaN,NaN,NaN,48.820280713557,49.1957040572792,49.1901840490798,2.25837423639206,-8.36154953864674,-8.93233292207754,3.68115000531905,6.28539186656397,1910,44,1,204,628,5,0.313686313686314,186,43.3892329199278,1,1914,10.1491178144565,-22.3242267465664,22,7.36935884211048,1.45633813375442,0.0226279163871423,15.5915924936727,1
251002_Dupi_NMH_AB_2,audiobook,Dupi,DupiS2,AB,2,22,36884,1,93,500,996,2756,1620,3240,2756,1385.30482970391,1.064,2.12255143354888,2.756,52.1606469180299,51.4795918367347,52.644,1.87523537048351,-10.6519818098718,-8.83234021455792,0.937617685241755,47.090578377597,50.5208333333333,46.224,1.41558710928446,-8.68961195780946,-7.25957816270124,0.707793554642229,29.783072117132,29.1666666666667,29.804,1.51897391502885,-1.57594029294844,-8.44969876496888,0.759486957514427,34.3618871006747,36,33.852,1.62973481598227,-1.65510525105671,-8.08758043388808,0.814867407991136,33.4518531836016,33.3355704697987,33.632,1.97969511205507,-0.0466569878669533,-7.31722612757507,0.989847556027537,47.090578377597,50.5208333333333,46.224,1.41558710928446,-8.68961195780946,-7.25957816270124,0.707793554642229,29.7116703934668,28.9038461538462,29.7540322580645,1.51383720957588,-1.58031976184417,-8.44503431806134,0.750863255949634,NaN,NaN,NaN,NaN,NaN,NaN,NaN,40.4302380548386,40.8062622309198,40.179012345679,2.44056977345359,-1.73787618039357,-6.98590450592432,3.95372303299481,3.22993887707159,1872,33,1,1096,98,2,0.048951048951049,54,12.4080066274122,1,1566,-41.2589641434263,-19.3006290244538,30,6.7805522259092,1.63031538362462,0.284748526169455,15.4095846609401,1
251002_Dupi_NMH_AB_2,audiobook,Dupi,DupiS2,AB,2,23,38262,1,93,520,1000,3100,1668,3336,3099.99999999999,1474.56583000861,1.084,2.32992467482793,3.09999999999999,44.9255543447232,43.2991452991453,46.296,2.12444520898789,-7.8941674679961,-6.70940153504505,1.06222260449395,47.2829773295214,47.4952380952381,47.188,1.96023350197974,-7.86573669235187,-7.89921560477891,0.980116750989868,31.1426834048652,NaN,31.676,0.567511778181667,-1.56985208908659,-8.31587260473014,0.283755889090833,46.6340821136378,46.2,44.62,2.26076859464709,-4.00893536938859,-6.91132117420718,1.13038429732355,38.9353946731579,37.8832116788321,39.496,1.89007544661427,-0.771462913290357,-6.4552159016857,0.945037723307133,47.0537943259581,47.4952380952381,46.7192307692308,1.9206770255109,-7.17605672595181,-7.93679992079717,0.99875205326567,30.8715529672506,NaN,31.5375,0.55233455586465,-1.6216678489649,-8.28955053089308,0.265120586815032,NaN,NaN,NaN,NaN,NaN,NaN,NaN,34.9652513927623,33.6600566572238,37.4736211031175,1.95885368798371,-0.00313579277522479,-5.98464969707415,3.26736795155682,4.95308982286762,1398,54,1,218,258,4,0.128871128871129,112,17.796801635801,1,1226,-7.87516600265606,-32.1961886328954,29,10.9473707505613,1.54826777887099,0.441389969854468,13.4682991434024,1
251002_Dupi_NMH_AB_2,audiobook,Dupi,DupiS2,AB,2,24,39812,1,93,466,826,3124,1694,3388,3124.00000000001,1449.02817815502,1.026,2.39359873139725,3.12400000000001,47.7467852485147,47.9523809523809,47.332,2.84997235268393,-6.56528550719499,-4.17668075861778,1.42498617634197,51.0620455101964,50.7037037037037,50.988,1.89246524621796,-5.10930035074885,-6.86717549327218,0.946232623108982,53.1110860472748,53.8356164383562,52.132,1.40540470735184,-10.3415957028332,-7.18592984779745,0.702702353675919,48.9840508111414,48.8461538461538,47.86,1.5377773781339,-9.89733094929177,-8.31152291825145,0.768888689066949,40.8159838397207,36,41.284,1.2980920732119,-2.44060011822912,-8.29084846693562,0.649046036605948,50.7607665282956,50.7037037037037,50.5021459227468,1.94272155207286,-4.92139864325218,-6.97165104800564,0.905308243265954,53.6069405093672,54.3260869565217,52.2333333333333,1.24257641797353,-9.64165371065759,-7.15255756971126,0.447327510470472,NaN,NaN,NaN,NaN,NaN,NaN,NaN,43.6382152149835,42.7290502793296,41.9315230224321,1.81016012710486,-2.11558865061923,-5.90962073768825,3.06641125531563,3.77561430618345,262,57,1,198,126,2,0.0629370629370629,104,9.18702927808373,1,1060,50.597609561753,-9.76774481706184,22,8.44138439357596,1.5032759138485,-0.00954031962513749,17.503324024274,1
251002_Dupi_NMH_AB_2,audiobook,Dupi,DupiS2,AB,2,25,41374,1,93,518,906,3044,1664,3328,3044,1374.7506523724,1.042,2.21896819888725,3.044,50.5541734695404,54.1818181818182,44.86,0.919687771659661,-8.86675210576134,-7.10451113955959,0.45984388582983,47.6157799514081,47.8918918918919,46.424,2.87701615813896,-7.24268528806966,-4.99219792312431,1.43850807906948,42.1718852326008,41.3928571428571,45.704,2.15127025481398,-5.06272475391708,-8.06095034470893,1.07563512740699,40.9921372887934,40,43.376,1.74214191883418,-5.54987979191535,-7.84903160938783,0.871070959417091,39.8170775567141,42,39.288,1.18001188663717,-4.93090063672924,-7.39589156006284,0.590005943318585,47.2881051802553,47.4329896907216,46.1312741312741,2.87501382325154,-6.98792544308002,-5.03503635832824,1.4892571604443,41.8614521675674,41.6259541984733,43.3969072164948,2.54884937645942,-4.36150341553885,-7.77771586708474,0.988953558066254,NaN,NaN,NaN,NaN,NaN,NaN,NaN,39.9177380427766,39.618320610687,39.9182692307692,1.88006275117188,-1.77478750374998,-6.4986921716406,3.12842441795001,5.10571761342247,96,51,1,22,372,4,0.185814185814186,152,16.137429144765,1,1736,-28.1980648833239,15.9272527636134,18,5.69621084888725,1.30774450806502,0.0264775991925032,13.2460088871205,1
251002_Dupi_NMH_AB_2,audiobook,Dupi,DupiS2,AB,2,26,42896,1,93,506,954,3028,1650,3300,3027.99999999999,1219.39763168768,0.996,1.98454555699471,3.02799999999999,48.4441317335721,48.8791208791209,47.94,2.51073231812444,-8.84716945867206,-7.56661851047078,1.25536615906222,41.7467428467678,41.4772727272727,41.652,1.77014685101009,-6.76033454296817,-5.3691787279736,0.885073425505045,49.3612373889306,49.36866359447,49.372,2.38932230072741,-8.26920015856795,-7.4853032912313,1.1946611503637,52.7681159870658,52.245,52.276,2.71051178659365,-9.12986131619136,-5.98551268606432,1.35525589329683,41.8266292665423,41.8292682926829,41.92,2.26981760516055,-6.32682927136668,-5.40451985881816,1.13490880258028,41.8281987485938,41.4772727272727,41.7391304347826,1.76902354669152,-6.78304809011094,-5.39137365608712,0.895125914625908,49.303015172978,49.2974358974359,49.3125,2.41170315435655,-8.24359656125221,-7.21775510906978,1.08044301315173,NaN,NaN,NaN,NaN,NaN,NaN,NaN,38.2843123389809,38.4927536231884,39.1721212121212,1.84324737377997,-0.550125979812945,-5.84336680498695,3.04135816673694,4.79095518685568,1210,57,1,0,444,9,0.221778221778222,132,18.6225966448356,1,1778,-0.160880288370347,15.6092046004392,18,5.5382268592742,1.3224164758143,0.025483996294329,15.6126614621217,1
251002_Dupi_NMH_AB_2,audiobook,Dupi,DupiS2,AB,2,27,44410,1,93,488,872,2938,1560,3120,2938,1206.94754502216,0.992,1.94226020036408,2.938,55.0700473988759,50.4166666666667,55.624,1.07957532512309,-12.5809292088803,-6.69628050899861,0.539787662561543,44.2073950504543,44.8269230769231,42.508,2.48717067529109,-1.88427237969174,-7.04143298830206,1.24358533764554,44.8449905692995,40.6153846153846,45.08,1.23794356119573,-4.30592763259266,-7.39109154480334,0.618971780597867,53.1382912293095,51.5806451612903,53.516,1.71400361675622,-11.1294095782554,-10.0185736842206,0.857001808378111,45.6295767397334,44.5076923076923,45.852,1.76993382872828,-10.1654532666628,-7.46918577923215,0.884966914364138,44.4608282806646,45.3,42.7418032786885,2.49197938972939,-2.1205235159274,-7.14200235886969,1.21608594218794,41.2807254254708,33,42.7291666666667,1.15341209156535,-2.8335746675627,-7.40006770533211,0.442910243161095,NaN,NaN,NaN,NaN,NaN,NaN,NaN,42.9036789083434,43.7943925233645,42.6435897435897,2.00095766110241,-4.34578194559834,-8.54592426757274,3.12149395131976,4.45909653044018,70,48,1,46,156,3,0.0779220779220779,136,30.17124033013,1,1736,-41.031682792639,17.2008411806305,22,6.02848529322062,1.05137166787077,-0.506618623812798,16.4341245267711,1
251002_Dupi_NMH_AB_2,audiobook,Dupi,DupiS2,AB,2,28,45879,1,93,510,1006,3258,1632,3264,3258.00000000001,1380.67037170374,1.066,2.05920736769985,3.25800000000001,39.370803383677,40,37.868,1.71027694655075,-3.86714581916898,-8.85738832009604,0.855138473275375,42.9724854528653,43.7054263565892,42.732,2.20138629828879,-0.314134673201896,-6.6356217630137,1.1006931491444,46.4837975920974,46.9090909090909,46.768,2.00855736236593,-8.41791992234327,-6.68161710042625,1.00427868118297,42.733026298442,43,41.672,2.32622731325402,-5.95279720371383,-5.18238491221675,1.16311365662701,42.27497934791,42,42.484,1.68381899607254,-8.12604776559303,-8.83159460436804,0.841909498036272,43.1273892616119,43.7054263565892,42.9725490196078,2.18638051915588,-0.394973476000806,-6.68306432226466,1.1150540647695,46.3391322378884,46.8529411764706,46.5806451612903,2.02727746327471,-8.34018511829524,-6.63400588268072,1.00552962178426,NaN,NaN,NaN,NaN,NaN,NaN,NaN,43.0018539896712,43.1473988439306,42.5110294117647,1.87727532315644,-5.40896285970082,-7.77364942329612,3.0637133273913,4.61908875598681,1132,46,1,170,582,9,0.290709290709291,108,26.9582664902773,1,1732,68.3961297666477,-5.61497375963076,27,7.3945201285183,1.24966824651259,-0.23461922656988,18.5497601859002,1
251002_Dupi_NMH_AB_2,audiobook,Dupi,DupiS2,AB,2,29,47508,1,93,468,952,3352,1676,3352,3351.99999999999,1368.45300738345,0.994,2.25140797983489,3.35199999999999,54.5957181508429,56.6,54.452,1.38801453535849,-12.5079980569199,-7.497640338485,0.694007267679247,29.781444574274,27.9407407407407,31.996,2.29832053882407,-0.361804761693995,-6.76545843449373,1.14916026941203,37.3000958074934,37.408,37.384,2.00677713497895,0.739539338893508,-5.55213533243792,1.00338856748948,42.7933019510391,42.9174311926606,42.868,2.17319248842847,-8.8907603552152,-7.7898443789201,1.08659624421424,39.182273579773,43,38.956,1.08192597535371,-4.41342066946938,-8.41008316330155,0.540962987676856,29.8047508665034,27.9407407407407,32.2008547008547,2.38435807316571,-0.285626771215737,-6.74630628389031,1.11587957824155,36.3422510147754,36.4807692307692,36.3719008264463,1.88013882942904,0.984668787480168,-5.45894657223605,0.909987193443658,NaN,NaN,NaN,NaN,NaN,NaN,NaN,38.9638532698395,38.9026548672566,38.7863961813842,1.44129009008356,-1.93234427901647,-7.46818853865921,2.41560219098005,4.27350914522269,274,28,1,212,408,4,0.203796203796204,164,15.2891021331414,1,1376,-34.5896414342629,18.7011017233037,17,6.43843509587777,1.69033657320675,0.247576386428416,18.2579429731257,1
251002_Dupi_NMH_AB_2,audiobook,Dupi,DupiS2,AB,2,30,49184,1,93,456,970,3216,1716,3432,3216.00000000001,1295.23772316988,1.062,2.01723279304921,3.21600000000001,44.0298859147842,45,42.84,1.62198187045164,-5.47706749642761,-8.85203034448667,0.810990935225821,46.5673034680466,46.1971830985916,46.256,3.01070464432998,-6.61644926548704,-6.39600437727197,1.50535232216499,44.5598250393679,44.2941176470588,44.508,2.30987923762272,-6.07451990098583,-5.45788339265103,1.15493961881136,54.3776075789929,54.2758620689655,54.808,2.10555658095197,-10.8203592126304,-4.65339576100334,1.05277829047599,48.7277923279568,53.0769230769231,47.568,1.39460803169411,-10.8064353487687,-9.71880614657319,0.697304015847054,47.2910185365541,47.0261780104712,46.9561403508772,3.0130516655726,-7.06528119648821,-6.39389556288396,1.37395155950111,43.2160412521782,42.7762237762238,43.6575875486381,2.25316776241337,-5.72261985461016,-5.97400043875597,1.15812822988047,NaN,NaN,NaN,NaN,NaN,NaN,NaN,40.3482896405002,37.789156626506,40.7365967365967,1.49118028762013,-3.40861868822185,-7.21099175137662,2.55886537355615,5.14814991454455,264,49,1,138,512,6,0.255744255744256,172,19.745937136726,1,1576,-21.3386454183267,6.26009602858525,18,6.15703406016037,1.04242779971886,-0.369121347421441,16.0214021240045,1
251002_Dupi_NMH_AB_2,audiobook,Dupi,DupiS2,AB,2,31,50792,1,93,496,872,3030,1584,3168,3030,1471.08529978048,1.014,2.37107221474319,3.03,33.4940263765305,32.08,37.136,1.68160023891644,-1.918869684485,-6.37886244875315,0.840800119458219,54.9241809567561,NaN,53.36,0.506439266805639,-13.5256105789147,-7.81609075986588,0.25321963340282,39.6238472756289,39.49,40.476,1.82867287964448,-5.35137356448224,-7.2324444980051,0.91433643982224,33.4010445815733,32.8759124087591,34.648,2.29930564616726,1.18779299999129,-5.16741604422583,1.14965282308363,46.7749033245923,46.3703703703704,46.012,2.36774748529856,-5.91422545072163,-7.21936985761351,1.18387374264928,54.9486408883905,NaN,53.3790322580645,0.507361007121611,-13.5244957417234,-7.82823800672546,0.251651059532319,47.2696872787968,48,45.8563829787234,1.60172636014513,-9.03107743106486,-7.61497525599507,0.60224911141457,NaN,NaN,NaN,NaN,NaN,NaN,NaN,44.591540100977,43.7294372294372,45.3585858585859,2.40410686301521,-4.42040290194861,-7.63772399213543,3.80810527101609,5.80543822480658,1994,51,1,650,418,6,0.208791208791209,178,25.7464289444643,1,1570,-17.9351166761525,-36.7772732348234,27,9.30642569552175,1.23770948119899,-0.207630790180092,17.7698114730561,1
251002_Dupi_NMH_AB_2,audiobook,Dupi,DupiS2,AB,2,32,52307,1,93,564,1038,3212,1632,3264,3211.99999999999,1346.50174479709,1.06,1.99521075939647,3.21199999999999,38.543321134971,38.4134615384615,38.856,2.8182195703533,-0.668272372986204,-6.12591416687803,1.40910978517665,40.4584937900057,40.0848484848485,40.772,2.25703579335176,-5.41261272504578,-8.49140425754839,1.12851789667588,46.8299882018292,46.7103448275862,46.972,2.08729938040614,-10.1186386738754,-7.7586830180384,1.04364969020307,45.4665244967489,45.4878048780488,45.516,2.12193243907756,-9.45248786338994,-6.05722227432567,1.06096621953878,44.2392289027062,42.8830409356725,44.672,2.48583307179733,-0.712333798673062,-6.35218477505891,1.24291653589866,41.2511407267005,41.148717948718,41.4787234042553,2.27680285400132,-5.73925899356503,-8.6417266445059,1.28411680965674,46.7522356915302,46.6347826086957,46.8902953586498,1.99298457252609,-10.2447655046324,-7.53654702900002,0.944674687377365,NaN,NaN,NaN,NaN,NaN,NaN,NaN,43.8815597320877,43.0358126721763,44.3308823529412,1.87526494509039,-1.4142299928979,-6.67344075003137,3.06043239038752,4.64930802493479,1516,48,1,34,236,5,0.117882117882118,98,20.6083950195003,1,1880,0.881426674255364,14.8897346186772,23,5.72471680207973,1.24423765554671,-0.145220958312501,16.66813209224,1
251002_Dupi_NMH_AB_2,audiobook,Dupi,DupiS2,AB,2,33,53913,1,93,490,858,3102,1576,3152,3102,1289.70048426372,0.986,2.11171680720393,3.102,54.6444596143973,53.6494845360825,54.568,2.21057883890051,-10.379294563317,-8.05303660832837,1.10528941945025,54.4209230496491,54.3909090909091,54.592,2.35196099317106,-11.0391774904615,-8.35207332536918,1.17598049658553,50.6052683091524,50.1151832460733,50.756,2.28914882344567,-10.9299215073465,-3.5342916855466,1.14457441172284,40.2580795141769,40.0588235294118,40.38,2.48672284261871,-7.37682050423305,-6.07785364377678,1.24336142130936,34.5196683571357,34.6328125,34.548,1.70425998638301,0.564903358137665,-6.50437512450191,0.852129993191503,54.3978604025656,54.3909090909091,54.5428571428571,2.37868945702891,-11.0386406571184,-8.29104872639693,1.16555783394417,52.4093342870709,52,52.7608695652174,2.28340608637827,-10.7778636427079,-2.96953250373472,0.840293439787203,NaN,NaN,NaN,NaN,NaN,NaN,NaN,46.325592164094,45.374251497006,46.2677664974619,1.79537263432292,-3.8298135864948,-6.94170416684811,2.82950727169293,5.30670719741623,326,54,1,0,338,6,0.168831168831169,132,18.7099544680278,1,1676,-1.08176816543352,-14.1659842929989,26,8.0835789246746,0.996223150895634,-0.485498098599481,16.7774972688673,1
251002_Dupi_NMH_AB_2,audiobook,Dupi,DupiS2,AB,2,34,55464,1,93,540,1014,3368,1800,3600,3368.00000000001,1085.80485609486,1.112,1.56202224973849,3.36800000000001,47.128653010037,49.1458333333333,46.82,1.9233002356056,-5.03952350263576,-7.52400611031906,0.961650117802799,44.8803167465794,46.8979591836735,43.236,1.67050731771648,-4.76114832468349,-8.97758901398011,0.835253658858241,32.6883051295139,27.5263157894737,35.916,1.7608606338347,-3.61740314707995,-7.23219439730027,0.880430316917349,32.319318638613,32.3410404624277,32.5,2.54347345048886,2.03019155198017,-4.91856372093706,1.27173672524443,36.1259065003114,36.2142857142857,35.852,2.33429829365879,2.1268412942414,-5.33398208573744,1.16714914682939,44.6750139040905,46.8979591836735,43.1444444444444,1.66547774073822,-4.97947106810751,-8.90964769542853,0.899357979998637,31.9717967907237,27.5263157894737,35.2911392405063,1.76133475361761,-3.15867675811827,-7.07788652634664,0.834872673214748,NaN,NaN,NaN,NaN,NaN,NaN,NaN,49.8071656882893,50.1223241590214,48.0288888888889,1.85389883381244,-7.11998725369035,-8.27870423397695,3.33701790086239,4.59509851758307,1604,37,1,426,470,4,0.234765234765235,194,21.469527804274,1,1950,19.5203946120281,-33.216957605985,26,6.91289178889264,1.0915751184168,-0.561704365379442,18.6347970378394,1
251002_Dupi_NMH_AB_2,audiobook,Dupi,DupiS2,AB,2,35,57148,1,93,544,1060,3392,1790,3580,3392,1070.37487407002,1.128,1.50390823307366,3.392,48.119306389854,48,48.424,1.97093812721179,-10.6334022413003,-7.98617945835983,0.985469063605894,55.016733888176,53.5,55.124,1.58793512375779,-10.7089763829061,-8.14489834936444,0.793967561878897,28.4296144771502,27.3879781420765,29.528,2.59754046266697,0.0299268114739619,-5.38654605934643,1.29877023133348,30.6047147922527,30.5354330708661,30.968,2.02727205220296,0.388232630401496,-6.3547474758897,1.01363602610148,41.6923767960999,40.6553672316384,43.816,2.49776729039586,0.553741907722913,-5.28476675332714,1.24888364519793,54.9269650977483,53.5438596491228,54.9889705882353,1.59435238242702,-10.7330454215652,-8.07973081886905,0.867327696040298,27.0477076969015,26.8937198067633,27.3682170542636,2.75150381530797,0.512573245239982,-4.90372703517594,1.41977596869891,NaN,NaN,NaN,NaN,NaN,NaN,NaN,45.9453121865008,45.6302729528536,47.263687150838,1.94037042420204,-7.43783000991632,-7.19689811631649,3.47326305932165,5.03447029778758,988,27,1,686,384,6,0.191808191808192,142,24.5491368054066,1,1726,4.83817112502369,-53.3382960509175,33,10.3588832692059,0.965224384440989,-0.621069792951617,18.7042269504744,1
251002_Dupi_NMH_AB_2,audiobook,Dupi,DupiS2,AB,2,36,58844,1,93,550,1016,3290,1808,3616,3289.99999999999,1105.81995848456,1.098,1.61246113413166,3.28999999999999,47.6193213788446,47.8881578947368,48.212,2.81173952412151,-7.21752547731352,-7.56593503991042,1.40586976206075,54.8944621174493,55.2881355932203,54.572,1.93657973601536,-11.0280787765607,-6.63990555584473,0.96828986800768,52.4438307567466,54,51.396,1.46885183433082,-11.7467174632869,-5.81543660994092,0.734425917165408,31.0771234539699,30.963963963964,31.224,1.70433692433164,1.62721369541281,-6.15930507748681,0.85216846216582,30.1614412812635,27.3142857142857,34.272,1.77490572717314,-1.65029328568809,-7.47954352271741,0.887452863586568,55.0874930122534,55.5,54.7018181818182,2.132947313375,-10.7907429481126,-6.57823051892381,1.17312102235625,50.7702759782327,52.2758620689655,50.244635193133,1.15280551540331,-11.0415898701172,-5.83533391918503,0.537207370177943,NaN,NaN,NaN,NaN,NaN,NaN,NaN,39.2137825585655,38.299043062201,42.0730088495575,1.96592948563361,-0.522373395736674,-5.96718372247885,3.55440051002557,5.72289211160699,476,56,1,440,196,2,0.0979020979020979,114,22.0482136638024,1,1300,4.91026370707646,-9.91188074589644,30,12.3113222753094,1.56561791887808,0.0555995456032865,19.5145997995953,1
251002_Dupi_NMH_AB_2,audiobook,Dupi,DupiS2,AB,2,37,60489,1,93,542,978,3288,1816,3632,3288.00000000001,1095.74371957032,1.1,1.59822918105265,3.28800000000001,41.3226909829022,40.8876404494382,42.44,1.99347435322845,-4.2995076779252,-5.82946028438815,0.996737176614226,35.3809748829957,34.4117647058824,36.976,2.20801141680141,2.71802361712224,-3.98270681027751,1.1040057084007,52.6270862024084,56,50.808,0.917610215140363,-11.2988167211019,-11.1500879344226,0.458805107570181,44.6685647050922,44.0086206896552,45.396,2.11517941702786,-9.21620817589112,-8.71533545972317,1.05758970851393,49.3102958325991,49.7816901408451,48.556,2.24696514669012,-10.3717807778449,-7.59803995142711,1.12348257334506,35.5755916703079,34.4117647058824,37.5977859778598,2.07897370672402,2.38187289020858,-4.18775267640553,1.12680374904442,53.277829954684,56,51.5596330275229,0.959884355622117,-11.1770585867574,-11.8019771714347,0.418509579051243,NaN,NaN,NaN,NaN,NaN,NaN,NaN,52.0890328351179,52.3117647058824,51.5308370044053,1.88411848536313,-11.9211692360968,-5.91497153410443,3.42155916941944,4.97588757466374,0,37,1,0,396,5,0.197802197802198,156,22.7843657528418,1,1680,20.7751849743882,32.3340901477649,24,7.29619220259205,0.978107164693941,-0.519964379962636,14.7332650573253,1
251002_Dupi_NMH_AB_2,audiobook,Dupi,DupiS2,AB,2,38,62133,1,93,502,980,3316,1690,3380,3315.99999999999,1115.124027986,1.082,1.63253994066202,3.31599999999999,36.5905638105804,34.4056603773585,38.208,2.18571289541762,0.473239188529918,-4.42235658244197,1.09285644770881,32.8288115273239,32.7089947089947,32.84,2.83792486126038,4.46142204131474,-3.76920689335007,1.41896243063019,44.409253722875,48.4318181818182,42.876,1.4959046862976,-5.38685223856589,-7.27896201855746,0.747952343148801,39.8815834744653,40.3082706766917,40.12,2.30801431876217,-3.43266877921148,-6.11927029680492,1.15400715938108,43.0230920160235,42,45.484,1.47678045605625,-9.06209417955542,-6.74973883365239,0.738390228028123,32.8249325970542,32.7089947089947,32.8326693227092,2.83262642090623,4.45494399272213,-3.77522214472579,1.42197846329493,43.7755801785833,47.3823529411765,42.5439330543933,1.42808200878164,-5.3633467224023,-7.34951137541855,0.682623200197624,NaN,NaN,NaN,NaN,NaN,NaN,NaN,41.9753655269454,39.8362831858407,44.7112426035503,1.49699541570837,-6.55385888441581,-7.08978493492748,2.52992225254714,4.38631814859775,1384,38,1,144,448,5,0.223776223776224,140,16.894462542842,1,1724,-8.06146841206603,28.1991848736368,21,6.09099977779801,1.57107519880119,0.47631067286839,16.1213429970089,1
251002_Dupi_NMH_AB_2,audiobook,Dupi,DupiS2,AB,2,39,63791,1,93,498,998,3124,2002,4004,3124,1066.25502950991,1.124,1.52032137990755,3.124,52.0201367137127,50.6363636363636,52.896,0.99736432958888,-12.1542451152465,-8.39691604342368,0.49868216479444,49.353785553715,48.4677419354839,50.652,2.29176775682805,-9.17837798886226,-6.56184760664037,1.14588387841403,56.200522374044,56.0973451327434,56.152,1.98719517292646,-10.2494522049664,-8.11497444642472,0.993597586463232,56.1020734792848,56.9811320754717,55.64,1.83167446168606,-10.3928192613146,-9.70225159787686,0.915837230843031,47.6293378427659,46,48.268,1.27736570070598,-11.3512690273,-10.3168393715094,0.638682850352989,49.3448651519335,48.4677419354839,50.6345381526104,2.29734209395704,-9.16888523605445,-6.55501527301984,1.1440763627906,56.2035356628122,56.1071428571429,56.152,1.98221983810272,-10.2549666330774,-8.11519858168476,0.991109919051359,NaN,NaN,NaN,NaN,NaN,NaN,NaN,45.6975537231972,45.9717741935484,46.6986986986987,2.06692534312786,-2.50757511740453,-7.26238340623475,4.12971683556946,4.91967926572437,108,48,1,76,244,5,0.121878121878122,136,22.0766242046107,1,1452,20.0903054448871,6.97640227788736,12,4.38580121819221,1.48826893529699,0.196968716665869,13.3644718127485,1
251002_Dupi_NMH_AB_2,audiobook,Dupi,DupiS2,AB,2,40,65353,1,93,468,1032,2936,1748,3496,2936.00000000001,1857.21013227322,1.308,2.6697543739802,2.93600000000001,42.7254428476218,42.7391304347826,45.444,2.70713049536804,-0.172650733085372,-5.76116732988254,1.35356524768402,54.2985068228775,54.1153846153846,54.564,2.08484930614207,-9.64813727584032,-9.03521868043718,1.04242465307103,49.0316151675903,44.6875,51.432,1.23612136230626,-9.83169799996404,-7.81127839374245,0.618060681153129,45.7799300456312,45.7862068965517,45.8,2.07038395882308,-8.20286254329248,-8.6123257827176,1.03519197941154,49.7478097539189,49.6565656565657,49.872,2.39482897152397,-9.77271024693939,-5.84536026207581,1.19741448576199,54.1884427061711,54.1153846153846,54.3290598290598,2.16308368462994,-9.55936575232029,-8.88546377519268,1.01232316440681,48.9579760622797,44.765625,51.4397163120567,1.29153971585441,-9.71071823767761,-7.94092706020123,0.728428399741885,NaN,NaN,NaN,NaN,NaN,NaN,NaN,50.642646226194,50.4804928131417,51.2688787185355,2.17917547031355,-7.77924022111726,-8.26502227471543,3.80919872210809,3.41369218775385,1134,45,1,16,158,6,0.0789210789210789,52,28.8334931543007,1,1900,13.1295769303737,-13.9509435366807,14,3.95629148750994,1.38142441597954,-0.00798723827045049,14.6818555091224,1
251002_Dupi_NMH_AB_2,audiobook,Dupi,DupiS2,AB,2,41,66821,1,93,524,996,2706,1616,3232,2706.00000000002,1622.81168677808,1.104,2.49861849674524,2.70600000000002,47.3656416535347,48.1538461538462,47.004,1.86082824608416,-9.24121647762117,-8.92894947539429,0.930414123042078,55.8360280025879,56.251968503937,55.832,1.77544992588243,-10.8229736854345,-9.58078446664753,0.887724962941214,40.337555749771,42,41.596,1.00981159146574,-4.72647843434253,-8.6774446017999,0.504905795732868,36.2607695869408,36.0896551724138,36.448,2.22081604652565,0.800450161592594,-6.30040732708488,1.11040802326283,44.5950884770209,43.6153846153846,45.768,2.19744806586846,-6.95204461212604,-6.85991694626896,1.09872403293423,55.8317038699935,56.251968503937,55.793893129771,1.70293961109676,-10.9013783465937,-9.65238411109062,0.892340356214703,40.2164036519174,42,40.9449152542373,1.05318705175723,-4.55545520373353,-8.56475604849842,0.497104288429413,NaN,NaN,NaN,NaN,NaN,NaN,NaN,34.2222196248354,34.3906581740977,34.8044554455446,2.30080829182054,-0.302592759118027,-6.04618607884774,3.718106199582,4.42927433757615,1844,44,1,0,324,5,0.161838161838162,108,15.2758815734028,1,890,15.5461961677101,-35.5260170469349,23,8.27863678172523,1.1627466739106,-0.327303773272098,16.0784130026738,1
251002_Dupi_NMH_AB_2,audiobook,Dupi,DupiS2,AB,2,42,68174,1,93,562,1152,2762,1610,3220,2762,1344.76194116521,1.126,2.13212060820055,2.762,29.334406825395,29.9351351351351,30.056,2.85492970627427,1.45352038195777,-5.2682023109143,1.42746485313713,33.6039506094325,33.6100628930818,33.672,1.96625566367537,1.60396050111199,-6.2500198789596,0.983127831837687,38.584151403011,38.8760330578512,38.532,2.14747735474682,-2.10427007059634,-7.76346180051426,1.07373867737341,44.6226000735033,44.9684210526316,45.492,2.72890959058677,-5.54405697067609,-7.86131908825593,1.36445479529338,50.405844928011,51,49.512,1.27168807858371,-12.3521876331341,-7.74277727297085,0.635844039291856,33.8171485299217,33.8941176470588,33.8113879003559,1.96983345098455,1.46367288226129,-6.25144781774183,1.10704639945331,39.6332861142556,39.7336956521739,39.5423728813559,2.59789813898133,-2.29122228162024,-7.77454254576565,1.53275990199899,NaN,NaN,NaN,NaN,NaN,NaN,NaN,54.8100389640678,55.5428571428571,54.1453416149068,1.57181606479202,-11.5456554446207,-9.64063751449494,2.53062386431516,4.86912278072409,1050,40,1,440,370,6,0.184815184815185,184,10.3478014217863,1,1068,-2.64541832669322,11.0740871701344,18,6.28904006958343,1.13040867714242,-0.424612062029959,15.8607261810489,1
251002_Dupi_NMH_AB_2,audiobook,Dupi,DupiS2,AB,2,43,69555,1,93,554,1020,3254,1628,3256,3253.99999999999,1326.41417493758,1.084,2.10028134223527,3.25399999999999,57.2347264835973,57.12,57.388,2.12862033191097,-10.8143838019032,-9.36126599921324,1.06431016595548,51.6979745478321,48.5555555555556,53.288,1.78146099851972,-11.3875762942259,-11.2590836342086,0.890730499259858,44.0355041249494,43.5988372093023,42.9,2.60172647508617,-3.16184988777789,-7.93032853174358,1.30086323754308,33.715532568718,35.5363636363636,33.296,1.86343083357283,-2.80375352040522,-8.5575797342775,0.931715416786415,40.3287398052079,36.7945205479452,42.264,2.33732299949717,-3.60467368861076,-6.15970513226568,1.16866149974858,51.1636249548143,48.6507936507937,52.870036101083,2.0048986566069,-11.0138370287532,-11.1488327132873,1.11071385576022,42.9332877966859,42.4903225806452,42.1115879828326,2.42965860858958,-2.92807217182876,-7.79283127512099,1.13222091160274,NaN,NaN,NaN,NaN,NaN,NaN,NaN,38.4609771939964,38.4828571428571,38.6769041769042,2.16146530033023,-1.91754404386001,-7.01213291033672,3.51886550893761,4.87419896346937,572,49,1,460,366,7,0.182817182817183,154,17.8180661412253,1,1414,-26.1316638209069,-21.2715412960137,22,7.74647679881305,1.54766681056212,-0.0502602866294596,17.9600694225557,1
251002_Dupi_NMH_AB_2,audiobook,Dupi,DupiS2,AB,2,44,71182,1,93,514,1026,2676,1654,3308,2675.99999999999,1150.65360915258,1.11,1.70326119864138,2.67599999999999,47.8923444835967,NaN,46.664,1.07360506225394,-11.9732189424867,-8.47767000721188,0.536802531126972,53.3329971935495,53.171974522293,53.756,2.61144460272132,-9.38319112461095,-9.34108282263582,1.30572230136066,53.8521012574492,53.8350515463918,53.812,1.73890234848155,-10.9057447020504,-10.1677976931269,0.869451174240775,56.6390039434436,56.6055555555556,56.736,2.41051825976888,-9.62439537082951,-6.87584673217215,1.20525912988444,45.3165465072182,45.3028846153846,45.644,2.77074513437964,-7.51972179900382,-9.18268306462398,1.38537256718982,53.2601595837195,53.0792682926829,53.6809338521401,2.6221818958144,-9.37436863092137,-9.36296598976149,1.3478014944486,54.1063972484572,54.1182795698925,54,1.70918520623178,-10.9646059332107,-10.0628082251976,0.875102825590669,NaN,NaN,NaN,NaN,NaN,NaN,NaN,40.5285248354022,41.1924603174603,41.1970979443773,2.32883431884996,-3.36870664368029,-7.67732722589011,3.85189196337784,4.84270961932283,366,52,1,280,550,7,0.274725274725275,144,62.8675287878391,1,1986,-8.58926199962056,4.54209625190753,17,5.04774757923839,1.20098211269967,-0.311831107668888,16.8356213084466,1
251002_Dupi_NMH_AB_2,audiobook,Dupi,DupiS2,AB,2,45,72520,1,93,522,1010,2904,1454,2908,2904,1554.50734520692,1.028,2.51748333287527,2.904,37.3358219544642,37.2758620689655,36.284,2.15559189756064,-0.214017334199383,-5.40944597138564,1.07779594878032,41.6246727105695,39.1290322580645,40.476,1.0992091874582,-4.649489158255,-9.35373357804156,0.549604593729099,33.5805225661592,32.8421052631579,34.808,2.01669868151991,1.83612346804323,-5.63835272965822,1.00834934075996,36.2808574630359,36.1304347826087,36.32,1.42408385603167,1.44786895935337,-6.11846627936505,0.712041928015835,33.2913711668737,33.0680628272251,33.556,2.300648904917,3.43123656024214,-5.19651875195945,1.1503244524585,41.477505134179,39.1290322580645,40.0766283524904,1.06767120333467,-4.45478848202899,-9.32879846075082,0.557324368140696,33.6307140186264,32.8421052631579,35.0245901639344,2.06889992425413,1.89928361423467,-5.56662861166182,1.00962316303602,NaN,NaN,NaN,NaN,NaN,NaN,NaN,35.8097189753213,36.0582959641256,34.8913342503439,2.31883061821148,1.40456536493545,-5.83111764949553,3.37157971887949,4.42111654057429,848,33,1,0,196,2,0.0979020979020979,166,39.234960388877,1,1832,-22.4833997343958,-13.0050805821268,15,3.46484341814154,1.44696709182376,0.0451421787824021,19.78400193489,1
251002_Dupi_NMH_AB_2,audiobook,Dupi,DupiS2,AB,2,46,73972,1,93,552,1034,3036,1598,3196,3036,1290.25597610081,1.112,1.84212369255598,3.036,50.5218009560651,51.0860927152318,50.88,2.24412907449045,-8.68513080108246,-5.81591514342251,1.12206453724523,51.7018634470428,51.3734939759036,51.684,1.59911068038239,-11.1539384316637,-6.90008182953682,0.799555340191197,47.5890674711711,47.7007299270073,46.68,2.25719954802213,-8.15681918073814,-5.51808046649783,1.12859977401106,34.9878154481753,40,34.868,1.3894392880338,-0.339216168990581,-6.34655048456266,0.6947196440169,38.6291425204309,35.7977528089888,40.868,1.79650372650083,-1.3150798096351,-7.56081778976892,0.898251863250413,52.0002603419382,51.7614678899083,51.8079710144928,1.88080126958973,-10.7061314717442,-6.39485996725193,1.03820230081353,45.776558577044,46.4594594594595,45.2572614107884,1.91424898457795,-7.15170315557153,-5.90689154979137,0.922668010566573,NaN,NaN,NaN,NaN,NaN,NaN,NaN,43.8089559979712,45.521875,42.7709637046308,1.85015133549964,-2.59340909331748,-7.28448722985496,2.95654183412842,4.96944374064967,522,53,1,472,212,2,0.105894105894106,110,10.160060195397,1,656,21.8592297476759,-19.278948152008,21,7.84325743021127,0.593390662828035,-0.901449985934506,13.3244388213998,1
251002_Dupi_NMH_AB_2,audiobook,Dupi,DupiS2,AB,2,47,75490,1,93,508,938,2624,1470,2940,2624.00000000002,1148.17174515357,0.994,1.89504995619814,2.62400000000002,50.7446558593488,56,48.684,1.99855113695254,-4.92244366592919,-7.39762326862569,0.999275568476272,34.2396033410464,35,33.596,1.05098076468838,-0.476643902317725,-7.25641272594193,0.525490382344191,55.5181615016058,58,54.264,1.81255305743456,-10.8590649633592,-6.04458482414886,0.906276528717282,48.8391243005434,48.7432432432432,48.86,1.62363762150693,-11.2689935092374,-10.3170867208316,0.811818810753467,47.1129664502475,46.562962962963,47.584,2.4342889479377,-10.623791921733,-5.62240546124617,1.21714447396885,34.3403597826116,35,33.744094488189,1.04646566071623,-0.541814525478044,-7.28705276038816,0.531604555643844,55.4737643191828,58,54.1023255813953,1.89599896971233,-10.6949070312081,-5.88599647301359,0.815279556976301,NaN,NaN,NaN,NaN,NaN,NaN,NaN,47.040174915614,46.7073170731707,47.2299319727891,2.07732692394249,-10.1389439487974,-6.06804727162295,3.05367057819546,4.03782687616913,1656,46,1,700,240,4,0.11988011988012,72,15.5961685222866,1,1394,20.3001328021248,41.0750176796814,23,6.48515043909229,1.69105314243295,0.126468743965038,20.170014045177,1
251002_Dupi_NMH_AB_2,audiobook,Dupi,DupiS2,AB,2,48,76802,1,93,462,1060,3104,1566,3132,3103.99999999998,1421.18941489289,1.068,2.27776991660589,3.10399999999998,47.2223555697539,47.1712328767123,47.304,2.09511065790763,-10.6617872224882,-6.65331943002822,1.04755532895381,42.5787058722616,42.3935483870968,43.028,2.08823197634842,-6.98012182186969,-7.99943456174252,1.04411598817421,49.8781610142258,50.430303030303,50.192,2.48932126241843,-9.51907662212589,-7.86050737414512,1.24466063120922,52.6750426941033,53,52.364,1.21317048253996,-12.0671908864806,-7.20642425274555,0.606585241269981,37.332316698453,31.5375,40.9,1.71931492715867,-0.942334572394555,-7.00583642631785,0.859657463579337,42.6387703128703,42.4357142857143,43.1125541125541,2.04748126158352,-6.96478438490692,-8.02927772891544,0.945936342851586,49.6271984921679,50.0402010050251,49.9531772575251,2.46195610586578,-9.46159353430608,-7.85736138499908,1.47224975130773,NaN,NaN,NaN,NaN,NaN,NaN,NaN,36.7408373765659,34.8686131386861,36.3831417624521,1.66317611437446,-1.34054752379781,-6.67171416537779,2.60453379511041,4.16894156591052,960,53,1,42,336,7,0.167832167832168,70,15.5478316771616,1,1254,-19.3204325554923,24.2742956042729,27,8.22333244180184,1.28574947183637,-0.207932151595539,16.6069087065932,1
251002_Dupi_NMH_AB_2,audiobook,Dupi,DupiS2,AB,2,49,78354,1,93,484,998,3234,1518,3036,3234.00000000001,1254.81084334371,1.028,2.01740616041951,3.23400000000001,29.3907062476547,29.6451612903226,29.88,1.10437206352555,-1.03934701676953,-7.09837330849617,0.552186031762773,48.1338418563012,49.0952380952381,45.18,2.0124163622125,-6.21770329790754,-8.60937404017115,1.00620818110625,50.4894849478831,51.4520547945205,48.424,1.42564600125911,-10.2282898995849,-7.65290196815844,0.712823000629554,33.0892422853801,33.0819672131148,33.276,2.13786005762095,3.42437819562056,-5.32492260226655,1.06893002881048,42.3245799889756,43.4397590361446,39.256,2.62744699728216,-4.41144191033325,-6.83985129965478,1.31372349864108,48.0133582595099,48.9237288135593,44.9669421487603,2.00939749609806,-6.13568633344807,-8.57107263309335,0.972548388111462,50.5467224918087,51.4691358024691,48.556420233463,1.45140811691984,-10.2189483393537,-7.70911176253612,0.746023772096796,NaN,NaN,NaN,NaN,NaN,NaN,NaN,42.0738614309744,41.1988416988417,41.4703557312253,2.64417908079069,-3.0792857164451,-7.17708382491947,4.01386384464026,6.51274742735693,1532,47,1,334,416,8,0.207792207792208,110,47.2106463616659,1,1466,38.6158224245874,-5.08235009491198,28,9.59868806150631,1.29877511547891,0.0640819628181851,16.7239040977946,1
251002_Dupi_NMH_AB_2,audiobook,Dupi,DupiS2,AB,2,50,79971,1,93,532,1012,3160,1622,3244,3160,1226.29360416079,1.084,1.79339937737982,3.16,41.0548787509424,40.5955882352941,41.284,2.26987927511319,-4.64433194366228,-7.92424229547609,1.1349396375566,35.088430326086,37,34.764,1.19214595488593,-1.52985597194027,-7.6378871705342,0.596072977442963,49.796510263718,50,49.316,1.12030304112654,-11.0679927809351,-10.2382574785475,0.56015152056327,48.6533638846992,49.2347826086957,48.204,1.90118476104716,-9.40011631493282,-6.27030254155428,0.950592380523579,56.1223839368446,56.5343511450382,55.512,2.15563194619737,-8.89283515509685,-6.60982921717936,1.07781597309869,35.2402388542354,37,35.1992481203008,1.14560035989328,-1.75631413374421,-7.78335394647201,0.609459391463226,49.9880159147182,50,49.8208333333333,1.19842497939556,-11.148021173766,-10.0443793572509,0.575243990109869,NaN,NaN,NaN,NaN,NaN,NaN,NaN,50.7419082883382,51.1208576998051,50.9482120838471,2.27740658361285,-6.87324593849362,-6.30624826273746,3.69395347862004,4.28382036623772,1562,55,1,0,288,5,0.143856143856144,86,12.8474749767722,1,1300,7.0017074558907,30.8927308594186,21,6.10477815952356,1.56975662415954,0.206954483206194,18.5953720475902,1
251002_Dupi_NMH_AB_2,audiobook,Dupi,DupiS2,AB,2,51,81551,1,93,524,904,3364,1574,3148,3364,1075.13745907945,1.048,1.70594188436793,3.364,45.0985023237335,45.1183431952663,45.316,2.57859046635181,-8.68752898278769,-7.5087733801301,1.2892952331759,39.7326361825036,38,40.932,1.36211330165414,-5.57724162063506,-8.07375443047148,0.681056650827072,32.5251718491697,32.0074626865672,33.492,1.97149168385403,-0.76851814873867,-6.41988079498272,0.985745841927017,36.6411667190636,34.5294117647059,38.1,1.11077084088971,-2.65733633595009,-7.82151918575636,0.555385420444855,35.4475925293147,34.4639175257732,36.16,1.54773153799864,-2.03719166143261,-7.658983414953,0.77386576899932,39.7214378242866,38,40.8435114503817,1.31990114743845,-5.59368939496244,-8.14629050906952,0.691628201257749,33.3965817902816,32.9380530973451,34.3894736842105,2.14030775132698,-0.81594716366106,-6.29554758619435,0.813316945504253,NaN,NaN,NaN,NaN,NaN,NaN,NaN,35.2918693619159,35.9959183673469,34.9796696315121,1.41934408190647,-1.22857479149455,-7.34929247028549,2.23404758492079,3.15620558632384,844,27,1,680,70,2,0.034965034965035,58,3.98084208873441,1,442,-23.0294061847847,-15.1871254699073,16,5.06938088471779,1.04891448280952,-0.682345858130409,16.1532060684185,1
251002_Dupi_NMH_AB_2,audiobook,Dupi,DupiS2,AB,2,52,83233,1,93,442,1090,3452,1698,3396,3452,876.069297841448,1.108,1.2070125915276,3.452,52.2534033402592,54.6811594202899,50.236,2.29339481821979,-7.22480145645748,-9.27605508925314,1.1466974091099,39.6830705900481,43.4347826086956,38.612,1.19004705384954,-3.62489557977278,-7.53968421678569,0.595023526924768,43.5108990587452,43.347619047619,43.7,2.58043060385081,-7.20176732340869,-8.47549396507094,1.2902153019254,36.6223411621177,36.0493827160494,37.632,2.50010001106425,0.833052653212915,-4.76423348726641,1.25005000553213,53.0157658040445,58,52.016,0.819331095352019,-13.7378600404891,-8.92829267957514,0.409665547676009,38.4299235011296,NaN,37.9773755656109,1.00698611433869,-3.2502466061196,-7.77871425373355,0.445087862537702,42.7386479980349,42.745247148289,42.6697530864198,2.55069150482787,-5.95813036520551,-7.62185975165195,1.65284809512846,NaN,NaN,NaN,NaN,NaN,NaN,NaN,46.6149102623938,47.3709016393443,48.2497055359246,2.08947557967557,-3.89032360523417,-7.23152006625589,3.54792953428912,4.48827496654094,1192,32,1,472,338,8,0.168831168831169,126,12.5325437368288,1,1224,1.58869284765699,15.7438493318942,26,5.8783798046045,1.08823977323486,-0.323306115876979,16.3891443869144,1
251002_Dupi_NMH_AB_2,audiobook,Dupi,DupiS2,AB,2,53,84959,1,93,494,984,2948,2232,4464,2948.00000000001,824.923361651413,1.16,1.22159090082003,2.94800000000001,29.7906999547567,25.8878504672897,34.148,1.67737003301119,-3.31062438233864,-7.65490820592167,0.838685016505597,50.5942523477362,50.7293233082707,50.552,1.88885829555629,-10.4800346310175,-7.66010423229178,0.944429147778146,56.1198647497965,56.53125,56.072,1.69272107004875,-10.7725524239245,-8.30569331477385,0.846360535024377,54.0581196385693,54.1733870967742,54.176,2.97005567779954,-9.10239736962835,-8.23270184269258,1.48502783889977,43.8463914457295,41.954954954955,45.54,1.95598853775413,-5.57048885262599,-7.45224928330117,0.977994268877063,50.5863250556816,50.7230769230769,50.5465587044534,1.87516389222857,-10.4989456311691,-7.69120460212438,0.926330962760913,56.0131660519087,56.3789473684211,56.0122448979592,1.69853479734266,-10.7538351948563,-8.25657912685655,0.832282050697905,NaN,NaN,NaN,NaN,NaN,NaN,NaN,41.2482786032227,41.6396588486141,41.5463800904977,2.23498407024248,-3.73116610745388,-8.14054159587437,3.9514518361887,4.99475643885048,1424,52,1,382,348,8,0.173826173826174,90,13.7368099848295,1,1624,2.62151394422312,10.1670264636915,20,5.68411267459956,1.37926108181147,0.0565827296368424,12.9618989320791,1
251002_Dupi_NMH_AB_2,audiobook,Dupi,DupiS2,AB,2,54,86433,1,93,506,974,2956,1390,2780,2955.99999999999,1774.17184996157,0.968,3.01809355037565,2.95599999999999,39.8790273085312,41,38.184,1.43548497300649,-3.98839348949478,-7.86284153531312,0.717742486503245,49.1931113136182,49,49.016,2.1288121455299,-10.583537777875,-9.51650816813335,1.06440607276495,39.7414664429967,38.5308641975309,41.084,1.57977818354787,-3.77146386251395,-9.77882107801078,0.789889091773937,48.3661673709287,50,46.816,1.15523522104545,-8.78128215915391,-9.58453417755349,0.577617610522724,33.8369125381366,33,33.908,1.42430366882488,2.09901991371994,-6.35153093822176,0.712151834412439,49.1913537240021,49,49.0158102766798,2.12289066014491,-10.5983856645116,-9.5462868025355,1.07418267403333,39.650557381948,38.5308641975309,41.1538461538462,1.64153655846927,-3.67286144133693,-9.68666494801352,0.76823910936362,NaN,NaN,NaN,NaN,NaN,NaN,NaN,39.0500027832122,41.9233716475096,37.6920863309353,1.99280976278694,0.279706924099216,-5.833018734445,2.77000557027385,5.62253721274754,422,49,1,346,214,2,0.106893106893107,128,18.5479872774228,1,1470,4.97552646556629,-20.0680202478877,17,6.29702748884793,1.96967993689787,0.568666695094755,19.3761090363959,1
251002_Dupi_NMH_AB_2,audiobook,Dupi,DupiS2,AB,2,55,87911,1,93,488,1016,3102,1636,3272,3102,1183.43450079741,1.058,1.83646659742093,3.102,37.2745148096121,38.662447257384,38.72,3.18466366674942,-0.78540905039282,-4.36202293692721,1.59233183337471,25.3461843471632,25.3576642335766,25.376,2.17615445416784,-0.81848555433639,-7.77210376433667,1.08807722708392,35.8721242899625,32,40.1,1.44368517018929,-1.1987790559203,-7.21126364435172,0.721842585094644,45.4922906309399,45.3571428571429,45.2,1.53535689662752,-8.72760023210132,-11.1217688570015,0.767678448313758,43.5329467023727,43.5847953216374,42.848,2.31175910685581,-1.19312062810927,-6.22758492679197,1.1558795534279,25.347220666132,25.3576642335766,25.3852459016393,2.22301175968996,-0.753124585448568,-7.74086969350189,1.0848297387287,36.029488630105,32,40.0871212121212,1.39217876585145,-1.38118612025093,-7.28924827455579,0.735070388369567,NaN,NaN,NaN,NaN,NaN,NaN,NaN,44.0987781150271,43.3977272727273,44.9156479217604,2.01233501464941,-2.11204000956021,-7.12277234347657,3.29218008396644,4.271620540694,382,25,1,148,388,8,0.193806193806194,88,11.9260925092548,1,972,-1.1064314171884,39.6079763278371,26,9.47544406700489,0.503712164339594,-0.979187060570827,11.0107195407032,1
251002_Dupi_NMH_AB_2,audiobook,Dupi,DupiS2,AB,2,56,89462,1,93,532,1050,3382,1648,3296,3382.00000000001,1527.87725767585,1.098,2.2660477644981,3.38200000000001,47.0746790163166,45.7826086956522,48.432,1.52445184054548,-10.1409577280372,-7.9108176426274,0.762225920272741,39.8933982576087,38,41.368,1.66386347522444,-5.89974166276475,-8.60463205853561,0.83193173761222,34.3621078181594,30.2941176470588,37.072,1.39198961738433,-1.02286039037735,-6.36098534986876,0.695994808692165,36.7136335746805,36.2887323943662,36.936,1.94940528981832,-1.7352087139347,-6.28776963605724,0.974702644909161,38.0976546316862,37.9668508287293,39.044,2.4036290466335,0.262061408376606,-5.41957955859359,1.20181452331675,40.3134541731928,38,41.7669172932331,1.64923930821298,-6.13368279818449,-8.5837764735165,0.877395311969307,33.4995195137231,31.2795698924731,36.0965250965251,1.50285143473223,-0.270375266886441,-5.8959350606359,0.778477043191293,NaN,NaN,NaN,NaN,NaN,NaN,NaN,49.2096533867285,48.7480769230769,48.9417475728155,2.37939377422486,-6.3080468055363,-6.94960845735078,3.92124093992257,3.59300739840618,1936,46,1,30,206,5,0.102897102897103,96,12.3768646651693,1,1254,26.9216467463479,-18.5611530874307,17,5.29573337536872,1.24437642820394,-0.0877788798709212,15.49389098916,1
251002_Dupi_NMH_AB_2,audiobook,Dupi,DupiS2,AB,2,57,91153,1,93,490,938,3208,1720,3440,3208,1020.00716525638,1.058,1.56194614582406,3.208,55.480745523819,55.4569536423841,55.44,2.60058326544778,-8.07988305779954,-5.66964404558484,1.30029163272389,56.0337945566392,55.511811023622,55.804,1.89640242617568,-10.3755231504221,-8.80099684708376,0.948201213087839,48.1382371512956,48,48.944,1.38443984198467,-11.2733283175479,-10.8201285513281,0.692219920992333,45.6667028888441,49.9024390243902,40.044,1.29071117907907,-5.92375788889974,-7.86629051540558,0.645355589539536,41.3851722806056,41.4012345679012,41.828,2.67142127747099,-5.40206535921287,-6.51851438998203,1.33571063873549,56.0480170545292,55.511811023622,55.8816326530612,1.92830562718979,-10.3203222746741,-8.79229961461967,0.944869757322996,48.1692441786919,48,49.1428571428571,1.43780442503392,-11.2117790635596,-10.9858263050891,0.644136382415197,NaN,NaN,NaN,NaN,NaN,NaN,NaN,36.3797784060965,35.8861047835991,37.3709302325581,2.12686062087131,-1.47886136580888,-6.51680745959273,3.65820026789865,4.69542747924358,1884,40,1,1518,192,2,0.0959040959040959,162,9.7964556555936,1,1182,1.28628343767785,-16.5526482301708,19,5.94973539827474,1.43247209126827,-0.171878549536228,17.8428268258519,1
251002_Dupi_NMH_AB_2,audiobook,Dupi,DupiS2,AB,2,58,92757,1,93,526,1128,3150,1660,3320,3149.99999999998,1139.61845391964,1.15,1.72204313434786,3.14999999999998,48.1980656575398,48,49.388,0.306094242199066,-12.4611625416557,-11.4317550044464,0.153047121099533,28.5926036789551,26.1011235955056,35.484,1.54049856340229,-2.71006933581082,-7.30874322343821,0.770249281701144,49.3293299117062,50.2285714285714,49.104,2.03123160456085,-10.2474240202357,-8.15185568312737,1.01561580228042,52.7337704572154,53.4207650273224,52.012,2.21877232590837,-9.94342761090337,-9.77465161242305,1.10938616295419,40.1377595305775,40.1666666666667,39.816,2.24320452079187,0.157044152081953,-5.42387955049562,1.12160226039593,29.499656090937,26.1011235955056,36.2053231939163,1.52740790919355,-2.90227791706667,-7.28414183467976,0.80341656023581,49.2854397629759,50.7615384615385,48.8139534883721,1.9604792298841,-9.93626872720342,-8.64602357188217,1.18020849639023,NaN,NaN,NaN,NaN,NaN,NaN,NaN,46.2152620845811,46.0514138817481,47.1867469879518,2.24166171109294,-3.21734502973449,-5.82463796369441,3.72115844041428,4.16353488044722,154,26,1,66,356,6,0.177822177822178,132,13.3392687398897,1,1414,51.5150825270347,12.4283507648789,28,10.9019939541471,1.4954698497568,-0.0858685081975949,16.3345818523166,1
251002_Dupi_NMH_AB_2,audiobook,Dupi,DupiS2,AB,2,59,94332,1,93,500,960,1942,1612,3224,1942.00000000001,1319.37663833716,1.034,2.12119678026755,1.94200000000001,35.2434383799888,32.8987341772152,36.604,1.71347466952493,-0.0465611822895548,-5.5633217369238,0.856737334762467,44.9077678725651,44.9090909090909,44.76,2.14709937033128,-7.49549964631706,-9.31174136129874,1.07354968516564,43.2669737197497,43.2953367875648,43.244,2.56167175794978,-4.55121222219803,-5.54950516424217,1.28083587897489,53.2560243369123,53.8674698795181,52.356,1.53148609818642,-9.23379667819488,-7.60974669219929,0.765743049093208,51.7041941706836,51.8212290502793,51.656,2.43309563604022,-9.36034018289637,-8.42726050716917,1.21654781802011,44.9077678725651,44.9090909090909,44.76,2.14709937033128,-7.49549964631706,-9.31174136129874,1.07354968516564,43.2199914873677,43.2568306010929,43.1782608695652,2.61671157588739,-4.44495148685001,-5.54758074605744,1.2036873249082,NaN,NaN,NaN,NaN,NaN,NaN,NaN,49.2623049977279,49.3690476190476,49.1935483870968,1.84174242589714,-9.12239006932599,-7.43964703154228,2.96888879054619,4.4468906703103,1584,51,1,180,438,9,0.218781218781219,86,16.7298581367174,1,1558,-5.07987099222158,-2.31547995682436,15,4.95011802670006,1.0626011237355,-0.42173833671391,15.0181788103928,1
251002_Dupi_NMH_AB_2,audiobook,Dupi,DupiS2,AB,2,60,95303,1,93,1436,2210,4086,2456,4912,4086.00000000001,1737.94587419708,1.96,1.92285812279169,4.08600000000001,54.2674045991712,54.331550802139,54.016,2.5870497732756,-9.07698994820181,-8.96901368182024,1.2935248866378,30.1615973888688,NaN,29.792,1.09564902838007,-1.60698401415754,-7.35158953601597,0.547824514190035,44.7776248509018,45.5144230769231,43.936,2.76106147523967,-4.45979425260493,-6.10372472767007,1.38053073761983,41.9014454020217,42,41.868,1.4948666878285,-8.23452503225668,-8.96496964348619,0.74743334391425,35.6328763043981,35.5,36.516,1.84046322036617,-4.3866308404624,-6.27887370025217,0.920231610183086,40.981325756444,44.6875,38.4220055710306,1.81401716302673,-3.86341599125961,-7.27713453304593,2.60492864610639,34.9480713597196,33.9,36.6899224806202,1.84600653022543,-4.39699595036835,-6.8324188647699,1.42880905439448,NaN,NaN,NaN,NaN,NaN,NaN,NaN,44.4755942266533,45.1897810218978,44.2305699481865,1.81575203111649,-2.14177971634576,-7.1228978869602,2.80352113604386,5.41868065274847,638,43,1,592,344,6,0.171828171828172,156,20.1855619812855,1,1140,-15.4262948207171,35.5680760784606,22,6.03749255936803,1.8919726851772,0.518896655240308,19.3312321328992,1
251002_Dupi_NMH_AB_2,audiobook,Dupi,DupiS2,AB,2,61,97346,1,93,530,918,3216,1318,2636,3215.99999999998,1952.52214678637,0.948,3.2710977557892,3.21599999999998,56.5777443121174,58,55.632,1.39976276102317,-10.3624087854706,-7.23085514212346,0.699881380511585,45.6052632104765,44.9590643274854,46.048,2.48293462997008,-8.42899392742202,-6.87195469496632,1.24146731498504,54.0128821754983,54.6666666666667,53.388,2.13332921558337,-10.9849870133279,-7.61830094087742,1.06666460779168,39.5283376707765,40.6513157894737,38.616,2.27662188004659,-1.08486820101257,-6.77364578582996,1.1383109400233,39.3054898874561,39.6965517241379,37.896,2.01434689588024,-1.34710711835405,-6.92380848571798,1.00717344794012,45.8259052307033,45.2896174863388,46.2716981132075,2.46620960395098,-8.46500890144787,-6.78659444778461,1.30709109009402,53.9331373083314,54.92,53.0979381443299,2.15208088035892,-10.8770427577143,-7.78147262262519,0.835007381579261,NaN,NaN,NaN,NaN,NaN,NaN,NaN,33.7564539694801,35.2350877192982,33.0227617602428,1.99852922576669,0.239631792492681,-5.62050081977411,2.6340615195605,4.64795766881443,118,45,1,24,456,7,0.227772227772228,158,28.7279385088321,1,1744,9.48321001707455,17.7735698068262,20,6.26184905814636,2.22688529728229,1.17922997924706,17.2952376721449,1
251002_Dupi_NMH_AB_2,audiobook,Dupi,DupiS2,AB,2,62,98954,1,93,528,1100,3024,1496,2992,3024,1834.6726762548,1.052,2.7714515457888,3.024,56.1238374766049,56.4044943820225,54.968,1.58036527404195,-10.918372740098,-8.20745409515045,0.790182637020975,40.473143808993,39.2913385826772,40.9,2.00813766954221,-5.90991548255964,-9.3393515063355,1.0040688347711,53.0159300117642,52.9723756906077,53.256,2.65285830916887,-8.2769446782117,-7.37396272908817,1.32642915458444,47.6483769479969,47.0161290322581,47.752,1.56469182562039,-10.9357420618307,-6.55439766516937,0.782345912810196,48.82635745351,49,49.256,2.109643345025,-9.75657649266623,-7.93849830961142,1.0548216725125,41.0605222349166,39.2913385826772,41.594696969697,1.98796937154095,-6.05769426109666,-9.15193506638491,1.04964782817362,52.8571403708583,52.936170212766,52.9545454545455,2.50919475927575,-8.36838098606135,-7.77939717964599,1.43525940230573,NaN,NaN,NaN,NaN,NaN,NaN,NaN,43.002219840043,42.3727272727273,42.9050802139037,2.01368526582969,-3.47220494599397,-7.0326602870209,3.01247315768121,4.92732158498126,1586,49,1,92,420,5,0.20979020979021,182,21.9129628804007,1,1678,8.50313033579965,21.7046934901552,18,5.72628872605846,1.44135913414322,0.0901607529432077,15.8832642959782,1
251002_Dupi_NMH_AB_2,audiobook,Dupi,DupiS2,AB,2,63,100466,1,93,518,1016,2930,1488,2976,2930.00000000001,1379.31829143443,1.024,2.1186686167995,2.93000000000001,43.4991990872962,43.4878048780488,43.836,1.79758562039584,-10.0732055007687,-7.49531203726639,0.898792810197921,35.8500992954462,26.92,37.736,1.13020133005587,-5.51936258663714,-8.10344718607191,0.565100665027933,45.8364529943224,44.4219653179191,44.084,2.89489738681781,-3.95585414414445,-6.09293028212799,1.4474486934089,47.0305922618687,45.4807692307692,47.26,1.69278622885788,-10.91069208963,-6.31365465875876,0.846393114428942,57.0633322752282,57.0213903743316,57.268,2.69423657024044,-7.96745471921857,-6.01902526877721,1.34711828512022,35.9264168577362,29.5882352941176,37.7104247104247,1.16847847168947,-5.25196455088462,-8.0541268575586,0.605271848335145,46.1765877106824,45.0232558139535,44.4979919678715,2.9138299655704,-4.22278592026195,-6.10187579881096,1.45108732285406,NaN,NaN,NaN,NaN,NaN,NaN,NaN,50.7135017874025,52.1408450704225,49.4784946236559,1.93168460447383,-5.42545347138981,-6.82032515818802,2.87434669145707,5.82984186291216,900,51,1,832,420,7,0.20979020979021,144,41.6203164012437,1,1950,-32.0542591538608,25.0959355342986,33,9.20291053826261,1.45739900286245,0.26782653860198,14.2582817267463,1
251002_Dupi_NMH_AB_2,audiobook,Dupi,DupiS2,AB,2,64,101931,1,93,526,972,2916,1476,2952,2916,1236.57533903176,1.038,1.89333906806053,2.916,38.1404490393573,37,40.644,1.47761343262905,-3.25106123531192,-7.66419408491882,0.738806716314523,32.0884137004593,29.2631578947368,33.396,0.985498362984948,-0.606167962860528,-6.98234471836091,0.492749181492474,31.3394359569879,32.1221374045802,31.364,1.92187888281949,0.00595180539958605,-6.23525688592142,0.960939441409744,50.6818509259907,50.7820512820513,49.06,2.10094123858613,-5.19920832028138,-5.97451596888927,1.05047061929307,50.3794680793367,50.1522633744856,50.084,3.16112969538262,-8.66220927984062,-5.00184857267125,1.58056484769131,31.8844604968529,29.2631578947368,33.1292775665399,0.985971344464323,-0.657637092342631,-7.03252051882337,0.518620927188234,31.4326855982753,32.1221374045802,31.542600896861,2.09167444852524,0.211669467111229,-6.01005683592415,0.932886804042256,NaN,NaN,NaN,NaN,NaN,NaN,NaN,48.3145857220477,48.5094786729858,46.7791327913279,2.07241234241084,-9.42092263721234,-6.569897493995,3.05888061739841,4.90027952680883,1630,53,1,602,354,4,0.176823176823177,190,44.5351712728533,1,1792,-20.6712198823753,3.28134886663937,30,9.41117721993433,1.39968405533456,-0.0515623505771209,19.6417984388754,1
251002_Dupi_NMH_AB_2,audiobook,Dupi,DupiS2,AB,2,65,103389,1,93,508,892,2742,1520,3040,2742.00000000002,839.839055176234,1.002,1.36662221711188,2.74200000000002,37.8677277155429,36,39.5,0.58669318506723,-5.35214060958209,-9.15420330753196,0.293346592533615,51.9709004606856,52,51.76,1.70692361586053,-12.4513000106131,-9.29239107692382,0.853461807930267,41.7286324698406,41.008,43.148,2.05715716462106,-7.27735022016172,-10.0401063820861,1.02857858231053,48.5012928569933,47.4121212121212,49.004,2.94734632191472,-8.15346102003402,-8.31381989930765,1.47367316095736,44.7245376011991,48.8939393939394,41.212,2.03297311785418,-2.47262040961394,-8.633960154998,1.01648655892709,51.9711446277545,52,51.7637795275591,1.6942590394007,-12.4708390784029,-9.26169459152825,0.860683592015553,41.6064819005591,40.8828828828829,43.3177083333333,2.17933220226745,-6.90324682731737,-10.509113336279,0.836863565670699,NaN,NaN,NaN,NaN,NaN,NaN,NaN,38.0064331557334,37.12158808933,38.1697368421053,2.03089769846181,-0.643596898929677,-7.6466226831075,3.08696450166195,6.54520995501989,1506,50,1,256,520,4,0.25974025974026,228,35.4751470504737,1,1706,2.75848985012332,-20.0490378531284,19,5.3787715329347,0.600733003934159,-0.714073023466532,9.79279181996109,1
251002_Dupi_NMH_AB_2,audiobook,Dupi,DupiS2,AB,2,66,104760,1,93,542,968,3410,1390,2780,3410,710.517438615168,0.982,1.18485520506121,3.41,37.7246107308496,40.5775862068966,37.184,2.06643607638444,0.0869827870602254,-6.31612314541432,1.03321803819222,48.4605226371252,48.8,48.46,1.19019051929814,-11.1591100310386,-8.65416829331178,0.59509525964907,31.6729082852797,31.381679389313,31.8,1.91335632678889,1.92848234802225,-5.8383245395446,0.956678163394445,31.9106667417194,32.029197080292,32.924,2.18842140785263,-1.01995459797722,-6.40477522823766,1.09421070392631,55.2573179379864,55,55.228,1.25529019021139,-13.774916260786,-6.75024764647611,0.627645095105693,46.4575578166588,44.7272727272727,47.1845018450185,1.25007447322433,-6.91362133103135,-8.20647138072247,0.677540364487589,31.8839397726997,31.6915887850467,31.9906103286385,1.88007162021107,1.94333216962866,-5.94468567544095,0.800910510209915,NaN,NaN,NaN,NaN,NaN,NaN,NaN,52.0125650618746,52.8421052631579,52.4057553956835,1.18348770874532,-11.921636538625,-8.36192101639184,1.64504791515599,3.97321263823045,1142,27,1,464,86,2,0.042957042957043,74,16.460819025103,1,1356,-6.50540694365398,-30.592362377638,28,8.7201251337116,1.0939981566714,-0.417850097986896,17.9018591736252,1
251002_Dupi_NMH_AB_2,audiobook,Dupi,DupiS2,AB,2,67,106465,1,93,522,1042,3800,1684,3368,3799.99999999998,1070.81289338182,1.062,1.61257057733704,3.79999999999998,42.9459150621179,41.8169014084507,43.48,1.54450601854112,-7.40661824304774,-8.30637595607655,0.772253009270562,51.6508842661281,51.4444444444444,50.584,1.92539793956146,-10.1440806098147,-7.38814959563195,0.962698969780731,30.3600636005489,30.3067226890756,30.728,3.61325316487141,4.03651949565086,-3.11786483502162,1.80662658243571,47.1869571482143,47.1458333333333,46.372,1.93010774163869,-8.50855733324962,-8.33007872108139,0.965053870819347,34.1356269872967,34.2254335260116,33.928,2.67862685849316,1.93730807073495,-5.67164807425856,1.33931342924658,51.528584091471,51.3893129770992,50.4942528735632,1.93044956700556,-10.1286655012649,-7.18205593333595,1.0076946739769,29.7571719869568,29.702479338843,29.7576923076923,3.49447460407075,3.9704235354993,-3.25602623017803,1.81712679411679,NaN,NaN,NaN,NaN,NaN,NaN,NaN,43.5052642846138,44.0449826989619,43.6947743467934,1.59750306783161,-3.81669936012841,-8.08073965117645,2.69019516622843,5.0538883744688,528,38,1,412,790,9,0.394605394605395,282,25.3425900223427,1,1756,25.1208499335989,-40.0388022481111,33,9.886203603048,0.889278435937576,-0.383591001276045,14.4005979897519,1
251002_Dupi_NMH_AB_2,audiobook,Dupi,DupiS2,AB,2,68,108365,1,93,516,986,2962,1564,3128,2962.00000000002,1256.7872711913,1.026,1.92424165027964,2.96200000000002,40.3561450797408,39.3405797101449,40.772,2.35112735818686,-4.74752443875767,-7.73973457159889,1.17556367909343,36.8563217478462,26,40.116,0.759231352408983,-5.06510865747743,-9.91978454243269,0.379615676204491,45.0775854370619,46.5060240963855,40.244,1.70500088227526,-2.27681652613118,-8.43017308269618,0.852500441137628,51.9071233341653,51.2808988764045,52.52,3.0289121490032,-9.35867845789701,-8.85748502642388,1.5144560745016,55.2202739942998,55.3928571428571,54.7,1.92719474232242,-10.7252841372009,-9.68439295208305,0.963597371161208,36.9598099929834,26,40.2751937984496,0.742076724408704,-5.16945416151262,-9.89513595041013,0.382911589794891,44.0948122857825,45.6315789473684,39.6042553191489,1.65990469338251,-2.05857170017756,-8.34273256281093,0.780155205889778,NaN,NaN,NaN,NaN,NaN,NaN,NaN,42.7482091493253,43.7456790123457,44.1355498721228,2.24150078444772,-2.59970325654851,-7.57948263968991,3.50570722687624,4.99043874087852,996,56,1,920,302,2,0.150849150849151,166,29.1499066587446,1,1448,54.7641813697591,9.03329363159267,32,8.77633793999339,1.38235427735407,0.018546851712256,13.1016494577067,1
251002_Dupi_NMH_AB_2,audiobook,Dupi,DupiS2,AB,2,69,109846,1,93,500,946,3480,1666,3332,3479.99999999999,1182.44674027375,1.046,1.82621345821718,3.47999999999999,35.5161315819557,35.7777777777778,34.508,1.49213721043857,-1.90663684071555,-5.53372313367226,0.746068605219287,45.4596533258582,44.7105263157895,48.084,2.58219987758991,-5.78071655192599,-7.44983042364924,1.29109993879495,48.8250689809734,48.9011627906977,49.492,2.11845692553675,-9.74129037067571,-6.92894676470661,1.05922846276837,39.6567234188204,40.4047619047619,38.272,1.57616648374904,-1.60568829866152,-6.86297914957316,0.788083241874519,42.1110450292825,41.8888888888889,42.04,1.37762789118629,-7.60771940966525,-7.0010065124299,0.688813945593146,45.4596533258582,44.7105263157895,48.084,2.58219987758991,-5.78071655192599,-7.44983042364924,1.29109993879495,49.2452981522364,49.0178571428571,50.1569506726457,2.18468149870896,-9.67959591257464,-6.57921579960501,0.974367948424195,NaN,NaN,NaN,NaN,NaN,NaN,NaN,40.8263044605217,41.4593639575972,40.4513805522209,1.64711940252455,-2.4281895243917,-6.45088539215889,2.7441009246059,4.53372865533257,102,40,1,40,322,7,0.160839160839161,176,14.9196608714904,1,1488,39.7252893189148,-11.712881974169,21,5.67031004090412,0.737125049133637,-0.775204121233531,14.1820097156457,1
251002_Dupi_NMH_AB_2,audiobook,Dupi,DupiS2,AB,2,70,111586,1,93,460,950,3286,1782,3564,3286,1140.16290090744,1.074,1.7427418800773,3.286,38.0366635427862,36.3809523809524,39.84,2.30309858226652,1.65573050190001,-4.27975801977384,1.15154929113326,28.8197707649648,26.3892617449664,31.16,2.64050653052154,1.02308601613946,-4.09949068329853,1.32025326526077,38.563514179375,46,38.42,1.25541062041715,-4.39665546243206,-6.36179843707137,0.627705310208573,40.182405787476,40.6449275362319,39.464,2.15424953289814,-1.13617989165832,-5.8753149061426,1.07712476644907,43.273325370258,45.0217391304348,42.652,1.86815306261087,-8.0315271785204,-6.38288070851103,0.934076531305434,29.0539880471991,26.4296296296296,31.6086956521739,2.65000009267706,0.988644110212439,-4.12102497549646,1.21900004263145,36.6700305749334,37.25,37.3142857142857,1.41031019862272,-3.9576632343814,-6.20248113042964,0.691051997325135,NaN,NaN,NaN,NaN,NaN,NaN,NaN,45.6053810800273,44.9854368932039,45.4074074074074,1.9445042953406,-5.47763515634236,-6.41948756306643,3.46510665429695,4.83994665124833,404,26,1,324,312,4,0.155844155844156,150,33.5951657104466,1,1798,-45.0369948776323,32.3854542747609,21,8.38485304228637,1.20975172373632,-0.275504799818086,19.6291367376946,1
251002_Dupi_NMH_AB_2,audiobook,Dupi,DupiS2,AB,2,71,113229,1,93,504,858,3376,1756,3512,3376,1538.1128510111,1.042,2.49183243991283,3.376,36.2843745399205,37.1583333333333,34.208,2.33392880125793,1.95869109767848,-4.65979512742939,1.16696440062896,32.4578774317776,30,34.892,1.86735493723595,-0.352147269884857,-7.3232765923139,0.933677468617977,49.6497071236995,50,48.352,2.07908238807809,-7.47373781912247,-8.24045392740431,1.03954119403904,46.1321194139372,46.5642857142857,45.784,2.1054315436847,-8.53382293358976,-8.44076864967972,1.05271577184235,43.5077095574928,45.3870967741936,42.124,1.22101695010419,-5.80979485619529,-7.33181604334767,0.610508475052095,32.4883386937997,30,34.9484126984127,1.85846743466993,-0.382117337269348,-7.34385409269336,0.936667587073647,49.8399434878473,50,49.5593220338983,2.73181303505375,-6.684404156527,-8.8812015484147,0.967061814409027,NaN,NaN,NaN,NaN,NaN,NaN,NaN,34.7789123547957,33.8241206030151,34.2061503416856,1.55778747443983,-3.06523853555566,-7.79868081207138,2.73547480511634,4.35225182248099,724,50,1,148,422,5,0.210789210789211,152,12.3014130767569,1,1128,28.5425915386075,20.1248743812112,20,7.87994318233021,1.6353740847643,0.172352107860846,16.8505246514517,1
251002_Dupi_NMH_AB_2,audiobook,Dupi,DupiS2,AB,2,72,114917,1,93,512,898,3438,1794,3588,3437.99999999999,1516.56121780339,1.048,2.42074434081671,3.43799999999999,54.6037099739811,54.5891472868217,54.728,1.93204556314429,-10.074229945772,-9.35775970023997,0.966022781572144,46.7104464943,NaN,45.7,0.585493631509717,-7.74273231410489,-8.96077133067393,0.292746815754859,36.6001442287193,35.9014084507042,38.44,1.45170775126159,-1.00092628679434,-7.13958369166821,0.725853875630797,50.8794004015628,51.3642857142857,50.972,2.186226549638,-10.8227949652592,-7.51299571421725,1.093113274819,48.1867460979085,48.3664122137405,47.728,1.73552050414782,-10.5843260120256,-9.98153766985422,0.86776025207391,46.0512143625639,NaN,45.40234375,0.600651954060294,-7.12299244513658,-8.89323182959003,0.30753380047887,32.3961660827478,30.719298245614,34.5492227979275,1.51364030018796,-0.116352409823649,-6.96537828354463,0.584265155872551,NaN,NaN,NaN,NaN,NaN,NaN,NaN,39.9818816748846,38.9174603174603,41.6755852842809,1.79085556902974,-1.16074164813459,-6.65237059532633,3.21279489083935,4.0625876505428,1340,49,1,1256,148,4,0.0739260739260739,58,9.83059853238237,1,860,-46.0629861506356,4.52255555141996,28,7.95588796957567,1.35085246514983,-0.105864827685698,16.5664412985383,1
251002_Dupi_NMH_AB_2,audiobook,Dupi,DupiS2,AB,2,73,116636,1,93,522,892,3358,1638,3276,3358,1364.16969166027,1.036,2.11518785858454,3.358,51.939202072467,50.9019607843137,52.356,1.29702575512748,-8.95840707163662,-6.87467364747202,0.648512877563739,45.4663176786718,43.421686746988,46.008,1.54033253639391,-6.32095370539045,-8.96530793311425,0.770166268196955,49.8708408025786,49.8239436619718,50.084,2.45092632650282,-10.385404120464,-6.01183930500235,1.22546316325141,51.4059914461192,52,51.34,1.53590050994596,-12.6414633970576,-8.29482583581867,0.767950254972978,52.3880539729955,50.6585365853659,52.148,1.77873673622884,-11.2598937987662,-6.79316217602103,0.889368368114418,45.5517085503554,43.421686746988,46.2183908045977,1.49853842110602,-6.47730911883571,-8.90970867645128,0.78223705581734,49.8464477033736,49.8239436619718,50.0540540540541,2.99837324548786,-9.81509039779063,-5.06543219397846,1.10939810083051,NaN,NaN,NaN,NaN,NaN,NaN,NaN,44.8925054316189,44.8981900452489,44.5152625152625,2.14726313030469,-6.15540382962183,-6.52154888795809,3.51721700743908,5.16765738429071,660,49,1,64,280,6,0.13986013986014,172,16.1837976726165,1,1096,7.49914627205465,11.8458517884394,17,4.93374554366222,0.46692565107029,-1.11469061947196,11.7149426649781,1
251002_Dupi_NMH_AB_2,audiobook,Dupi,DupiS2,AB,2,74,118315,1,93,652,1038,3478,2018,4036,3478.00000000001,1147.11515201441,1.222,1.73531104295222,3.47800000000001,49.7870595691716,49.6696428571429,51.08,2.18453972010377,-9.27310743619243,-6.59778546939096,1.09226986005188,53.6281450144773,53.647619047619,53.348,1.84358232872568,-12.6496758950753,-8.70029273869994,0.92179116436284,54.5571331980929,55,54.392,1.28125365597902,-11.8759319853474,-8.31362094733023,0.640626827989508,39.7332604190546,38.9302325581395,40.284,1.709826102035,-2.97955663584105,-7.49018844910542,0.854913051017498,37.704451989453,36.4375,39.8,1.41447242932974,-3.93861096890565,-8.03192547698752,0.707236214664872,53.6385230427016,53.647619047619,53.4263803680982,1.60761522332525,-12.623380300109,-8.13355771309392,1.04816512560807,54.722049593463,55,54.6476683937824,1.46126476544334,-11.6293546625852,-9.30040760374818,0.564048199461131,NaN,NaN,NaN,NaN,NaN,NaN,NaN,45.3815232422024,45.3155555555556,44.5015136226034,2.06787627603623,-7.33711177841707,-7.41063931959088,4.09853077910382,4.31255429430254,6,57,1,0,210,3,0.104895104895105,94,19.6222920351824,1,1250,-23.7408461392525,5.54146350541557,21,8.59875210680596,1.62115152447274,0.262208132550964,15.850218385087,1
251002_Dupi_NMH_AB_2,audiobook,Dupi,DupiS2,AB,2,75,120054,1,93,538,962,3352,1970,3940,3352,1239.76084997476,1.12,1.8474317179866,3.352,42.5887651420466,42.7272727272727,40.928,2.97800152173723,-5.70862519600257,-7.23180452683615,1.48900076086862,48.4620973668172,48.171875,48.7,2.07105007198896,-10.1491339002398,-5.93252974425818,1.03552503599448,53.5028113119452,53.1645569620253,54.128,2.47523277932263,-8.97913373975193,-7.61444183689774,1.23761638966131,46.977726237324,46.6603773584906,47.128,1.40632532971259,-11.116182374322,-8.29272409374503,0.703162664856293,42.9193652007564,45.1428571428571,41.884,1.71912393351729,-5.07673601897363,-7.94995196991209,0.859561966758646,49.1236281036387,48.7959183673469,49.003717472119,2.25324317702163,-9.77568585800433,-6.00368046839867,1.21224482923764,53.7279192292544,53.3636363636364,54.4198113207547,2.29743022336477,-9.2526973625287,-7.64187803724558,0.974110414706663,NaN,NaN,NaN,NaN,NaN,NaN,NaN,41.6533275709143,39.6167512690355,42.9035532994924,1.82573475021617,-2.48678785871152,-7.59509704714614,3.59669745792585,5.27571550737617,550,53,1,106,194,4,0.0969030969030969,108,25.7421732400209,1,1826,10.6727376209448,8.89911415491123,19,4.56660172574342,0.967892490102741,-0.29692127420722,14.5538246316444,1
251002_Dupi_NMH_AB_2,audiobook,Dupi,DupiS2,AB,2,76,121730,1,93,472,932,2934,1706,3412,2934,1673.38262021609,0.992,2.74459154643165,2.934,50.1149554491195,50.9878048780488,49.736,1.5313604250998,-12.6420915329825,-8.6793728960576,0.765680212549901,49.8880467313299,49.2,49.412,2.21799413080589,-10.2625276917658,-7.94106422464762,1.10899706540295,45.4017954967129,45.5744680851064,45.2,1.62317624726669,-10.3187729711215,-7.54048224746182,0.811588123633345,42.0677900366462,36.3653846153846,48.068,1.14889469899944,-3.37231250061108,-6.07466298318076,0.574447349499719,35.3229279847532,35.3850931677019,35.588,2.75114164567934,4.11036171120713,-3.14280730723025,1.37557082283967,50.4614785217853,50.1896551724138,49.9110169491525,2.20716967108259,-10.3596071593745,-7.96335672004817,1.04178408475098,44.620125451134,44.9814814814815,44.1,1.78754486739192,-9.89515553498549,-7.72898254538292,0.822270639000285,NaN,NaN,NaN,NaN,NaN,NaN,NaN,44.6162244715691,43.3292978208232,46.4466588511137,2.0959047313384,-2.29149311640705,-4.77210175822026,3.5756134716633,4.55057194969278,1864,34,1,94,440,5,0.21978021978022,172,15.3493091721556,1,1264,-28.009865300702,-0.415286410838578,20,6.74997035584285,1.43404575532896,-0.196713551483833,21.6091749797678,1
251002_Dupi_NMH_AB_2,audiobook,Dupi,DupiS2,AB,2,77,123197,1,93,526,980,3378,1608,3216,3377.99999999999,1686.71048322886,1.04,2.66284083535875,3.37799999999999,49.3756698709785,46.2272727272727,50.872,1.71428693436447,-11.1387241354782,-5.06165416985553,0.857143467182233,50.2014523112038,50.1685393258427,50.188,1.77568445788355,-11.1392469867215,-5.83014615530355,0.887842228941777,46.4879520291168,46.656862745098,46.512,1.73364056669527,-10.9770951174209,-6.73060508779576,0.866820283347635,47.3448274474417,48.027027027027,46.876,1.23087122863602,-12.9055779331713,-5.12274276255364,0.615435614318009,43.2757761536979,39.8032786885246,45.532,1.59417087524824,-7.06496926697548,-8.17851012934973,0.797085437624119,50.2661977051874,50.2745098039216,50.2281368821293,1.83684218598897,-11.0587727801163,-5.75146952417649,0.966178989830201,46.0418228156519,46.0240963855422,46.2775330396476,1.64754789388302,-11.0400971164965,-6.82047573214454,0.747986743822889,NaN,NaN,NaN,NaN,NaN,NaN,NaN,40.3165518266966,39.1169811320755,41.4253731343284,1.70031975582578,-2.5632923162768,-6.51749375103261,2.73411416736785,3.71768353259438,1958,38,1,426,174,4,0.0869130869130869,82,23.1134371032907,1,1736,-1.07835325365207,-6.98235753898835,13,4.56759412818113,1.2749371176718,-0.088212275097477,18.1856353912329,1
251002_Dupi_NMH_AB_2,audiobook,Dupi,DupiS2,AB,2,78,124886,1,93,560,1008,3480,1700,3400,3480.00000000002,1487.74131139697,1.084,2.12611560254223,3.48000000000002,46.9628356398451,53.0843373493976,41.868,2.14319924915986,-2.89535956409287,-7.61026531868123,1.07159962457993,49.697803097347,49.6460674157303,49.76,2.32444268017993,-10.6283631125904,-8.66727273733106,1.16222134008997,45.3844203542761,43.551724137931,45.416,1.61048446720959,-9.19040727443916,-6.38066249821559,0.805242233604795,44.8701539402058,44.6396396396396,45.164,1.70480245202763,-11.3651597397326,-7.24130798596835,0.852401226013816,50.7798167368748,50.4026845637584,51.256,2.01811226636409,-11.8446757362156,-6.46843951025933,1.00905613318204,50.3104631505847,49.6460674157303,50.6035714285714,2.24971413593932,-10.7333992806459,-8.45964918707948,1.25983991612602,43.7072767827281,43.5806451612903,43.7544642857143,1.62628697941604,-8.94158973322821,-6.31755777844677,0.728576566778386,NaN,NaN,NaN,NaN,NaN,NaN,NaN,43.459078412186,42.7768595041322,45.1894117647059,2.03098436880374,-1.33498408879961,-6.06939406255929,3.45267342696636,3.9596591338533,1756,52,1,48,288,8,0.143856143856144,54,12.3822968310478,1,1460,17.7920698159742,-15.754550191685,13,3.43138757907869,1.09249736261034,-0.424532164913565,17.9835824689976,1
251002_Dupi_NMH_AB_2,audiobook,Dupi,DupiS2,AB,2,79,126626,1,93,444,1008,3448,1760,3520,3447.99999999998,1199.53160112227,1.096,1.8602614836697,3.44799999999998,51.915355630329,50.2,51.54,1.78309924289172,-11.3817571391051,-9.65716520188048,0.891549621445861,41.1804873642401,40.953216374269,41.196,2.49280871433427,-6.11027001425512,-6.70852163190553,1.24640435716714,45.5937672186194,48.9718309859155,43.636,2.15448213347892,-7.00748163441077,-8.10539497624547,1.07724106673946,55.6746205330231,55.8835616438356,55.248,2.16318627756623,-11.6995701241775,-7.38921745588358,1.08159313878312,51.5136332413497,50.9433962264151,51.804,1.63636505023818,-12.0416842546665,-10.4431978925824,0.818182525119091,40.6711210527682,40.6606060606061,40.2792792792793,2.63468991103525,-5.67139818194548,-6.66010984434984,1.16980232049965,45.7722237543804,48.974025974026,44.0212765957447,2.05630730366759,-7.33522221922956,-8.03236432294912,1.15975731926852,NaN,NaN,NaN,NaN,NaN,NaN,NaN,43.9148226323102,44.8296836982968,43.2818181818182,1.96708547992985,-4.01564334761053,-6.35215516537744,3.46207044467653,4.9193301748093,564,49,1,20,398,5,0.198801198801199,128,77.2944291816081,1,2002,2.54866249288561,-1.51217106487511,18,6.4213737481156,1.3752647239901,-0.0579546669620077,17.5686948713671,1
251002_Dupi_NMH_AB_2,audiobook,Dupi,DupiS2,AB,2,80,128350,1,93,480,978,3576,1692,3384,3576.00000000002,1209.58495336353,1.086,1.77396286167664,3.57600000000002,40.9497349089461,39.2179487179487,40.452,2.4374271965811,-0.473058405865602,-5.63405231435143,1.21871359829055,27.617580896947,27.0485436893204,28.052,2.25605320475727,0.683448907738883,-5.6014273725745,1.12802660237864,46.2247987049363,35.6792452830189,52.648,1.63260059378522,-3.66881351537203,-6.620238677633,0.816300296892609,49.8206919942674,52.9029126213592,47.948,1.61934594812645,-11.474546930937,-8.12069884575507,0.809672974063223,45.2022831695275,48.1764705882353,44.148,1.5386426000113,-8.43027476090918,-6.59421687034178,0.769321300005652,27.2359822495636,26.2872340425532,27.7666666666667,2.23399738575732,0.620814069847987,-5.73284174306664,1.07231874516351,44.9574508620231,35.5806451612903,51.7228915662651,1.67468250738201,-3.08669098725047,-6.37481743522094,0.833991888676241,NaN,NaN,NaN,NaN,NaN,NaN,NaN,46.729483426809,48.2126436781609,45.3806146572104,1.79946881580116,-8.46792590047912,-7.11252843956251,3.04470123633555,4.5972125651815,234,25,1,164,244,2,0.121878121878122,132,11.7465092325058,1,980,-9.31170555871752,58.9430342055309,30,11.7831846287,1.76984557920387,0.312050377301653,18.3958764803972,1
251002_Dupi_NMH_AB_2,audiobook,Dupi,DupiS2,AB,2,81,130138,1,93,508,996,3500,1774,3548,3500,1014.20647607196,1.104,1.45995720594401,3.5,37.8530707780473,41.2631578947368,35.988,1.66315849046369,-1.85692280886557,-6.68215736296886,0.831579245231845,56.6109514357028,56.641975308642,56.768,2.44040557349166,-9.39971767578501,-8.9092950650955,1.22020278674583,48.2292142159102,47.3373493975904,46.908,2.67993262450156,-3.84709488254942,-7.27482337814367,1.33996631225078,52.1801738425292,52.6744186046512,51.168,2.09215422415359,-7.55357498663841,-7.12399325818103,1.04607711207679,30.4004476744276,30.3488372093023,33.24,1.34395964986932,-1.56185287578265,-8.28633788297444,0.671979824934662,56.6304146495314,56.6746987951807,56.7874015748031,2.43610850588538,-9.40152379771871,-8.92673832751749,1.23754312098977,48.0702213406464,47.025,46.6926229508197,2.68172076097244,-3.76953753804978,-7.23800749136743,1.30867973135455,NaN,NaN,NaN,NaN,NaN,NaN,NaN,42.3398950457385,42.4756446991404,42.3641488162345,1.67902922192227,-6.20414483855122,-8.31728651571305,2.9785978396901,5.22789957956246,910,52,1,16,554,6,0.276723276723277,224,47.7774470584453,1,1756,3.70100550180233,-14.2011575538765,33,10.8425516546035,1.42933892328286,0.131040654042115,15.587297380536,1
251002_Dupi_NMH_AB_2,audiobook,Dupi,DupiS2,AB,2,82,131888,1,93,424,730,3268,1998,3996,3267.99999999997,1011.15513415545,1.098,1.59838984881456,3.26799999999997,50.9855541577364,44.0769230769231,51.248,1.21051287936724,-11.9990055088992,-10.03803764523,0.605256439683618,55.8074170358254,55.5545454545455,56.22,1.72095231358096,-13.9481803186165,-7.83350572719383,0.860476156790481,55.1864694828292,55,55.264,1.71911667820384,-13.6426437790686,-6.55950112454935,0.859558339101921,49.645114030893,49.7202797202797,50.012,2.64417712541318,-9.78708709573467,-7.97868836280737,1.32208856270659,44.6490002725374,44,45.436,1.39758729463172,-10.6647595790326,-8.3779157825791,0.698793647315862,56.1056478848101,55.8472222222222,56.438679245283,1.48201996147093,-14.5124773735932,-8.37151280548654,0.628376463663674,55,55,55,2.65210828850826,-12.141380580056,-6.1128202163532,0.811545136283527,NaN,NaN,NaN,NaN,NaN,NaN,NaN,36.3439959053236,35.5491452991453,36.8868868868869,1.89439767243839,-1.04583328474152,-7.60664543908557,3.7850065495319,5.35343196134588,1262,48,1,324,370,6,0.184815184815185,150,15.9964850224234,1,1112,-5.83304875735156,-0.368574831577783,12,4.41096861504024,0.975726542863676,-0.282079689912561,12.1648110761986,1
251002_Dupi_NMH_AB_2,audiobook,Dupi,DupiS2,AB,2,83,133522,1,93,512,920,3170,1658,3316,3170.00000000002,1299.49929389119,1.056,2.11201337412631,3.17000000000002,27.788006310769,26,29.38,1.98480098660689,-0.643981076142829,-7.07977752872046,0.992400493303445,30.9345724570194,30.3870967741935,29.996,1.34781715623216,-1.95563576826156,-8.2649906456669,0.673908578116079,53.0089068418037,52.7161572052402,52.448,3.01951794790041,-9.60653990087434,-6.80878117498769,1.50975897395021,43.0202250308158,39.8333333333333,43.42,1.30844527304974,-7.80595386148488,-8.48331200879225,0.654222636524871,31.9970629586928,31.744966442953,32.756,2.28354685086856,1.77378318838875,-6.06103772153384,1.14177342543428,31.1229801272493,31.1666666666667,30.140625,1.36582374263307,-1.89169400175844,-8.2213257006215,0.699301756228133,52.3969518166825,52.2408376963351,51.8382352941176,3.05323314843979,-10.4957667989586,-7.05611797472717,1.24571912456343,NaN,NaN,NaN,NaN,NaN,NaN,NaN,44.1523735159404,42.975,46.1423401688782,1.88462118632615,-4.07201704110072,-7.72271595849091,3.12470192692876,4.35123385863484,884,58,1,568,448,6,0.223776223776224,146,12.7717945036175,1,1248,12.4412824890913,50.8222912867086,28,11.1774251216311,1.35132355468492,-0.0755626631217794,15.797090989762,1
251002_Dupi_NMH_AB_2,audiobook,Dupi,DupiS2,AB,2,84,135107,1,93,466,972,2880,1538,3076,2880,1169.13188846739,1,1.876922371348,2.88,44.5592154562765,44.675,44.656,2.62000856557713,-7.84593270704051,-7.31014226004839,1.31000428278856,53.2448403368089,53.3365384615385,53.22,1.86112372856609,-12.5922546391938,-8.62765242385356,0.930561864283043,38.1806787343836,37.4563758389262,39.9,2.26743025692805,-2.17573790930973,-6.68267904373699,1.13371512846402,38.5049858852808,38.6153846153846,38.364,1.89768124623362,-0.813406194294368,-7.37268928362139,0.948840623116809,52.1151580383848,54.4375,51.336,1.65585713410913,-12.2227225297304,-8.65208189585772,0.827928567054563,53.2576344332136,53.3365384615385,53.2360515021459,1.89774735800601,-12.5438803380882,-8.75819742387143,0.884350268830802,38.9550461812303,37.5957446808511,41.0513833992095,2.21750648354408,-2.67990629550583,-6.7608364007068,1.1220582806733,NaN,NaN,NaN,NaN,NaN,NaN,NaN,52.9496549526649,53.1363636363636,52.7841352405722,2.28464868784808,-11.0087407163535,-7.88229676746087,3.51378968191035,4.15938116098441,752,39,1,0,300,4,0.14985014985015,188,13.1806110844581,1,1180,-2.04515272244356,-29.8303681095768,24,8.64542785136039,1.07893957819289,-0.471588173659453,15.9542910932286,1
251002_Dupi_NMH_AB_2,audiobook,Dupi,DupiS2,AB,2,85,136547,1,93,538,1096,3210,1776,3552,3209.99999999998,899.869683468454,1.128,1.35037032974124,3.20999999999998,52.085767728319,51.6283185840708,52.36,1.89896971841314,-9.80452795844666,-7.99436849255844,0.94948485920657,51.4286299477272,53.9326923076923,44.312,1.78417071923886,-4.60661447833949,-7.11360884391911,0.892085359619428,39.4659650625406,44,37.904,1.13824233153167,-3.50278061696386,-9.59961741225458,0.569121165765834,38.4359956326283,37.5660377358491,39.62,1.6905227394924,-1.83378478040876,-6.58728542835676,0.8452613697462,47.944473621163,47.1282051282051,48.88,1.75271581503167,-5.65513478158532,-8.53777965584067,0.876357907515837,51.1678149593537,53.9326923076923,43.3159851301115,1.67878589774435,-4.36873991367975,-7.28126872402935,0.903186812986458,40.5629431266583,44,39.4121863799283,1.28298249457407,-4.25782947210954,-9.15241834233227,0.715904231972329,NaN,NaN,NaN,NaN,NaN,NaN,NaN,46.1477731568069,45.2286432160804,47.1396396396396,2.06127075185882,-5.19513597105544,-7.11921553742039,3.66081685530127,4.27762371715733,80,55,1,30,226,3,0.112887112887113,102,28.527907758286,1,1740,-73.8034528552457,6.16564930956192,22,7.84621023588272,0.52410111730996,-0.864143007452115,11.9423750451015,1
251002_Dupi_NMH_AB_2,audiobook,Dupi,DupiS2,AB,2,86,138152,1,93,462,746,4386,1560,3120,4386.00000000002,1095.24725044573,1.092,1.73344206451966,4.38600000000002,33.4699335933171,33.7310344827586,33.568,2.05021179335933,0.536885992821508,-5.41220661281985,1.02510589667967,37.3897708690085,41,35.82,0.73830289186835,-4.46106854569921,-8.30830881132284,0.369151445934175,31.2546548403916,31.1731843575419,31.836,2.5052871208764,2.40553488916624,-4.12188072736681,1.2526435604382,48.174034860938,49.1920529801325,46.764,2.74008950599434,-3.58415552068349,-5.4378506072273,1.37004475299717,56.0503925689419,56.5679012345679,56.028,1.43894573400773,-8.84366062829531,-8.17854718318379,0.719472867003866,36.4144469066688,41,35.3939393939394,0.629079652589047,-4.32773693638962,-8.52713235321314,0.29063479949614,32.6501365005788,32.15625,32.9225352112676,2.03083133994706,1.08234410521457,-5.32009781162831,0.576756100544965,NaN,NaN,NaN,NaN,NaN,NaN,NaN,54.1425949393773,54.448087431694,54.3,1.90094753041957,-8.45656487098062,-6.54958006834572,2.96547814745453,5.53371356954648,1426,52,1,780,258,4,0.128871128871129,126,30.9234425835595,1,1742,28.1138303927148,-8.28283768191461,28,10.7151162417414,2.77260410983411,2.20580273261509,17.6877231108391,1
251002_Dupi_NMH_AB_2,audiobook,Dupi,DupiS2,AB,2,87,140345,1,93,458,1016,2492,1388,2776,2492.00000000002,2159.39003643713,0.966,3.64171789449043,2.49200000000002,48.5371411514168,48.2947368421053,49.964,1.191929270162,-10.9268179111974,-8.54780658188981,0.595964635080999,30.3312751405538,30.2391304347826,31.004,2.06142399965059,-1.84608976068675,-5.95335536409952,1.03071199982529,35.8714647161738,35.9732620320856,35.916,2.82904406798232,2.71124969747846,-5.00739360745952,1.41452203399116,37.7880326943694,36.8987341772152,38.32,2.16855015630671,-2.57370621895233,-6.92963785025646,1.08427507815335,34.7356789677067,33.4418604651163,35.496,1.21174852939091,0.613571362815541,-6.87747117107778,0.605874264695456,30.3039198270962,30.2391304347826,31.0043668122271,2.16202175100812,-1.83933735304807,-5.76034021050899,0.99020596196172,35.8155451167437,35.9732620320856,35.8924731182796,2.62463269969083,2.36275211810827,-5.26046587035796,1.46454504642748,NaN,NaN,NaN,NaN,NaN,NaN,NaN,43.087839144176,43.6896551724138,41.6945244956772,2.12699492337843,-1.22643751349509,-6.67249223374668,2.95226895364926,4.46915434467042,668,37,1,88,342,4,0.170829170829171,232,31.5468556472459,1,1978,-20.3957503320053,16.847526705624,22,5.85127769473237,2.2631978180462,0.927793520287074,22.3248774246946,1
251002_Dupi_NMH_AB_2,audiobook,Dupi,DupiS2,AB,2,88,141591,1,93,578,1024,2692,1374,2748,2692.00000000001,1535.48401839091,1.006,2.52366869341102,2.69200000000001,43.0138133231382,44.2842105263158,42.904,2.56418516609337,-1.67606029786572,-6.4080775746907,1.28209258304668,52.7081483591217,53.7862595419847,52.404,2.11749375601008,-8.66279386822958,-8.07386346192099,1.05874687800504,46.3039226946729,44.5301204819277,47.444,1.8144597464966,-8.17922918031257,-8.21678061657502,0.907229873248299,42.1817193295261,41.936170212766,43.092,2.79348639218473,-4.28196739485614,-5.6514711122704,1.39674319609237,54.1248083578452,55,53.7,1.34661936444114,-10.4928010623408,-6.94114112962474,0.673309682220571,52.5600481466152,53.7925925925926,52.2179930795848,2.03452533214523,-8.80158748281136,-8.20567309943962,1.17595564197994,44.9115367058063,43.5164835164835,46.4170403587444,2.01034863959967,-7.34099316874186,-7.96812722868568,0.896615493261453,NaN,NaN,NaN,NaN,NaN,NaN,NaN,52.1678795762117,50.9690265486726,52.8486171761281,1.8822379125194,-9.00302692150639,-8.01178045586192,2.58619489180165,4.82812325829889,1030,40,1,162,318,5,0.158841158841159,180,19.6759941444934,1,1720,14.7330677290837,-17.0625674619422,17,6.16417486889872,1.56817279389899,0.318612423815666,17.1134968515644,1
251002_Dupi_NMH_AB_2,audiobook,Dupi,DupiS2,AB,2,89,142937,1,93,584,1028,2690,1458,2916,2690,1283.15081940779,1.05,1.92757340415237,2.69,55.3162160867235,55.5549450549451,55.452,2.59159519579001,-7.95806894510601,-8.45322070515357,1.295797597895,54.3962518307851,56,54.024,1.71960240722067,-8.81827068549571,-8.80727514063699,0.859801203610334,55.7082395834621,56.5384615384615,55.288,1.19522623419689,-10.9558964532826,-7.61239763009119,0.597613117098444,50.8231970716198,51.1283422459893,50.356,2.34158088231252,-8.16239838045985,-8.51099631429251,1.17079044115626,45.9155662506786,45.2460317460317,46.4,1.80599451321308,-7.18653019335507,-8.37024973635223,0.902997256606539,54.3812787012242,55.68,54.0821917808219,1.70473304703467,-9.10367551842563,-9.03385378238313,0.99556409946825,56.3674285924872,57.75,55.6216216216216,1.19391613963666,-10.6324685344403,-7.31173683876573,0.530098765998677,NaN,NaN,NaN,NaN,NaN,NaN,NaN,40.0817712752499,41.3674418604651,39.3895747599451,1.5676836154497,-3.2170230228161,-7.99764322715968,2.28568271132567,3.39467355914916,1370,56,1,1260,86,2,0.042957042957043,64,19.1888626679747,1,1652,11.1694175678239,2.91147132169576,20,6.59120268476774,1.32709346487786,-0.170577626691691,16.5947911116952,1
251002_Dupi_NMH_AB_2,audiobook,Dupi,DupiS2,AB,2,90,144282,1,93,542,1062,2878,1582,3164,2877.99999999999,978.757716225226,1.13,1.39561627602317,2.87799999999999,41.2303289623593,42,41.24,1.02361408845574,-9.21357950473173,-8.77589686770259,0.511807044227868,46.0309844295492,45.7142857142857,45.292,2.84711751309876,-6.95103679138515,-5.87497268494835,1.42355875654938,35.156964797905,34.2315789473684,40.112,1.40364738823579,-0.224477085203096,-7.29134528172146,0.701823694117897,31.4317314518543,31.375,31.736,2.16026178540054,2.9566335792262,-5.42047824219703,1.08013089270027,36.4499554862227,33.8333333333333,37.82,1.51312405328244,0.099361137325207,-6.63984211563906,0.756562026641221,46.1511648584497,45.7142857142857,46.1992619926199,2.65558773276421,-7.22983616462613,-6.12450319475703,1.4393285511582,34.5083148951696,34.1818181818182,37.9,1.44753227027394,0.243139444753857,-6.9719208378173,0.752716780542451,NaN,NaN,NaN,NaN,NaN,NaN,NaN,43.1472808945246,41.7630057803468,43.3185840707965,2.23822339783522,-3.36433254896439,-6.93506289417823,3.54086941537532,6.15453265200435,156,52,1,76,528,7,0.263736263736264,160,51.328964622999,1,1804,-15.851261620186,-14.5706628950013,21,7.26203938925359,0.829607133645334,-0.491638918348612,14.3940571614278,1
251002_Dupi_NMH_AB_2,audiobook,Dupi,DupiS2,AB,2,91,145721,1,93,528,1052,2954,1566,3132,2954.00000000001,811.241051053839,1.09,1.19472390667992,2.95400000000001,43.8596501049236,43.030534351145,45.196,2.2390948606782,-5.2876004221981,-7.00697194508173,1.1195474303391,32.483225817977,28.4204545454545,34.664,1.90483416895684,-1.05500401324726,-7.50132749095758,0.95241708447842,28.1902806192412,26.3478260869565,33.62,1.14375749157047,-2.81114714369528,-8.56736842790135,0.571878745785234,32.9671378069826,33.0526315789474,33.048,2.65547408118081,1.38974387840087,-5.35428060300991,1.32773704059041,44.2787624277154,46,43.452,1.60566330225624,-6.11808697068466,-6.97115986646873,0.802831651128118,32.123671339609,28.2254901960784,34.2575757575758,1.93040361726901,-1.03343802052833,-7.50017408878331,1.01925310991804,28.8635113192846,26.5762711864407,33.8320610687023,1.11639600832855,-2.62014109236224,-8.43433724693462,0.584991508364161,NaN,NaN,NaN,NaN,NaN,NaN,NaN,43.1800191752669,42.6350710900474,43.7611749680715,1.40858587266943,-6.75718288258655,-7.82617055126202,2.20584547660033,3.89056150952987,426,28,1,372,336,4,0.167832167832168,166,27.1833159575084,1,1108,-28.9121608802884,7.17013436557859,21,6.89543085071384,1.62496843599392,0.333139932038939,15.885674207581,1
251002_Dupi_NMH_AB_2,audiobook,Dupi,DupiS2,AB,2,92,147198,1,93,512,1038,3042,1576,3152,3041.99999999997,822.8873423692,1.096,1.19981085055405,3.04199999999997,42.2711848960281,42.4029850746269,42.32,1.85512997176123,-4.87867940638642,-7.8302385760795,0.927564985880614,28.173217942563,26.5764705882353,29.172,1.87846154403937,-2.41136735320865,-8.37830653387681,0.939230772019683,48.5590602685566,54,46.516,1.02006303663656,-7.95170896259559,-9.85939058268933,0.510031518318278,47.5746115663201,44.7058823529412,48.348,1.60312411666555,-11.6097122727093,-8.83600059906731,0.801562058332774,49.0294518756578,49.1395348837209,48.748,2.26728045491674,-10.9780610022421,-8.88231992365442,1.13364022745837,28.103509743358,26.5764705882353,29.07421875,1.87563850615436,-2.42455132244499,-8.37594509253084,0.960326915151035,50.0573987281271,54,47.5475285171103,1.04313529549908,-8.39743760511527,-9.70643661975039,0.548689165432516,NaN,NaN,NaN,NaN,NaN,NaN,NaN,52.1342751197046,52.1089743589744,51.760152284264,1.87821582404975,-11.7466803066417,-8.80921759705285,2.96006813870241,4.41335787656205,1606,52,1,356,252,5,0.125874125874126,88,13.2404429120626,1,1430,-17.6903813318156,46.3784568429672,29,10.4692334829351,1.01377864948353,-0.490969329542963,16.3223955451847,1
251002_Dupi_NMH_AB_2,audiobook,Dupi,DupiS2,AB,2,93,148719,1,93,506,1084,4992,3118,6236,4992.00000000002,1359.83032913539,2.62,1.10395710254164,4.99200000000002,51.7313631347481,NaN,44.352,0.170406653938333,-6.25669016150373,-9.03092085959265,0.0852033269691663,35.5257345289883,35,37.724,0.385066644998339,-2.24440160894016,-9.00241812732892,0.19253332249917,35.6521849815472,35.8875,37.428,1.10106772830705,-0.619683499614807,-5.98431330880276,0.550533864153527,33.370894058783,33.28,34.464,0.494635270903021,0.113625244944393,-7.07992524167538,0.24731763545151,35.9980347515649,34,36.972,0.587494007840262,-0.399237727197625,-7.41485822438395,0.293747003920131,35.4886271665393,35,37.6916996047431,0.409396646473457,-2.12093041287915,-8.92138299437453,0.207154703115569,35.8018561156939,35.9220779220779,39.0069204152249,0.936808778566952,-1.30141116325108,-6.38096598417887,0.541475474011698,NaN,NaN,NaN,NaN,NaN,NaN,NaN,35.4241107718407,39,39.2154195011338,0.807344979309798,-1.20222630212706,-6.66871918383751,0.712078271751242,3.32797983456826,566,36,1,532,82,1,0.040959040959041,82,17.4015667173149,1,1572,-24.3566685638399,9.80878028808575,3,1.13605156041178,1.322674859894,-0.267189937295089,19.2800490059804,1
