sessID,task,cohort,group,participant,sessNum,breathIdx,onsetSample,goodBreath,nEv,inhalePeakMs,returnCrossMs,exhaleStartMs,exhaleTroughMs,endSymMs,breathLenMs,inhaleVolume,inhaleDuration,peakInspFlow,breathLength,w1_rfreqPW,w1_rfreqGated,w1_rfreqRaw,w1_rpowZ,w1_rpowDb,w1_bandDb,w1_aucZ,w2_rfreqPW,w2_rfreqGated,w2_rfreqRaw,w2_rpowZ,w2_rpowDb,w2_bandDb,w2_aucZ,w3_rfreqPW,w3_rfreqGated,w3_rfreqRaw,w3_rpowZ,w3_rpowDb,w3_bandDb,w3_aucZ,w4_rfreqPW,w4_rfreqGated,w4_rfreqRaw,w4_rpowZ,w4_rpowDb,w4_bandDb,w4_aucZ,w5_rfreqPW,w5_rfreqGated,w5_rfreqRaw,w5_rpowZ,w5_rpowDb,w5_bandDb,w5_aucZ,p1_rfreqPW,p1_rfreqGated,p1_rfreqRaw,p1_rpowZ,p1_rpowDb,p1_bandDb,p1_aucZ,p2_rfreqPW,p2_rfreqGated,p2_rfreqRaw,p2_rpowZ,p2_rpowDb,p2_bandDb,p2_aucZ,p3_rfreqPW,p3_rfreqGated,p3_rfreqRaw,p3_rpowZ,p3_rpowDb,p3_bandDb,p3_aucZ,p4_rfreqPW,p4_rfreqGated,p4_rfreqRaw,p4_rpowZ,p4_rpowDb,p4_bandDb,p4_aucZ,peakZ,peakLatMs,peakFreq,anyBurst,burstLatMs,timeAboveMs,nBursts,dutyCycle,maxBurstMs,peakZ_base,anyBurst_base,timeAboveMs_base,chirpSlope,chirpSlope2,freqSpan,freqJitter,apExp,apOffset,gammaBumpDb,gammaPeakPresent
251002_Dupi_NMH_AB_1,audiobook,Dupi,DupiS1,AB,1,1,1574,1,87,550,1204,2270,1702,3404,2270,1230.25033329283,1.176,1.79381348723175,2.27,54.354930371096,53.6760563380282,54.796,1.45195322617492,-11.874377618487,-10.0640922936051,0.72597661308746,46.7136125045863,46.8492063492063,47.404,1.88022569803654,-10.5004567682009,-6.23746843682668,0.940112849018271,38.8397668015246,36,39.936,1.29475056654255,-6.00713744738259,-10.5086108492093,0.647375283271274,42.3515909473807,40.9753086419753,43.776,2.64926487200891,-5.58193207645829,-8.74147292160786,1.32463243600446,50.5376474290824,50.1275510204082,50.192,2.76256724194424,-11.4450211829285,-10.4940620892551,1.38128362097212,46.5994844336695,46.8492063492063,46.9127272727273,1.75170924827072,-10.6103339956705,-6.45170745381571,0.963440086548894,38.7228652619049,37.9398496240602,39.3853211009174,1.9240319391125,-4.35571541885438,-9.12425388410066,1.25831688817958,NaN,NaN,NaN,NaN,NaN,NaN,NaN,43.4868114053887,43.5567928730512,42.6028202115159,2.15681661504281,-6.48408101296374,-8.69494088496837,3.67090187880286,5.44719323408996,1230,44,1,310,462,8,0.230769230769231,138,16.4457869512404,1,1182,-36.5782583949915,-9.65068671604571,19,6.19928530908382,1.85616701135165,0.610392469952484,13.9520751109668,1
251002_Dupi_NMH_AB_1,audiobook,Dupi,DupiS1,AB,1,2,2709,1,87,1112,1786,3748,2132,4264,3748,1271.41796448786,1.626,1.61708686833218,3.748,49.4989750134575,50.0967741935484,48.772,1.9521764758135,-12.2342899453624,-8.88461739195276,0.976088237906749,38.672829499328,38.2677595628415,39.052,2.46712563567361,-4.13928567210083,-7.80053689895332,1.2335628178368,38.7228048682298,36.8358208955224,39.024,1.68787141878396,-6.1327029281683,-10.1084202111497,0.843935709391979,39.5321779348992,38.9351851851852,39.8,1.81158984295442,-6.72336474362204,-9.65803661672798,0.90579492147721,54.3467001402998,57.0217391304348,52.772,1.73662095280884,-9.01674134994842,-10.2895620908078,0.868310476404419,38.3838439575284,37.5539568345324,38.7230215827338,2.08242013936847,-4.73317984396794,-8.60109079444095,2.31565119497774,48.755537684175,49.3865030674847,47.6261127596439,1.92144016397795,-8.57981675515566,-10.3820192048011,1.29505067052114,NaN,NaN,NaN,NaN,NaN,NaN,NaN,41.6192066354419,40.9908759124088,42.3062098501071,2.36203566190468,-3.65019228398261,-7.388547943359,4.41228261643794,3.54845366519108,96,45,1,78,142,3,0.0709290709290709,68,17.8247696100103,1,1726,-11.9085562511857,2.08666765921018,24,8.21303322514462,1.63454802186799,0.2761951421042,14.991014610744,1
251002_Dupi_NMH_AB_1,audiobook,Dupi,DupiS1,AB,1,3,4583,1,87,570,1064,3312,1704,3408,3312,1251.04129458981,1.182,1.70822266839368,3.312,34.3363673113861,34.4162679425837,35.964,3.1609948941344,2.05501624606815e-05,-5.93003818022576,1.5804974470672,38.1598157364692,36.0576923076923,38.668,1.40100289324286,-6.43980757738,-9.53912121318441,0.70050144662143,36.5354990937826,37,34.76,1.29510326001113,-4.73932679498345,-9.88878916200995,0.647551630005567,43.1439685453911,46,42.588,1.23746021114327,-10.2850811751129,-10.0842962242389,0.618730105571633,50.527747764503,50.1627906976744,51.26,1.63798662276982,-10.7411497477511,-8.76650129587894,0.818993311384909,38.1508490539135,36.0576923076923,38.5859649122807,1.30200043866495,-6.58140341872,-9.69432662878009,0.742140250039024,36.9644994235754,37,35.1781376518219,1.37234678705231,-4.88675788850547,-9.84519654049728,0.677939312803842,NaN,NaN,NaN,NaN,NaN,NaN,NaN,49.1348244546526,48.3215077605321,50.0105633802817,2.07106285016117,-9.92746549471784,-8.32937374444643,3.52909109667463,3.16457601230231,114,36,1,98,56,3,0.027972027972028,36,15.6131105451953,1,1740,-5.60121419085564,-3.42501954070047,20,6.72131999377353,1.44336146462287,0.105549331564327,11.2863888880278,1
251002_Dupi_NMH_AB_1,audiobook,Dupi,DupiS1,AB,1,4,6239,1,87,628,1238,3630,1764,3528,3630,1297.27323767757,1.31,1.58813773597864,3.63,42.7501932265001,41.3982300884956,43.528,1.90641055426412,-7.89461480920029,-6.73138877963642,0.953205277132062,51.7029211556145,52.03125,51.204,1.82726222833404,-10.3912751515929,-9.12124450165205,0.913631114167021,36.3753530531981,36.3978494623656,36.46,2.64863822913465,-0.642239036506433,-7.12580162597059,1.32431911456733,47.490914042272,41.0862068965517,50.796,1.51830866234958,-7.83291594150183,-6.52355968217176,0.759154331174789,42.7934748918154,NaN,42.164,0.644486061950634,-10.4499479542017,-9.45183504547103,0.322243030975317,49.8751233800081,52.1870503597122,48.9012738853503,1.79919823772251,-7.57785655070067,-8.91603412072369,1.12989649328974,37.2800005712464,35.0406091370558,41.3213114754098,2.34713037740034,-1.51979593761674,-7.06998427397042,1.43174953021421,NaN,NaN,NaN,NaN,NaN,NaN,NaN,47.5871024462948,49.375366568915,45.7210884353741,1.85979900477325,-8.75896611433659,-7.53142471047566,3.28068544442001,4.0668145775027,998,33,1,324,320,5,0.15984015984016,126,61.0341918591354,1,1684,10.2394232593436,-28.3237801019838,22,8.37802539094697,1.47604011763536,0.109352066413555,14.5767786892598,1
251002_Dupi_NMH_AB_1,audiobook,Dupi,DupiS1,AB,1,5,8054,1,87,520,1150,3044,1684,3368,3044,1315.28234491883,1.162,1.80112419053757,3.044,49.6183106685201,50.2325581395349,48.848,1.7603419114731,-10.4478139157028,-8.76907133841247,0.880170955736553,40.6461825143006,40.6573426573427,40.844,2.35660168215682,-6.16867331917565,-8.51154265493648,1.17830084107841,41.9897339985597,42.4671532846715,41.752,2.05886400750876,-6.90426965047023,-8.32679814809833,1.02943200375438,40.2941899577922,28,45.372,0.796056540034892,-5.22443846873194,-9.61325050338898,0.398028270017446,53.0008174275498,52.9354838709677,52.592,2.69153391776057,-7.11708020180294,-7.17302749275354,1.34576695888029,40.6015463771015,40.6573426573427,40.7769230769231,2.33295347471998,-6.17606740175482,-8.52340098079674,1.21313580685439,42.4938247721176,42.4671532846715,43.4825396825397,1.71863233539281,-7.54388035642976,-8.81360430859961,1.08273837129747,NaN,NaN,NaN,NaN,NaN,NaN,NaN,43.8823343199781,43.8774928774929,44.7541567695962,1.99052159402147,-5.66345006069496,-7.71854911121151,3.35203836433216,4.47251337565097,2000,46,1,64,400,7,0.1998001998002,126,13.6217465211982,1,1208,-8.29482071713148,4.49687348792197,30,7.42280429851416,1.76381341376566,0.264558756551414,15.7441510425115,1
251002_Dupi_NMH_AB_1,audiobook,Dupi,DupiS1,AB,1,6,9576,1,87,548,1206,3498,1752,3504,3498,1612.07653780681,1.232,2.22470454142778,3.498,49.2506186600638,51,47.868,1.05841616457844,-11.6294941359173,-9.8034255793864,0.529208082289219,33.0688794310848,32.4797297297297,34.312,2.39080734874599,0.0703396196718939,-5.81289286184204,1.19540367437299,46.6026059439082,44.844262295082,49.088,2.48016528984846,-6.74670163183432,-7.81584708551278,1.24008264492423,47.8267579318923,47.8622222222222,47.408,2.77130515639165,-8.18079611145861,-6.08461141685878,1.38565257819583,42.8793587592376,42.1923076923077,44.212,1.57362508319558,-9.27692174499682,-10.0575860850894,0.786812541597791,33.5077744098733,32.9709302325581,34.4598540145985,2.56554927315923,0.0113174995669542,-5.80963818696246,1.40592100169126,49.1827602132558,48.5765306122449,50.419452887538,2.51314236067253,-8.45290987412207,-8.2236300847107,1.65364767332253,NaN,NaN,NaN,NaN,NaN,NaN,NaN,47.7428478482472,47.2568306010929,45.9098173515982,1.86101316496709,-4.66635014255987,-8.05283842327868,3.26049506502235,4.81444431986621,312,29,1,264,564,8,0.281718281718282,140,13.8824035829694,1,1194,-17.3530639347373,41.4128856962072,28,7.84964511597634,1.37905400712887,-0.0878763565019739,16.3897959502515,1
251002_Dupi_NMH_AB_1,audiobook,Dupi,DupiS1,AB,1,7,11325,1,87,548,1054,3140,1704,3408,3140,1476.89576056988,1.18,2.03511906622748,3.14,42.5977230246624,42.3,42.46,1.32930683817804,-7.45431901529763,-9.79448425462568,0.66465341908902,43.4826035716154,43,42.856,0.909202860214846,-13.0268066378771,-11.157742758379,0.454601430107423,41.5470364256586,41.6339285714286,41.224,1.70577169812724,-9.96199303717895,-7.86709969328013,0.852885849063621,49.3562655889705,50.4416243654822,50.74,2.69009398168044,-9.03031353788024,-6.11085037774803,1.34504699084022,49.5636100411347,50.0377358490566,49.36,1.92847593502005,-11.3017628310788,-7.68221649957105,0.964237967510025,43.4582759507449,43,42.5255474452555,0.834616169191377,-13.0482302746118,-11.2533682057461,0.457369660716875,41.2233968579092,41.3165467625899,41.296442687747,2.13384285406664,-9.1752967258306,-7.15215815348842,1.07972448415772,NaN,NaN,NaN,NaN,NaN,NaN,NaN,45.6554968129052,44.6776315789474,47.2241784037559,2.0980656488901,-4.6222112233981,-7.62260940807433,3.57510386570873,4.69490793741854,1038,40,1,778,320,5,0.15984015984016,116,16.0629871350972,1,1448,-13.9700246632517,-1.17672237317155,17,6.01825546048985,1.71625749644998,0.504952844974199,16.1211306941893,1
251002_Dupi_NMH_AB_1,audiobook,Dupi,DupiS1,AB,1,8,12895,1,87,612,1254,3256,1766,3532,3256,1259.24664322796,1.272,1.59143037772754,3.256,49.3518825384932,49.9347826086956,49.012,2.09223274644112,-12.2110968805873,-9.09208382290652,1.04611637322056,51.7741713768545,52,51.656,1.71498887486661,-13.6454956055448,-9.79228816821891,0.857494437433304,46.7506244220214,46.0873015873016,47.508,2.09772269351119,-10.2821751185882,-9.91737810324113,1.04886134675559,30.035792109609,31.8536585365854,27.872,1.51400901501515,-1.70292769418853,-7.95765532118993,0.757004507507573,27.5216439611576,25,28.288,1.42958628861498,-1.23657847619619,-8.58637418428817,0.714793144307488,50.0695410184915,49.4032258064516,50.6176470588235,1.90849128141423,-13.0677540928541,-9.74796314689087,1.16799666422551,39.6116623037386,39.1913580246914,40.9096573208723,2.15955328934173,-3.96236787560659,-8.15844961052659,1.38643321175739,NaN,NaN,NaN,NaN,NaN,NaN,NaN,37.8049533866938,38.3297180043384,38.757644394111,2.11306002321559,-2.42610094471027,-9.3336299099799,3.73166400099874,4.29504827413562,1982,25,1,528,320,8,0.15984015984016,74,5.55858347843718,1,684,3.72984253462341,-8.72622548107344,27,9.80377150562358,1.63556023249993,0.245959403755008,16.2703449289486,1
251002_Dupi_NMH_AB_1,audiobook,Dupi,DupiS1,AB,1,9,14523,1,87,606,1228,3426,1734,3468,3426,1404.77317867473,1.22,1.9275154299149,3.426,42.1578410752041,41.688,44.04,1.8281163619251,-6.67640374537773,-11.6095649683887,0.914058180962551,49.18101896426,48.8563218390805,49.048,2.3658535691748,-11.0426343163119,-11.510335871049,1.1829267845874,49.6375537210813,50.8148148148148,49.4,1.76352124618734,-12.4010850677044,-9.7122892024482,0.88176062309367,42.8171771017439,42.5034482758621,43.008,2.14008733500777,-11.4074240193588,-12.4851800325636,1.07004366750389,43.7856820054661,43.8227848101266,43.916,1.49783230262319,-12.0419952723991,-13.021680877276,0.748916151311593,49.2929300026715,48.9470899470899,49.2145214521452,2.26097977356184,-11.0803049968382,-11.3525745170014,1.37015374277847,47.9515420824414,49.7037037037037,47.2861736334405,1.55257480777319,-13.0680737008151,-10.6989236285178,0.965701530434927,NaN,NaN,NaN,NaN,NaN,NaN,NaN,35.2496159388017,35.4770642201835,35.7970011534025,2.03876910596513,-2.0015349351278,-9.15027831672075,3.53522562974354,3.80627743022262,1340,44,1,158,258,5,0.128871128871129,72,14.1045232418335,1,1672,10.4302788844621,-3.39691815238024,14,4.10826803097552,1.45509882593427,-0.0245970314563117,10.6325074464072,1
251002_Dupi_NMH_AB_1,audiobook,Dupi,DupiS1,AB,1,10,16236,1,87,554,1080,3364,1666,3332,3364,1277.09703293352,1.174,1.75514494522306,3.364,29.1459129356527,29.2460317460317,29.136,1.9713556144414,0.0344511789838489,-7.99179500278282,0.985677807220699,35.8135273338732,33.9390243902439,37.452,1.47276899254578,-6.10336513450246,-9.86029142283869,0.736384496272892,42.1717721274358,43.6896551724138,42.384,2.33788049641442,-8.69812799664892,-8.57766962935648,1.16894024820721,46.4657165563667,47.8631578947368,45.788,2.10946270332354,-9.87169349996767,-9.54644205835839,1.05473135166177,42.538166704721,42.4114285714286,42.752,2.68824566995425,-7.03743918959624,-8.70168265331857,1.34412283497713,36.0057640016231,34.3854166666667,37.6173285198556,1.48458616203834,-6.25884155846786,-9.81462072187223,0.822460733769238,44.3342876680257,45.8333333333333,44.2433460076046,2.54513380498971,-8.92784848383354,-8.30520532590137,1.33874038142459,NaN,NaN,NaN,NaN,NaN,NaN,NaN,37.2771716220246,36.6631853785901,36.8955582232893,1.89073794773918,-4.7938943495389,-9.6747925123002,3.14996942093348,5.31894499541537,1550,42,1,0,304,6,0.151848151848152,106,24.3014789204561,1,1844,5.59666097514702,21.6282986563442,26,6.523145326467,1.50284144110423,0.27370621294977,12.2802206973547,1
251002_Dupi_NMH_AB_1,audiobook,Dupi,DupiS1,AB,1,11,17918,1,87,534,1082,3064,1750,3500,3064,1290.07649269326,1.198,1.69743650829334,3.064,51.6076265469686,NaN,49.992,0.583929785384801,-13.7961286389011,-13.6524096989301,0.2919648926924,57.012602399128,58,52.484,0.795998238497698,-12.2711305662508,-14.0587692001788,0.397999119248849,50.34007889635,NaN,49.648,0.816696669119797,-13.3680643052276,-12.6724152232775,0.408348334559898,48.7653138220173,50.1980198019802,48.42,1.67997550102998,-6.30746424877792,-12.1444486850979,0.839987750514991,33.8063932122184,33.3757225433526,32.884,2.85589982703521,-1.17750217390171,-8.15259339233146,1.4279499135176,57.1421050345364,58,52.8352059925094,0.857825204453967,-12.0590276710902,-13.9071091822505,0.458078659178418,52.2433041213144,57,50.2299270072993,1.06635973601655,-13.4418029840822,-12.4925934067498,0.584365135337067,NaN,NaN,NaN,NaN,NaN,NaN,NaN,40.0586663785263,38.9259259259259,41.1325714285714,2.45623312729827,-4.45294210003627,-8.78207878169866,4.29840797277197,6.03388859890648,1992,42,1,1044,348,4,0.173826173826174,162,25.4095403883689,1,1384,19.0358565737052,-9.04325008374586,30,11.3241754491348,1.20610423986773,-0.306014816428647,13.6027370733718,1
251002_Dupi_NMH_AB_1,audiobook,Dupi,DupiS1,AB,1,12,19450,1,87,598,1314,3226,1804,3608,3226,1411.41237109984,1.332,1.77974803825317,3.226,32.2410369223318,32.1386861313869,33.328,2.45317228825752,-2.01934848326276,-7.26205674882878,1.22658614412876,42.1093050234943,35,45.292,1.05836282548383,-7.38959222728132,-10.7346451445481,0.529181412741914,41.4703726408151,41.1485148514851,41.868,2.75778391727525,-6.0929451444434,-9.51716938071019,1.37889195863762,35.4423962213156,34.8379888268156,35.932,2.4342463839288,-1.49028597616265,-7.07189218351624,1.2171231919644,45.48146136061,44.982905982906,45.612,2.02023445331669,-8.97079386570528,-11.0262174840973,1.01011722665834,41.8355895377495,36.8,45.0066889632107,1.22798848035525,-7.1298731222538,-10.6293226944985,0.734337111252442,38.8266558934948,38.7003367003367,38.8016759776536,2.8107186057733,-2.96159494123345,-8.25234170086433,2.01247452173368,NaN,NaN,NaN,NaN,NaN,NaN,NaN,42.1608981947914,39.608286252354,43.8680709534368,2.28199953904425,-2.25859233462307,-8.4430699242433,4.11672716843583,4.23862132024385,874,43,1,0,402,7,0.200799200799201,110,14.9092481038279,1,1614,40.2174160500854,-13.5257937246436,19,5.34271041664898,1.64486874717474,0.218173591377263,15.8326146732406,1
251002_Dupi_NMH_AB_1,audiobook,Dupi,DupiS1,AB,1,13,21063,1,87,544,1254,3436,1744,3488,3436,1255.21480484507,1.238,1.75804047188782,3.436,47.2892260239161,47.2672413793103,47.364,2.86065707006709,-9.89951245208896,-6.49569388091059,1.43032853503355,41.4947414211953,40.900826446281,41.112,1.98309867970716,-7.18965011895382,-7.95790606509199,0.991549339853579,38.4771167530936,37.0394736842105,39.464,1.49454420638707,-6.23600504212896,-10.4489454777958,0.747272103193535,29.8927663866737,28.5368421052632,32.512,1.69743095606841,0.286779615133788,-7.36003152543125,0.848715478034206,37.3900110815416,36.265625,37.912,2.12767304923559,-3.73143919770495,-5.62065652103166,1.0638365246178,41.4699811243799,40.900826446281,41.1029411764706,1.91872743947554,-7.38990987415896,-8.14934899301509,1.04378772707469,35.2988790113255,33.725,37.3408450704225,1.52051494097211,-3.10236542743312,-9.35011142212657,1.0795656080902,NaN,NaN,NaN,NaN,NaN,NaN,NaN,48.5999888305214,48.3597122302158,48.4816513761468,2.17173241479529,-9.2881657797251,-7.49404883896371,3.78750133140299,4.324264527958,18,46,1,0,292,3,0.145854145854146,142,10.998102962142,1,1256,-17.7859988616961,-1.64616443964715,18,5.20899226426163,1.52273698088041,0.00739270839480985,15.2841600839214,1
251002_Dupi_NMH_AB_1,audiobook,Dupi,DupiS1,AB,1,14,22781,1,87,562,1018,3302,1840,3680,3302,1465.98534647684,1.284,1.87075344935461,3.302,47.6597936590735,47.4690265486726,47.98,2.19654918133586,-11.8752777492516,-6.75148454967712,1.09827459066793,51.6275350933435,58,50.288,1.17595133834628,-10.3214504777404,-8.54825400537068,0.587975669173139,45.5674155107194,45.5402298850575,45.568,2.23438605085906,-9.10854491160602,-8.97234485351857,1.11719302542953,46.8482838690605,47.2185430463576,46.74,2.0301530000384,-10.215914151213,-6.43134303918375,1.0150765000192,38.9148039703984,38.4583333333333,39.404,2.32545333374589,-4.44455650423262,-9.29460029311709,1.16272666687294,50.7986633864248,49.2727272727273,49.8754448398576,1.24797465135706,-10.4518607581662,-8.76994876715016,0.701361754062665,45.4460149708997,45.5029239766082,45.4122807017544,2.28033662481527,-8.82207138484,-8.63830022331433,1.03983350091576,NaN,NaN,NaN,NaN,NaN,NaN,NaN,42.8357418834093,42.8062015503876,41.9565217391304,1.87684364011497,-4.70376096882211,-8.00087069357585,3.45339229781154,3.47991425569222,1722,35,1,710,116,4,0.0579420579420579,70,22.8728485491112,1,1852,-23.6281540504648,-8.54217069267131,23,4.67753195053297,1.34897812384676,-0.0235102205985608,15.4995982214468,1
251002_Dupi_NMH_AB_1,audiobook,Dupi,DupiS1,AB,1,15,24432,1,87,576,1164,3398,1780,3560,3398,1394.08657413872,1.282,1.82803993993104,3.398,35.9347070255995,36.2638036809816,34.48,2.16861877767013,-1.37562495599825,-7.61648650509785,1.08430938883507,34.0054666040644,33.822695035461,33.516,2.02926890345402,-1.69739140135042,-7.59149376038324,1.01463445172701,50.8885133819148,53.7692307692308,51.092,1.43268024723244,-11.7079257121033,-9.02518146002398,0.716340123616222,53.3494230548781,43.5357142857143,54.88,1.21869972726904,-10.6334841758987,-12.8491253407697,0.609349863634522,44.560796398047,44.8814432989691,43.812,2.70076041368487,-6.82521141911362,-7.69174169396563,1.35038020684244,35.2967407568321,34.7922077922078,35.0555555555556,1.98918555116652,-2.24986715453497,-7.83896350767132,1.14577087747191,53.2919661872085,58,53.3979591836735,1.31254301959573,-11.3566260672479,-9.66827948417768,0.771775295522287,NaN,NaN,NaN,NaN,NaN,NaN,NaN,44.748654569589,44.6492890995261,44.1943820224719,2.46338120222611,-5.73131986576385,-8.69188927745908,4.38481853996247,4.27810304063907,1740,50,1,314,296,3,0.147852147852148,116,7.61005378595303,1,1134,20.8643521153481,35.5173633081475,28,7.86044059992486,1.08261999947366,-0.291613288624063,12.269428674218,1
251002_Dupi_NMH_AB_1,audiobook,Dupi,DupiS1,AB,1,16,26131,1,87,642,1182,3426,1840,3680,3426,1301.39996985899,1.342,1.59397396011421,3.426,46.1941238592139,47.1449275362319,45.964,1.92643072270124,-10.2265001704713,-10.4479977457594,0.963215361350621,43.0502751569938,43.1554404145078,43.048,2.58847003831237,-7.6070286669754,-10.6108035321967,1.29423501915618,40.2490516420727,43,38.808,1.11732581226154,-6.7177852314083,-11.2202297150737,0.558662906130769,40.1274920898303,39.6282051282051,40.26,1.66205113594373,-6.09108507356176,-9.73297419667538,0.831025567971867,35.5262183551554,36.1023622047244,34.564,2.19560158390555,-1.78353336620841,-7.18175701053625,1.09780079195278,43.0890305953473,43.1554404145078,42.8722741433022,2.06026539116083,-8.23403984296282,-11.2442989045142,1.32269038112526,40.4514509896931,42.6440677966102,38.7666666666667,1.49441805214317,-6.34662617309665,-10.6679613288045,0.80698574815731,NaN,NaN,NaN,NaN,NaN,NaN,NaN,43.1978982475757,45.65664160401,39.979347826087,1.89292480728729,-4.69008902777231,-7.75260238993634,3.48298164540862,3.96671157621576,1642,38,1,22,438,6,0.218781218781219,146,19.6090492961361,1,1666,11.9427053690002,-8.10492425652288,14,3.75172739058038,1.68617314195679,0.263562723782809,14.6650155057666,1
251002_Dupi_NMH_AB_1,audiobook,Dupi,DupiS1,AB,1,17,27844,1,87,614,1162,3208,1896,3792,3208,1203.92120409507,1.238,1.57638669929744,3.208,34.2684713375143,42.3030303030303,33.156,1.42921722394674,-2.01809177761643,-7.84230521736089,0.714608611973369,38.1788722455698,38.1612903225806,37.268,1.81014050932436,-5.86234035151841,-9.49044017432773,0.905070254662181,34.3034493067688,35.2903225806452,34.112,1.63910065483157,-3.13398812033151,-8.28233136761075,0.819550327415784,26.1671858590432,25.0094339622642,27.08,2.04363447321507,0.823036603662634,-7.72654154505867,1.02181723660753,41.4119472554972,40.531914893617,41.824,2.30200939235836,-5.61230200997142,-9.01505494879975,1.15100469617918,37.9882878420665,38.1612903225806,37.1302931596091,1.63161223725243,-6.01598061692139,-9.43347400166906,1.00180991367299,32.5488935112947,35.2903225806452,31.7481751824818,1.73164818960982,-1.51962021389007,-8.00459118798231,0.948943207906181,NaN,NaN,NaN,NaN,NaN,NaN,NaN,51.3837562211453,51.4040747028862,51.2299578059072,2.49837900478298,-9.58111127101198,-8.54830723845347,4.73692659306853,4.47874282389885,372,38,1,312,392,6,0.195804195804196,126,7.51975379931126,1,636,-3.54050464807438,-5.39416384412104,22,6.97912331611706,2.10677442880866,0.986035382457251,13.5025201669815,1
251002_Dupi_NMH_AB_1,audiobook,Dupi,DupiS1,AB,1,18,29448,1,87,688,1236,3448,1896,3792,3448,1363.15012686905,1.358,1.54583057653751,3.448,48.9771577418338,48.7777777777778,49.856,2.56662913337535,-10.3638214518838,-10.0612297590645,1.28331456668767,37.3877274693064,39.2638888888889,35.436,2.01207842178381,-1.37671327669081,-7.42664690239198,1.00603921089191,36.7879220447556,26.0285714285714,41.18,1.1740093522508,-2.38495430419333,-8.46060271635186,0.587004676125398,39.8678696565098,34.1794871794872,46.072,2.0414033661448,-2.61421284071331,-8.30834476612512,1.0207016830724,41.8265508118339,37.5350877192982,45.148,1.82500155417717,-5.19220767310882,-10.223766533415,0.912500777088584,36.5103602574022,39.2638888888889,33.7063953488372,1.63159323901813,-1.50166254637388,-7.7132162929624,1.12253614844447,33.0909967645817,25.4555555555556,42.6277372262774,1.96641541923404,-1.22780787372655,-7.80556173588487,1.07759564974025,NaN,NaN,NaN,NaN,NaN,NaN,NaN,35.3834068133496,35.5741839762611,35.2373417721519,2.44467240934271,-2.53900849366148,-8.15128652949344,4.63509888811378,5.36417971264943,1044,25,1,98,234,3,0.116883116883117,158,14.2770267196657,1,1188,-46.1312843862645,26.3749209066885,33,10.6535610225518,1.10294510459995,-0.00926871322734174,9.6731804604793,1
251002_Dupi_NMH_AB_1,audiobook,Dupi,DupiS1,AB,1,19,31172,1,87,484,1100,3398,1826,3652,3398,1528.63561837542,1.226,2.19394327427882,3.398,36.9493404219389,36.6296296296296,37.092,1.88650274697426,-4.39200317711378,-9.18738519276042,0.943251373487128,30.2755320726209,30.60625,29.372,2.31984652345532,0.157449678411472,-6.94394094700647,1.15992326172766,36.31320543743,39.253164556962,37.512,2.64599864748928,-1.15032634060343,-7.31962850821317,1.32299932374464,52.6987147709214,53.4,52.696,1.67890641030691,-10.4150017511721,-8.33057130477602,0.839453205153453,52.882742104665,52.6730769230769,52.828,1.76853243269379,-11.8787049402553,-8.9414585664107,0.884266216346896,30.3543655214692,30.60625,29.4504132231405,2.34021289055983,0.150062811150238,-6.89690547380945,1.13266303903096,37.9235939620246,40.0823529411765,39.4285714285714,2.49344503462517,-1.72969567627667,-7.42919112841287,1.5359621413291,NaN,NaN,NaN,NaN,NaN,NaN,NaN,45.6494485155504,46.7821100917431,45.0909090909091,1.95805157770218,-7.2773214258093,-8.90872002661261,3.57540218088418,4.98721499957316,710,25,1,14,252,6,0.125874125874126,114,33.2948172531724,1,1990,-19.795864162398,36.0640376670265,30,12.0411143593662,2.64134676749725,1.38125467176505,19.3620806120086,1
251002_Dupi_NMH_AB_1,audiobook,Dupi,DupiS1,AB,1,20,32871,1,87,620,1058,3288,1804,3608,3288,1465.62629974753,1.282,1.97830411588004,3.288,39.9618392555113,38.5447154471545,40.292,2.19791118932565,-3.29648727911835,-8.18796052075997,1.09895559466282,56.2232910039694,56.6923076923077,55.812,1.87827773484906,-11.0939947470135,-7.47719354191901,0.939138867424528,46.4861417069079,45.2898550724638,47.568,2.30786785884374,-9.31560805736791,-7.00483498276613,1.15393392942187,43.6974818790865,45,45.176,1.23887941201275,-10.456004860712,-11.5221695880262,0.619439706006373,45.4405061679328,41.9787234042553,45.84,1.38400411576347,-11.3764772154659,-12.0557255846324,0.692002057881736,55.913200907826,56.6923076923077,55.458064516129,1.76009016221287,-11.520263155934,-7.75113508971385,1.09125590057198,45.3110712100567,45.2684563758389,45.4703196347032,2.53978212251215,-8.51962890609392,-6.78175417795122,1.11242456966032,NaN,NaN,NaN,NaN,NaN,NaN,NaN,46.9829630250643,46.4711111111111,46.5144124168514,1.68258454545677,-4.93086644995837,-9.51262761372206,3.03538252000401,4.6447068690967,930,45,1,748,144,3,0.0719280719280719,84,31.3217896504404,1,1400,-11.2608613166382,-17.7477946923735,17,6.2703539267855,1.60595289078166,0.261368975454442,12.3444837024439,1
251002_Dupi_NMH_AB_1,audiobook,Dupi,DupiS1,AB,1,21,34515,1,87,1038,1424,4244,1722,3444,4244,1733.35589389309,1.376,1.87250313879513,4.244,33.4334721781776,32.2222222222222,35.808,1.40942781346359,-2.08169980535064,-8.17688820073513,0.704713906731795,37.7203769630555,40.0857142857143,36.844,1.72468621657642,-3.25138770310404,-9.18291564713988,0.862343108288209,38.3076448822472,35.9101123595506,40.264,1.8882622416502,-3.2277170688031,-7.48842658576929,0.944131120825102,48.0136516465474,49.1907894736842,47.176,2.47415661568645,-7.52035728229744,-8.1681685985634,1.23707830784323,32.0529539202158,31,32.536,1.42857384029047,-0.951771037231022,-8.15383020580313,0.714286920145233,38.7591669786276,39.2696629213483,39.0462427745665,1.83653530570794,-3.34547310902257,-8.30502823179366,1.90632364732485,48.1783881693326,49.2213114754098,47.3264248704663,2.58324444678732,-7.52063771402478,-7.87947830529926,0.997132356459905,NaN,NaN,NaN,NaN,NaN,NaN,NaN,43.8525423628029,44.085626911315,41.7630662020906,1.80045497202398,-4.36617007500962,-8.83469650565312,3.1003834618253,4.12352372190067,474,39,1,430,410,5,0.204795204795205,112,77.8619837953286,1,1898,21.1792828685259,11.0132318457587,21,7.80373119420309,1.776201469053,0.598619502977269,13.836107096369,1
251002_Dupi_NMH_AB_1,audiobook,Dupi,DupiS1,AB,1,22,36637,1,87,1498,2140,4116,2836,5672,4116,1099.4960474494,2.206,1.39321176032726,4.116,49.0849467457327,49.5340909090909,48.78,1.72977040544831,-11.2600425628259,-7.72401684952038,0.864885202724153,46.6011354008403,46.0746268656716,47.344,2.17129387197353,-10.197032438197,-6.57712977194814,1.08564693598677,43.3181071960914,40.9859154929577,44.204,1.96285359216296,-8.62669371745025,-9.71825516482219,0.981426796081482,33.3131535748936,31.9255319148936,36.124,1.44348763958559,-2.99119589547262,-8.44866270091932,0.721743819792795,26.2600506957894,25.8972602739726,26.564,1.96637790039544,0.284422391858647,-7.81072916826982,0.983188950197718,42.0305590665857,40.4563758389262,42.5754339118825,1.85830933573095,-6.12802328503217,-8.05524094212146,2.78374738492497,26.2207117334411,25.9285714285714,26.4485981308411,1.91175254054133,0.304568897223172,-7.72176585478489,1.22734513102754,NaN,NaN,NaN,NaN,NaN,NaN,NaN,51.787984457237,53.0493421052632,50.6048109965636,2.09416115498012,-8.39933319667817,-8.30544199126168,2.43760358439686,4.33889144215515,330,45,1,298,274,4,0.136863136863137,118,9.50891853291133,1,1408,-6.75811041548094,-7.54596717162318,25,9.00482954904401,0.9518675249797,-0.466662863935501,11.3473725065842,1
251002_Dupi_NMH_AB_1,audiobook,Dupi,DupiS1,AB,1,23,38695,1,87,604,1236,3956,1640,3280,3956,1441.14855781048,1.232,1.97611646316978,3.956,50.9085443073185,50.7892156862745,51.076,2.34770673047012,-9.55843633998617,-7.67707620824918,1.17385336523506,52.3747493845275,57,49.396,1.18059628935098,-10.9461286893149,-10.3605867622987,0.590298144675491,54.9152442293849,54.5547445255474,55.484,2.11264848905414,-8.13824558771638,-10.2784774267983,1.05632424452707,43.780743030964,43.1608040201005,43.888,2.90566998251075,-8.58436620393979,-6.89849899586785,1.45283499125538,34.9407725230439,30.7,37.536,1.86612599102082,-1.9483204346545,-7.9529065292769,0.93306299551041,53.4494095178962,57,50.8774834437086,1.20811590338134,-10.2695343933215,-10.4872077752552,0.729702005642331,51.5569742125118,52.0384615384615,51.9746835443038,2.46242772221698,-8.86470296709515,-9.37434226615598,1.55625432044113,NaN,NaN,NaN,NaN,NaN,NaN,NaN,40.7330852667753,41.7132701421801,39.2743902439024,1.92252784513615,-3.91984093132017,-9.2215813021755,3.15294566602329,4.78069662243762,1040,50,1,948,350,6,0.174825174825175,124,7.92623397286293,1,442,-33.2396129766648,13.2793017456359,30,10.0452470973745,2.05515568751422,0.739975509367477,17.2807710878432,1
251002_Dupi_NMH_AB_1,audiobook,Dupi,DupiS1,AB,1,24,40673,0,87,514,792,1532,1180,2360,1532,278.061225958159,0.846,0.641828387955176,1.532,40.186349414586,42.1139240506329,40.576,2.46600433868228,-2.41409838116519,-7.34881895184115,1.23300216934114,53.6292897529341,52.0769230769231,54.436,1.79908873879861,-11.3732760267734,-9.31945960507162,0.899544369399303,46.2642169316314,52.0990990990991,44.08,2.13218787217396,-3.70473359238855,-8.23530211062307,1.06609393608698,31.198240256189,NaN,30.372,0.706324589597528,-2.76532991763692,-10.0090627611709,0.353162294798764,36.129690306827,38.1339285714286,33.28,1.92067963039505,-0.857837881876453,-8.00179236474644,0.960339815197526,53.6395133754159,52.0769230769231,54.4241245136187,1.79971984670808,-11.3800695010554,-9.299796114272,0.925056001207953,51.8314932104362,52.0990990990991,51.1151079136691,2.53406457941542,-9.96806065772514,-7.571348099168,0.704469953077486,NaN,NaN,NaN,NaN,NaN,NaN,NaN,39.7297932100448,40.2689655172414,37.6050847457627,1.41174485012853,-2.84467900969616,-8.94633085888705,1.66585892315166,4.15487217881132,86,51,1,58,242,5,0.120879120879121,60,16.1171847561428,1,1728,12.199203187251,-36.9559310678528,29,8.98687750238915,2.22203824152206,0.841214759707583,18.9559242125977,1
251002_Dupi_NMH_AB_1,audiobook,Dupi,DupiS1,AB,1,25,41439,1,87,352,686,8286,1130,2260,8286,2024.25693637617,0.79,3.60573064629681,8.286,30.5544872816692,34,30.284,1.08068871038372,-2.95507851065729,-9.97337956351335,0.540344355191861,35.7216968393657,37.9927536231884,34.428,2.01291934261791,-1.09598311572919,-8.09196470547367,1.00645967130895,56.8930257739538,57.9101123595506,56.272,1.51426882875094,-11.2414786173417,-10.1922473433356,0.757134414375471,50.7596820609743,58,48.56,0.47955857237121,-12.6714107872902,-15.2250146049218,0.239779286185605,53,53,53,1.81213373277405,-11.7891261956316,-13.0816707491931,0.906066866387027,28.99356525428,29.1756756756757,28.9545454545455,1.84431564898765,0.151285746170371,-7.94272247853871,0.649199108443653,50.1344915287743,48.3636363636364,51.0958083832335,1.67473753337482,-10.0240778142165,-8.72716738240762,0.55936233614719,NaN,NaN,NaN,NaN,NaN,NaN,NaN,46.935547262985,45.5828571428571,47.8938053097345,1.58015806582736,-6.88690665747527,-10.7761687144909,1.78557861438492,4.87256614268717,1980,53,1,386,142,4,0.0709290709290709,74,8.33175348031162,1,854,51.2521343198634,39.1961328023226,30,11.0802813073286,2.78470186468775,1.77394113398177,14.9652926917141,1
251002_Dupi_NMH_AB_1,audiobook,Dupi,DupiS1,AB,1,26,45582,1,87,686,1368,3662,1686,3372,3661.99999999999,1496.03679756637,1.24,2.48743819130181,3.66199999999999,34.3064049683215,33.6318407960199,35.06,2.89421750191876,0.93209933937203,-5.33476807123609,1.44710875095938,40.4785709580784,41.2038834951456,40.192,1.71425296804731,-7.79246759121554,-8.791295675396,0.857126484023657,44.9000669298435,46.2871287128713,44,1.72272595750054,-10.5708426170693,-8.96947406027532,0.861362978750269,46.3066453132095,44.2814814814815,48.028,2.34206877529208,-10.487628023735,-8.306770310099,1.17103438764604,40.2694980749832,41.1692307692308,39.76,1.47200199843815,-7.80203701843488,-8.17763013825795,0.736000999219073,40.5786386102529,41.1826086956522,40.4110787172012,1.54618436458737,-8.54335378490663,-8.77456388074214,1.06068247410693,47.4215149345577,46.4821428571429,48.158357771261,2.09461858091604,-10.5348035049189,-9.15048456341616,1.42852987218474,NaN,NaN,NaN,NaN,NaN,NaN,NaN,39.9341944937149,41.7491039426523,39.8908659549229,1.62178368236416,-4.78162240595381,-9.23581483706895,2.73432728846598,4.14392644437341,1050,47,1,402,220,5,0.10989010989011,90,8.41399075148346,1,944,6.62910263707075,9.95459113410506,13,2.78376965831443,2.0467417718726,0.834916630410804,15.7409355665965,1
251002_Dupi_NMH_AB_1,audiobook,Dupi,DupiS1,AB,1,27,47413,1,87,1298,1998,3776,2328,4656,3776.00000000001,1447.18696118504,1.9,1.71447304436411,3.77600000000001,36.7258697357601,37.7368421052632,35.408,2.0013901164151,-5.7695067171307,-9.21386376778761,1.00069505820755,42.2071822623488,41.6601307189542,41.452,2.21132712756618,-5.85617968384298,-11.1653867719084,1.10566356378309,50.0119476124631,48.3118279569892,51.844,1.49100251013973,-12.7722649099107,-10.9667832070168,0.745501255069863,42.4539221053201,42.2027027027027,43.104,2.26984808032109,-9.95351826356528,-9.2096296963212,1.13492404016054,51.4701650550866,52.3382352941176,51.46,2.1503864649108,-10.9973946153906,-10.2786154798961,1.0751932324554,43.907300806886,42.9673590504451,45.366718027735,1.95090043002328,-8.30986056817019,-10.6502883362629,2.53226875817021,49.8812153657216,50.5233160621762,49.9,2.18046507275404,-11.0598195246217,-9.79852344090654,1.52632555092783,NaN,NaN,NaN,NaN,NaN,NaN,NaN,45.6927133787514,44.2699228791774,46.63995215311,1.96764393141141,-7.52934557522702,-9.6358672161706,3.28990065331987,4.31681591725094,484,51,1,22,420,7,0.20979020979021,104,12.843317298825,1,1202,48.9569341680896,11.855342985819,24,7.22303489680892,1.20924768074262,-0.340126354322363,13.0353511682712,1
251002_Dupi_NMH_AB_1,audiobook,Dupi,DupiS1,AB,1,28,49301,1,87,178,422,1734,682,1364,1733.99999999999,425.727771534774,0.586,1.06219029341601,1.73399999999999,33.065941910456,28,40.024,1.42469644409995,-2.388385317139,-8.68057393728367,0.712348222049974,34.6547458599277,33.6814159292035,35.02,1.75667716394189,-1.63868011306898,-7.75772946495929,0.878338581970945,50.1616961104332,50.3514851485149,50.484,3.14419179933371,-8.0404283294017,-6.78212324487621,1.57209589966686,50.112323670088,52.7029702970297,49.412,2.09567938224646,-9.54352267285585,-7.61019270610407,1.04783969112323,40.7753227848594,40.72,40.596,3.23534479018051,-3.80810317735664,-8.590280931812,1.61767239509026,28.5787555881608,27,29.1573033707865,1.2094806439201,-0.332708761564619,-7.04301940827757,0.215287554617778,32.9126412930805,29.7361111111111,35.0819672131148,2.06406285403198,-1.62735131899099,-7.57476269979105,0.503631336383803,NaN,NaN,NaN,NaN,NaN,NaN,NaN,51.1662740530439,51.6976744186046,51.3196480938416,2.60818764781666,-9.73227085982651,-6.88678111583084,1.77878397581096,5.41587243019834,724,48,1,572,658,5,0.328671328671329,212,56.136897536706,1,1996,49.5522671219882,27.0138087616779,26,8.19357179499578,2.32396042273785,1.10827535909688,17.5985423162614,1
251002_Dupi_NMH_AB_1,audiobook,Dupi,DupiS1,AB,1,29,50168,1,87,548,1184,3196,1570,3140,3196,1664.50355980973,1.15,2.27024892033442,3.196,43.2923877091265,43.5983606557377,43.332,2.33576588982804,-6.94472861347815,-8.22705337635816,1.16788294491402,35.0741997749119,35.741935483871,34.672,2.811412336741,-0.00910694245089089,-7.00213847290961,1.4057061683705,37.5647536972452,37.5208333333333,37.988,2.36921529154785,-1.8288903822705,-6.78554266585019,1.18460764577392,50.4728265113753,52,48.612,1.40574977996266,-10.3304412443223,-7.95003577451028,0.70287488998133,53.470803215201,54,53.316,1.24646378136662,-12.2480674132063,-8.2310694036053,0.623231890683308,34.6817974254478,35.3095238095238,34.4343065693431,2.92770039885498,0.480522886657195,-6.53519835646931,1.60437981857253,39.1858261806366,38.6333333333333,39.8333333333333,1.74006930190371,-4.24430543645028,-7.48589167859538,1.10668407601076,NaN,NaN,NaN,NaN,NaN,NaN,NaN,46.4135659871786,45.1567796610169,47.312101910828,1.61108054510711,-8.35126741336039,-9.10949911236501,2.52939645581816,4.56738355194401,494,31,1,4,400,3,0.1998001998002,182,12.9140022481181,1,1172,-23.2570669702144,13.8925075371273,24,7.3859963023924,2.06241157982762,0.560744489263065,22.2271116054441,1
251002_Dupi_NMH_AB_1,audiobook,Dupi,DupiS1,AB,1,30,51766,1,87,578,1216,3288,1788,3576,3288,1471.08661746276,1.266,1.93479318146214,3.288,52.4237798625603,41,52.772,1.04428045894311,-8.81054485767501,-8.74794316665344,0.522140229471555,55.0408562370348,54.2857142857143,55.056,1.64097298884841,-10.4212606857671,-8.50397218166743,0.820486494424207,56.0548305061401,56.3485714285714,54.976,2.65280944341405,-7.04796431099817,-10.0605563995542,1.32640472170703,31.8089145596727,26.3090909090909,34.856,1.65049126255122,-2.54663480469816,-9.13397297392134,0.82524563127561,42.6803705737008,42.21875,41.592,1.04897063908431,-6.05042489844243,-9.97540010174041,0.524485319542156,55.5504270930442,55.4537037037037,55.3944636678201,1.76970910713675,-9.53025262319948,-8.58092181842288,1.02289186392504,52.5801454945642,56,49.1504702194357,2.11693042086847,-6.54053734277009,-10.2554456541988,1.35060160851408,NaN,NaN,NaN,NaN,NaN,NaN,NaN,40.9031318501103,42.110843373494,39.2203579418345,2.02995975522597,-2.77838383158572,-8.13030586568398,3.62956804234403,4.88131483173855,706,56,1,606,296,2,0.147852147852148,206,19.8731668230311,1,1562,9.23430089167139,-4.16654259872708,32,11.5965821443932,1.95219601388801,0.653299159611787,14.5589689656467,1
251002_Dupi_NMH_AB_1,audiobook,Dupi,DupiS1,AB,1,31,53410,1,87,590,1208,2902,1740,3480,2902,1266.95014698586,1.26,1.65171550010693,2.902,48.6725541443443,48.1531531531532,48.8,1.97921055833085,-9.96013457135167,-9.42092940010049,0.989605279165424,41.5504062402962,41.7386934673367,41.32,2.89831174194864,-5.54760654792296,-7.18468432510375,1.44915587097432,41.8593712148404,42,42.884,1.07818010351135,-9.94094339497043,-10.0087834323031,0.539090051755677,34.2258476889401,32.0862068965517,34.64,1.44456814033337,-1.44079971186535,-7.63723833616123,0.722284070166686,42.6008351458888,NaN,42.26,0.90920323997106,-9.46537724725503,-11.0327678319843,0.45460161998553,41.6383760216845,41.7842323651452,41.4237288135593,3.053698417238,-5.70623480238194,-7.33643535244383,1.80168206617042,38.2574029409713,42,40.0388349514563,0.570457719904056,-7.15670680685242,-10.0631312121094,0.352542870900707,NaN,NaN,NaN,NaN,NaN,NaN,NaN,51.6817335775388,53.5932642487047,50.3551724137931,1.8829054808623,-7.9285056009087,-9.21219643965501,3.27625553670041,5.31631507581731,514,42,1,22,320,4,0.15984015984016,184,27.0706337783855,1,1332,-9.03509770442043,9.11471321695761,12,4.19588801413309,1.51538660734297,-0.143733480011753,18.3185576459392,1
251002_Dupi_NMH_AB_1,audiobook,Dupi,DupiS1,AB,1,32,54861,1,87,610,1248,3748,1744,3488,3748,1539.39805785282,1.252,2.12590820304298,3.748,52.432779879107,52.3392857142857,52.704,2.55640380615746,-10.6329867515084,-8.99692160084211,1.27820190307873,52.8410890233159,53.3202247191011,54.208,2.62523645860425,-7.89890831531647,-9.74265336759859,1.31261822930212,54.9806487147679,54.620320855615,54.652,2.88637112016382,-8.31842943146303,-7.26878384025777,1.44318556008191,43.6330150564264,43.64,43.58,2.20061504229976,-10.0037222316034,-9.55090478931694,1.10030752114988,41.3956636983014,41.8148148148148,38.384,1.02833566705223,-7.53787822213441,-10.9423207895252,0.514167833526117,53.3219893516452,53.7112068965517,54.3508196721311,2.76852607562175,-7.98496487973495,-9.0318644473303,1.68880090612926,50.585818984835,50.3561643835616,50.4514106583072,2.78671915731375,-9.06488536969596,-8.38981397122562,1.77792682236617,NaN,NaN,NaN,NaN,NaN,NaN,NaN,37.5743456287018,38.0993377483444,36.4151376146789,1.70753146119305,-3.70481113067908,-9.18273754533948,2.97793486832068,5.40467897154581,1116,44,1,236,546,5,0.272727272727273,164,15.9796165591445,1,1504,-14.7285145133751,3.4652175531321,18,6.07150711121712,1.98259954011363,0.661627729949795,17.8007775704596,1
251002_Dupi_NMH_AB_1,audiobook,Dupi,DupiS1,AB,1,33,56735,1,87,562,1300,3572,1826,3652,3572,1441.85766993368,1.362,1.59194892227392,3.572,55.6198552108057,56.2105263157895,54.764,1.28214406950782,-11.9316448848551,-9.83556170951225,0.64107203475391,54.5517819725868,54.2682926829268,54.58,1.69114832484862,-12.0250637751428,-6.10658860317074,0.84557416242431,44.27275911901,43.2430555555556,44.552,2.62294595730839,-5.81179737890336,-8.38991284462506,1.3114729786542,43.3661306663328,43.5671641791045,42.424,2.07422942098786,-4.69773578160379,-6.94045100656389,1.03711471049393,42.7859853289922,40,43.048,1.28257753256732,-9.52108475197513,-7.82768590855559,0.641288766283659,54.2305128640991,53.9203539823009,54.4056939501779,1.89740452730137,-11.7773120035483,-6.42428175569128,1.06634134434337,40.9978346021544,39.5561797752809,41.1951219512195,2.18871755754566,-4.42968895654624,-6.90402256965279,1.61527355746869,NaN,NaN,NaN,NaN,NaN,NaN,NaN,43.6113790384871,42.6113138686131,43.4775465498357,2.26228917970922,-4.93610986648692,-8.57713020966271,4.13094004214903,5.73595481058989,834,44,1,492,294,5,0.146853146853147,98,37.8616172170315,1,1696,-6.26370707645609,-24.9563591022444,20,6.88737759507025,1.50187346929277,0.16233545966495,14.552081668364,1
251002_Dupi_NMH_AB_1,audiobook,Dupi,DupiS1,AB,1,34,58521,1,87,566,1174,3478,1652,3304,3477.99999999999,1425.42472400096,1.19,1.96298383900551,3.47799999999999,36.495758117674,34.5971223021583,38.156,2.20788175357814,-1.74394083830973,-7.23261752238017,1.10394087678907,32.3846434828237,32.5903614457831,32.476,2.37901309375583,1.46440221808933,-6.22690216982821,1.18950654687791,34.701199267975,30.5454545454545,35.632,1.47726925123181,-1.92465624304951,-8.99911890198062,0.738634625615904,44.0755350901265,45.4130434782609,42.708,1.96593939845782,-7.50013471883789,-9.94978471420402,0.982969699228912,45.1297932614654,44,48.04,0.804304523170822,-12.4331861441076,-11.1372434928256,0.402152261585411,32.9358329078879,32.5903614457831,33.8621908127208,2.19624075095914,1.00358913516705,-6.50876466565595,1.24307226504287,38.6620756965863,38.8940397350993,37.4638157894737,1.92822781014736,-2.6898087777892,-8.92000225347045,1.17236250856959,NaN,NaN,NaN,NaN,NaN,NaN,NaN,52.122624233476,53.3851351351351,51.0605326876513,1.76942763332522,-11.0993692463575,-7.71486668204068,2.92309445025326,4.11653130707861,360,32,1,312,186,5,0.0929070929070929,108,13.4522299212022,1,994,-9.85126162018594,-4.36278706219526,21,7.22046624666264,1.45925896793108,0.23301096277872,12.7658516018884,1
251002_Dupi_NMH_AB_1,audiobook,Dupi,DupiS1,AB,1,35,60260,1,87,562,1046,3520,1776,3552,3520.00000000001,1404.94227299658,1.234,1.96594496690706,3.52000000000001,54.9674626104989,55.6948051948052,54.084,2.48793350138164,-9.31452556093824,-7.84596869094802,1.24396675069082,47.0380188799895,46.2,47.152,2.00311346429209,-9.51627474819399,-7.69769401495044,1.00155673214605,40.6871183982321,40.14,42.424,2.15979084836546,-5.28404892693855,-9.0155195319257,1.07989542418273,40.2638990394625,25,46.052,1.28514005480077,-5.89609258484255,-9.31437228883349,0.642570027400386,49.9504150026812,49.4761904761905,51.248,1.52244114248494,-11.8311763726291,-9.06694266507278,0.761220571242469,47.3405185853573,46.793893129771,47.4021352313167,2.02021927558885,-9.70775555058215,-7.83034149550793,1.13536323288093,37.4068882513157,36.5,39.8719008264463,2.27282603609957,-3.94695984950338,-8.96370593731812,1.10004780147219,NaN,NaN,NaN,NaN,NaN,NaN,NaN,43.360267266116,41.646186440678,45.1644144144144,2.09361949648226,-4.05966424914032,-7.58044563788465,3.7182682257525,3.88049055433668,1900,49,1,48,300,7,0.14985014985015,64,16.9586730765352,1,1174,29.435021817492,-25.7494323891763,27,10.3868828808301,2.26797409895622,1.06861987622513,16.2425457122792,1
251002_Dupi_NMH_AB_1,audiobook,Dupi,DupiS1,AB,1,36,62020,1,87,540,1096,3054,1710,3420,3053.99999999999,1288.98282001938,1.2,1.74347255330683,3.05399999999999,34.6261789685537,34.7842323651452,34.796,3.26341706172191,1.37946841750037,-5.2479979213662,1.63170853086096,40.0871495428469,40.2670807453416,39.624,2.38578998631385,-4.89702923199748,-7.0313971983029,1.19289499315693,41.8605622426868,41.4716981132075,41.936,1.49715925444435,-7.9505980999897,-8.04030065310993,0.748579627222177,46.6482196214055,46,46.972,1.39080168790607,-13.1873903985846,-7.89451077360632,0.695400843953034,51.4012753760355,51.752380952381,51.3,1.97439614292384,-11.0445114790774,-10.5054948193643,0.987198071461922,40.1658642867752,40.3480662983425,39.7259259259259,2.41752724711955,-4.9641204026098,-7.06833919841671,1.30546471344456,42.555334134409,41.7575757575758,42.705035971223,1.32404180318013,-8.78087555912338,-8.29544656395588,0.736167242568154,NaN,NaN,NaN,NaN,NaN,NaN,NaN,52.2089488896398,52.5307443365696,52.0573099415205,1.74897206149569,-10.6711862511718,-9.5329938191486,2.99074222515764,4.14922518218558,86,43,1,16,300,6,0.14985014985015,108,30.0290012555815,1,1620,-10.7820147979511,8.82718576692597,15,5.31248897525529,1.40515816669775,-0.0214523116034682,14.6108087347314,1
251002_Dupi_NMH_AB_1,audiobook,Dupi,DupiS1,AB,1,37,63547,1,87,888,1432,3438,2004,4008,3438.00000000002,1400.89589157856,1.498,1.66893456234447,3.43800000000002,54.8068162376158,55.5263157894737,54.488,2.46481220396535,-9.73578751408152,-8.49356831717657,1.23240610198267,37.351176215613,37.3958333333333,34.988,2.37238914646367,-2.52504854901395,-8.49473563187564,1.18619457323183,42.5075395187743,48,39.68,1.89338937974745,-4.67297709496365,-10.5943978046916,0.946694689873723,49.2278796952709,49.1538461538462,49.172,1.37767808625331,-11.1010198461889,-10.3282208617384,0.688839043126657,26.9815481020076,25,28.988,1.42732759346962,-2.46668288668211,-10.4259023102985,0.713663796734809,38.0375829309199,39.7459459459459,35.9887387387387,2.01560000795769,-3.07890853248285,-9.34353418355301,1.78985280706643,48.8521133314747,48.6716417910448,49.1580882352941,1.86230505311511,-10.4892186411853,-9.99949682158197,1.01309394889462,NaN,NaN,NaN,NaN,NaN,NaN,NaN,40.4171392366327,40.1483420593368,40.7855711422846,2.31710338408136,-5.33708685724228,-9.14845579429176,4.6249383546264,5.64651086901622,4,53,1,0,232,5,0.115884115884116,70,23.1973634975664,1,1038,-53.2798330487574,32.2791900844903,28,10.9436247811755,1.52241099761737,0.118174391184138,14.4974782692636,1
251002_Dupi_NMH_AB_1,audiobook,Dupi,DupiS1,AB,1,38,65266,1,87,548,1218,3438,1776,3552,3437.99999999999,1276.36648088656,1.268,1.69911147347942,3.43799999999999,38.0441427024447,38.0414746543779,38.384,2.91244353709908,-1.98658328598569,-8.35139065315457,1.45622176854954,42.7859350336177,38,43.52,1.2805582406678,-5.61958746971496,-9.55991364693683,0.6402791203339,37.9211595799111,39,37.912,1.29677002981527,-6.40405145042964,-9.3918560079113,0.648385014907637,40.9950097862902,39.8376068376068,42.528,2.40537255118521,-6.28672487895759,-8.56778509712296,1.2026862755926,53.6927038233524,53.2647058823529,54.644,2.08442430376993,-10.6050179558724,-9.27436977474904,1.04221215188496,41.9571438336667,38,42.5109489051095,1.26564468750556,-5.25057677803602,-9.6570007972784,0.693573288753046,39.9501505270463,40,39.865671641791,1.36726224343867,-7.57320689563571,-10.0500963808011,0.916065703103906,NaN,NaN,NaN,NaN,NaN,NaN,NaN,41.5070514664265,40.5238095238095,44.3108108108108,2.31869678993364,-3.04975571685369,-8.2414340764557,4.11800549892214,5.02466047010588,1292,38,1,1218,286,4,0.142857142857143,120,21.6958442920685,1,1140,8.40561563270726,-13.570458182901,21,7.49040424411311,1.54615199515379,0.161613024034893,14.258225106169,1
251002_Dupi_NMH_AB_1,audiobook,Dupi,DupiS1,AB,1,39,66985,1,87,508,1034,3250,1688,3376,3250,1388.76508513622,1.192,1.91251595078737,3.25,52.1402054200834,55,51.52,1.29609003565662,-11.9727552435593,-9.36153257654553,0.648045017828311,53.2710322385066,53.6351351351351,53.056,1.55072858436798,-12.0450816782246,-9.76022262586553,0.775364292183989,37.5899632457096,30,42.872,1.36811566560599,-2.8161952833217,-8.26995987348698,0.684057832802994,47.2886198197575,49,46.876,1.37436732889575,-12.0945787218312,-9.4948288143528,0.687183664447874,55.4034527324829,56.5583333333333,52.152,2.24826387880152,-8.80299330590564,-7.61081067729506,1.12413193940076,53.2593318271675,53.6351351351351,52.992125984252,1.53050043853356,-12.0798784063006,-9.71944887496198,0.777494222775051,37.824731631694,30,42.7490494296578,1.36249740978226,-2.98449097151353,-8.27143219596345,0.716673637545468,NaN,NaN,NaN,NaN,NaN,NaN,NaN,43.2198790436312,43.2346625766871,41.8590047393365,2.95195789235449,-3.76171253213429,-8.60644744553484,4.98290492229438,4.84805661697615,1792,57,1,250,248,3,0.123876123876124,152,18.13539067673,1,1308,7.18269778030732,-31.9429969851491,27,10.524742895179,1.40742621980747,-0.00933846147031336,16.8171798650681,1
251002_Dupi_NMH_AB_1,audiobook,Dupi,DupiS1,AB,1,40,68610,1,87,704,1318,3756,1900,3800,3756,1324.64436421904,1.372,1.56412998673795,3.756,45.5968017054283,45.4299516908213,44.888,2.94251040705721,-6.78703192576083,-9.66650993700915,1.47125520352861,49.6723269199326,49.2631578947368,50.556,2.71356569832745,-9.25134815136126,-6.7445017582821,1.35678284916373,53.9009158940457,55,52.244,1.6461870257312,-11.7492576827848,-7.76330448985079,0.8230935128656,47.7465848850778,44,47.796,1.1659516840376,-11.8357512305132,-10.9376616367283,0.5829758420188,45.8029409714998,45.3718592964824,46.74,3.14486795977417,-6.87041177710895,-7.89104313030354,1.57243397988708,50.9921721653606,50.8277511961723,51.9715909090909,2.51314307311409,-9.70316857695999,-6.9299357474615,1.76925272347232,50.6721969297163,54.0163934426229,49.0618892508143,1.27364966730701,-12.5008329587493,-9.48092467782318,0.782020895726501,NaN,NaN,NaN,NaN,NaN,NaN,NaN,45.3946958028826,45.7612612612613,45.7368421052632,1.52948292586507,-5.27275841054045,-8.60996018730634,2.90601755914362,4.94966048879151,396,46,1,0,516,6,0.257742257742258,112,29.2141305538422,1,1816,-1.25061658129389,-2.15096586890981,16,5.29905873589169,1.97650010654949,0.387473106347843,20.1989834929012,1
251002_Dupi_NMH_AB_1,audiobook,Dupi,DupiS1,AB,1,41,70488,1,87,552,962,2702,1526,3052,2702,1590.54326728257,1.084,2.40887613169191,2.702,35.1732771089861,33.0744680851064,39.708,1.89104951667047,-1.81559872767687,-7.99157521710547,0.945524758335236,56.5145245431543,56.5974025974026,56.1,2.46345173973026,-8.74604467215565,-9.35104391256154,1.23172586986513,45.6016640231439,43.551724137931,46.936,1.52021009229653,-9.33908301498735,-10.8920075839001,0.760105046148266,47.2912198189068,47.1192052980132,47.3,2.18974519545652,-10.3114227680436,-6.53571456737409,1.09487259772826,45.0208419433937,NaN,44.324,0.740475617255951,-11.2610120917337,-10.1597019631722,0.370237808627976,56.4399858025514,56.5641025641026,56.0434782608696,2.35762509028879,-8.92129553082295,-9.5554699074855,1.30140904983941,44.7004045314067,43.1785714285714,46.1219512195122,1.5405258656018,-9.13776874047524,-11.2764015126159,0.631615604896736,NaN,NaN,NaN,NaN,NaN,NaN,NaN,45.7156617070187,50.2651515151515,42.6264744429882,1.33556135679349,-7.61683171340627,-10.4064170634727,2.03806663046686,4.42084759430952,132,58,1,60,178,3,0.0889110889110889,142,25.6671857401212,1,1678,-11.9089356858281,-21.2710760412402,15,5.67220583187286,2.36747871466264,1.18246325048276,18.1952377249007,1
251002_Dupi_NMH_AB_1,audiobook,Dupi,DupiS1,AB,1,42,71839,1,87,1464,2212,3934,2570,5140,3934,1621.38418600641,2.08,1.84261636136327,3.934,48.2204071177755,51,46.164,1.06689195534767,-9.8006599125002,-11.8296935279359,0.533445977673837,40.0736465928237,41.1333333333333,37.784,1.29825505602549,-4.91349857031368,-9.58185868535038,0.649127528012743,36.7134815226718,36.7625,37.096,2.45506926033956,-2.00122496467814,-7.49134759892068,1.22753463016978,47.9735368387004,46.2936507936508,51.008,2.53077063593889,-5.35802328900357,-8.82229522643494,1.26538531796944,54.2996110057238,53.69,54.836,2.18816304723892,-9.19706196819775,-7.01913158840814,1.09408152361946,41.7126558999014,40.9848942598187,41.5819672131148,2.11490691108093,-3.74468201558108,-8.53584036645632,3.09622371782248,53.7776461528559,53.69,54.0534759358289,1.98227294240086,-9.13563207537339,-7.49622086826439,1.48274016091584,NaN,NaN,NaN,NaN,NaN,NaN,NaN,42.1492566912979,42.0817438692098,43.0433566433566,1.79631927630623,-4.8747830738231,-8.58074718751601,2.56873656511791,5.61717311504009,1776,54,1,480,486,5,0.242757242757243,142,25.6049313008221,1,1654,24.0553974577879,-8.59483753303311,21,8.26523241051107,1.63434507861114,0.101091170895755,17.6467186849331,1
251002_Dupi_NMH_AB_1,audiobook,Dupi,DupiS1,AB,1,43,73806,1,87,824,1386,3256,2022,4044,3256,1281.08866141343,1.518,1.49386578434057,3.256,43.0242941122313,44.7452229299363,41.252,2.7133434821129,-3.56723466517811,-8.28402470962283,1.35667174105645,40.6790605575396,39.589928057554,41.372,2.13435258751147,-6.00317275173809,-9.553305068039,1.06717629375573,40.5364172221128,35,41.548,1.08866427176485,-7.43442343880874,-9.69178382534487,0.544332135882426,48.6591928190834,52,46.26,1.43030159481829,-10.1082392028014,-10.6699014151766,0.715150797409147,53.4140278704234,53.5798319327731,53.256,2.16801533089058,-10.019322806167,-6.8469854081407,1.08400766544529,41.5642101619626,39.589928057554,42.4199029126214,1.60084983451356,-7.29929180045588,-10.0876881388042,1.31910026363918,40.9527412019694,43.3265306122449,42.1850533807829,1.118578721725,-7.36737109312971,-9.7384363175842,0.628641241609449,NaN,NaN,NaN,NaN,NaN,NaN,NaN,45.9028919724767,50.469387755102,43.2366026289181,1.737430287475,-5.35975021056828,-9.17761242431697,3.43663710862555,4.35818785430213,1450,52,1,42,228,5,0.113886113886114,100,15.74428112265,1,1020,29.7510908745968,-11.3637547921242,19,7.82144519727053,1.63429875354681,0.251734462804981,13.9577168643667,1
251002_Dupi_NMH_AB_1,audiobook,Dupi,DupiS1,AB,1,44,75434,1,87,566,1334,3366,1710,3420,3366.00000000001,1277.97266545457,1.242,1.7538188572647,3.36600000000001,33.8132576319879,29.0344827586207,35.188,1.18943323551762,-3.75615426313377,-9.54756398449186,0.594716617758811,32.1646395534155,33.5108695652174,31.316,1.97622242589188,-1.41622947485795,-7.24742821112683,0.988111212945941,48.5083773490028,48.5972222222222,48.452,2.11594924558616,-11.755599249567,-10.3784250975945,1.05797462279308,52.1237991293346,50,51.776,1.11738346728019,-11.9665389021071,-12.2165895974049,0.558691733640097,45.1414464828581,NaN,45.1,0.658297894589745,-11.4993221381525,-12.3463576198382,0.329148947294872,34.3275713484497,37.072,33.1448763250883,2.04374940848822,-1.88405601044146,-7.54921168550691,1.15676216520433,50.2258042798705,49.2255639097744,50.6197916666667,1.8009763078841,-12.0401230423191,-10.7786022325615,1.38314980445499,NaN,NaN,NaN,NaN,NaN,NaN,NaN,47.8910615205857,48.9169435215947,48.4023391812865,1.69010428499798,-9.60630373939677,-11.2935696853036,2.89007832734654,4.38677097886125,362,31,1,300,164,5,0.0819180819180819,100,16.3884333904506,1,1588,24.6647694934547,29.8194811478766,19,7.89070841821164,1.41642642029891,-0.151111200758648,15.0683185072498,1
251002_Dupi_NMH_AB_1,audiobook,Dupi,DupiS1,AB,1,45,77117,1,87,518,1152,3366,1640,3280,3365.99999999999,1452.45642535674,1.182,2.04719409950719,3.36599999999999,50.292836555575,50.412037037037,49.52,3.26984983105049,-8.84402048726812,-9.25027945819151,1.63492491552524,50.965282061576,NaN,49.612,1.26727585386416,-7.77837611148978,-9.14318459698891,0.633637926932082,53.2185514093338,53.2954545454545,52.196,1.83745649713918,-10.6193299137177,-6.90434794481758,0.918728248569588,46.1604298279661,46.65625,44.924,1.3058828593205,-9.51011176831309,-11.1321497124044,0.652941429660252,34.1886255264588,34.0422535211268,35.196,1.52330698767605,-2.48668576120849,-8.71354236329532,0.761653493838026,50.94485253573,NaN,49.5907335907336,1.23608864607705,-7.9007667371055,-8.92678752299215,0.640293918667913,51.6211144199298,52,50.9211356466877,1.89722168346121,-10.6774308533976,-7.53739386274636,1.2028385473144,NaN,NaN,NaN,NaN,NaN,NaN,NaN,45.9674090794305,45.2727272727273,45.9,1.5897055161565,-7.21094290447271,-8.81470203299584,2.60711704649666,3.182028381928,760,58,1,746,48,2,0.023976023976024,42,17.6845752256174,1,1608,50.5327262379055,-6.73847098671234,26,9.40497294241732,1.15585915862354,-0.247344366428085,13.0016513254902,1
251002_Dupi_NMH_AB_1,audiobook,Dupi,DupiS1,AB,1,46,78800,1,87,534,1070,3528,1770,3540,3527.99999999999,1397.06185943436,1.228,1.84567497380238,3.52799999999999,41.7557752910929,41.5882352941176,41.916,1.91881610455342,-7.73772498884206,-10.3159622643397,0.959408052276708,39.0365986095086,37.2951807228916,41.488,2.85523991766931,-2.1896246142023,-7.17492799126375,1.42761995883465,51.252732297177,NaN,49.356,0.847620119624073,-9.30697619051069,-12.7192262491105,0.423810059812036,32.9983727643916,32.2410714285714,34.076,2.29241002114565,0.877887754328223,-6.33586144880812,1.14620501057282,39.246777644042,40.3,38.96,1.59511983101519,-6.30937002823758,-9.72993890822762,0.797559915507596,39.7008640876978,37.2951807228916,42.5393258426966,2.77049269161891,-2.42537825012647,-7.39602085635342,1.4794430973245,44.5629795483403,32,46.5410447761194,1.01163436508389,-5.28039531183498,-10.986917334903,0.542236019684966,NaN,NaN,NaN,NaN,NaN,NaN,NaN,46.0854996071561,46.5539772727273,45.3988700564972,1.83740448998902,-4.74729302920875,-7.83432169998289,3.25220594728057,5.19428643744215,26,40,1,0,424,4,0.211788211788212,172,50.6195670849969,1,1560,37.3473724151015,3.11134477239737,15,3.52118336648248,1.56737608405914,0.0480441149578734,15.7005740582828,1
251002_Dupi_NMH_AB_1,audiobook,Dupi,DupiS1,AB,1,47,80564,1,87,546,1214,3332,1832,3664,3332.00000000002,1401.93945828966,1.286,1.77829647605505,3.33200000000002,52.918774200745,54,51.932,1.85929531614516,-12.6607433950514,-7.14344525590882,0.929647658072579,53.9457687591084,54.4285714285714,53.812,1.54512350843901,-12.2920016049716,-9.64917141188702,0.772561754219507,50.2181973774822,49.3237410071942,51.48,2.42368254929709,-9.94164109389739,-11.0751495094172,1.21184127464854,47.9449374944097,46,51.276,1.91336410395745,-10.3994200540637,-9.60371074706758,0.956682051978725,34.9341661068346,35.740932642487,37.144,2.81404071865339,-0.58847734526966,-6.96885370817511,1.40702035932669,54.0877558731344,54.5813953488372,53.9120879120879,1.6351792510704,-12.0393055163725,-9.83872481152298,0.892807871084437,50.2251769659378,48.198275862069,52.3892215568862,1.80380691602577,-11.0017820163046,-10.9035578732428,1.20494301990521,NaN,NaN,NaN,NaN,NaN,NaN,NaN,48.2415964200898,48.4534270650264,48.8722707423581,2.26938107500741,-8.79434573309952,-8.68892745372633,4.15750612941357,4.95860405970848,1360,46,1,700,564,4,0.281718281718282,234,44.3308071771155,1,1836,8.64390058812368,-8.24924628726691,32,10.8916294989613,2.17974156673723,0.962060618065563,14.9677821450373,1
251002_Dupi_NMH_AB_1,audiobook,Dupi,DupiS1,AB,1,48,82230,1,87,550,1182,3070,1728,3456,3069.99999999999,1293.71712574282,1.214,1.75852602516897,3.06999999999999,45.7137569276003,45.1732283464567,46.088,2.46566083109881,-8.74904330477386,-8.82971065426829,1.23283041554941,44.200294408555,43.6878306878307,46.62,2.85706258155113,-6.64204659714684,-8.1208992633354,1.42853129077557,56.2583035116822,57.7682926829268,52.976,1.44176713370308,-11.0680181198239,-9.53139826648031,0.720883566851539,38.6518312930382,35.4923076923077,38.848,1.43610633899373,-3.61133146507864,-9.70496006107161,0.718053169496864,27.8199674570441,27.8292682926829,35.428,1.26431668105397,-2.25909842654324,-9.7829257257149,0.632158340526984,44.350508881654,43.6878306878307,47.2690909090909,2.63893141187171,-6.94235550589791,-8.37676934987073,1.45141227652944,55.7307278686826,57.1855670103093,53.2373417721519,1.51762313789778,-11.640724290837,-9.82645535015191,0.959137823151398,NaN,NaN,NaN,NaN,NaN,NaN,NaN,51.807817035085,51.8781362007168,51.375,1.51274010268692,-10.4119754370447,-9.11410648370168,2.614014897443,5.11210683948938,146,41,1,94,392,3,0.195804195804196,204,11.7478693127961,1,1198,42.9186112692089,16.3020620091562,31,11.5672629906815,0.959390526984474,-0.692616439749869,12.7991627556344,1
251002_Dupi_NMH_AB_1,audiobook,Dupi,DupiS1,AB,1,49,83765,1,87,532,1292,2940,1812,3624,2940,1330.56956493896,1.3,1.76040114176162,2.94,25.3073204640543,25.3770491803279,25.184,1.65475739814695,-0.531230947341889,-9.58360465750232,0.827378699073477,40.7706418646505,30.1935483870968,43.744,1.17532580782988,-4.35316707714709,-8.04921263979885,0.587662903914938,41.0590655579587,37.0126582278481,46.284,1.75162625134074,-5.85161693643217,-8.41720627088799,0.875813125670369,53.4926584775463,53.2178770949721,53.52,2.28793597665824,-9.08054448939577,-9.04975480402019,1.14396798832912,50.04940879128,50.5093457943925,51.02,2.9697268220923,-7.0675951414459,-9.05782146972499,1.48486341104615,40.8981516401275,30.1935483870968,44.5413533834586,1.11337702754159,-4.58904667770903,-8.21305494065535,0.592316578652124,44.8156052829689,44.1104972375691,47.4368421052632,1.99029160002047,-6.80116919130266,-8.60915626629907,1.51262161601556,NaN,NaN,NaN,NaN,NaN,NaN,NaN,43.280918210742,43.2984293193717,43.158940397351,2.45396511633276,-5.09265522088217,-7.7255846268672,4.44658479079497,4.68118702810792,1996,41,1,176,438,6,0.218781218781219,138,20.984173823157,1,1514,89.5905900208689,-19.0336658354115,28,9.66374614335344,1.59690055032734,0.12917144328663,16.7502448436581,1
251002_Dupi_NMH_AB_1,audiobook,Dupi,DupiS1,AB,1,50,85235,1,87,538,1056,3348,1800,3600,3348.00000000001,1272.17586316757,1.15,2.02201460849296,3.34800000000001,47.9294156926831,47.8686131386861,47.96,2.31165029932513,-9.26787566557325,-7.41550096507498,1.15582514966257,42.8951976318054,42.570652173913,43.968,2.71106289617209,-6.7727622654503,-7.29754268562192,1.35553144808604,53.5860196680184,53.766081871345,53.552,2.37753651071182,-8.78843809239163,-6.98436894735642,1.18876825535591,51.9112035479832,52.1544117647059,51.38,2.03284033076947,-10.5013140258718,-7.92330090826074,1.01642016538473,39.5054476375981,40.6865671641791,39.4,1.533225461248,-4.70425153999879,-8.0567606218834,0.766612730623998,43.2140582062508,42.570652173913,44.5353159851301,2.61101594175328,-6.93264724123893,-7.34298290431692,1.40472657666326,53.8212593124379,53.9289340101523,53.8223938223938,2.5112029058231,-8.77717158230435,-6.78108156297958,1.30080310521637,NaN,NaN,NaN,NaN,NaN,NaN,NaN,34.3091988462533,31.6391304347826,36.7477777777778,1.54006373513612,-1.54183965060937,-8.17446372687102,2.77211472324501,4.44266912361201,120,43,1,76,442,6,0.220779220779221,122,19.957810399253,1,1542,14.9808385505597,22.5045594967804,24,6.91684021923107,1.59882028564179,0.146288708333077,17.1040750171468,1
251002_Dupi_NMH_AB_1,audiobook,Dupi,DupiS1,AB,1,51,86909,1,87,568,1168,3390,1812,3624,3389.99999999999,1391.49339361336,1.268,1.89105523867069,3.38999999999999,42.707140882439,34.7857142857143,44.168,1.1486808533879,-5.69789541919099,-11.1563195497536,0.574340426693952,42.1130941782725,41.8852459016393,42.156,1.71777924146038,-10.2245137056163,-8.40643116030357,0.858889620730191,35.5152656434847,NaN,40.744,0.834601877720369,-4.46453175580112,-9.68833407949962,0.417300938860184,44.137569591673,NaN,43.964,1.27753023264043,-5.2322255221661,-9.04394853748559,0.638765116320215,50.0015130175722,48.0990990990991,50.708,2.07296385616964,-8.72521054613151,-9.2913072832406,1.03648192808482,42.0120494236579,41.8852459016393,42.0176056338028,1.66310323463316,-10.3012124270694,-8.50195675535761,0.944642637271636,33.3097486825307,NaN,38.84,0.870718492414763,-3.04035899629474,-9.3984534070788,0.522431095448857,NaN,NaN,NaN,NaN,NaN,NaN,NaN,40.6034997591603,40.7990970654628,39.8708609271523,2.02848812106059,-4.21101343833262,-8.35727464589704,3.67562047536179,3.86240408748938,1810,53,1,1770,78,2,0.038961038961039,72,8.05004108688848,1,882,-4.40409789413776,-12.1064875125619,17,6.92965828887238,0.953031541113862,-0.478831555492694,11.7909800094826,1
251002_Dupi_NMH_AB_1,audiobook,Dupi,DupiS1,AB,1,52,88604,1,87,554,1154,3348,1726,3452,3348.00000000001,1474.71349407798,1.228,1.96267636064845,3.34800000000001,54.0495248114469,58,48.244,1.86393558633493,-6.75509017883555,-8.989585307458,0.931967793167464,38.900050626585,39.3414634146341,37.352,2.99696677834363,0.0542342473901535,-5.56606746990611,1.49848338917182,48.1761136691022,48.03125,48.356,1.55052943572399,-10.6158501454227,-8.66207506260818,0.775264717861994,39.8630496836318,43.2333333333333,39.208,1.13920847575786,-6.63974234616046,-9.00052174228023,0.569604237878931,50.4997480466248,50.4878048780488,48.768,2.828707327862,-8.33359001116566,-8.94762196757981,1.414353663931,39.791060819383,40.5811518324607,38.4007220216606,2.99363554320598,-0.329094494515933,-5.66994573114657,1.65847409093611,47.6159399925825,48,46.5566666666667,1.12822043519539,-10.0565474615544,-9.52476305604366,0.676932261117236,NaN,NaN,NaN,NaN,NaN,NaN,NaN,42.5098252317965,43.0130208333333,39.3904982618772,1.97187945854233,-5.42042622335231,-9.72460940894006,3.40346394544407,5.68898280044154,1884,55,1,200,530,6,0.264735264735265,162,15.8418691430169,1,1434,37.6714095996964,18.7212937804742,23,7.36330371374468,1.12210527815205,-0.386927408274628,15.4089660699468,1
251002_Dupi_NMH_AB_1,audiobook,Dupi,DupiS1,AB,1,53,90278,1,87,532,1088,3534,1758,3516,3533.99999999999,1268.42220428105,1.238,1.80000576009539,3.53399999999999,38.666660406922,38.6352941176471,38.776,2.72376239704889,-4.93614799540153,-8.8283273214806,1.36188119852445,30.4237529806275,29.5277777777778,31.44,1.54817544253496,-0.208115285058633,-6.97518533542096,0.774087721267482,26.9883698940075,NaN,27.164,1.16281983131747,-3.83255825279264,-9.97307382207435,0.581409915658736,35.1044129702823,35,35.496,1.43368909344893,-3.89499960151064,-8.88755462107949,0.716844546724466,29.4603622931167,NaN,29.032,0.891624658924268,-2.34045624412957,-9.2311097321931,0.445812329462134,30.4021073601309,29.5277777777778,31.3533834586466,1.53337821864872,-0.213916194213265,-7.04274502018659,0.81575721232112,29.2779314652736,35,28.2410071942446,1.39862817554757,-3.71163504119661,-9.50458220498727,0.77763726560445,NaN,NaN,NaN,NaN,NaN,NaN,NaN,41.9598501742814,43.981220657277,39.8714448236633,2.215250472017,-1.47586594028753,-7.83436214591952,3.89441032980589,3.26901106646898,372,29,1,354,104,2,0.051948051948052,80,16.7348508827421,1,1646,-8.1661923733637,-4.85083931961141,6,2.73399770225927,0.86607247446689,-0.584153487046173,12.0746045465778,1
251002_Dupi_NMH_AB_1,audiobook,Dupi,DupiS1,AB,1,54,92045,1,87,508,1108,3354,1646,3292,3353.99999999998,1369.86625174167,1.17,1.89452384719037,3.35399999999998,46.6317566414166,46.6342857142857,46.244,2.63091563726317,-8.73183880686599,-7.81927224607522,1.31545781863158,43.0970453264875,42,43.1,1.9291860825729,-8.06028817371366,-9.52189979265583,0.964593041286449,28.3470860072333,NaN,29.252,0.945625153335637,-2.66322487021378,-8.38630822234833,0.472812576667819,40.4043273765272,42,38.72,2.19684306500184,-6.01921569236652,-9.43695559535008,1.09842153250092,33.4827616298784,32.8390804597701,35.028,2.72975986488179,0.930947415989282,-5.34331939356748,1.3648799324409,43.0021629581372,42,42.8937007874016,1.91266159657863,-7.88576053670824,-9.48560139438985,0.971632091061946,28.3341653332931,NaN,29.0733333333333,0.977132105647426,-2.54385048575188,-8.5123807844645,0.586279263388456,NaN,NaN,NaN,NaN,NaN,NaN,NaN,36.3854388927487,36.7933333333333,36.0704738760632,2.10687001883086,-0.809153809145667,-6.54436201785362,3.4679080509956,4.23887427890131,1754,31,1,52,432,6,0.215784215784216,162,14.5584324386592,1,1484,-16.3745019920319,-25.5057319388097,14,4.92022940382127,0.46289638551598,-1.19952626476475,11.0191998090841,1
251002_Dupi_NMH_AB_1,audiobook,Dupi,DupiS1,AB,1,55,93722,1,87,538,1072,3476,1740,3480,3476,1443.17880359158,1.194,1.98855841123398,3.476,33.7412929970506,29,35.684,1.34474316266132,-3.43926829413405,-7.6033837062081,0.672371581330662,41.4929488701133,40,41.696,1.14084477380895,-9.33790348704158,-9.70595676392907,0.570422386904474,38.030397535013,38.3219178082192,37.492,2.37210988164458,-2.27782269307266,-8.38305423846988,1.18605494082229,40.6721977801498,42.7615384615385,36.352,2.33862493063686,-3.15391806611841,-8.14357065071074,1.16931246531843,38.9104022008881,38.0705882352941,38.224,2.57305962210978,-4.33823640967237,-8.15992402620508,1.28652981105489,41.2130987549294,40,41.5762081784387,1.30485743163843,-8.78964388074688,-9.66090006869274,0.702013298221475,37.6550078727255,37.8397435897436,37.2284644194757,2.29366790408971,-1.91332678697003,-8.10826139988402,1.22481866078391,NaN,NaN,NaN,NaN,NaN,NaN,NaN,42.4187060025953,41.7126099706745,42.2827586206897,1.76758008613451,-6.37688840150282,-9.36972004513119,3.07558934987405,6.4454472272613,1488,50,1,504,366,3,0.182817182817183,166,38.1223006045325,1,1702,-8.37374312274712,-8.66769643056537,23,6.70335681071093,1.04305285520527,-0.453794790881927,14.6423174105165,1
251002_Dupi_NMH_AB_1,audiobook,Dupi,DupiS1,AB,1,56,95460,1,87,604,1258,3308,1884,3768,3308.00000000002,1242.84771881357,1.33,1.45158835375855,3.30800000000002,40.8768323412661,40.8260869565217,40.784,2.03298892479897,-5.67080689253003,-9.02608841862508,1.01649446239949,50.3472847907643,50,50.712,1.39876960191996,-13.0867463513754,-10.0156518407514,0.699384800959979,55.5876840754685,55.90625,55.42,1.35368216238836,-12.8447666896701,-9.8573821973559,0.676841081194181,52.2130541007754,52.7536231884058,50.516,2.07022961024043,-10.7849509044797,-9.35412794374854,1.03511480512021,32.9342659002016,33.8888888888889,32.42,1.90379686362566,-2.84757562582891,-9.75984169067548,0.951898431812828,51.2137527081,51.531914893617,51.6225165562914,1.3675437324343,-13.1769622086416,-10.0001410781634,0.825996414390315,54.8458954572965,54.6986301369863,54.8654434250764,1.83537090946721,-11.7808080737367,-9.64461290591359,1.20033257479155,NaN,NaN,NaN,NaN,NaN,NaN,NaN,36.346208837719,36.1772428884026,35.6422505307856,2.09430516381562,-3.07424395558405,-8.63339680839447,3.94567092862863,3.83306763454587,1066,55,1,1012,144,2,0.0719280719280719,88,6.23877136620752,1,714,10.9076076645798,8.48457215171027,26,9.31410189453532,1.13993543034627,-0.37998542241227,12.7897195059115,1
251002_Dupi_NMH_AB_1,audiobook,Dupi,DupiS1,AB,1,57,97114,1,87,550,1172,3060,1726,3452,3060,1371.54627701474,1.244,1.77737152240658,3.06,31.2820090000864,28,32.084,1.12511960424204,-3.08090983367285,-9.23277538878903,0.562559802121021,45.6320284531753,53.9767441860465,44.38,1.30565947885828,-5.80850398097087,-10.5407608984448,0.65282973942914,33.3381798332225,29.5945945945946,36.66,2.31417161707856,-2.35085215921416,-8.96635660264874,1.15708580853928,52.5540530386438,53,51.384,0.694336985099046,-15.296160915234,-13.1440717719857,0.347168492549523,53.2070552113575,50,52.752,0.545737808235456,-15.9857071514022,-15.1725325992103,0.272868904117728,43.0927409241194,48.9615384615385,42.6181818181818,1.35355156227076,-5.16044467699209,-10.4429007989125,0.744453359248916,37.234492643316,32.9487179487179,42.1157556270096,2.05839813145043,-3.79390150149888,-9.59821286553285,1.28032363776217,NaN,NaN,NaN,NaN,NaN,NaN,NaN,42.7678603337983,41.3912037037037,45.7682502896871,2.01449653986464,-3.30228048526983,-8.59751830008597,3.47702102780636,4.62410716196098,654,25,1,246,196,2,0.0979020979020979,138,7.76237672964681,1,608,-46.6552836273952,7.18492946737634,30,14.4114751853659,1.06332728078496,-0.51097215637227,11.8424845259499,1
251002_Dupi_NMH_AB_1,audiobook,Dupi,DupiS1,AB,1,58,98644,1,87,840,1416,3174,2012,4024,3173.99999999998,1377.81365762324,1.496,1.68794625643377,3.17399999999998,37.5639266340379,38.6349206349206,39.288,2.61301484780958,-1.29179123042072,-7.42252827418481,1.30650742390479,41.8771619132165,42.0871369294606,42.136,3.57060616439618,-1.27411606494973,-6.10949697529308,1.78530308219809,53.8873479667563,53.3263888888889,54.26,2.08138423439848,-10.8983085693763,-7.60898734199317,1.04069211719924,48.0552930321562,54.9090909090909,47.3,1.61160621948114,-9.73790413050178,-10.7998314730085,0.80580310974057,34.0318651196393,33.2937853107345,34.368,2.35681063036639,-2.96017704784539,-8.48835271017479,1.17840531518319,45.466543233116,45.8972972972973,46.7119047619048,3.0980837998208,-3.18511181410913,-6.72859224367023,2.60239039184947,51.6667478550146,55.1864406779661,50.90625,1.51806229597961,-11.3415814716116,-9.31774174124897,0.874403882484254,NaN,NaN,NaN,NaN,NaN,NaN,NaN,50.1733861340303,50.574427480916,49.5060362173038,1.88601650763441,-10.0303273603225,-9.17414387386356,3.7494008171772,4.63447106022708,104,37,1,0,534,8,0.266733266733267,164,81.0895707563829,1,1984,16.3892999430848,20.2580302973908,31,9.3008052167882,1.20384267226437,-0.529491554781026,16.3374692334356,1
251002_Dupi_NMH_AB_1,audiobook,Dupi,DupiS1,AB,1,59,100231,1,87,696,1368,3262,1850,3700,3262,1172.22957323205,1.38,1.47379677462711,3.262,41.1889465284715,42.0582010582011,43.756,2.93418210797474,-3.35004861372008,-7.81173089469553,1.46709105398737,38.16190788365,37.6989795918367,37.108,2.67248074570525,-2.53664102721055,-8.53783854423324,1.33624037285262,47.7562402571788,48.6611570247934,47.04,2.23134018138988,-11.4313337037822,-10.0674002795106,1.11567009069494,51.1802026059188,51.5625,50.856,1.67426446483143,-13.2975206808088,-10.5845687745806,0.837132232415715,41.5340593069895,40,42.788,1.66329171665509,-9.32209068848952,-11.649420349936,0.831645858327546,41.7408151406041,41.3686006825939,40.3965517241379,2.89587302836047,-3.6967048320218,-8.97387278851854,2.01552762773889,49.469977420685,51.4727272727273,48.9791666666667,1.48977219392469,-13.0198732022224,-10.3918168012084,1.00112691431739,NaN,NaN,NaN,NaN,NaN,NaN,NaN,52.6006334265314,53.3360655737705,52.4745945945946,1.61172483996047,-12.3484743391097,-10.2360663537314,2.98169095392688,4.75408378989749,634,49,1,70,404,7,0.201798201798202,104,20.5225267032185,1,1652,46.4151014987668,10.2829679532512,25,7.67382373165007,0.62955979071067,-1.06417583797501,13.748019202596,1
251002_Dupi_NMH_AB_1,audiobook,Dupi,DupiS1,AB,1,60,101862,1,87,592,990,3318,1726,3452,3318.00000000001,1249.45642956106,1.242,1.69009654762034,3.31800000000001,53.614316593799,53.5957446808511,53.696,2.57248806138136,-12.9620022893959,-8.47712195483372,1.28624403069068,50.2107658599246,52.0476190476191,49.872,1.54685110022152,-13.3126482863579,-11.7708159559921,0.773425550110758,54.5616525610025,55.5360824742268,54.268,1.81690889982689,-12.9725700347035,-12.6966388138459,0.908454449913446,52.106238170635,51.1785714285714,52.18,1.59694356894099,-13.6446870196427,-10.6366520085882,0.798471784470493,44.1603821291464,44.4246575342466,42.316,2.08404812223628,-9.1544195123137,-10.9265820108219,1.04202406111814,51.5930645804712,53.6944444444444,50.8243243243243,1.71625271169556,-12.9947597199384,-12.2494435315531,1.01602160532377,53.9696821481579,55.1346153846154,53.7989949748744,1.6355080900991,-13.352434480139,-12.1930878993439,0.650932219859442,NaN,NaN,NaN,NaN,NaN,NaN,NaN,42.0369451818954,41.6959247648903,42.9756662804172,1.8187766456295,-4.5697891843161,-9.03237955171728,3.13920849035651,4.1199609344,1534,51,1,1436,84,2,0.041958041958042,72,14.2686355262521,1,1606,11.2107759438437,6.06608478802992,16,5.80367287813126,0.749098912105634,-0.879947813619241,10.2285592428477,1
251002_Dupi_NMH_AB_1,audiobook,Dupi,DupiS1,AB,1,61,103521,1,87,544,1284,3076,1828,3656,3075.99999999999,1495.35146138002,1.296,2.02175911760488,3.07599999999999,31.456146190954,33.3101265822785,31.332,2.36337634788694,0.739150498561958,-7.1265526121536,1.18168817394347,36.8204945199154,37.3656387665198,37.712,3.24415054539794,-2.35705105943018,-5.95828427176251,1.62207527269897,46.8249090533286,47.2428571428571,47.456,1.82969427343022,-6.3503445420367,-9.74562201433832,0.91484713671511,39.9995018473456,38.8503401360544,41.916,2.25882604291232,-3.35367333838149,-9.01552744426667,1.12941302145616,52.3303688414876,50.2873563218391,52.504,1.59112024625334,-10.2514204627184,-8.81561249381543,0.795560123126671,38.0168234128782,39.1887550200803,39.3529411764706,3.16026421553267,-2.63714599498543,-5.97653342570848,1.71918373324977,41.3479628455375,41.4206349206349,43.2756756756757,2.16728007217021,-3.62201963596331,-9.15711878013045,1.60378725340595,NaN,NaN,NaN,NaN,NaN,NaN,NaN,49.2704801084165,49.1803278688525,49.5842450765864,2.23519873752291,-10.2047501516399,-9.24807713646935,4.08594329219189,4.4776374473153,22,25,1,0,502,6,0.250749250749251,134,39.5120973333112,1,1978,30.9952570669702,-1.88260691554696,33,8.96545181579408,1.25454446636565,-0.456132407710613,17.3435756654222,1
251002_Dupi_NMH_AB_1,audiobook,Dupi,DupiS1,AB,1,62,105059,1,87,640,1342,3342,1822,3644,3342.00000000001,1447.83531267038,1.328,1.9089616927568,3.34200000000001,52.307683929884,51.2424242424242,52.992,1.86874611570616,-10.8695882614946,-10.97505032223,0.934373057853081,45.6565891347417,45.4370860927152,45.96,2.45625416473834,-10.5635466176353,-8.37557660976838,1.22812708236917,49.2784240105142,48.9615384615385,48.956,1.74882393957398,-11.5382473404924,-10.5834913617501,0.874411969786992,42.0672743197985,43.8285714285714,40.476,1.70035967244847,-9.18729073836136,-10.1955531544116,0.850179836224236,53.4725228010754,54.3333333333333,48.868,1.3102409144767,-10.2553953026,-11.6671578984175,0.65512045723835,46.6946088145403,46.4021739130435,47.04375,2.39108371865336,-10.5189849351934,-8.48196172111141,1.53029357993815,44.6751939903057,45.3417721518987,43.4273504273504,1.43208571560113,-10.340854568801,-11.0073192113521,1.00532417235199,NaN,NaN,NaN,NaN,NaN,NaN,NaN,34.1463424260279,32.0089285714286,36.6630076838639,1.44690549786798,-4.77860205139365,-10.8623626547514,2.63626181711546,4.29395744778577,74,45,1,24,286,4,0.142857142857143,170,11.4006479625482,1,1400,13.0373743122747,2.27844567685265,13,4.73944887761222,1.26826489413523,-0.20719211957207,11.9334100615925,1
251002_Dupi_NMH_AB_1,audiobook,Dupi,DupiS1,AB,1,63,106730,1,87,542,1174,3280,1764,3528,3280,1466.04056968357,1.28,1.96720848761854,3.28,44.4054563727611,40.6491228070175,48.872,1.0202325322562,-12.4352266452374,-11.4265121223889,0.510116266128101,36.6846770657194,36.7062937062937,36.348,2.21891758221501,-4.05287855096396,-8.90705494637387,1.10945879110751,33.3759880977572,30.9622641509434,33.16,1.63857491037869,-2.86534689488917,-9.03728414705054,0.819287455189344,27.9257891182837,25.0140845070423,30.276,1.6091968944358,-2.24348767215896,-9.91454794441429,0.804598447217902,47.8128803707592,49.3953488372093,45.256,1.54561228524995,-10.6519083510629,-10.2724265476908,0.772806142624976,36.5308514780651,36.7062937062937,35.7785977859779,2.08878350104566,-3.93853741990567,-9.05640102095444,1.13212065756675,30.5235214164545,27.5564516129032,31.1993670886076,1.94277942225386,-1.91118555485412,-8.87300913221679,1.22783659486444,NaN,NaN,NaN,NaN,NaN,NaN,NaN,39.915597912483,41.1095334685598,38.297052154195,2.18554056005229,-4.80581855843471,-9.47157534894226,3.85529354793223,4.49772212054397,388,42,1,40,240,6,0.11988011988012,78,21.36277689376,1,1330,-4.24739138683363,-4.25736033051699,26,9.05416552121944,0.672267150824686,-0.67940620933959,10.9921779229687,1
251002_Dupi_NMH_AB_1,audiobook,Dupi,DupiS1,AB,1,64,108370,1,87,526,1158,3666,1912,3824,3666,1597.33984959967,1.284,2.15672894915458,3.666,47.6290975678208,47,48.544,2.41707035423613,-9.34599548417611,-8.44655444148348,1.20853517711807,52.0010635169597,52.9554140127389,51.536,2.43337780418593,-8.61964725161782,-7.96314019484685,1.21668890209297,43.2733324951585,43.4268292682927,43.164,1.78457695912347,-10.1817314864134,-8.22933645561621,0.892288479561733,45.88461091594,46.271676300578,44.736,2.78682342467,-5.86917243692716,-5.17755828086188,1.393411712335,33.6157375376453,33.5621621621622,33.484,2.68527250134062,-0.693523295574951,-7.05108220472043,1.34263625067031,51.4462249760308,52.2705882352941,51.1634980988593,2.4854519241011,-8.63284361849655,-8.0161192040897,1.30734771207718,43.7128023153214,44.0277777777778,43.5253164556962,1.92357236220544,-9.55203666201996,-6.92370477737244,1.21569773291384,NaN,NaN,NaN,NaN,NaN,NaN,NaN,40.4740383362943,38.4589552238806,42.597280334728,1.51411732763405,-6.6390219787906,-10.1553302489722,2.89499233043631,5.2955017105441,1260,48,1,0,472,8,0.235764235764236,148,27.789552177575,1,1814,-25.4858660595713,-15.7244016823613,24,7.96369431279652,0.829667838551118,-0.663104139878483,15.3485466463119,1
251002_Dupi_NMH_AB_1,audiobook,Dupi,DupiS1,AB,1,65,110203,1,87,548,1174,3066,1694,3388,3066,1226.18384971664,1.25,1.63364457730921,3.066,46.8637231518575,48.6896551724138,46.064,1.88932395127462,-7.27220057841343,-11.1993015470907,0.944661975637311,50.0889569378977,50.0909090909091,48.792,1.74932766795097,-7.10118479676451,-10.4607401992775,0.874663833975484,42.6240986273638,39.1891891891892,46.808,1.89680521824511,-4.70180503116643,-8.15101123210417,0.948402609122556,37.7252116732809,34.9054054054054,38.412,1.52727534893411,-4.84695302762808,-10.6278538298186,0.763637674467055,54.3861931531153,54.3353293413174,54.912,2.8638192982006,-8.61576186557861,-9.32317286308898,1.4319096491003,46.9963839865768,46.2611940298507,47.0328467153285,1.86598487168834,-5.72994920983941,-9.78137793798516,1.02255970968521,40.1369844287866,37.5932203389831,42.5718849840256,1.72272148535629,-4.72029737167451,-8.8406088637873,1.07842364983304,NaN,NaN,NaN,NaN,NaN,NaN,NaN,46.4635576713593,45.8139534883721,46.5655253837072,2.4747469371241,-7.59480631740754,-8.00721787077416,4.19222131148823,5.62796291560035,1676,52,1,212,470,5,0.234765234765235,190,55.6118537743824,1,1762,-29.0096755833808,4.29932631108794,33,12.9719368245219,1.18989559255331,-0.176621319079709,11.4971818468898,1
251002_Dupi_NMH_AB_1,audiobook,Dupi,DupiS1,AB,1,66,111736,1,87,570,1080,3566,1808,3616,3566,1329.69535339442,1.248,1.83369229495292,3.566,38.7950035273916,38.9172413793103,38.968,2.26384940483812,-3.33393055671096,-7.8133514890918,1.13192470241906,39.3382415590798,39.5774647887324,40.392,1.40945531208732,-6.5001756694595,-9.0574934003163,0.704727656043662,32.3182914710745,34,31.9,1.37691138958718,-2.39986544644397,-9.59315063265118,0.68845569479359,32.1765878468975,28,34.676,1.61115597626566,-1.58741921368139,-7.9702098775159,0.805577988132832,50.3520821797404,50,51.084,2.93191703876251,-7.43152606317535,-9.30932192475257,1.46595851938126,37.815738326721,39.5774647887324,38.6245614035088,1.39567459522631,-6.00121144168211,-8.96425513260499,0.795534519278996,33.252838330906,34,32.8823529411765,1.28984168614258,-2.25273384429149,-9.9619655714245,0.657819259932717,NaN,NaN,NaN,NaN,NaN,NaN,NaN,49.1018386186095,48.5078534031414,49.1227876106195,1.99736391913243,-5.85146383055819,-8.59769427081202,3.61123396579143,4.65215909212103,1886,45,1,0,436,6,0.217782217782218,98,21.9387746536878,1,1100,3.02523240371844,-12.0049689209811,26,9.38709149168123,1.50521882506391,-0.0247427456945065,15.8152042920662,1
251002_Dupi_NMH_AB_1,audiobook,Dupi,DupiS1,AB,1,67,113519,1,87,552,1106,3340,1746,3492,3339.99999999997,1488.56190232566,1.226,1.95438592806593,3.33999999999997,52.9797729724358,54.3595505617978,52.052,2.04019108126745,-11.0515115971002,-8.40535446942209,1.02009554063372,48.7226000234795,48.9072164948454,48.644,2.49744096437258,-9.07555137959947,-7.35168056685937,1.24872048218629,54.2775541566489,53.3669064748201,54.796,2.31371324244908,-10.0322838759628,-8.21395421661183,1.15685662122454,43.3555102451554,44.2987012987013,42.484,2.02103552669518,-4.26741307477433,-7.72159099294583,1.01051776334759,34.9751993752193,35.9345794392523,34.728,1.91165245389547,-1.29118806872327,-6.80102846146058,0.955826226947736,48.8714310192983,49.0363636363636,48.7717391304348,2.56050101381699,-9.17572594766561,-7.55653074711431,1.41339655962698,53.6284198375367,52.4161073825503,53.956678700361,2.17430231012076,-9.9732693580644,-7.62032809191271,1.2045634798069,NaN,NaN,NaN,NaN,NaN,NaN,NaN,39.6784527826629,38.965811965812,40.9942726231386,1.90403393949547,-3.4961936412457,-6.66057714077957,3.32444325835908,4.42752785602408,158,48,1,126,314,9,0.156843156843157,86,50.974042656144,1,1934,5.50332005312083,14.0456694085681,30,7.38133658720029,1.30963347920674,-0.0943671000680828,16.6388044679085,1
251002_Dupi_NMH_AB_1,audiobook,Dupi,DupiS1,AB,1,68,115189,1,87,600,1180,3322,1808,3616,3322,1284.75515231396,1.3,1.57896443330812,3.322,42.1424132101386,42.4454545454545,41.164,2.33961773051117,-4.88147977168969,-6.0092265406387,1.16980886525558,42.7587495232261,43.3636363636364,43.56,3.34379694426151,-0.446368130676013,-6.18561773273667,1.67189847213076,51.4829470279945,51.1764705882353,51.544,1.41678807922885,-12.5230630853855,-11.8247816422922,0.708394039614423,47.0490745695837,46.5853658536585,49.62,1.87687941210406,-10.1179073716311,-8.16800745563629,0.938439706052031,52.0289640059928,52.5652173913044,51.844,1.99530254603263,-12.2458998203633,-10.4118856707088,0.997651273016317,43.63924690919,43.7531380753138,45.4566666666667,3.00364124457867,-1.17430924860815,-6.74917987346193,1.8021847467472,51.0252963958392,50,51.8275862068966,1.20212169770752,-12.9023908827276,-11.8660592141036,0.697230584670364,NaN,NaN,NaN,NaN,NaN,NaN,NaN,46.8616200431135,47.25,47.4303097345133,2.06916125200376,-7.31413780440093,-8.95359511047048,3.7410435436228,5.01479360865713,58,31,1,0,460,7,0.22977022977023,140,29.0936102324029,1,1606,61.0085372794536,0.139204228235397,26,8.78510371335039,2.02543045128208,0.613403370113011,16.6387285859778,1
251002_Dupi_NMH_AB_1,audiobook,Dupi,DupiS1,AB,1,69,116850,1,87,642,1318,3690,1916,3832,3690,1402.97522931119,1.4,1.64941339779055,3.69,41.6098268088052,42.202479338843,42.316,3.28424374929319,-3.55024437347733,-7.59257579360224,1.64212187464659,51.9707578031873,51.9389312977099,51.988,1.93932779255359,-12.7087226256234,-9.14770632022746,0.969663896276794,51.24202697885,50.5692307692308,51.776,1.47307997051435,-13.6423126345725,-7.68442040163253,0.736539985257174,55.8512868338941,56.6287425149701,54.568,2.27404991578796,-8.9204604766191,-10.1390292440756,1.13702495789398,36.5770029932026,34.3246753246753,38.956,1.95746881715717,-2.15818903205979,-9.20466276389406,0.978734408578587,52.0312565405413,52.0228571428571,52.0155763239875,1.98313884107524,-12.9249076355844,-8.32651068435936,1.27317513597031,54.9735395666398,55.874251497006,54.1834319526627,1.9268620584877,-10.384829446405,-9.11243174612039,1.30255875153769,NaN,NaN,NaN,NaN,NaN,NaN,NaN,45.1136575600478,44.4650077760498,46.2985386221294,2.33816085572815,-5.82629697433078,-8.99539664910809,4.47991619957513,3.65969993415348,1232,58,1,502,130,3,0.0649350649350649,76,12.8422294342871,1,1700,7.49041927527982,0.713700822570448,29,10.4374625714293,1.12552109424402,-0.433575343475929,15.8823323869224,1
251002_Dupi_NMH_AB_1,audiobook,Dupi,DupiS1,AB,1,70,118695,1,87,524,1036,3430,1790,3580,3430.00000000001,1253.30452867753,1.202,1.68343921841456,3.43000000000001,43.2222699773369,42.8047337278106,43.704,2.1230682918072,-3.98614812279528,-8.28134630906914,1.0615341459036,32.5255729232243,32.63125,32.276,2.35568786513781,-0.0914443773692488,-6.84496134724849,1.1778439325689,39.5484642123534,36.5,40.784,1.49120190795397,-4.8889127569359,-9.89459481271761,0.745600953976987,51.8441061039084,48,51.628,1.2270883377377,-14.4239144338375,-10.993067816936,0.613544168868848,47.0662644096543,NaN,42.948,0.434813941099948,-9.19960543629739,-12.4441377624629,0.217406970549974,32.4367246381451,32.63125,32.1717557251908,2.32975321856422,-0.109672930332661,-6.88366589976455,1.22079068652765,40.7662223076313,37.4426229508197,41.796875,1.49268036402301,-5.54466034868236,-10.1892894606203,0.764252346379783,NaN,NaN,NaN,NaN,NaN,NaN,NaN,44.1699368563051,45.4516129032258,41.7106145251397,1.88878102270443,-6.04948700693205,-7.96570976572464,3.38091803064093,3.64261050339121,342,35,1,40,126,2,0.0629370629370629,88,8.43791931031486,1,996,0.917472965281709,22.5303346112331,18,4.20207388416876,0.991648013159506,-0.608975224987371,12.9834083556761,1
251002_Dupi_NMH_AB_1,audiobook,Dupi,DupiS1,AB,1,71,120410,1,87,572,1232,3802,1844,3688,3802.00000000002,1418.80860482327,1.298,1.86660763639786,3.80200000000002,40.0591609236374,39.6984126984127,40.416,2.40251931101697,-3.39024765282374,-7.50740449169482,1.20125965550849,41.9795420001745,40.6893203883495,42.912,1.89104130806149,-7.90542229358806,-8.8724509848134,0.945520654030743,39.9236680092111,38.1958762886598,42.772,1.843326221828,-3.45284847859968,-9.18701034897066,0.921663110914,32.8211455880108,32.5588235294118,32.076,1.97674670610372,-0.466713710833311,-7.12849060945024,0.988373353051858,27.4809262372476,28.4146341463415,27.344,1.05156576387837,-1.08887176600768,-8.00968426253536,0.525782881939183,44.2532725878873,44.8260869565217,44.6853146853147,1.94786775332099,-8.251241170442,-9.1823979494756,1.11418035489961,37.0043391174142,33.1404958677686,39.1151515151515,1.85998336558414,-3.26774511850627,-8.51974401148278,1.22758902128553,NaN,NaN,NaN,NaN,NaN,NaN,NaN,47.6337001305884,46.9736842105263,48.5824295010846,1.88708415733223,-6.19383384331174,-8.14086588097282,3.47978318612064,4.24593156706372,904,25,1,216,266,4,0.132867132867133,96,7.26385330214767,1,692,9.48396888635931,-19.374139278669,32,9.75087239387232,1.5210412100182,-0.055667132115344,15.8623222909061,1
251002_Dupi_NMH_AB_1,audiobook,Dupi,DupiS1,AB,1,72,122311,1,87,474,794,3368,1686,3372,3367.99999999999,1274.16720179633,1.132,1.75212650052195,3.36799999999999,38.5197061540871,37.7762237762238,40.224,2.26085949951059,-2.65508845364585,-6.66862491895221,1.1304297497553,52.1692535430135,53.5573770491803,51.196,1.58130339650012,-12.4576420530243,-9.59740264388486,0.790651698250059,50.3200743099737,48,50.052,1.32011549412928,-12.6198801783651,-9.74840814430286,0.660057747064639,53.3105483716345,NaN,52.528,0.957701624015809,-12.7776637644782,-12.103509978519,0.478850812007904,54.3870333133844,NaN,54.224,1.05759001608373,-11.8905687562107,-10.538475852283,0.528795008041865,52.3310038011151,53.5573770491803,51.3713080168776,1.60574510963638,-12.4138549118368,-9.51851190131561,0.761123181967643,48.0011501202312,NaN,48.0125,0.960278993934762,-13.6227374168353,-9.7186479301669,0.307289278059124,NaN,NaN,NaN,NaN,NaN,NaN,NaN,41.3826718026352,39.5391061452514,43.0842230130486,2.03455325524789,-6.654034049771,-9.07141855136021,3.43025678834794,3.46297527231355,82,54,1,38,56,2,0.027972027972028,34,23.3453106394255,1,1756,-14.1692278505028,4.74876242230246,6,2.73642240419196,0.894784198430836,-0.5761823560321,10.150907110049,1
251002_Dupi_NMH_AB_1,audiobook,Dupi,DupiS1,AB,1,73,123995,1,87,568,868,3056,1696,3392,3055.99999999998,1224.8654985823,1.214,1.54193146993674,3.05599999999998,37.3155492981331,37.6849315068493,37.024,1.63244803445217,-3.93521965918067,-8.45087241758069,0.816224017226085,38.6908530977651,38.480198019802,38.024,2.68307669908574,-2.755713865024,-5.94497564568434,1.34153834954287,29.2996458513437,29,30.932,0.83274248579822,-2.3821337551841,-8.65018680565683,0.41637124289911,45.0663461618027,43.562962962963,46.212,2.16141705514401,-2.19692465659592,-6.73116930548403,1.08070852757201,48.1756932770411,48.25,48.244,3.52300263897703,-6.63638893498159,-7.59836440877159,1.76150131948851,38.6886794155036,38.480198019802,37.9049295774648,2.3788386846004,-3.16202474281397,-6.3205911358514,1.35118037285302,29.2090148936766,NaN,30.4,0.546396802886921,-4.45429950236774,-9.71485213727992,0.163919040866076,NaN,NaN,NaN,NaN,NaN,NaN,NaN,45.7654723051091,45.434034416826,46.2405660377358,2.32032840165821,-4.36661333104127,-7.37078547036799,3.93527696921233,4.83286247342901,1580,46,1,182,662,9,0.330669330669331,148,34.1789142658248,1,1808,-36.3927148548662,-17.2522983585812,28,8.34880631480121,1.10620579569439,-0.291712841024249,16.1243964004544,1
251002_Dupi_NMH_AB_1,audiobook,Dupi,DupiS1,AB,1,74,125523,1,87,660,1152,3460,1924,3848,3460.00000000001,1318.12786072967,1.382,1.6016390854455,3.46000000000001,40.9983222131766,41.7209302325581,39.3,2.10156581406242,-3.4758722970256,-8.49741215663471,1.05078290703121,47.9026411533605,46.3717277486911,46.688,2.93332678122315,-3.04760487582873,-7.0884712578934,1.46666339061157,46.4322982097023,48,46.744,0.927825830012269,-11.8475982383365,-10.8042956316101,0.463912915006134,43.4480010175332,43.1641791044776,43.524,1.41863343086331,-9.91297077010893,-9.66078477399612,0.709316715431655,41.9458587536236,41.9888268156425,41.952,2.51794756855795,-6.43053583235119,-7.48613132524938,1.25897378427897,47.9372173043417,46.460396039604,47.1393939393939,2.46391887219719,-4.09874802137807,-7.77528716879719,1.62618645565014,44.8980777023667,44,45.349593495935,1.06728292715275,-11.1651874341783,-10.7275637606727,0.525103200159155,NaN,NaN,NaN,NaN,NaN,NaN,NaN,43.7351054194545,44.0281690140845,44.5467775467775,1.66531653951956,-4.88777681038006,-8.5739621533502,3.20406902203564,5.24407508323499,354,55,1,120,420,6,0.20979020979021,158,28.8174621944213,1,1248,55.9673686207551,-14.39889083262,20,6.53510856610115,1.7154693977381,0.428118908421067,13.3124306917399,1
251002_Dupi_NMH_AB_1,audiobook,Dupi,DupiS1,AB,1,75,127253,1,87,594,1208,3294,1862,3724,3294.00000000001,1477.4530450225,1.362,1.77661293643732,3.29400000000001,54.4608265486896,56.4117647058824,53.576,1.90690022609833,-9.62766911511724,-9.67481856180437,0.953450113049167,44.8937736432437,NaN,44.896,1.09398873652624,-5.59651304389033,-10.1772497444924,0.54699436826312,34.8889036704337,42.6666666666667,36,1.44244355313809,-1.42300417613912,-8.2336392718541,0.721221776569045,37.873578536553,37.0873786407767,39.536,1.76462989805142,-3.55599209199819,-9.15675731525856,0.88231494902571,50.0468120260852,50.4821428571429,49.08,1.77511244644326,-8.65073086070637,-8.13155175930996,0.887556223221631,41.4412056957765,NaN,42.3804713804714,1.17641610961461,-4.0198941528181,-9.81315898389147,0.69879116911108,34.1372962302665,35.5609756097561,35.814332247557,1.5904221948212,-1.35772902923006,-8.00819794644724,0.976519227620219,NaN,NaN,NaN,NaN,NaN,NaN,NaN,38.9231352727964,37.9094202898551,39.9731471535983,1.64035899719954,-3.8823073440167,-8.16850385736511,3.05434845278555,3.70782190249641,1026,30,1,994,102,2,0.050949050949051,70,63.1886471559248,1,1482,-75.2813507873269,4.37823352067592,24,9.42621757065064,1.93863698686181,0.552886208215946,18.5307431311889,1
251002_Dupi_NMH_AB_1,audiobook,Dupi,DupiS1,AB,1,76,128900,1,87,526,1180,3398,1836,3672,3397.99999999997,1509.56946329395,1.324,2.03548952670936,3.39799999999997,34.9579447406114,34.4864864864865,35.468,2.21863158104043,-1.12360060974018,-6.33124738617505,1.10931579052022,36.3000658043343,36.2784810126582,36.192,1.64876319909793,-3.89874968307055,-9.39005545940382,0.824381599548964,51.913905384425,51.8364779874214,51.9,2.64990420393729,-8.40996393619137,-8.95872814146536,1.32495210196864,39.0190929573334,37.3103448275862,41.016,1.75680559967077,-3.21669722680255,-7.12273305684811,0.878402799835385,38.1630665935987,35.9569892473118,39.06,1.8410141218932,-3.47316086840924,-8.28972038373527,0.9205070609466,36.6160114938645,36.2784810126582,36.4790874524715,1.65923638725109,-4.07521380181113,-9.39802435282777,0.872758339694074,51.4418985627987,51.0710382513661,51.2140672782875,2.31519092936235,-8.79482025206062,-8.27995049684728,1.51413486780298,NaN,NaN,NaN,NaN,NaN,NaN,NaN,43.0598921552024,42.8139534883721,44.2015250544662,1.79432144650147,-8.60910161043007,-9.19107930113414,3.2943741757767,5.56019401606698,650,53,1,0,320,5,0.15984015984016,110,15.8964306424804,1,1352,9.52912160880288,32.3718688353742,24,8.72161525058617,1.58018216586537,0.268300537519785,14.2633746771502,1
251002_Dupi_NMH_AB_1,audiobook,Dupi,DupiS1,AB,1,77,130599,1,87,520,1056,3574,1782,3564,3574.00000000001,1420.87535392658,1.262,1.91491926312567,3.57400000000001,43.5118685204602,42.1954022988506,43.792,1.67135550268575,-8.92590937062691,-10.088036478222,0.835677751342873,41.6705125937712,43.5378787878788,41.04,2.26000556910244,-5.81772987447158,-7.61341589045756,1.13000278455122,36.4734084183154,34.8142857142857,37.62,2.22528883992984,-3.00085874424404,-8.29109454635202,1.11264441996492,36.3290369324993,30.6666666666667,41.264,1.88661294565797,-2.6494474825361,-8.72974299910959,0.943306472828983,42.7928888950888,45.1333333333333,41.188,1.47916529039634,-7.49381645528033,-10.7683805777298,0.739582645198169,41.221581526768,42.9366197183099,40.8076923076923,2.32988551869343,-5.54062847261507,-7.51581796958086,1.21154046972058,38.1335240245464,34.8,39.6380597014925,2.08990818385346,-3.49589925754925,-8.55951804059038,1.12019078654545,NaN,NaN,NaN,NaN,NaN,NaN,NaN,45.0452425210689,47.1348314606742,42.2850729517396,1.27119519044275,-6.49983816906651,-10.0893689030476,2.26526982936898,4.5161086758096,1308,30,1,104,302,7,0.150849150849151,92,13.2431522157561,1,1144,-36.4401441851641,9.77500279152864,19,7.01867878365042,1.06697087717511,-0.32766284298592,11.772472790235,1
251002_Dupi_NMH_AB_1,audiobook,Dupi,DupiS1,AB,1,78,132386,1,87,512,1048,3522,1844,3688,3521.99999999999,1457.06073337026,1.304,1.75805846462444,3.52199999999999,48.2234299665817,54.1232876712329,45.58,1.86092786173237,-5.78140888095608,-8.59729303442457,0.930463930866186,47.353373027947,47.9154929577465,47.312,1.50895679861754,-7.79555918151644,-9.81360774155654,0.754478399308768,35.7377955465521,37.1769911504425,37.516,3.64353151963262,-0.44721925802393,-5.81297133203001,1.82176575981631,49.3426795696059,50.453781512605,50.34,3.54148760050301,-5.4933284792211,-7.43416168316902,1.77074380025151,40.8229997870946,43.4285714285714,39.324,1.92848950253094,-4.64925144930585,-8.27350011975997,0.964244751265471,47.3416012571198,47.8441558441558,47.3046875,1.52437138265836,-7.81829943316954,-9.79608998750768,0.780478147921078,36.1353481955949,37.3833333333333,37.7350746268657,3.62892503540705,-0.618689546908381,-5.81945407735312,1.94510381897818,NaN,NaN,NaN,NaN,NaN,NaN,NaN,48.4560743074285,43.4729064039409,50.4349240780911,1.33582331184944,-8.58445789037573,-10.1484276003476,2.46325818705038,5.46451516360529,798,27,1,526,806,8,0.402597402597403,270,89.9136670790038,1,1870,-38.5596660975147,-20.5222019577921,31,9.51974926025316,1.02300625654151,-0.429401631782188,14.6170152667766,1
251002_Dupi_NMH_AB_1,audiobook,Dupi,DupiS1,AB,1,79,134147,1,87,562,1352,3396,1868,3736,3396.00000000002,1479.83838295027,1.336,1.79538049248847,3.39600000000002,56.816840414852,56.4673913043478,56.932,1.70449491126679,-10.8020852336438,-11.804317257534,0.852247455633397,50.534190849221,50.8453608247423,49.976,1.86648394502348,-11.8402916477255,-9.22078768037256,0.933241972511739,36.3805259748193,33.5033112582781,38.088,2.22458366390692,-1.50080082054479,-7.12624359225146,1.11229183195346,47.298299875095,47.1747572815534,47.304,1.93379322743724,-11.2676536891375,-9.15544779798916,0.966896613718622,53.4895296377482,53.9126213592233,53.556,1.94118648450878,-9.84053690178113,-6.52056500208945,0.970593242254389,50.1396937193621,50.5742574257426,49.5943060498221,1.83491666455144,-11.8322585569736,-9.13215665229491,1.03122316547791,40.2602470890107,38.0755555555556,41.5898734177215,2.15291646044375,-3.22096883976543,-7.73812786365496,1.70080400375056,NaN,NaN,NaN,NaN,NaN,NaN,NaN,40.7261206905638,39.4655963302752,42.4882226980728,2.00573843983049,-3.39166531772679,-6.7379620076325,3.74671940560335,4.52740708658806,1696,55,1,128,384,6,0.191808191808192,132,34.1001148319342,1,1958,-11.5735154619617,-18.6494584434436,29,9.63316042907929,1.4152194163073,0.062772939536315,14.518495282489,1
251002_Dupi_NMH_AB_1,audiobook,Dupi,DupiS1,AB,1,80,135845,1,87,512,1186,3476,1738,3476,3476,1397.30510424383,1.274,1.78267510730014,3.476,52.7417207776122,52.7083333333333,52.756,2.36172190501282,-11.6091555643789,-7.98051208489205,1.18086095250641,43.7569407501808,44.1572327044025,43.576,2.04667689227435,-7.48099548051995,-6.35057768353323,1.02333844613717,44.2297495449976,44.1737288135593,44.32,3.14084515739302,-3.20681616590306,-6.72875698074789,1.57042257869651,51.9046578938394,54.1290322580645,50.944,1.48107403715373,-12.3898766219082,-9.05745430145519,0.740537018576863,52.3021065714783,50,53.532,1.35555861566919,-12.1970071157534,-7.27767959275346,0.677779307834597,43.5517824520544,43.9575757575758,43.4609375,2.08248644324286,-7.16390702057234,-6.35079652296118,1.06623305894035,45.1716378370419,44.5523012552301,46.1424332344214,2.59825437308343,-4.47354193260906,-7.30741495175563,1.75122344745823,NaN,NaN,NaN,NaN,NaN,NaN,NaN,48.071305435769,49.0458937198068,46.2382048331415,1.95293957649077,-5.67597743381819,-7.44246729862928,3.39420898394097,4.28535666991084,726,48,1,0,408,8,0.203796203796204,120,51.1685817092112,1,1508,-18.4306583191045,10.7415230580266,20,5.56936350487875,0.951130085603721,-0.425458130447728,11.7009408920985,1
251002_Dupi_NMH_AB_1,audiobook,Dupi,DupiS1,AB,1,81,137583,1,87,532,1166,3336,1878,3756,3336.00000000001,1329.55926715819,1.328,1.72780560391562,3.33600000000001,38.5605370782117,44,35.076,1.04397697804412,-3.96428460253942,-9.50541201213444,0.521988489022062,34.0542454003882,34.0534351145038,34.204,1.728856034861,-0.919429936072495,-7.607309416708,0.864428017430502,33.793404876996,NaN,33.76,1.48910326463579,-1.20698712456774,-8.35260088379679,0.744551632317895,48.600089325832,48.8490566037736,48.024,2.97253749617709,-8.3248629415227,-7.04644473003248,1.48626874808855,42.4169977444397,44.3142857142857,42.236,2.47867919256502,-2.81643169003106,-6.6914319379532,1.23933959628251,33.9874116331234,34.0534351145038,34.1315789473684,1.73484499562251,-0.884398322551866,-7.60575175074425,0.922937537671175,40.324799011589,51.1428571428571,37.5236593059937,1.81609034545003,-2.23105938742386,-8.60965202512559,1.15140127901532,NaN,NaN,NaN,NaN,NaN,NaN,NaN,45.9142125987443,45.5264483627204,46.2172523961661,1.93664976586081,-6.36238669180364,-9.61270509701151,3.63702826028659,4.48805319394783,1102,52,1,1062,362,7,0.180819180819181,82,14.8870235183461,1,1706,-3.90324416619237,0.927159712658659,19,7.29226342197014,1.17556330045951,-0.18687938622797,14.9643825284581,1
251002_Dupi_NMH_AB_1,audiobook,Dupi,DupiS1,AB,1,82,139251,1,87,512,1094,3580,1772,3544,3579.99999999998,1398.93078602692,1.29,1.86385331967976,3.57999999999998,40.1917142725122,NaN,41.644,0.616987857325498,-6.63548361957491,-10.7507715100387,0.308493928662749,37.1976595867271,27,40.492,0.822876512515815,-5.71618941265145,-10.5314920490722,0.411438256257907,29.0178135504364,28.4367088607595,29.212,2.02988721613247,0.311752071398228,-7.03669097717393,1.01494360806623,27.1588276290647,27.6538461538462,26.98,2.79433642335343,1.91175571644905,-5.94836292914012,1.39716821167671,44.7994825017042,44.9931972789116,43.924,2.57611315651343,-5.45250850236801,-6.13902934313682,1.28805657825671,36.6119012619928,27,40.17578125,0.852561897434776,-5.3736707402504,-10.4322968557942,0.436511691486605,29.3317788999514,28.8894472361809,29.4123711340206,2.2299722090853,0.822924646620155,-6.7348054119885,1.29784382568765,NaN,NaN,NaN,NaN,NaN,NaN,NaN,42.4542705977408,43.0933333333333,42.627539503386,1.44830652753658,-6.72635619537571,-7.65500864300919,2.56639916679482,7.01689093429121,1818,43,1,646,482,5,0.240759240759241,164,138.428546648341,1,1954,-22.0686776702713,-17.4806454014218,22,8.11253983689513,2.03002975479825,0.937591051182771,15.5302768741295,1
251002_Dupi_NMH_AB_1,audiobook,Dupi,DupiS1,AB,1,83,141041,1,87,542,1026,3424,1912,3824,3423.99999999998,1436.88251411426,1.336,1.76267725414701,3.42399999999998,47.5273345623545,43.4903846153846,49.516,1.84938814705186,-9.16649517960223,-9.77011993559666,0.924694073525929,53.9383763309202,NaN,50.976,0.548847018658635,-12.4499234892543,-12.887530839946,0.274423509329318,53.4577802086676,53.4087591240876,53.524,2.09000116852823,-10.757083725911,-8.45826436532573,1.04500058426412,35.2258677858607,35.070351758794,35.616,2.70225128529062,-1.16275417739554,-7.74231611362848,1.35112564264531,49.0143890674235,NaN,46.776,0.980430005548875,-8.36515834796768,-10.4899115508261,0.490215002774437,53.8434547729137,NaN,51.169741697417,0.608877228715018,-12.4170106952457,-12.719837210414,0.33001145796354,53.5483445821023,53.527027027027,53.6074380165289,2.16521385256311,-10.6052951957024,-8.37543879774281,1.04796350464054,NaN,NaN,NaN,NaN,NaN,NaN,NaN,37.6661841044873,37.234693877551,38.2625523012552,2.34470379101931,-1.84642217837742,-6.48141322120043,4.48307364842891,4.09782947562249,1296,25,1,590,266,4,0.132867132867133,162,14.2670327662957,1,936,10.9550369948776,6.35035545464696,30,13.8470577827753,1.24870816480595,-0.364797938822135,15.5508739941641,1
251002_Dupi_NMH_AB_1,audiobook,Dupi,DupiS1,AB,1,84,142753,1,87,556,1194,3696,1796,3592,3696.00000000003,1301.68410699535,1.258,1.76819490037418,3.69600000000003,36.4980060205261,37.2906976744186,36.104,1.65254452821972,-1.75415634927892,-6.6775653803314,0.826272264109862,30.0412076328228,31.6764705882353,29.408,1.77626187655201,0.27773302987078,-6.63284418537181,0.888130938276004,50.3278564847625,48.1818181818182,51.668,1.77985180783005,-4.95186726641157,-7.76398987789567,0.889925903915027,41.6092316912392,39,44.628,1.62834818882719,-4.53274398857597,-8.25229750405524,0.814174094413596,42.3300070456925,37,43.932,0.819885615058943,-7.56538516979107,-10.8298455882292,0.409942807529472,30.4750112875694,32.0625,29.7697841726619,1.87179057509377,0.563201597789048,-6.56675498225734,1.04071555975214,51.6760622209559,50.1132075471698,52.6081504702194,1.55961267909225,-7.78433989237516,-8.41052897771779,0.995032889260857,NaN,NaN,NaN,NaN,NaN,NaN,NaN,43.1090902898267,43.952808988764,43.424276169265,1.9648712440742,-4.16976800013055,-8.28203519845506,3.52890875435726,4.07799017219195,1254,39,1,424,270,3,0.134865134865135,118,7.1557131376691,1,612,13.9996205653576,46.3455168050024,27,9.29729468162025,2.17359435792497,0.881853449098086,18.9641711915191,1
251002_Dupi_NMH_AB_1,audiobook,Dupi,DupiS1,AB,1,85,144601,1,87,484,1138,3412,1808,3616,3411.99999999998,1128.86843772717,1.258,1.4762053974774,3.41199999999998,46.4310394290114,46.4477611940299,46.42,2.66109731490624,-8.17403165159678,-10.6053786909145,1.33054865745312,42.1908401862062,41.4528301886792,42.812,1.93530363158409,-7.69458687325241,-8.57435356077903,0.967651815792044,48.1494802705816,47.75,48.872,2.1231823608311,-9.35170275741238,-8.89996026083436,1.06159118041555,56.1069556835525,56.945652173913,55.92,1.72772407853692,-10.1476352533521,-6.85613597360072,0.863862039268462,52.217653877583,51.4242424242424,52.16,1.47627964766646,-11.0729035373456,-8.67467508833583,0.738139823833228,42.3247395025285,41.5714285714286,42.9049586776859,1.88412693191034,-7.83912566806371,-8.58821614337644,0.911917435044602,49.4544625090458,49.3699421965318,50.3700305810398,2.09596273301085,-9.29827243699191,-9.28725799637377,1.3707596273891,NaN,NaN,NaN,NaN,NaN,NaN,NaN,44.7373032386832,43.6234413965087,46.8141592920354,2.05582543957637,-4.17276676589877,-7.0603169267863,3.71693239475408,3.86456449071277,426,41,1,388,204,3,0.101898101898102,160,30.8209093214073,1,1844,-13.3238474672738,19.5863885063461,18,6.98545151649561,1.25253856082219,-0.306495273726828,15.8435605076617,1
251002_Dupi_NMH_AB_1,audiobook,Dupi,DupiS1,AB,1,86,146307,1,87,566,1160,3338,1764,3528,3338.00000000002,1064.11802178065,1.284,1.40878680873272,3.33800000000002,44.1604451732353,41.8984375,46.856,2.01023835020393,-3.34095518402229,-7.19037560921661,1.00511917510197,35.4570668109726,30,40.352,1.67516967315096,-0.900285470866203,-6.29931743196658,0.837584836575481,51.9269688752414,50.4875,53.396,1.6648773333315,-11.1064555484927,-7.5702607775171,0.832438666665751,47.2858971862155,47.2380952380952,47.188,1.25712362625567,-11.3081136341182,-7.14553437634519,0.628561813127836,47.5678679137582,47.5384615384615,47.648,2.54303603361383,-9.56731138719134,-7.33934942025832,1.27151801680691,35.8917658647624,30,41.5830388692579,1.52834649271363,-1.41169301185336,-6.52657027185071,0.865044114875916,51.0582432974581,49.9509803921569,52.1683501683502,1.77048208061995,-10.8342625304491,-6.39703294632284,1.05166635588825,NaN,NaN,NaN,NaN,NaN,NaN,NaN,51.55111162546,52.4512534818941,49.6156462585034,1.86515346670376,-10.0177937903916,-8.16037527817316,3.29013071526543,4.93672468241017,1576,46,1,116,372,6,0.185814185814186,102,12.5125023981934,1,1204,55.6706507304117,9.2644322030744,22,7.7611138414342,0.994976256023469,-0.44772785629075,13.6901187621112,1
251002_Dupi_NMH_AB_1,audiobook,Dupi,DupiS1,AB,1,87,147976,0,87,558,984,4362,1836,3672,4362.00000000002,1079.91095375375,1.244,1.51447642451196,4.36200000000002,37.0331385304003,37.9044585987261,36.012,2.28070391389217,-1.42023890137947,-8.27533957032155,1.14035195694609,37.4227347246877,31.0697674418605,41.776,1.65195642407573,-4.32287961858991,-8.96575493816328,0.825978212037863,31.439650579551,25,34.428,1.20469422372309,-4.62838788137843,-9.4173212066404,0.602347111861546,35.8102362098935,38.3977272727273,33.576,1.68266770033712,-3.61922909660386,-8.36402341580485,0.841333850168558,52.519821250091,NaN,49.44,0.762626067075987,-9.52170834941163,-10.4839610215727,0.381313033537993,37.0895906837249,30.3265306122449,41.2867383512545,1.59282583073003,-4.4039952237987,-9.06083281885001,0.888796813547357,31.0018102631344,25,33.8967136150235,1.22057422241418,-4.46941593923983,-9.27896211840537,0.51996461874844,NaN,NaN,NaN,NaN,NaN,NaN,NaN,46.3222426119926,48.0622406639004,45.1481481481481,1.64363953672282,-6.85606111465003,-8.8626492704595,3.01772218942311,5.42573838027298,32,31,1,0,198,3,0.0989010989010989,84,12.9391164459951,1,462,24.8032631379245,-10.9909926675848,14,5.65119107720957,0.566139796999086,-1.10488800377844,10.7514982921812,1
