sessID,task,cohort,group,participant,sessNum,breathIdx,onsetSample,goodBreath,nEv,inhalePeakMs,returnCrossMs,exhaleStartMs,exhaleTroughMs,endSymMs,breathLenMs,inhaleVolume,inhaleDuration,peakInspFlow,breathLength,w1_rfreqPW,w1_rfreqGated,w1_rfreqRaw,w1_rpowZ,w1_rpowDb,w1_bandDb,w1_aucZ,w2_rfreqPW,w2_rfreqGated,w2_rfreqRaw,w2_rpowZ,w2_rpowDb,w2_bandDb,w2_aucZ,w3_rfreqPW,w3_rfreqGated,w3_rfreqRaw,w3_rpowZ,w3_rpowDb,w3_bandDb,w3_aucZ,w4_rfreqPW,w4_rfreqGated,w4_rfreqRaw,w4_rpowZ,w4_rpowDb,w4_bandDb,w4_aucZ,w5_rfreqPW,w5_rfreqGated,w5_rfreqRaw,w5_rpowZ,w5_rpowDb,w5_bandDb,w5_aucZ,p1_rfreqPW,p1_rfreqGated,p1_rfreqRaw,p1_rpowZ,p1_rpowDb,p1_bandDb,p1_aucZ,p2_rfreqPW,p2_rfreqGated,p2_rfreqRaw,p2_rpowZ,p2_rpowDb,p2_bandDb,p2_aucZ,p3_rfreqPW,p3_rfreqGated,p3_rfreqRaw,p3_rpowZ,p3_rpowDb,p3_bandDb,p3_aucZ,p4_rfreqPW,p4_rfreqGated,p4_rfreqRaw,p4_rpowZ,p4_rpowDb,p4_bandDb,p4_aucZ,peakZ,peakLatMs,peakFreq,anyBurst,burstLatMs,timeAboveMs,nBursts,dutyCycle,maxBurstMs,peakZ_base,anyBurst_base,timeAboveMs_base,chirpSlope,chirpSlope2,freqSpan,freqJitter,apExp,apOffset,gammaBumpDb,gammaPeakPresent
251030_Dupi_NMH_DB_2,O15,Dupi,DupiS2,DB,2,1,8666,1,80,398,1228,1228,1464,2928,1464,54.6151051926797,0.398,3146.35918869158,1.464,35.2315155547659,NaN,35.636,0.955895199689382,8.16749590469391,2.29758419219263,0.477947599844691,41.3107188198836,41.3284671532847,41.096,2.33589308698221,6.70757905398092,2.15735298164646,1.1679465434911,31.2952046944735,30.3352601156069,31.672,2.30584678278288,12.5153029002689,5.79455800275773,1.15292339139144,54.1299053348645,54.5806451612903,52.816,1.565715919778,3.28832044861345,1.880391859858,0.782857959888999,55.8289564375069,56.410447761194,55.408,2.32580197174345,2.78147245481966,6.38917085699806,1.16290098587172,41.5669600167973,41.3582089552239,41.608040201005,2.61075467519082,6.61518349364797,2.50603817708653,1.03908036072595,35.158119553395,30.5,37.7469879518072,1.81415442536028,10.8075807717297,4.4299108467272,1.50574817304903,54.8897942486162,54.8181818181818,54.9067796610169,1.87845967511404,2.2841850748358,1.35130270965851,0.443316483326914,45.7550413515385,45.419028340081,45.7049180327869,2.47070138923944,8.33492539021432,5.13765682711312,3.61710683384654,4.50269099974103,218,42,1,154,460,7,0.22977022977023,104,20.2983056892269,1,1688,-8.09409979131096,-21.1606245580079,30,11.1032696536498,0.804156143045464,0.879904284565022,8.83969051565155,0
251030_Dupi_NMH_DB_2,O15,Dupi,DupiS2,DB,2,2,9929,1,80,280,1006,1006,1126,2252,1126,83.4127952265025,0.28,6847.84777452867,1.126,38.4590697993699,38.1,40.08,2.55588055504038,10.4226361231345,5.11215368121583,1.27794027752019,39.3341455144707,39.6296296296296,38.888,2.26148665297853,9.22547026074205,2.99364013772843,1.13074332648927,54.6947864671022,53,55.06,1.67745519225287,1.97870781047738,2.69793542195151,0.838727596126433,49.3447761344451,48.0333333333333,49.836,1.47469120234006,3.4666935534496,5.99242884748144,0.737345601170031,45.2278070334634,44.9774436090226,45.52,2.23922372614183,3.89910886953213,2.14743544002102,1.11961186307091,38.7669155665372,39,37.9071428571429,1.80974654170945,8.75231053392681,1.96828960642696,0.506729031678647,48.3992527370737,44.7090909090909,50.5619834710744,2.02757718605859,5.98362899885803,3.1595053145444,1.47202103707854,54.5514940051952,NaN,53.4833333333333,0.817790778238294,1.02489832006333,6.47495220100237,0.0981348933885953,46.0069816816253,45.9274611398964,45.9964476021314,1.76998152515412,3.6062778928914,3.49605738970455,1.99299919732354,4.44088231424519,1778,44,1,212,312,4,0.155844155844156,94,14.2599455733836,1,926,13.2942515651679,30.5580265753527,15,5.20259143944782,0.0585776271090074,-0.318997052783982,11.4199571299372,0
251030_Dupi_NMH_DB_2,O15,Dupi,DupiS2,DB,2,3,11240,1,80,252,634,634,1260,2520,1260,48.7925976657094,0.252,3324.48539331804,1.26,39.6997879202307,NaN,38.636,0.339843033474454,6.19897589542431,1.66649648233909,0.169921516737227,39.8243150150222,39.6363636363636,39.648,1.48638909899584,6.15607294296944,2.15751095853238,0.743194549497919,33.1534668137593,33.7544642857143,34.004,3.01126836415575,13.3244754103321,7.26323958240284,1.50563418207787,25.8096948380762,25.4901960784314,26.356,2.38707333022387,13.9889836156915,5.87492800382665,1.19353666511194,35.0809566542696,35.2138728323699,35.204,2.38834861128628,12.3599166723638,5.90649522429112,1.19417430564314,40,NaN,39.5,1.12030816858325,5.26913644760699,0.248752588887149,0.28231765848298,35.865638504425,35.781512605042,37.2041884816754,2.32786514770462,10.9185783625984,5.76668813118293,0.889244486423164,30.0369185431703,30.3464285714286,30.9840255591054,3.0908902540154,13.9082103871904,6.68793416966595,1.93489729901364,37.7830645957139,34.7297297297297,40.4126984126984,1.64587081292193,10.7269914460555,4.87861254065594,2.07379722428164,4.74632977777039,636,28,1,578,526,7,0.262737262737263,192,51.8802360364345,1,1936,1.49307531777649,-6.3618007220754,33,6.10869750887119,0.370484529657244,0.102949455961866,12.2749970855783,1
251030_Dupi_NMH_DB_2,O15,Dupi,DupiS2,DB,2,4,12344,1,80,354,768,768,970,1940,970,89.0218914046163,0.354,6928.29930290301,0.97,49.9712162922687,48.5786163522013,51.02,2.41505371043658,8.60205139396771,4.52293499297801,1.20752685521829,41.4361635010615,42.227027027027,41.448,2.37308706850981,11.2869747477166,5.36555393755639,1.18654353425491,47.17756065605,48.6363636363636,45.936,2.32231559548819,8.37989231601139,5.41505629235999,1.1611577977441,48.7184849207149,50.1986754966887,46.108,2.56229926779266,5.20188342960878,5.31700831508447,1.28114963389633,36.99744012926,36.679012345679,37.324,2.37513600800866,12.51071693575,5.77856183949961,1.18756800400433,47.3452296292594,49.6695652173913,46.135593220339,2.207975590576,9.15456771545175,4.62413232395518,0.781623359063902,36.4934139729556,35.9426229508197,37.6183574879227,2.14387583846117,11.9829809579095,6.15129964095385,0.887564597122925,50.3417625385164,50.3061224489796,50.3267326732673,2.82790197458298,5.30996308072471,4.78125846338539,0.571236198865762,43.9597764896409,44.3853820598007,42.4494845360825,2.51390256632544,9.80778128438235,5.5927397440917,2.43848548933567,4.68643706934222,1156,52,1,26,554,9,0.276723276723277,148,30.6254711655435,1,1838,-75.7044204135838,33.2282167715041,26,9.3511761874109,-0.596435480891499,-1.50703701731571,15.0458078194865,1
251030_Dupi_NMH_DB_2,O15,Dupi,DupiS2,DB,2,5,26680,1,80,2258,2594,2594,2794,5588,2794,-174.599894896235,2.258,8450.0522371882,2.794,47.863942297114,48.4347826086956,49.624,1.00418314282939,-0.163856960946775,1.56283972068633,0.502091571414696,45.6607254296371,46.1971830985916,45.652,1.75805934055905,2.64050676477165,2.61516260948049,0.879029670279523,36.8330147795913,36.7269076305221,36.728,3.21802251442888,11.8346569267803,4.92857341765931,1.60901125721444,42.1442935638302,42.6067961165049,42.652,3.28158338898851,11.7998180499122,9.06065110426645,1.64079169449426,50.4415744684401,55,47.82,1.29628347288521,2.05869789984864,3.52672898207763,0.648141736442606,41.361383277783,41.0963302752294,42.1248892825509,2.3323020299561,9.67337476479155,5.75264887318486,5.26633798364086,37.4586388107613,48,34.1904761904762,1.19556453062888,11.2933886542635,6.0600762662013,0.401709682291302,47.433103780746,47.44,47.44,4.45290725393637,7.22656673469396,8.69420179313984,0.890581450787274,48.5808657227732,49.7072072072072,47.7280265339967,1.68961466016496,1.50636528892868,2.81738856860431,2.03767528015895,4.90614838026813,1142,31,1,266,712,8,0.355644355644356,142,23.6483251048821,1,1698,-25.1591728324796,-11.7388431905311,25,8.63453371604082,-0.766432348044563,-1.61064540638765,13.1386608158488,1
251030_Dupi_NMH_DB_2,O15,Dupi,DupiS2,DB,2,6,39081,1,80,250,732,732,1494,2988,1494,18.1910027291436,0.25,2059.63081448819,1.494,39.8601784028206,42.0792682926829,38.832,2.34314516103938,10.7806527726525,4.4098930169192,1.17157258051969,42.8167669168104,42.8177966101695,42.684,3.08442416128369,9.31315955430732,4.65097255046476,1.54221208064184,47.1785378075176,43.3370786516854,48.564,1.79945083794625,6.73113675856983,5.07985579540538,0.899725418973124,35.8631598370825,35.7608695652174,36.068,2.21928577421011,10.3647868913847,3.24054766998128,1.10964288710505,36.9862752960368,40,35.964,1.63908438804597,8.24464292528992,3.77949178350234,0.819542194022984,46.231561646165,46.6311475409836,46.728,3.2124792774946,7.36911150026383,2.96988269730571,0.803119819373651,39.0603253592407,37.8795180722892,40.3236514522822,2.38623247373048,9.96277349177092,6.50890071194394,1.15016405233809,41.4681495881698,38.7556561085973,42.4278215223097,2.08571408353357,8.86473352965403,2.80689429127448,1.58931413165258,38.0958118719563,38.4192139737991,39.1767068273092,1.67236121268188,8.25662234186054,3.66850272130583,2.49850765174673,4.3128809798242,270,43,1,108,354,4,0.176823176823177,208,41.5701149448409,1,1966,-32.8321001707456,24.9843674396099,20,6.45752136522875,0.263446584835892,-0.440197347568833,15.7381685354939,1
251030_Dupi_NMH_DB_2,O15,Dupi,DupiS2,DB,2,7,40243,1,80,322,1116,1116,1332,2664,1332,53.7373859891072,0.322,2585.64092324414,1.332,38.7254675856731,38.7452830188679,38.436,1.78500846403302,8.19369310703007,3.30002464381872,0.892504232016512,37.9947723276587,38,37.988,1.20235731451548,7.71820743632766,3.26349028145884,0.601178657257742,46.8917381174555,47.2238805970149,48.252,2.61206582433347,7.50557416016262,3.4461341758405,1.30603291216674,52.0694501638113,52.2918918918919,52.416,2.99507628838925,4.25394944959976,5.47344138526468,1.49753814419463,40.4696715555169,41.3790849673203,37.924,2.32626147529323,11.1774278287968,5.78996929138839,1.16313073764662,37.9774282284082,NaN,37.9813664596273,0.432404688844869,5.53286953188344,-0.197242571187368,0.139234309808048,46.9649723902202,47.5428571428571,47.2317380352645,2.75843174006238,7.92225809883374,4.28162751857924,2.19019480160953,50.8977449357102,51.5959595959596,51.8796296296296,3.41647672273464,4.83069451840535,7.16372739316323,0.737958972110682,40.8554065623514,41.030612244898,39.1486486486486,1.61312180352757,9.18508389782319,4.38153839345093,2.14867824229873,5.18483279419533,532,38,1,444,632,7,0.315684315684316,156,21.9264025485074,1,1524,0.14114968696642,30.3658763538914,26,9.31704893971856,-0.146002596785028,-0.793877609726853,11.937708209314,1
251030_Dupi_NMH_DB_2,O15,Dupi,DupiS2,DB,2,8,41752,1,80,302,478,478,1710,3420,1710,72.9784535967618,0.302,9320.63619525599,1.71,30.0069746585299,27.4479166666667,31.176,1.52102373233396,11.5369286564023,5.60038991956298,0.760511866166979,38.1423908595882,37.4882352941176,38.144,2.34514358321428,10.0333134058231,4.23523722736671,1.17257179160714,38.6487773026578,37.9330543933054,37.748,3.49439726739221,12.4768719472425,7.5306969982459,1.7471986336961,54.5926586493774,55,53.916,2.51361166428936,2.09209266585645,3.69061737342677,1.25680583214468,49.3948517021879,49.1204188481675,49.592,2.40877020291262,2.5881092720074,4.34151167873576,1.20438510145631,40.4556492286329,40.1041666666667,40.0662251655629,2.33975777639237,7.63230383343577,2.8204335193391,0.706606848470495,35.5675399095077,34.984126984127,35.9886363636364,2.27138931097272,11.6487930052675,5.58596477839794,0.399764518731199,45.6654150905043,44.4678899082569,46.4042207792208,2.82491482641599,9.37957698442783,5.75591550965457,3.4802950661445,45.9810723704474,45.7973484848485,46.7730994152047,2.25279404892062,6.30245461761214,3.92032692181864,3.85227782365426,5.07762462471339,796,47,1,160,750,10,0.374625374625375,154,45.7678857397971,1,1990,-13.4126351735914,11.456805746827,31,9.49576607857083,-0.306929512868536,-0.87621762819782,11.0003814869154,1
251030_Dupi_NMH_DB_2,O15,Dupi,DupiS2,DB,2,9,43292,1,80,212,698,698,940,1880,940,60.3716930543141,0.212,9171.29331944656,0.94,44.3262672435954,44.1398601398601,44.612,2.21565224015944,4.42661411372147,3.31960086711204,1.10782612007972,39.9892851705158,38.32,41.348,2.46102129193503,9.8506495074395,4.94504583193347,1.23051064596752,51.919420731489,50.7669172932331,52.408,2.41902774942949,2.39504384963536,6.27775262499766,1.20951387471474,47.3498348315998,43,48.076,1.36638113731301,1.02399780739596,5.83337333877271,0.683190568656506,41.9082001125561,41.4941176470588,41.204,1.45313157826739,7.93729412083996,3.82767265561576,0.726565789133695,37.6667396835971,37.6526315789474,37.5,3.08963419475496,10.9554692412361,5.47056611830807,0.655002449288052,46.2855101152533,39.4727272727273,48.4732510288066,1.70143590642536,6.95503310581932,3.0821122504833,0.826897850522723,52.9441709238889,53,52.8264462809917,3.25971089962843,2.92918577993524,8.16284016598283,0.78885003771008,43.5830947556413,40.2616822429907,43.9744680851064,1.39614918951443,6.00682641673639,5.30535043344081,1.31238023814356,4.3838362024773,814,53,1,0,412,6,0.205794205794206,148,18.177358163183,1,1738,36.2769872889395,15.0383369933375,20,7.08841386324448,-0.0146285722798619,-0.975199796086094,17.7905646189127,1
251030_Dupi_NMH_DB_2,O15,Dupi,DupiS2,DB,2,10,44033,1,80,198,646,646,1178,2356,1178,65.6877561988077,0.198,11689.80070211,1.178,47.7834339809129,44,48.1,1.26254298219863,1.0790090137148,5.93625360648602,0.631271491099317,40.7429004616821,38,41.44,1.48107734547199,8.18400914950294,3.74648086033681,0.740538672735995,53.2888455535687,53.3947368421053,53.272,3.61031386168749,4.91941980024745,5.80820512480096,1.80515693084374,48.9097572729029,49.7251461988304,48.132,2.33362354476723,3.96906204484324,2.06869295444651,1.16681177238362,42.122255584533,51,42.412,1.11908157751058,7.45741992387264,3.21873803302742,0.559540788755289,43.0707192241157,NaN,42.7070707070707,0.732479191692746,5.4296863741952,3.21510632839285,0.145030879955164,49.2305499760519,48.2816901408451,46.2767857142857,2.7017349471258,7.99623290730302,4.89771688913164,1.21037725631236,49.0261577695116,49.7135135135135,48.312030075188,2.79546382308691,5.89541202142387,4.79486859090446,1.48718675388224,46.5736973198837,51.3548387096774,44.0492359932088,1.44280118727786,5.77580810930198,2.33637293890251,1.69961979861332,5.51962416514211,634,58,1,344,532,6,0.265734265734266,230,16.6856572676671,1,1254,4.95845190665906,16.4174451929877,23,8.29413748327526,0.575824426656301,-0.122553557156423,16.8879381449245,1
251030_Dupi_NMH_DB_2,O15,Dupi,DupiS2,DB,2,11,55009,1,80,2362,2588,2588,4622,9244,4622,-343.842872144375,2.362,9242.3427775216,4.622,41.4768593000501,41.2803738317757,41.544,1.88451374017216,5.4878548548278,2.57131993411213,0.942256870086079,35.6264215774926,35.6624203821656,35.736,2.32676599975951,12.0707031585447,4.59349921440254,1.16338299987976,37.7552795076543,38.4224137931034,36.648,1.99842391923453,11.2318242529507,5.72563066234802,0.999211959617264,52.2214228364115,51.85140562249,51.844,3.74079566227254,6.22474556263497,5.69647872715305,1.87039783113627,48.1265742444492,47.5342465753425,48.388,1.83087602236422,3.57473739045625,3.60724609584767,0.915438011182108,42.8556437695231,42.3333333333333,41.545300592718,2.45846279797258,10.2506850300195,5.17138713912502,5.80688912881122,30.7889334177453,NaN,31.1150442477876,1.16170384097386,10.9740538457538,4.60440526731526,0.262545068060092,40.2208389146611,38.4832214765101,41.0297450424929,1.9151440668904,7.7893302512998,4.24900106967393,2.70418342244924,NaN,NaN,NaN,NaN,NaN,NaN,NaN,5.60855444946947,1216,53,1,0,768,7,0.383616383616384,198,87.2237507773877,1,1980,-6.28874976285335,13.7378568504113,29,9.4886067847715,0.911201455443728,0.38882658440393,16.7349383738158,1
251030_Dupi_NMH_DB_2,O15,Dupi,DupiS2,DB,2,12,69456,1,80,736,1534,1534,1730,3460,1730,144.564795831302,0.736,8216.26755970249,1.73,43.3297949077499,42.7777777777778,44.616,2.26837247360508,8.65060691827849,6.17946326127487,1.13418623680254,42.7575656474899,42.9957081545064,43.236,3.26608444819908,9.80108492862275,6.54519628054738,1.63304222409954,36.9152470531794,36.4791666666667,36.712,2.50835270650936,13.7093682589373,7.34885890248961,1.25417635325468,44.5614970569169,45.2171717171717,45.504,3.26369656930977,13.5786340527783,9.43505628496737,1.63184828465489,45.7165607067984,49.8529411764706,44.324,1.71346981458481,9.40905450692412,5.44780082111833,0.856734907292406,41.736124744281,42.3951890034364,41.7146739130435,3.09304342301699,10.8433697959023,6.78728165287688,2.2764799593405,42.1500267968245,42.3720930232558,42.3032581453634,2.90878371540945,13.7885268305201,8.8201926259475,2.32120940489674,51,51,51,1.80031243474876,4.27774615377464,3.43129279767513,0.352861237210757,42.7343557533936,45.0526315789474,42.4913294797688,1.36641516193658,9.21477055911614,5.51581536601767,2.36389823015028,5.01441920141782,1412,52,1,0,770,9,0.384615384615385,232,32.1005780984605,1,1810,-19.5378486055777,-12.4982320318606,22,7.27616075759848,0.474291037273448,-0.216379142963964,19.683864715089,1
251030_Dupi_NMH_DB_2,O15,Dupi,DupiS2,DB,2,13,71151,1,80,232,778,778,996,1992,996,59.139430049183,0.232,14832.7166133235,0.996,40.6445968878555,40.6768292682927,40.628,2.37573376649553,9.08118689196157,5.83268726193943,1.18786688324777,39.5724349828349,40,39.848,2.70646644643883,11.8471569170004,6.42710982528736,1.35323322321941,55.7430838581098,55.568345323741,55.792,1.99478778644687,2.54560412606342,1.98270877091547,0.997393893223436,46.9978072283173,47.4444444444444,45.796,1.34096406353824,4.28108681471967,4.96900829810889,0.670482031769119,37.5089416791037,36.8653846153846,41.004,2.40489290822402,10.8075683948133,5.66566584212351,1.20244645411201,37.8137382247045,37.8478260869565,37.8793103448276,2.68022969891636,10.5835886588616,4.11464646739268,0.621813290148595,47.5582689020402,48.0482456140351,48.4871794871795,2.48221857684624,10.1242651772242,5.92785779215608,1.35529134295805,56.6942635048177,57,56.5596330275229,1.65987340888,0.948483774573523,0.419113234175079,0.361852403135839,41.152184725441,39.8605769230769,43.5301204819277,1.85335603189544,8.5273185481935,5.27929906426403,1.84594260776786,5.2090896287988,1972,34,1,0,322,6,0.160839160839161,134,15.8450954360828,1,1782,29.1667615253273,31.2745189265642,26,9.57857592044935,0.00728202337082448,-0.501082456281825,10.6091503283882,1
251030_Dupi_NMH_DB_2,O15,Dupi,DupiS2,DB,2,14,72436,1,80,288,918,918,1398,2796,1398,59.1503819957966,0.288,14524.9941960752,1.398,35.5661137620002,35,36.692,1.08239830922481,9.54348711010139,2.48568733649889,0.541199154612407,45.1650940228257,45.9655172413793,44.564,2.28089348488931,6.29147008314441,2.72924955656798,1.14044674244466,53.7647174039901,53.9919028340081,54,3.42409558968096,5.95481890600376,7.48189435380419,1.71204779484048,47.5734251592595,47.3928571428571,47.68,2.55521881206596,5.09276503773759,6.15823725079643,1.27760940603298,51.0538597251902,NaN,51.428,0.963403967846281,2.12621333443844,3.7079460264201,0.48170198392314,40.4280062587532,39.9411764705882,40.7222222222222,2.35121181201015,6.73686383662065,1.63643511535503,0.677149001858925,53.9886258788635,54.8533834586466,53.2126984126984,3.03914654225091,6.03734176992561,6.72151001853326,1.91466232161807,47.8820965168128,47.8333333333333,47.7416666666667,2.93133534355473,5.38513305824177,6.26549939891212,1.40704096490627,44.1449166020351,43.2941176470588,44.4735336194564,1.03295677657216,5.25777477845596,3.60959033009248,1.44407357364788,5.28245248214233,802,52,1,106,704,10,0.351648351648352,216,37.2091934294073,1,1988,30.9151963574274,14.1177838984628,21,6.31132601434037,-0.29348403416367,-1.04661926680152,13.3324260067484,0
251030_Dupi_NMH_DB_2,O15,Dupi,DupiS2,DB,2,15,73907,1,80,218,708,708,884,1768,884,70.7288329977176,0.218,13354.8481385864,0.884,38.9337733446069,39,39.304,1.19360078662885,5.72182947796618,2.11895728784773,0.596800393314423,51.9941270732017,51.9655172413793,51.984,1.4288763894151,0.124380405848556,4.32346927341985,0.714438194707552,57.180087203985,57.3880597014925,57.184,3.04213848685256,1.48524684149513,5.52093416686771,1.52106924342628,55.7276465984014,NaN,55.812,1.20165697838579,-0.435901884710663,3.60481294204805,0.600828489192895,36.8429212048499,36.3040540540541,37.776,2.14082492419231,10.0275323761972,4.41746838230649,1.07041246209615,52.7695770328652,53,52.8073394495413,1.48319885659814,-0.298860341401861,4.46981899556196,0.323337350738395,55.1083186139607,56.9805825242718,54.1714285714286,1.83470258654447,0.424089512724829,4.85779876645301,0.899004267406791,57.1034193633145,57.1704545454545,57.1704545454545,4.26722536202312,2.52577617488936,5.28265001611635,0.751031663716068,50.7922580181321,45.1089108910891,52.0678733031674,1.58053090546601,4.06440551475526,4.10749614565646,1.39718932043195,5.14134121827774,826,57,1,686,324,3,0.161838161838162,200,53.4563010157654,1,1970,-3.12009106431416,9.06074366322999,28,11.5673906294113,-0.243123498543552,-1.04831767588145,13.3517902687131,1
251030_Dupi_NMH_DB_2,O15,Dupi,DupiS2,DB,2,16,88062,1,80,1136,1738,1738,3792,7584,3792,295.156020876721,1.136,9703.30323445465,3.792,42.0092790903397,41.9037037037037,42.572,2.46679083160928,7.51208069551279,1.8669171688653,1.23339541580464,48.3545394440787,NaN,48.956,1.17941376391665,1.16329035783082,2.78003409573831,0.589706881958327,36.4415468626624,34.8474576271186,38.736,2.14659632679924,10.0854128174453,3.17692311019481,1.07329816339962,49.7201687693372,50.3178294573643,45.88,2.40829251179242,5.8362704904784,3.43467545558493,1.20414625589621,51.1182257319952,50.214953271028,52.388,1.95532147537362,2.14830175612226,2.93076505801432,0.977660737686808,40.4581219647261,35.5734265734266,43.2658450704225,1.67254819179835,7.48948489598142,2.75605254890955,1.90001474588292,52.6768234152724,53.0384615384615,50.9036544850498,1.98515310144847,4.4099097304876,3.65904706649991,1.19506216707198,38.0638054984445,37.4616895874263,38.9074975657254,2.18778657849279,10.6296124491415,5.07834642994759,4.4937136322242,25.7755554852626,25,26.4711538461538,1.7703595428242,13.1318812096935,4.74290332169948,0.368234784907435,5.37746701658696,1384,57,1,644,390,3,0.194805194805195,136,17.1359219473997,1,1324,6.12711060519827,-21.0176052406298,23,9.01557082370563,0.537323693511705,-0.345600832440652,14.6748746046096,0
251030_Dupi_NMH_DB_2,O15,Dupi,DupiS2,DB,2,17,101990,1,80,296,814,814,1354,2708,1354,29.3671724298404,0.296,3364.93989188241,1.354,45.3646257869081,45.953488372093,44.644,1.04439618988209,-0.575802264149516,-1.34796568827553,0.522198094941046,40.2258373830478,40.8066298342541,39.908,2.64511642924292,6.83022512754059,2.55228330428799,1.32255821462146,52.8278897805101,52.7414634146341,50.156,3.09532450276361,6.16058475575006,4.39571016075423,1.54766225138181,47.5688671347488,47.6,47.572,2.23201505210702,3.65419465496109,4.4563555688753,1.11600752605351,37.870497253858,36.7611940298507,40.784,2.07315528404173,9.02631633524308,4.80745596271627,1.03657764202086,41.683972789791,41.6028368794326,41.5202702702703,2.81949730135277,6.24378227573657,1.24259507341705,0.834571201200419,44.4061847593355,46.2302631578947,42.7258687258687,2.46158502621366,6.80249978046383,3.02992379360262,1.27510104357868,52.1697106746564,51.7075471698113,50.8,2.94804579721618,4.69793488548822,5.15477720677548,1.59194473049674,36.2517929073168,34.9450549450549,36.4726735598227,1.56609311125844,8.94110172790572,3.78627715211918,2.12049007264393,6.06170769756343,824,58,1,0,552,8,0.275724275724276,194,163.000852098188,1,1980,-20.1248339973439,34.0728402873414,30,8.55002641571424,-0.72186802130516,-1.52576913106661,10.4678080156936,1
251030_Dupi_NMH_DB_2,O15,Dupi,DupiS2,DB,2,18,103465,1,80,2344,2946,2946,3446,6892,3446,-140.815240171981,2.344,10374.0447096592,3.446,56.7097171002609,NaN,46.672,0.570421560031124,2.49568803448274,0.245813117640911,0.285210780015562,43.2646179750962,40,45.848,1.79974603511132,4.07999395891777,4.53285155241612,0.899873017555662,53.45212002233,53.2966101694915,53.628,1.94189765205985,2.38240161191607,5.44929519819871,0.970948826029927,44.4879188869426,42.32,44.468,1.60892100984389,3.41464165451397,4.43213130404066,0.804460504921946,38.5386920710849,38.5686274509804,38.32,1.44357861978916,7.44136288303136,2.98647915304963,0.721789309894579,43.7126834228412,42.7792792792793,44.212457337884,1.80706034588116,6.15212321994659,4.42194778181574,4.23574945074543,47.9288972671093,48.4977777777778,48.3089700996678,2.76411296113053,8.68582743244388,5.55426797493497,1.66399600260058,47.356837095887,47.318407960199,47.628,3.06903314712748,6.73121923062434,4.67957983890612,1.53451657356374,47.794386002042,47.8789808917197,48.9350180505415,2.37910531243965,4.52662628074394,3.25704960597154,1.31802434309156,4.11738237496261,154,40,1,102,242,4,0.120879120879121,114,39.4639188950024,1,1940,5.89717321191426,16.7233967320505,23,6.93005118665155,0.0572456599309545,-0.646327059180648,14.6209984066512,1
251030_Dupi_NMH_DB_2,O15,Dupi,DupiS2,DB,2,19,104504,1,80,266,884,884,1368,2736,1368,69.3626514887628,0.266,10374.0447096592,1.368,35.7228505580731,35.8571428571429,36.596,0.976627648079943,8.66819083301093,3.02443791322154,0.488313824039971,35.2938416896323,35.112426035503,35.5,2.60742674237044,12.3501849990787,5.44932369997431,1.30371337118522,52.8582035143066,52.5384615384615,52.968,2.9423549976418,6.22976289478601,4.96318637252402,1.4711774988209,46.1036399738877,45.8737373737374,46.488,2.8346898222533,6.7854595339852,4.23029165690787,1.41734491112665,51.2929858010176,51.6462585034014,51.012,2.09965760764971,3.77624439597171,3.73457872336915,1.04982880382486,35.7878753317868,36,35.5263157894737,2.27191585090401,12.4073228216664,4.29718407124453,0.604329616340467,46.5097072875273,46.0602409638554,46.9870550161812,2.86440829541628,9.29755063587714,5.5765618861542,1.77020432656726,47.9125184606139,47.7421052631579,47.9752066115703,2.82389490280936,7.29673657204254,4.61211863493453,1.36676513295973,43.4066916272084,42.8550724637681,44.2602339181287,2.3461033677732,8.21334374213711,4.01670787916021,3.20946940711374,4.69265009949644,1014,49,1,172,708,8,0.353646353646354,182,50.124352179632,1,1980,3.73932840068298,27.4771094651431,26,7.39069730397641,-1.32243444697073,-2.19657889555937,8.0789610919612,1
251030_Dupi_NMH_DB_2,O15,Dupi,DupiS2,DB,2,20,106253,1,80,248,380,380,1418,2836,1418,71.9604258605275,0.248,11778.4938758475,1.418,37.1665755604753,35,38.028,1.59666587925563,9.41278556822417,3.31763843120794,0.798332939627813,43.8470449813187,48.5809523809524,41.636,1.89696754201208,8.11625123764082,3.33866347444756,0.948483771006041,36.4487965231198,35.8479262672811,35.48,2.75450494278127,11.3762377207369,5.44845469782803,1.37725247139064,32.9187762742132,33.4924242424242,30.744,2.1587356299273,11.1533726586453,4.47943227989568,1.07936781496365,28.2742216179302,28.4324324324324,28.072,1.49924931963013,12.9701305005976,4.79511812141812,0.749624659815064,34.4296333421017,NaN,34.9193548387097,1.26366661688809,10.3247635421836,3.15741141294438,0.313389320988247,47.9400528958476,48.0222222222222,47.5606060606061,2.29640457797319,3.86377535905483,3.25228479944619,0.303125404292461,36.7436407705649,37.0171149144254,35.5105973025048,2.64473548393554,10.9501833118542,5.03196163374336,2.7452354323251,35.8402473997584,37.7084870848708,36.6784203102962,1.57366134444259,10.9713851262402,4.58886168317141,2.23145178641959,4.80452817161771,1180,37,1,318,374,6,0.186813186813187,116,34.1714376643153,1,1890,43.4699298045911,-29.5298135258868,24,8.62485025649629,-0.65165081996516,-1.43608286527365,10.0494231672915,0
251030_Dupi_NMH_DB_2,O15,Dupi,DupiS2,DB,2,21,107788,1,80,330,692,692,886,1772,886,108.870448753162,0.33,14160.489925431,0.886,48.016535443576,NaN,47.616,0.485675633820674,-1.87560399788615,1.58750468596065,0.242837816910337,46.9226299709035,47.2150537634409,46.812,1.68589249582084,1.35845128161115,2.9443456556457,0.842946247910418,54.6616108300056,55.3315217391304,54.08,2.93665721481526,3.44575405426418,6.98210833350953,1.46832860740763,55.2242874101178,54,55.536,1.57766913822082,1.39049997894017,4.77816041689806,0.788834569110408,43.8793699768981,38.0222222222222,46.288,1.74777493542026,6.65161903927172,4.68046515757806,0.87388746771013,47.166927550883,47.2150537634409,47.230303030303,2.01961973896512,1.49753835796021,3.22578918996449,0.66647451385849,53.7464905812811,57.8923076923077,50.6353591160221,1.63857114750093,0.611061754097656,5.92203737448637,0.593162755395337,54.3144803361052,54.5274725274725,54.680412371134,4.05460732846556,4.54234636380924,6.16455801786429,0.786593821722319,54.4417016523768,53.3707865168539,54.3160270880361,1.53522035389995,2.00550448121878,5.02634001265419,1.36020523355535,5.58699802415813,842,53,1,106,392,7,0.195804195804196,172,22.829116307351,1,1614,-5.74995257066973,13.1846689247032,20,7.00136143438901,-1.04481361126776,-2.02540914394604,13.0307231846289,1
251030_Dupi_NMH_DB_2,O15,Dupi,DupiS2,DB,2,22,108943,1,80,282,666,666,838,1676,838,97.384323581485,0.282,8156.55625690164,0.838,50.9691421915169,53.7086614173228,49.436,1.90692877501986,3.359431039125,3.45379850022602,0.953464387509932,38.8755116735601,38.7598039215686,39.244,2.88228859955683,10.7139113132192,5.86984573027803,1.44114429977842,37.718199559279,38.2819383259912,39.56,3.67195750330579,11.2578244774674,6.31978606981272,1.8359787516529,55.889070768349,57,55.34,2.00819502608449,-0.392674425828947,4.5344471130897,1.00409751304225,53.6873034881167,55,53.424,1.81196137111951,-1.27384529542787,1.17694533223178,0.905980685559753,42.6791915098355,43.2574257425743,43.0212765957447,2.73164282967306,7.55720352942808,4.5021305299809,0.770323277967802,30.2295595987034,30.8333333333333,30.9479166666667,3.67381795798403,13.4353280259218,7.28989434645263,1.41074609586587,42.936218869459,42.5731707317073,42.4651162790698,3.8457319613609,11.312908778885,6.55907012238886,0.661465897354075,53.4498090681256,54.0860215053763,53.4295942720764,2.03706162842648,-0.37605503317773,3.99267880184774,1.70705764462139,5.29783855002739,602,26,1,200,676,8,0.337662337662338,176,20.4640422492789,1,1428,-35.4566495921078,20.9750809543306,31,10.9402162399631,-0.00474470483039939,-0.739286278821164,15.4987866567489,1
251030_Dupi_NMH_DB_2,O15,Dupi,DupiS2,DB,2,23,124776,1,80,978,1408,1408,2116,4232,2116,206.967702235964,0.978,8650.70186265609,2.116,45.3970657429289,45.6271186440678,45.304,1.86322098357751,3.33890211842064,3.87276920418116,0.931610491788754,41.4893749909849,39.0204081632653,43.712,1.30244247561711,8.18769225325938,4.09785608928421,0.651221237808556,34.5279225945866,28,36.744,1.62558305663504,9.54561959521211,3.27072913069888,0.81279152831752,38.6256451276922,37.9852216748768,37.736,3.17611525698826,11.4016033738911,6.4724474389137,1.58805762849413,45.0777741702769,47.1928571428571,42.648,2.06518357524305,6.624744626999,4.53532698566954,1.03259178762152,37.5767146008956,32.5,40.2106339468303,1.47604479508934,8.94724536237748,3.73826532576046,1.44357180959737,39.9795418579557,39.6666666666667,39.7720930232558,3.28970617363904,11.0418015816924,6.44542959079394,1.41457365466479,44.4659378347388,45.0869565217391,41.8954802259887,2.48497231980514,8.1012201612434,4.919498433793,1.75936040242204,44.4364122152836,45.0478468899522,44.4129511677282,1.9784738068052,10.391114296059,5.34571917720138,3.727444652021,5.19236927577143,1224,42,1,750,460,4,0.22977022977023,242,42.429554705586,1,1446,26.5031303357996,-27.3157591096885,20,7.39004577084079,-0.116507481654356,-0.920719306995229,13.4228013523288,1
251030_Dupi_NMH_DB_2,O15,Dupi,DupiS2,DB,2,24,154670,1,80,896,2190,2190,2660,5320,2660,164.038465923562,0.896,4836.22930628178,2.66,37.6636794093703,37.7216494845361,37.452,1.39402253260571,5.9861698777861,2.93387911077761,0.697011266302857,42.6306308319417,42.7974683544304,41.996,1.06851270614603,4.38037984126336,2.21897683030315,0.534256353073016,42.1167990651492,42.1542056074766,42.132,3.20907872285706,7.64643594733396,2.70671788823538,1.60453936142853,35.8502026567413,37.969387755102,33.86,1.66175217880248,12.5825978070573,6.16892324912089,0.830876089401239,26.8596947357088,27.1728395061728,27.224,3.06588444203733,18.9212200550819,10.5506074450758,1.53294222101866,42.9405372684859,42.9917012448133,42.390625,1.94390074395787,5.84897452466026,2.34914454199305,1.74173506658625,33.5616751217198,33.3853006681514,33.5146831530139,2.48745093473704,15.8686671103469,8.50288198456298,3.21876150954973,46.6866028916266,46.668449197861,46.6936170212766,3.00973302261921,5.90911177584676,4.84426457484949,1.41457452063103,55.2199979944216,56.5294117647059,54.8522388059702,1.73705432956087,2.26182333807804,6.80736619306155,2.32765280161156,4.61258860427369,1788,25,1,522,562,6,0.280719280719281,202,107.930820854197,1,1890,5.7408461392525,-2.94357390106823,19,7.39009590427307,1.43376360009531,0.81276693819955,21.8467288894578,1
251030_Dupi_NMH_DB_2,O15,Dupi,DupiS2,DB,2,25,156534,1,80,254,836,836,1176,2352,1176,26.217222121717,0.254,2331.98677479386,1.176,52.259212245223,NaN,51.736,0.98825294534884,3.20660262216729,3.24835523209422,0.49412647267442,35.5239394486267,35.3098591549296,35.62,2.89866080366568,11.5616998221718,5.59784867899025,1.44933040183284,31.8631794913451,47,30.252,1.33330590329816,15.5014495793716,7.97724617314636,0.666652951649079,50.3519334516809,50.0409356725146,51.136,2.50876646357981,7.00224457453042,6.36444281336175,1.25438323178991,55.6712901857362,55,56.036,1.92307907757999,3.91970405308564,5.59584361068895,0.961539538789997,34.9804510871384,34.6666666666667,35.3700787401575,2.28689677754775,11.4382562626219,6.36638909366043,0.580871781497129,33.3504107411748,35.8684210526316,31.3539518900344,2.14561728858402,14.5383303443568,6.86358356761809,1.2487492619559,43.9792491179894,47.0964912280702,41.2058823529412,2.56417399623396,12.6320629773591,6.80874396361759,0.871819158719547,50.743345755628,49.9113475177305,51.5578231292517,2.02194838921235,4.43681933820613,5.58757874502425,2.37781130571373,4.42198787562685,372,36,1,218,480,5,0.23976023976024,230,18.1828569001394,1,1802,-0.401062416998669,-4.6237949901366,21,8.45508276879631,0.270095526875662,0.0826315693243709,11.3096209244695,0
251030_Dupi_NMH_DB_2,O15,Dupi,DupiS2,DB,2,26,157708,1,80,334,890,890,1670,3340,1670,32.9250850014904,0.334,1908.83394337538,1.67,49.5893918378596,55.9122807017544,46.62,1.41066407422261,6.25728306500849,4.10360697191015,0.705332037111305,32.5374910523292,32.8102189781022,32.084,2.05595297234498,14.0199526810716,7.16633566702023,1.02797648617249,28.4204237460479,28.6933962264151,28.264,3.16650823057772,17.7501491923199,9.25368713534742,1.58325411528886,32.9350474861515,33.8557213930348,32.628,3.11008254815672,18.3601116339267,8.83464653718296,1.55504127407836,49.1914092793476,49.69,48.388,1.95855165142973,5.41976823875083,4.28924752277602,0.979275825714866,32.6712850416247,33,32.0059880239521,2.0500871281009,14.0208513976237,7.28351014200088,0.684729100785699,29.3933503039136,29.4979079497908,29.8561151079137,3.12868857690655,17.087822637427,8.91789842179437,1.73955084876004,36.6439314999587,37.7993311036789,35.4692307692308,2.97634991492114,17.1592142198042,8.08262510316401,2.32155293363849,43.3159058533305,39.4902912621359,44.9964071856287,1.56325347765008,7.44683907635904,5.10859198426208,2.61063330767564,5.04703941981206,1238,25,1,190,838,6,0.418581418581419,364,26.9286837935043,1,1632,3.97154240182129,-10.919529534373,25,9.06629423317139,-0.492635954259903,-1.0289671470128,15.5656815192506,1
251030_Dupi_NMH_DB_2,O15,Dupi,DupiS2,DB,2,27,159326,1,80,256,416,416,2166,4332,2166,35.6345383440563,0.256,3481.31946171205,2.166,46.3568731878392,43.4246575342466,47.896,2.32349019319249,4.2560483102711,4.57442186618692,1.16174509659625,34.7820209836147,34.5,35.78,2.19079156719374,12.7713479289195,5.20357745903334,1.09539578359687,55.2092854826897,55.5179856115108,54.968,2.46682859600536,4.53269656373046,3.23180272406406,1.23341429800268,46.9479078417432,46.8390804597701,46.98,2.99638126989454,7.11711851306299,4.63148296680803,1.49819063494727,44.9077973877098,44.9602649006623,45.28,2.25034109705233,4.77583531741524,6.82879979863526,1.12517054852617,34.8418105931629,34,36.7265625,1.77420926625422,12.0250392534603,5.00133795774737,0.45419757216108,34.622008708013,34.6388888888889,34.675,2.76005119814784,13.6653026772765,5.81974841261404,0.441608191703654,48.3368479380347,47.8880157170923,48.3417142857143,2.44383012147068,6.27683906622879,4.93407460232465,4.27670271257368,41.8998974006269,41.7317073170732,42.1690294438386,2.13001115873337,8.62588856890667,4.18212335722805,3.90644046511699,5.1986407460905,1158,47,1,202,612,7,0.305694305694306,208,24.433092135718,1,1810,-11.216088028837,38.7084527487252,22,7.73879677500284,-1.0256969139548,-1.77529249535184,8.8197774796684,0
251030_Dupi_NMH_DB_2,O15,Dupi,DupiS2,DB,2,28,161055,1,80,300,980,980,1698,3396,1698,54.1668379349143,0.3,3640.1602469316,1.698,39.9686990775659,40.0411764705882,39.912,2.0559545073578,7.10571921445011,3.84014664556681,1.0279772536789,43.1090353211993,38.25,49.48,1.53747754772022,7.25565341821958,2.12283079677485,0.768738773860112,52.5110829081289,52.9574468085106,51.356,2.92413011799813,4.30246032461044,4.20050279625518,1.46206505899907,49.5929842264239,49.6048780487805,49.408,2.9134525172309,5.82446426624376,4.60421823190277,1.45672625861545,52.2353120204355,52.5454545454545,52.396,1.82324852748329,1.06122636773306,3.83934224669951,0.911624263741647,39.5599684648578,37.2409638554217,44.96,2.01304496685801,9.12859832506306,2.79928907378614,0.603913490057403,53.1364868592683,53.3387978142077,52.9264705882353,2.29091650786993,3.43982893425289,3.38867161197814,1.55782322535155,49.1072808188782,49.16,48.9025069637883,2.81220026324435,5.01178001500767,3.90684013387534,2.01915978900944,39.956342179201,40.816384180791,42.2179034157833,1.87862109161271,10.8882306964143,6.28404301640627,3.18989861355839,5.17812993440373,732,56,1,32,744,9,0.371628371628372,128,19.951224517943,1,1758,51.4725858470878,-16.7682472922172,21,6.21633841487959,-1.27114701237787,-2.07458048510768,5.92084647721195,0
251030_Dupi_NMH_DB_2,O15,Dupi,DupiS2,DB,2,29,173244,1,80,764,2044,2044,2450,4900,2450,74.3238193860625,0.764,2648.34154319389,2.45,39.275009360559,34.3695652173913,40.56,1.04414183573659,6.08838885810504,1.04094341174556,0.522070917868296,38.6674344756396,40,38.736,1.46484120328161,7.35250233352987,2.72532346877453,0.732420601640803,37.5706822806981,37.5606936416185,37.6,2.41874882204833,8.58453221114375,4.2543182889411,1.20937441102416,55.5540505835514,55.2535211267606,55.416,2.64327384566203,2.04434210151897,4.95271449266745,1.32163692283102,48.083741900771,48.0699588477366,48.092,3.19051988306575,7.08127217369811,3.92554790891975,1.59525994153288,37.2508929520981,37.5909090909091,37.630890052356,1.8458015714463,8.40084764964446,3.81470857201412,1.41019240058497,49.4158039478525,49.6892138939671,49.303125,2.83044542593586,5.50144922249524,4.12963055471115,3.6229701451979,51.7981559055053,52.9934210526316,51.0443349753695,2.83126135720277,4.68787982813433,3.47306978942488,1.14949211102432,36.7769042487028,36.7025,37.2606451612903,2.10351946333198,9.99987469636817,4.57957194505845,3.26045516816457,4.59222143383487,1768,49,1,342,680,9,0.33966033966034,208,84.9545207547245,1,1744,-9.38417757541265,4.90834480961775,24,7.53771285941061,-0.406573069102677,-1.37497383366266,15.0230339312426,1
251030_Dupi_NMH_DB_2,O15,Dupi,DupiS2,DB,2,30,184830,1,80,172,728,728,1644,3288,1644,9.84107094087284,0.172,2892.75177852053,1.644,41.1948464227106,39.9734513274336,41.892,2.4296308431898,6.69604641428901,5.10741417396422,1.2148154215949,46.3272598682091,31.6052631578947,50.364,1.55604501638193,10.1939439533529,4.84506490180155,0.778022508190963,45.1810533129512,46.45,48.436,2.62886803066319,12.0933820350482,7.34652142106482,1.3144340153316,48.6637881420336,48.972972972973,47.86,2.60488920096133,4.92613356848846,7.94186074924112,1.30244460048066,48.5021947745682,48.6666666666667,48.568,2.5851481007867,6.87273016671086,6.39294623361628,1.29257405039335,57.05852479962,NaN,57.0581395348837,1.36525720689717,-0.192253908058996,2.71020660773312,0.234824239586313,38.3107547163999,31.320987654321,45.7158273381295,1.92630590541401,13.3746701710797,7.5692906017747,1.07102608341019,49.6953304405917,49.8207282913165,49.0917030567686,2.61529400569383,5.39966943325804,6.87042370318883,2.39560930921554,49.6884657701053,49.2663316582915,50.2931873479319,2.03049558878954,4.12714976601522,6.08053647577949,3.33813474797,5.46357597330933,524,31,1,446,564,9,0.281718281718282,208,62.1385372557545,1,1972,-59.6615442989945,7.45012468827929,23,6.98825165058154,-0.814670284164115,-1.71528328511573,16.7569461736121,1
251030_Dupi_NMH_DB_2,O15,Dupi,DupiS2,DB,2,31,186697,1,80,470,712,712,1564,3128,1564,60.6796251556322,0.47,5865.83586118158,1.564,35.2260189416578,37.2692307692308,34.344,1.07785644119877,10.4595185753872,5.56953256699548,0.538928220599383,54.9531469908692,55.8951048951049,52.64,1.91236773547801,2.45838564023435,4.6113456928838,0.956183867739005,51.550142811349,50.775,52.596,2.67311886823242,6.30533379961818,5.91231770630307,1.33655943411621,48.5763545277059,48.0839694656489,49.5,2.16265294921246,4.85478060076309,6.58708753785012,1.08132647460623,36.6426786821079,34.8904109589041,38.292,1.98958815139127,12.4003056173284,6.48576707512182,0.994794075695633,54.8043945098139,55.7751937984496,52.3617021276596,1.89660068008291,2.38306154017746,4.34538542326281,0.89140231963897,54.1679877000725,53.462962962963,55.297520661157,2.2036902030383,4.38034755575981,5.86305494408895,0.533293029135269,49.0787498422929,48.5473251028807,49.7230046948357,2.55585378746573,5.98282227511706,6.33146541338079,2.1775874269208,34.6163378399482,34.0512249443207,35.3299232736573,2.21863428799263,12.6173754821552,6.5419638631322,3.46994402642047,5.4898645609434,744,50,1,360,410,4,0.204795204795205,174,39.921176521369,1,1742,37.8288749762854,-12.3085941861763,31,9.38354193133418,-0.686618252655302,-1.5932623867974,13.5480180741462,1
251030_Dupi_NMH_DB_2,O15,Dupi,DupiS2,DB,2,32,188296,1,80,372,770,770,1170,2340,1170,50.5481555952387,0.372,5154.58524855259,1.17,33.3967822339107,32.1925465838509,34.456,2.29200296253697,12.2457618520101,5.52981677237127,1.14600148126849,35.8530102043309,35.2913385826772,36.516,2.44887758840524,12.4770285000467,5.27457765318743,1.22443879420262,48.583304366336,49.3913043478261,48.012,1.48420088976801,5.69480183715261,3.79757605400544,0.742100444884005,46.080752016258,46.5533333333333,44.008,2.67202579393649,5.35179409672419,4.95067313845832,1.33601289696824,36.1233645569337,NaN,36.732,0.954153543701956,8.29058200085082,2.7458521945314,0.477076771850978,36.0387331211713,35,36.8387096774194,2.14729995896,11.9364109878558,4.91572932647965,0.798795584733119,42.4800901110715,42.1260504201681,43.2814070351759,2.31264030599372,10.7176059134511,4.67190447472539,0.920430841785501,49.644922846175,49.4432989690722,49.435,2.32926171253654,2.56297819450721,5.11351590972018,0.931704685014616,36.9083473318321,37.8881578947368,36.6393162393162,1.59864809430029,10.0951458362648,4.47609049148999,1.87041827033134,5.22900122550437,1094,51,1,282,402,5,0.200799200799201,152,40.6296936823395,1,1646,-10.4868146461772,27.1852086202404,19,7.19277571256064,-0.448631101148948,-1.32736206962946,13.0166579977307,1
251030_Dupi_NMH_DB_2,O15,Dupi,DupiS2,DB,2,33,189624,1,80,194,580,580,1766,3532,1766,21.818604331386,0.194,4899.58437419102,1.766,29.7568708500059,30.4411764705882,29.22,1.63945853820783,13.267521685003,5.44472436558069,0.819729269103917,44.5749023585268,45.3654822335025,43.64,2.54761914139676,7.85300874131274,4.27081660991492,1.27380957069838,50.3560381631099,50.1333333333333,49.656,2.82732548403054,4.19179490340927,5.54596647055122,1.41366274201527,32.501860718306,32.25,33.708,1.15475251695784,11.4717506138745,4.29159345833427,0.577376258478922,48.1965363442886,48.6257668711656,47.94,2.8353156209802,4.7796078620962,5.66204111772262,1.4176578104901,35.72259840027,36.0555555555556,35.2164948453608,1.99964688061449,10.0207065705391,3.81227099601509,0.387931494839212,49.9927811818639,50,50.020725388601,3.17781411406846,5.82473233872619,5.14570600032927,1.22663624803043,45.0947546949877,46.3301282051282,42.5463743676223,1.98869010282426,8.67487932783241,4.87087685828533,2.35858646194957,40.6621529128199,40.0634057971015,40.6930917327293,2.50614280071055,9.5675030212837,5.35461889262024,4.42584818605484,4.61852792001749,546,54,1,180,606,8,0.302697302697303,176,38.6691993360908,1,2000,54.6522481502561,-1.22780734730339,27,7.40954010855488,-1.03518748583279,-1.94963556404893,11.7689423710528,1
251030_Dupi_NMH_DB_2,O15,Dupi,DupiS2,DB,2,34,191565,1,80,328,710,710,1094,2188,1094,73.610624854868,0.328,6738.99322115272,1.094,53.3940459337514,55.1282051282051,52.328,2.31887366674419,3.15663893252857,3.33536794709092,1.15943683337209,40.7025093613317,40.6028708133971,42.184,3.09330775236458,10.5423883644523,5.51505445068854,1.54665387618229,28.1022609675084,28.76,29.072,2.8443085932767,14.6343286552637,6.32247449885504,1.42215429663835,40.0071394473933,39.340206185567,40.516,2.50617324834052,10.0201283539024,5.85765962767298,1.25308662417026,37.093725768196,32.7608695652174,38.684,1.52631905094246,10.5838665396871,4.32608817095154,0.763159525471232,42.5939925559498,42.8372093023256,44.9024390243902,3.12099858498564,9.71610733865251,5.9447321223954,1.02368753587529,35.8968994978813,36.1133333333333,35.4973821989529,2.49623462819441,11.2887263746515,4.76663461737399,0.953561627970265,25.9690669181938,26.0059171597633,26.4322916666667,3.31768087978495,15.6990218953265,7.43167590725596,1.27398945783742,40.9247488578067,38.6477732793522,41.1791590493601,1.73757512659077,8.95396459718681,4.14095295244497,1.9009071884903,5.27970355933601,830,25,1,146,584,7,0.291708291708292,162,40.8546735714504,1,1982,-39.5632707266173,-23.1269773327874,28,8.19620589900271,0.331771426988558,0.0639267201686195,12.7763920066928,1
251030_Dupi_NMH_DB_2,O15,Dupi,DupiS2,DB,2,35,206112,1,80,1012,1142,1142,2396,4792,2396,21.2352689779404,1.012,4717.90257137668,2.396,43.3936378438522,NaN,41.128,0.215669484157011,6.39445818381015,2.43906293244916,0.107834742078505,42.4755782960474,41.9027027027027,42.468,2.90183811798575,8.42400038569165,3.2451008343274,1.45091905899287,47.8066675247641,48.58,45.772,2.58955143863471,7.47777627796339,4.5001151673929,1.29477571931735,54.5511835683487,52.3541666666667,55.296,1.26033069412536,1.25713941559266,5.92645972561147,0.630165347062679,49.416306847674,49.1558441558442,49.548,1.43293189068277,2.20699548173585,4.70132707354313,0.716465945341383,45.0751649135805,45.0351906158358,44.2252964426877,2.74245240349593,7.94935881102543,3.90619474059043,2.77536183233788,53,53,53,1.04083126687776,2.29697294447639,3.9657434830423,0.135308064694109,53.4857917797666,51.8979591836735,54.0558213716108,1.34090613327284,1.07605067437871,5.17785226642656,1.68149629112414,47.446756895907,47.2064220183486,49.1508728179551,2.29614734152105,4.76691046119901,7.94175585574953,3.68302033579977,4.96101906417536,190,44,1,86,474,4,0.236763236763237,206,165.176087144728,1,2000,-16.3524947827737,16.7583838910187,22,7.27436148397428,0.133359269866175,-0.625813242424899,14.3983248904592,1
251030_Dupi_NMH_DB_2,O15,Dupi,DupiS2,DB,2,36,219838,1,80,276,894,894,1620,3240,1620,20.612002492027,0.276,1967.27341238044,1.62,39.8132345200305,NaN,40.464,0.844911259614076,3.88997298987714,0.522290496806592,0.422455629807038,41.7389913600895,41.2960526315789,43.044,2.87456050885817,8.75983463209995,4.61865996330912,1.43728025442908,55.2820256226099,55.3846153846154,55.268,2.7119615727371,6.00349167841486,3.64890075972015,1.35598078636855,53.1795318134718,52.4710743801653,54.036,2.15945963404401,4.17954949298758,3.30359229846575,1.07972981702201,49.2628924689615,50.4511278195489,47.636,2.29513972110943,5.55015468607587,4.3964764365498,1.14756986055472,45.3251880132983,45.3,45.6231884057971,1.64423638416205,3.47448504252405,2.72641574732866,0.453809242028727,47.8907223700732,48.8297101449275,49.378640776699,3.35958148737584,8.94420400311939,4.84567357132982,2.07622135919827,53.2104706353962,52.9644444444444,53.9752066115703,2.41762948119851,4.8950123533044,4.03776802284165,1.75519900335012,37.4696174216827,37.4595660749507,38.2037037037037,2.3780829129337,10.6418810475659,5.40546111107987,3.85249431895259,5.42560903371113,272,44,1,208,778,8,0.388611388611389,190,60.0318288500087,1,1982,-22.8745968506925,27.9826553020434,23,7.06418543484139,0.108082820453429,-0.514526590564394,11.7879614474661,1
251030_Dupi_NMH_DB_2,O15,Dupi,DupiS2,DB,2,37,221336,1,80,262,1008,1008,1408,2816,1408,34.203839225404,0.262,2393.90616161596,1.408,41.9717103641205,41.7653631284916,42.06,2.36722674038228,5.51827833492259,4.89836435300478,1.18361337019114,48.0044634408494,49.9402985074627,46.676,1.46861389652273,3.7989761513683,4.46042459917293,0.734306948261365,51.1815167364288,51.340206185567,51.396,1.69911086677245,1.98403152487864,4.66234293261716,0.849555433386227,57.2487935869963,57.2316384180791,57.436,2.4746900793076,1.86185120414739,6.09279935777772,1.2373450396538,48.6323673737868,57,47.352,0.726103438003202,0.241399316003791,3.24039205329937,0.363051719001601,50.4827621864307,49.9402985074627,50.5954198473282,2.00262704322727,3.66893883430075,5.7982753554131,0.524688285325546,49.495790883526,51.5247524752475,48.5630026809651,1.45707185659902,2.71940429852456,4.05102553746295,1.08697560502287,57.3386456504674,57.3543307086614,57.565,2.47784829810423,2.03058364444162,6.53921362909896,0.99113931924169,45.411854546359,46.1857142857143,45.6860795454545,1.56805042159193,3.99450312281953,4.49755624620671,2.20781499360144,4.37274939749403,1058,56,1,0,186,5,0.0929070929070929,88,8.91232117308697,1,1066,-15.8914816922785,15.1896378456843,20,4.73702953048885,-0.418345640932759,-1.25810483082715,12.7837673862358,1
251030_Dupi_NMH_DB_2,O15,Dupi,DupiS2,DB,2,38,222741,1,80,542,1128,1128,1820,3640,1820,76.5588839213877,0.542,2194.72518221214,1.82,41.1617982634447,40.9597315436242,41.368,2.1930750501634,5.9647668660383,3.56883131997316,1.0965375250817,41.5838269075013,42.1681415929204,40.304,1.85371806106414,6.87779902316321,1.98616560096166,0.926859030532068,54.481862086705,54.8913043478261,53.936,1.91068211088359,1.27187721515208,5.16373433092779,0.955341055441793,53.8494365938066,53.3037974683544,54.168,2.63942278123163,2.34773312726825,6.24697250770054,1.31971139061582,49.7961373622027,49.8898678414097,49.572,3.01350722769022,3.97296630559083,5.70006334505924,1.50675361384511,42.8095309896361,43.1487603305785,41.5977859778598,1.8577797618369,6.59338816966522,1.88674316995576,1.0069166309156,54.2441899508721,54.6030927835052,53.7918088737201,2.29345677416419,1.93704710820053,5.34866677090076,1.34396566966022,52.3180389720218,51.6877470355731,52.7398843930636,2.6896995607209,3.35260812055496,6.34496105565336,1.86127209601886,40.5007285425361,39.7602905569007,41.8538461538462,1.8971575538291,8.48259460075011,4.04237783765793,3.45282674796897,4.46838338281636,1038,54,1,222,630,15,0.314685314685315,92,20.3895847028952,1,1694,20.8871181938911,15.5771950720214,16,4.92102815479974,0.233938297300332,-0.336139713149183,14.5564250983916,1
251030_Dupi_NMH_DB_2,O15,Dupi,DupiS2,DB,2,39,224369,1,80,462,1096,1096,1380,2760,1380,62.182608898538,0.462,2091.41032483241,1.38,36.9766301425961,37.2413793103448,37.892,0.822762927319782,7.85932803237915,2.40096632016375,0.411381463659891,36.5916517083523,36.5058823529412,37.468,1.33957441533248,9.84600276920351,3.36996420175112,0.669787207666241,35.5633419285274,34.5454545454545,37.788,2.40458219394142,10.1598375264823,5.17963921979251,1.20229109697071,49.8710585234767,49.3582089552239,50.04,2.14979414849918,2.92414421964692,4.19132639705463,1.07489707424959,44.9885259739196,47.6984126984127,45.748,1.63436158831373,6.99545198690062,3.82898709559504,0.817180794156866,36.6210622595018,36.5058823529412,37.5887445887446,1.3811023268332,9.8856045514374,3.47521502844752,0.63806927499694,37.348998493005,34.5454545454545,39.6971608832808,2.19735342903643,9.47374927749019,4.75968873895947,1.3931220740091,50.0299074671863,49.6486486486486,50.1197183098592,2.05289243004374,2.93158592178383,3.40951750198714,0.583021450132422,47.788162679282,48.4739130434783,47.7014492753623,1.68826551597936,5.70170567069639,3.12672732720916,2.32980641205152,5.48004423242121,708,30,1,312,212,4,0.105894105894106,118,20.961377821022,1,1790,-12.4500094858661,11.6871999106711,22,7.62243624341603,-1.10787698946334,-1.98746092311432,9.75411900078135,1
251030_Dupi_NMH_DB_2,O15,Dupi,DupiS2,DB,2,40,225731,1,80,220,778,778,1578,3156,1578,48.3262137916321,0.22,8506.14281881923,1.578,38.8103148881546,38.84375,38.868,1.59434784950622,6.42635196134257,1.25450717719022,0.797173924753109,42.0202925095931,42.046511627907,41.824,2.19086935934026,6.50263792893772,4.64520843577283,1.09543467967013,35.0152210712781,35.3125,33.708,1.69438577550978,10.4208152881677,4.30334508634072,0.847192887754889,42.2001349610958,49.3684210526316,38.988,1.73625806634968,8.88979374016116,3.94982405752825,0.868129033174842,55.3746321877124,55.7989949748744,54.688,2.36740145998878,3.75480305927761,6.50928906741446,1.18370072999439,41.6345609560125,42,41.3090909090909,1.08000497695731,4.3867014387601,4.23329919258912,0.237601094930608,40.5631592205054,40.09375,40.4802867383513,2.6105497698549,8.74970391956387,4.77725140269252,1.45668677157903,40.8545492245166,47.472,37.2875,1.60344366095167,9.41676234458782,4.09618911454633,1.28275492876134,45.1327755970405,47.7889447236181,43.1102661596958,2.03794085289805,8.36700241920423,5.5048401467664,3.21587066587312,4.67392483860969,352,42,1,210,322,6,0.160839160839161,148,45.88381655291,1,1826,4.40523619806488,-25.5022890534857,29,8.87569467207067,0.177916590845869,-0.457284866453956,11.8861209402561,0
251030_Dupi_NMH_DB_2,O15,Dupi,DupiS2,DB,2,41,226941,1,80,352,932,932,1264,2528,1264,144.053394644688,0.352,13315.150781144,1.264,42.8083313935015,42.8545454545455,42.248,1.42260051613056,3.89220639222659,5.16356148980993,0.711300258065278,36.6870083601774,36.0470588235294,37.08,1.5181397741834,8.58455559078434,3.28680260956726,0.759069887091701,50.2072121525429,50.6696832579185,50.96,3.40747253843973,8.71025703509698,5.46488359528354,1.70373626921986,49.1300064475509,49.2095238095238,49.184,3.2368362441676,8.80106728212888,5.52039105520011,1.6184181220838,50.8665589365851,52.9134615384615,50.012,1.77705211520465,5.4551661075222,4.56955875377066,0.888526057602327,38.6003060519765,39,38.1761363636364,1.20074185345115,5.81470664388272,2.232055872418,0.422661132414803,46.7775413626014,46.675,46.4793103448276,3.08897140637317,10.0038453214726,5.51937350694941,1.79160341569644,50.2409097223441,50.3975903614458,50.3975903614458,3.84874756230956,8.25820853396707,5.91282896068923,1.27778419068677,45.6577408897871,47.755364806867,45.1550632911392,1.9150882555918,7.91439966557578,4.34470136496012,2.42067155506803,4.98837270653866,1220,48,1,484,686,7,0.342657342657343,208,21.2711207105886,1,1634,-10.8700436349839,33.1141363010384,26,7.76363707676711,-1.45124788738278,-2.21950542520391,7.04853779251535,0
251030_Dupi_NMH_DB_2,O15,Dupi,DupiS2,DB,2,42,242774,1,80,818,1614,1614,3422,6844,3422,245.603742700702,0.818,9313.93330622738,3.422,42.8199217588919,43,40.508,0.66293802712342,5.34708189310447,2.19325235431929,0.33146901356171,40.859333634164,40.7647058823529,41.208,1.99101086963587,8.07551823131814,3.73693372069526,0.995505434817934,39.7738245161954,39.612676056338,41.508,1.93293601368784,8.72625331283773,3.6572774933035,0.966468006843922,36.5200483964558,36.8930041152263,37.116,3.40699977928053,13.8398418860408,6.67353173908005,1.70349988964027,55.6380520228855,55.5,56.128,2.23903511985657,5.75763193713693,8.09190526439384,1.11951755992828,41.2016622297653,41.2391304347826,42.0513447432763,1.71825654709227,7.5192556259392,3.34078307457847,1.40553385552148,40.005534103159,39.9897172236504,40.0778894472362,3.38835992606613,12.8498406069289,6.46980899113146,2.69713450114864,49.7678949700074,50.0692771084337,49.3805309734513,2.04581429618199,6.80981782032804,6.44546128276709,3.69883224749704,50.7370586500095,50.4893617021277,51.1660899653979,1.57561323863088,2.27056579976385,6.60788433101501,0.91070445192865,5.91854382992985,238,41,1,170,796,4,0.397602397602398,262,75.8929283990172,1,1404,5.38114209827357,-4.13360256076227,23,8.36982860486316,0.51573489770324,-0.321562638928756,17.2192095746981,1
251030_Dupi_NMH_DB_2,O15,Dupi,DupiS2,DB,2,43,259233,1,80,766,1940,1940,2038,4076,2038,226.831766481797,0.766,6797.37042830318,2.038,42.5234916509454,41.6764705882353,43.088,1.83666899686821,7.51676321480531,3.5586010205378,0.918334498434105,36.7879039988756,36.4439252336449,36.356,2.99230810774543,11.5824102364162,6.63428545981064,1.49615405387272,39.4200174654443,38.6538461538462,38.324,3.00153005240905,10.262720224711,3.17644680401995,1.50076502620452,45.3350210761938,44.4615384615385,46.488,2.01538914225712,10.6840107552099,4.93973719697642,1.00769457112856,45.3004929029608,45.2436974789916,45.172,3.2106046801918,12.1602450520864,6.19251482285453,1.6053023400959,35.8384788069383,35.4777070063694,35.3916449086162,2.7450501907788,11.5507496316426,5.6916229409695,2.10270844613656,44.2655808906743,43.9452380952381,44.9676320272572,2.82067996700924,11.1803616171375,5.20761305950188,3.31147828126885,54.6788667900587,54.6734693877551,54.6734693877551,3.24406652147971,5.33251912266365,5.77645725153374,0.317918519105012,51.9703838646246,51.4624746450304,51.7380224260958,2.03961131672281,3.87322029824369,4.81290378233755,4.00171740341015,5.68758483666424,910,43,1,0,844,6,0.421578421578422,204,54.6473287822221,1,1948,-15.9836843103775,13.1787136636022,32,10.1641528124765,0.329828475588368,-0.541842430109597,17.8579304904653,1
251030_Dupi_NMH_DB_2,O15,Dupi,DupiS2,DB,2,44,260933,1,80,228,1062,1062,1478,2956,1478,34.4877649144245,0.228,2723.61807472859,1.478,45.4150695526688,50,44.42,1.52358194174302,5.71045298601637,5.48179297124156,0.761790970871511,43.0395964598136,43.0909090909091,43.808,1.95256922585676,3.44230550426048,3.1786944442112,0.976284612928382,49.3729608368465,50.7142857142857,47.908,1.95756802716099,5.30575510765348,5.38101292002656,0.978784013580496,50.7923517050943,50.4172661870504,50.568,2.4302473520037,5.87600963610722,4.03294755650549,1.21512367600185,31.8336176919342,31.6095238095238,33.3,1.78624044694304,11.9567421245719,5.753717302625,0.893120223471518,46.6778557945754,46.4571428571429,46.9912280701754,1.52680731691311,1.12937880088259,2.5710420873038,0.34811206825619,47.2605849236778,48.195,46.1534772182254,2.25603239891754,5.59529101936598,4.76961393183282,1.88153102069723,49.8534849771438,49.3888888888889,50.0913461538462,2.18882514340465,5.13084234634609,3.98382109562382,0.910551259656336,38.8804766585985,33.0413223140496,39.6779431664411,1.25819860164732,9.30226540175128,4.79620455231258,1.85961753323474,5.29032834161668,284,40,1,192,476,5,0.237762237762238,158,26.8829592045864,1,1632,-18.8256497818251,18.5232813488667,23,8.40012740737966,-0.43365967433782,-1.19665148110648,13.9888266298603,1
251030_Dupi_NMH_DB_2,O15,Dupi,DupiS2,DB,2,45,263622,1,80,238,824,824,1104,2208,1104,84.3862803162296,0.238,9961.45635329498,1.104,37.4870574367446,38.6524390243902,38.44,2.53421003479607,11.1408755567229,5.0817929419247,1.26710501739804,50.5518924645602,53.3333333333333,49.356,1.07823751547352,2.24163976862941,4.06259169342193,0.53911875773676,56.6100120331782,56.6910112359551,56.412,2.39961170125415,4.45879026465989,6.68594171873449,1.19980585062708,47.7995719877208,47.8177777777778,47.92,3.36267291679869,6.54127176892219,7.45021551807655,1.68133645839935,50.3220458738594,50.3731343283582,50.236,2.72205369201501,5.3343215935949,4.68356246499498,1.3610268460075,43.6734317603232,42,43.9411764705882,1.03887831151379,2.55306972814995,1.99699499525602,0.247253038140281,57.2488659641184,57.5535714285714,56.0477815699659,1.9255384807739,3.46137370459304,6.32943574082248,1.12836554973351,51.5586978310959,51.7865168539326,52.5928571428571,2.64090734716714,5.66966930100356,6.26309024465045,0.739454057206799,47.7632346033504,49.0078534031414,46.445652173913,2.6494671019391,7.02042519915113,5.90604739957463,2.92501168054077,4.50509146048923,1470,49,1,488,644,11,0.321678321678322,140,23.769512819289,1,1596,41.828495541643,4.79919603975137,16,4.41596447100208,0.434470846778453,-0.157791540323198,17.2515705853753,1
251030_Dupi_NMH_DB_2,O15,Dupi,DupiS2,DB,2,46,276287,1,80,522,894,894,1312,2624,1312,81.324090693705,0.522,11872.8343983469,1.312,41.1677584173484,41.1714285714286,38.66,2.27965463883523,7.45310715346919,3.3112736921451,1.13982731941761,36.8706379320272,36.7058823529412,36.476,2.69099725651657,9.94004385384172,4.61526141911518,1.34549862825829,31.761463882483,32.4502369668246,32.852,3.20131778302464,15.471831934157,9.0389653109384,1.60065889151232,50.5008766458224,52.2387096774194,44.98,2.08456882166529,8.32588142205313,5.02344490787048,1.04228441083265,31.9722875657975,37.768115942029,30.396,1.46380200438337,13.6105625636321,5.21775325186422,0.731901002191686,36.6938530958697,36.4806629834254,36.3295019157088,2.70094465455433,10.197375223681,4.74321564209904,1.40989310967736,30.7336425801986,31.0062893081761,31.1451612903226,3.34221311233363,15.8276783115115,9.06686999195927,1.24330327778811,48.3042461657737,49.2397959183673,48.8325358851675,2.92538718582342,9.83117912913564,6.84166326597685,1.22281184367419,44.7051783470459,48.4571428571429,42.5335365853659,1.38652593827862,10.6050811952837,4.66234873839169,1.81912203102155,5.54650532004972,864,29,1,0,604,7,0.301698301698302,160,47.7569520433108,1,1908,-10.9535192563081,-1.78053001823799,29,9.88274504336887,-0.993261079641243,-1.87123871161082,14.0946201538978,1
251030_Dupi_NMH_DB_2,O15,Dupi,DupiS2,DB,2,47,289622,1,80,2494,3376,3376,4100,8200,4100,-116.664950179257,2.494,10117.3021576195,4.1,45.2698704825562,NaN,45.284,0.712355385233403,1.48648358497857,-0.881125423904013,0.356177692616701,43.7784524342132,42.9732142857143,44.588,2.32846563520195,6.09764821014369,3.61329083090868,1.16423281760097,36.8972980696525,36.5777777777778,38.04,1.74474178514977,9.741174416267,3.96070729365991,0.872370892574883,44.2735857738569,47,44.56,1.28532763548565,3.44871968246318,3.06430327110314,0.642663817742826,39.003466273286,38.9736842105263,38.384,1.79749223031455,8.50671811538881,3.87721156695315,0.898746115157274,42.5734806196739,42.8862660944206,42.6198877305533,1.76524480314112,6.96480646923709,3.64812446095057,4.40252053903395,30.9506952732044,32.1862745098039,30.8480725623583,2.66346473706384,14.7864613682729,7.68594874004975,2.34917589809031,26.3873482243995,26.8989898989899,26.2724358974359,1.70868363877166,13.7386884638413,5.5385501450373,1.06621859059352,NaN,NaN,NaN,NaN,NaN,NaN,NaN,5.29721873752831,406,43,1,286,336,5,0.167832167832168,172,62.6603438675944,1,1992,-13.6232214001138,-7.43728365653031,15,5.26566772892769,0.761405665455076,0.0909564727318782,16.5502369502536,1
251030_Dupi_NMH_DB_2,O15,Dupi,DupiS2,DB,2,48,292338,1,80,280,1518,1518,1900,3800,1900,25.3327827528648,0.28,3583.94353178355,1.9,36.3247886045577,30.8571428571429,40.428,1.39143976852384,8.94233421230188,3.80021065481446,0.695719884261918,37.5253049562725,37.6218487394958,36.756,2.11619208776404,9.25767719472414,3.93737093384648,1.05809604388202,52.2924708064927,51.7080291970803,52.132,2.47025188889993,3.57432705489185,4.5691444889311,1.23512594444996,56.2774803503691,58,53.188,1.91937723454018,2.25789312505924,2.7023736968818,0.959688617270088,49.7453958079878,49.8454935622318,49.908,3.29495354921204,4.44283423026873,3.51452370914404,1.64747677460602,33.0897602083738,28,33.8714285714286,1.50912074381813,9.70814039383798,4.17557686674617,0.422553808269077,51.1544168620886,50.5168195718654,50.5638126009693,2.34115286287694,4.64944921198032,3.7321714249512,2.89834724424165,49.7276010953372,49.8791208791209,50,3.37782790831353,4.68920276565846,3.63828953239494,1.29033026097577,38.1776438313085,38.8536585365854,37.8557894736842,2.10776382421492,9.28719260958676,4.63453717540717,4.00475126600834,5.36393505173801,1432,58,1,332,810,8,0.404595404595405,260,25.502654392273,1,1648,29.5120470498956,27.6232925149812,30,8.12201557447101,0.543817007001364,-0.243274096275991,14.6964041612857,1
251030_Dupi_NMH_DB_2,O15,Dupi,DupiS2,DB,2,49,293993,1,80,230,488,488,2904,5808,2904,24.1905201838437,0.23,4005.13111664585,2.904,41.0040001242986,40.7077625570776,40.676,2.68506445340115,7.84696177580504,5.65766106816459,1.34253222670057,44.8675110339432,45.5762711864407,44.396,2.17271635486291,4.82142940089905,4.37078452545052,1.08635817743145,30.7492747163655,30.3515625,32.348,2.11445900447768,12.0776672349253,4.50516067027209,1.05722950223884,34.9963999139387,28,37.452,1.22412874639818,9.85379213305789,4.44209293271852,0.612064373199089,42.4432811108732,41.8807947019868,42.508,2.74587480832041,5.79045555063433,3.64782790583864,1.37293740416021,48.6026780797878,48.9857142857143,48.0608695652174,2.35179840247557,2.48441583053691,4.28840769345467,0.540913632569381,41.2171526125726,40.6444444444444,41.3333333333333,2.02071112065825,6.13065529619187,4.48238163597912,0.521343469129829,40.8690966541965,39.5612472160356,42.8261589403973,1.79237239319241,8.2291602004851,3.46542809255611,4.33037170195287,44.1658735961075,42.576354679803,47.7956204379562,1.85143802642383,8.28525572692746,5.04193072400713,2.02917607696051,5.62917584356254,1952,46,1,2,500,6,0.24975024975025,144,22.5635309041543,1,1480,-23.6755833807627,-25.4916812446496,22,8.14694117973846,0.302670193917969,-0.381029830047229,15.433841457632,1
251030_Dupi_NMH_DB_2,O15,Dupi,DupiS2,DB,2,50,295924,1,80,736,2060,2060,3566,7132,3566,78.727685115425,0.736,5548.31159965103,3.566,41.4910212410212,37.9708737864078,45.768,1.81896846718129,8.0784297132663,3.22384511137544,0.909484233590646,29.013504147847,25,32.128,1.00144242456791,7.80274829398341,0.988511479764235,0.500721212283954,56.064127308436,56,55.992,1.39520411611541,-1.21924097445008,4.15064461811144,0.697602058057703,48.307555012936,48.5052083333333,48.636,2.62160250402809,3.42297578696653,4.65162706054535,1.31080125201404,46.5422573429226,46.7165354330709,46.136,2.36124364157838,3.25491290101823,2.78809887159107,1.18062182078919,34.8164060059478,25,39.7771739130435,0.863823195624515,6.27862943979746,1.20466124512799,0.635773871979643,49.1451295163944,49.3652392947103,49.3126888217523,2.38988254245801,2.71300733262852,4.25081316213776,3.16420448621441,41.8937781484135,42.2432432432432,41.9601593625498,1.58965359500986,7.88394001291487,3.42229664768512,2.39401831408485,45.9104945873234,52.9673913043478,41.5576036866359,2.42535725429594,8.75050406825168,3.61954135781222,1.05260504836444,4.74035652127346,1768,47,1,814,380,6,0.18981018981019,144,22.3490803368146,1,1560,51.8228040220072,40.8076822868202,31,8.49562625236371,0.0717411222802036,-0.912107936668538,15.789384590788,1
251030_Dupi_NMH_DB_2,O15,Dupi,DupiS2,DB,2,51,324207,1,80,2500,3368,3368,3780,7560,3780,-32.6170616987914,2.5,10424.4546601056,3.78,48.6387846951678,49.96875,47.388,1.35998935561722,2.96662511304166,0.125310235076103,0.679994677808608,41.7296005672155,42.3455882352941,37.14,2.22795704020283,8.85793585355714,3.42188914482896,1.11397852010142,43.4989900910337,41.734375,46.152,2.71730700324244,8.54167648672034,4.9225418636109,1.35865350162122,56.5886982867521,57,56.448,1.40748777503113,1.32363297723761,4.52404861752247,0.703743887515565,55.3852442229208,54.7164179104478,55.572,2.14660761880428,2.67407618859825,3.71556921613124,1.07330380940214,49.380251576848,48.8240740740741,49.996,2.0719102417584,6.02564846500972,4.37950138816742,5.17977560439601,54.0401467852592,55.1383647798742,53.2626728110599,1.72508467861189,1.50038952505877,5.16916176382863,1.49737350103512,54.6607703565474,54.6712328767123,55.1650485436893,2.35028020590513,2.93679552922178,6.61905725726182,0.968315444832915,42.0509896505986,42,41.7363636363636,1.75592387489811,8.21251710237289,4.92986635800495,0.386303252477585,5.61372076086468,686,39,1,76,420,4,0.20979020979021,196,32.5043645643854,1,1976,28.3452855245684,26.785833922656,22,7.76047205967479,0.848411024639546,0.079629023685133,17.5264096208183,1
251030_Dupi_NMH_DB_2,O15,Dupi,DupiS2,DB,2,52,336534,1,80,1054,2792,2792,3522,7044,3522,128.950794235976,1.054,4406.65710733979,3.522,37.767882669432,37.731884057971,37.652,2.32600403160544,8.45779949757251,2.56820456533055,1.16300201580272,40.2757702269529,40.3508771929825,40.48,0.933567355374017,4.33427756466282,1.68624525715771,0.466783677687009,45.0747461499491,46.1234567901235,43.372,1.64785729467074,5.04637837478568,3.17555805504127,0.823928647335368,42.5825107052492,43.1,40.74,1.6896250331501,8.1614167590047,3.37402437181819,0.844812516575049,46.8942782449594,58,46.792,1.18809988430449,8.5450055481868,3.89112194492199,0.594049942152243,43.3284753735925,43.6606060606061,41.9943074003795,1.5082077932776,5.20214134269688,2.69746701575316,1.58965101411459,49.0042381312181,50.7647058823529,47.6800920598389,1.59702519522482,6.45083336847273,5.26204548737273,2.77562978930074,51.3064386739554,50.64,51.558904109589,2.16909772530796,5.85344222377942,5.65837812604101,1.58344133947481,56.7460939593177,56.7730061349693,56.9037656903766,2.78495953014317,4.73577404849672,8.46795855386211,1.33121065540843,6.06499450953445,1012,43,1,886,210,2,0.104895104895105,198,23.1652802420062,1,944,20.676911402011,6.89228421483605,19,5.65990517566542,0.344568252771427,-0.457011270963816,16.5621480569181,1
251030_Dupi_NMH_DB_2,O15,Dupi,DupiS2,DB,2,53,338762,1,80,468,1020,1020,1934,3868,1934,57.2860062525183,0.468,3066.94986809358,1.934,46.6273806567332,46.3543689320388,47.052,2.70332582502793,6.72809829128845,4.50205555215634,1.35166291251396,44.4804575197808,42.4945054945055,45.016,1.89972620538495,5.71932208342962,5.79764422281598,0.949863102692475,53.0104750867181,54,51.116,2.03827051721164,3.96529977166561,8.07017685248798,1.01913525860582,32.7257671672024,30.0714285714286,36.684,1.57451374727145,12.9055900110667,6.27161791403641,0.787256873635727,36.6695628114499,NaN,38.644,1.02717517957148,9.84105290916711,4.5139469663558,0.513587589785741,44.76689492295,42.4945054945055,45.6666666666667,1.96766733734442,5.50150664119808,5.95573861731161,0.920868313877189,52.5521327105066,54,50.3152173913044,1.93719209409923,4.29818829939471,7.81818360000595,1.06933003594278,33.4378813791388,30.0714285714286,36.6411378555799,1.3474730178001,11.9997554969186,5.62816693850927,1.23159033826929,39.7980242210952,41.1969309462916,37.6970010341262,1.80038551671607,9.68002684161385,4.96775525911237,3.48194558932889,3.68683835888345,1296,30,1,324,262,4,0.130869130869131,88,5.75924849356348,1,502,-45.9988616960729,23.9610860907433,24,10.0219780565695,-0.518356223190974,-1.43465378264632,15.8254202135866,1
251030_Dupi_NMH_DB_2,O15,Dupi,DupiS2,DB,2,54,340308,1,80,236,1296,1296,1932,3864,1932,34.2019021702815,0.236,3500.4643437555,1.932,53.9542167821715,54.6478873239437,53.828,1.4230361088159,2.15537879931169,4.94702808539085,0.71151805440795,42.7702481468381,43.3636363636364,41.592,1.46784864830687,8.77347965254062,4.49944744561801,0.733924324153434,46.2489794038422,46.2165898617512,45.928,2.64145595743432,5.24484754536128,3.738671644956,1.32072797871716,38.9021694167799,37.4605263157895,40.312,2.18769094041888,10.4582034834594,5.91153419660427,1.09384547020944,27.3341773860962,27.5136363636364,27.996,2.79650010715255,14.8721096980883,6.62676944070699,1.39825005357627,51.081186661886,50.9393939393939,51.2372881355932,1.6946561444606,2.36330634430891,4.04877867555526,0.399938850092701,43.461708457034,44.2084690553746,42.3490566037736,2.10884857784622,8.23304142374954,4.61650682450039,2.23537949251699,28.3551473287649,28.4336917562724,28.8553459119497,2.77920510333683,14.5591464168699,6.62546799922874,1.76757444572223,42.5693031186678,43.1523341523342,41.5486542443064,1.96055239700458,6.53698294066502,3.75062836685317,3.78778723101286,3.90691873882654,1594,25,1,592,420,7,0.20979020979021,122,12.149366887083,1,1460,-60.5380383228989,23.6655562586072,28,9.86232933882667,-0.144229418287498,-0.90551694515224,14.0296578203309,1
251030_Dupi_NMH_DB_2,O15,Dupi,DupiS2,DB,2,55,353648,1,80,284,1128,1128,1308,2616,1308,73.1075018490766,0.284,9236.50111738471,1.308,53.0779615605373,58,48.808,1.67976029369359,7.74993048827735,3.44784560714183,0.839880146846797,39.7605664036902,39.6802325581395,41.916,2.94549769440845,9.15518732877096,4.67666327002718,1.47274884720423,53.8124478516115,54.747572815534,52.768,2.11972776200978,5.66727709300858,7.80360214351378,1.05986388100489,46.6399515329991,46.6928571428571,46.672,2.44231401780817,6.96719600113459,7.21497926718778,1.22115700890408,40.1403238861686,44,36.536,1.63376601565736,9.51114420743773,4.80562939253228,0.816883007828679,38.4001769720987,38.2868852459016,39.8732394366197,3.63437695372538,9.86083365657429,5.79117009784696,1.03216305485801,49.9470431805257,50.119170984456,49.8222748815166,2.19002159521306,6.51191349863356,6.90932416044617,1.84837822635983,47.7162583280841,47.7246376811594,47.7888888888889,2.65742646166375,8.16933293632784,5.25496083696521,0.478336763099474,38.0943473677941,37.5951219512195,36.6926605504587,1.75157666640624,10.1798339473295,5.37895518451092,2.29106227965937,5.3513736827743,208,38,1,66,674,6,0.336663336663337,182,34.428849310377,1,1818,17.693796243597,18.8452376521383,19,6.60169857350562,-0.386247421693519,-0.955012964559888,11.9884457684601,1
251030_Dupi_NMH_DB_2,O15,Dupi,DupiS2,DB,2,56,369140,1,80,2498,3090,3090,3672,7344,3672,-179.57951075444,2.498,9768.8594739883,3.672,38.7869172583162,NaN,40.06,0.543246022350832,6.53673889872029,1.2673589610343,0.271623011175416,41.3156599645975,40.9929078014184,41.52,2.73613223054116,9.1978706123098,4.54636981303189,1.36806611527058,55.5240871184743,56.8011695906433,53.256,2.40717569462114,4.49861318586129,5.53724791931459,1.20358784731057,53.0457975704779,53.1915887850467,53.872,3.46939320372294,5.91702939301377,6.45517482332897,1.73469660186147,53.8462125079464,54.5567010309278,51.684,1.4874836465353,3.0410581565569,5.38685198213412,0.743741823267649,47.4051276432175,47.9347553324969,47.0328262610088,2.52417877978278,8.71732495909,5.54423254448892,6.30539859189738,38.716845407265,35.4588235294118,41.1317567567568,1.99614601046029,9.65333088863648,5.64418965065865,1.18171843819249,48.2044140582762,47.5390625,48.8969072164948,2.4366469722214,6.41787553194704,5.46248479504556,1.41812853783285,38.9166314751488,37.1194029850746,40.9512195121951,2.25381131529073,7.97101835731409,5.74795717566832,0.739250111415358,5.05654364519351,1318,52,1,264,744,7,0.371628371628372,344,234.26210336602,1,1998,-4.0512236767217,30.4958685376112,18,6.49146837904997,-0.358701574150426,-1.22787950416397,15.7239134504016,1
251030_Dupi_NMH_DB_2,O15,Dupi,DupiS2,DB,2,57,370255,1,80,284,1208,1208,1442,2884,1442,58.2503704392302,0.284,5362.01234773066,1.442,47.2312128679239,57,43.688,1.38252896841845,8.5574335103374,4.22831822239989,0.691264484209227,37.1347461375443,37.2739726027397,37.252,2.74001932756456,11.7916841612884,5.67894089008701,1.37000966378228,40.9191419461379,33.3230769230769,43.736,1.44841120812617,9.13556400329526,5.42370107902499,0.724205604063083,47.1250034803643,46.8790322580645,47.612,2.73693711181056,6.31473265003192,6.34220243304242,1.36846855590528,35.9895614395924,35.7333333333333,36.536,2.09696314243118,10.8653987824608,5.66567569422506,1.04848157121559,35.096244447599,35.155737704918,35.2042253521127,2.79837572029763,13.6376463752505,6.47878636332676,0.794738704564528,42.8008176328337,40.8082706766917,43.4264069264069,2.36418885827572,8.38004609438377,5.07485736397888,2.18451050504676,49.1395244651063,49.9,49.1196581196581,1.82966841617834,4.99903958092456,7.00054224134865,0.428142409385732,36.8763970996112,36.3848484848485,37.3855755894591,1.8770813312588,9.90902731702348,5.78974885421577,2.70675127967519,5.89431223722052,1104,46,1,96,462,7,0.230769230769231,166,20.7097194844034,1,1888,14.8419654714475,21.5376670264637,20,5.44563618118501,-0.410235496470177,-1.09392245322148,11.9602464721113,0
251030_Dupi_NMH_DB_2,O15,Dupi,DupiS2,DB,2,58,371732,1,80,320,980,980,1396,2792,1396,66.2920449303322,0.32,6132.83087276375,1.396,37.6905095303704,37.7341040462428,37.488,2.80055909699156,9.7835559116883,5.79424827769122,1.40027954849578,42.0945212969556,42.4117647058824,40.652,1.62398004946798,4.9648485889958,2.24435996227043,0.811990024733989,49.8116204555479,50.1007194244604,46.664,2.61494610817414,4.52993110028563,4.96128246213061,1.30747305408707,49.8723147419516,49.824,49.824,3.76538556491349,6.76575596199518,8.04466141975923,1.88269278245675,45.246322792276,45.9294871794872,44.26,2.28708919979997,4.47696749054136,5.6290634556082,1.14354459989998,41.8841856061532,43,39.70625,1.00313016093019,4.70387046083858,2.07705819396769,0.321001651497662,47.4439366089812,47.105527638191,45.2606060606061,2.60090643191523,4.75106048327273,4.11603184759476,1.71659824506405,50.7303840217123,50.7019230769231,50.7019230769231,3.83301251780148,7.23806871289834,8.52500310108096,1.59453320740542,43.8979230017094,44.8900343642612,42.663323782235,1.82722411262837,6.23371087861651,4.78675600872779,2.5508048612292,4.95366008506043,962,54,1,278,842,8,0.420579420579421,268,28.372109254772,1,1712,15.3610320622273,15.62148732646,14,4.35934352287649,0.353745832618971,-0.0155354100788506,15.3131161686608,1
251030_Dupi_NMH_DB_2,O15,Dupi,DupiS2,DB,2,59,372948,1,80,254,754,754,1072,2144,1072,72.1498461402566,0.254,10227.2674028136,1.072,50.4938854625587,NaN,49.892,0.763865818036845,-1.00679434208068,3.78917167811293,0.381932909018423,37.4374746027161,35.7446808510638,39.5,2.36861079677761,11.6186077270888,4.7860767411444,1.1843053983888,30.1111387391045,29.7593984962406,30.608,2.07560268773083,13.4257303620924,6.2407866548163,1.03780134386542,31.8516413021914,31.8009950248756,32.008,2.61452722958615,13.2264601052884,6.34571308200754,1.30726361479308,43.0334050166306,42.6818181818182,42.952,1.79075435979529,4.56370301775134,3.63871449346108,0.895377179897645,45.1736348956502,45,45.0787401574803,1.50267378149653,1.53459929035355,2.76373647875385,0.381679140500119,31.8316713170437,31.6763285024155,31.736,2.9443408649971,14.3229029895661,6.83952544421341,1.47217043249855,31.1157592208316,31,31.3459119496855,1.82910040735696,13.0669169120777,5.24545195920187,0.581653929539514,39.7514315543168,38.5228758169935,39.8414179104478,2.27855656643381,9.73670436669062,5.4396463777424,2.44261263921705,4.66271103188849,346,34,1,290,480,8,0.23976023976024,132,11.0614729679334,1,1508,-36.4181369759059,-10.4876800535973,19,5.71505652992548,0.425042507062344,-0.311261082133338,16.8335383924336,1
251030_Dupi_NMH_DB_2,O15,Dupi,DupiS2,DB,2,60,385504,1,80,358,662,662,1568,3136,1568,44.5742142990314,0.358,5924.11085726584,1.568,42.9281910026432,44,42.208,1.7029027359794,5.19310862270609,3.85854192026656,0.851451367989701,37.1796424368739,37.0227272727273,36.908,2.35511167422904,10.3302050644976,4.46210949476096,1.17755583711452,39.4670866184941,39.6666666666667,41.12,3.68444251093464,14.3267078968131,9.45016529968624,1.84222125546732,48.0293375996327,48,48.812,1.24323838453524,2.79384356772865,2.73408484063708,0.621619192267619,51.4456260356487,51.1976744186046,50.536,1.69501815954849,1.45696049226825,4.05520406564045,0.847509079774244,36.7561901397743,34.4705882352941,36.6201117318436,1.56552880460107,9.29415930517886,3.25545571148856,0.560459312047182,34.4838477535201,34.5675675675676,34.4934210526316,4.19264954764239,14.697962434144,8.70409457749338,1.27456546248329,45.4231233145671,45.5111111111111,47.8587196467991,2.03727681513015,9.42208373232502,6.39914308955132,1.84577279450792,49.5817575203437,48.1081730769231,50.2117346938776,2.21987013201357,3.21409122564615,3.52365146213451,3.48075636699728,5.5112722036039,646,29,1,384,596,4,0.297702297702298,208,118.405925662331,1,1704,8.97780307342061,17.0616369523951,29,9.01814902858081,0.126956775641238,-0.447262337987231,15.0518549349203,1
251030_Dupi_NMH_DB_2,O15,Dupi,DupiS2,DB,2,61,397091,1,80,2464,2894,2894,3822,7644,3822,-279.54455268301,2.464,7226.01885115125,3.822,42.2539542388041,42.8064516129032,42.112,1.62336861657026,4.739953624042,1.52703102318972,0.81168430828513,39.1950033825592,39.3493975903614,39.36,3.51296360394036,8.9221301655193,3.71770115880799,1.75648180197018,39.6135110162246,41.9494382022472,40.096,2.58897785003396,11.2660419827224,5.09215459174853,1.29448892501698,47.0999644400037,45.3586206896552,48.284,2.34576279016262,5.41742916200457,5.58804462175652,1.17288139508131,55.1067227138503,NaN,54.996,0.922986534847853,-0.467134937847707,4.81753719672698,0.461493267423926,43.990648699525,41.6818181818182,47.536525974026,2.08377851386222,7.3264182298141,5.23452485709448,5.1344302581565,55.0394167257259,NaN,54.9488372093023,0.660415558578897,-1.36215977039805,2.51200891180675,0.283978690188926,49.4010670282002,48.5252808988764,49.8448275862069,3.1109776234954,6.81356996624775,4.40097208325593,2.88698723460374,39.842457988523,42,38.8089887640449,1.37501162612335,5.34954091315206,1.16450293682256,0.244752069449956,5.26974263369264,384,37,1,0,642,8,0.320679320679321,206,21.724473530057,1,1786,-13.7431227471068,17.5866304388283,26,7.15650548584893,-1.086680693632,-1.91655941556269,13.3371862243457,1
251030_Dupi_NMH_DB_2,O15,Dupi,DupiS2,DB,2,62,398178,1,80,290,1256,1256,1648,3296,1648,57.9503311618285,0.29,3304.52077599539,1.648,56.8304473722628,NaN,56.804,0.744986677470616,-0.258521228590039,6.00319071732621,0.372493338735308,51.81043376272,NaN,48.7,0.845360194921597,4.57150214508458,4.77589202039412,0.422680097460798,52.3812406161852,55.7837837837838,47.36,1.34787908712711,4.17952235386484,3.10336676933563,0.673939543563557,49.8822839001273,49.7276422764228,49.66,3.76437126454106,7.96499160847556,5.29604356121596,1.88218563227053,40.6569368097976,40.8361581920904,40.076,2.56830888860189,5.24099717946863,3.05720034054148,1.28415444430094,54.9064329099447,NaN,54.4344827586207,0.999502135239414,1.03455375588777,6.1924106992287,0.28985561921943,51.5449979603723,52.7030303030303,47.1097308488613,1.82028596733835,5.74986562920951,3.95013963689247,1.75839624444885,45.6100158802209,45.3125,45.3163265306122,3.81601906559729,8.15210036473757,3.72616228023052,1.49587947371414,36.987022458969,37.1264705882353,37.2754854368932,1.6784191820321,7.59453642360644,3.32046453724265,2.76603481198891,4.91625111309259,1350,49,1,952,672,6,0.335664335664336,220,27.4501572910493,1,1644,-55.7624739138684,15.4037480924554,19,5.52167114301805,-1.35887227426052,-2.09803055457171,6.97150599821051,0
251030_Dupi_NMH_DB_2,O15,Dupi,DupiS2,DB,2,63,399530,1,80,374,718,718,888,1776,888,78.4132074105425,0.374,4933.21613093977,0.888,51.0567842141637,51.448275862069,51.604,1.68107159306814,4.09272819418263,4.39711790591724,0.840535796534068,35.7809327664168,NaN,38.044,0.479161406422601,7.20325973828344,2.89701994148953,0.2395807032113,48.2604871753591,48.4883720930233,47.804,1.7461222310174,2.79713911211624,2.28680969359916,0.8730611155087,50.6184912557427,NaN,51.024,1.05800540762205,1.30839608687315,5.2835886974881,0.529002703811027,55.021525176827,57,51.704,1.69153208775791,2.73352020991666,4.1793008348193,0.845766043878956,35.7761191140769,NaN,36.3743315508021,0.640163256602257,8.32326165853675,3.7269189665098,0.239421057969244,48.9961836635648,49,46.0872093023256,0.729629078350413,0.144930671682428,1.49082441587141,0.250992402952542,48.2412067041471,48.2542372881356,48.1764705882353,2.77260088981611,4.50181575284141,1.51877324157411,0.471342151268738,53.2622690128219,57,52.1261261261261,1.5332588748522,1.9226790911883,4.65041355398978,1.36153388086875,4.18246498648485,1634,57,1,684,252,2,0.125874125874126,128,36.5497243043787,1,1722,21.9248719408082,16.7408903115346,9,4.27861801194584,0.235399049492517,-0.236307834927262,10.5203873495634,1
251030_Dupi_NMH_DB_2,O15,Dupi,DupiS2,DB,2,64,411315,1,80,1934,2484,2484,2918,5836,2918,-82.2691239746325,1.934,7081.42911410295,2.918,44.4369953672756,44.5686274509804,44.104,1.98667481566327,1.75590698272004,2.22274079037953,0.993337407831636,42.8227207948879,43,42.788,1.98108153748881,1.7637436985258,0.595989503428221,0.990540768744403,40.3565038949277,41.17,39.62,1.98886438190745,9.6790625549851,5.72139881638795,0.994432190953727,56.7953222439198,56.0779220779221,57.148,2.00899274146111,2.94640365045157,3.88658245614454,1.00449637073055,33.4392470888105,31.9166666666667,34.868,2.12518044782596,12.7664164066657,5.98243669727116,1.06259022391298,43.6260095498474,41.7785714285714,44.1044467425026,2.03709295807271,8.6168230064535,4.4318449212752,3.93973778091263,34.7811163663366,34.6075949367089,38.0254545454545,2.52824592451447,13.2937314881635,7.8516559358625,1.39053525848296,50.9346743685982,50.5526315789474,51.926267281106,2.12095694733331,4.36330301651798,5.50360021182893,0.920495315142654,49.6061846928851,53.3053435114504,47.8465804066543,1.44806561162262,4.40941770931228,4.26543815598387,1.56680699177567,4.5952207829503,204,41,1,164,354,5,0.176823176823177,100,16.4668957158263,1,1478,12.2496679946879,-7.81869951985707,29,9.12683882073371,-0.350190054165918,-1.10242094978035,11.2634990694445,1
251030_Dupi_NMH_DB_2,O15,Dupi,DupiS2,DB,2,65,423774,1,80,230,1068,1068,1936,3872,1936,15.7356594489436,0.23,2095.31000862127,1.936,44.8585122532992,44.9202898550725,45.028,2.33738759928079,5.36377529387283,2.21564178803291,1.1686937996404,41.7287466079938,40.7373737373737,42.308,1.74740971311003,3.79401947511031,4.70120343205673,0.873704856555013,56.2684037299233,57.2201834862385,55.948,2.06328612244447,2.84493260258562,4.38017454050105,1.03164306122223,54.9145278638013,55.1547619047619,54.576,2.46313492498378,5.07494451390089,5.89108695602661,1.23156746249189,39.5366211208429,NaN,39.172,1.13253122058753,8.67589921838963,3.64745623795306,0.566265610293766,41.9711668014558,41,42.3826086956522,0.846247309055785,1.63637784714346,0.705063733889961,0.194636881082831,50.8569804043104,49.7452830188679,51.5680190930788,2.18261654146381,3.75880621419233,5.18420222066038,1.82903266174667,50.284342843359,55.0745341614907,46.8571428571429,1.83825363688381,7.29922321583084,5.12709194022326,1.59560415681515,40.4319454849769,41.0158102766798,39.3347107438017,2.23773311820524,9.75456169654358,5.00733348218882,4.33225131684534,3.96913934242639,848,58,1,252,358,5,0.178821178821179,90,81.0010600751668,1,1886,1.23164484917472,28.8059701492537,18,7.03350441793869,0.479689304769484,-0.0542802082944776,15.1554289690094,0
251030_Dupi_NMH_DB_2,O15,Dupi,DupiS2,DB,2,66,425290,1,80,412,1110,1110,1338,2676,1338,84.0013421241103,0.412,3749.90158654018,1.338,47.7777261367635,48.2608695652174,47.42,1.53103736253545,1.36804132621096,3.2865563284944,0.765518681267723,40.800254023125,40.1061946902655,41.424,2.17520889745591,6.72075999180886,3.64612993992255,1.08760444872795,41.5823151059525,43.2178217821782,42.044,2.98473663814991,11.4480804036296,6.68255463854674,1.49236831907495,54.5142671654997,54.5365853658537,54.588,2.53881465050648,5.78773908832993,3.48101396655467,1.26940732525324,56.8273266374797,57.6753246753247,55.764,1.69649233008607,1.73321366525363,3.6714712296648,0.848246165043036,41.1801965714379,40.5625,41.9417475728155,2.17977615337723,6.40952119654274,3.92730115209376,0.898067775191418,42.6625611340976,44.0241379310345,42.9140401146132,2.85992330527969,10.6677801763862,6.01915522777662,1.99622646708522,55.6122087913512,55.9333333333333,55.3947368421053,2.56435577161852,5.73283867992719,2.82672391809073,0.584673115929023,51.0479795123113,52.1077586206897,48.0254110612855,1.5965880592408,3.69845574590641,3.06660105913682,2.13623482326418,5.28833130260331,674,30,1,312,608,7,0.303696303696304,162,36.7127689706919,1,1630,-19.3822804022007,17.3002196002531,29,8.80976109488455,-0.252947702158312,-0.893825218208971,11.9551221696985,0
251030_Dupi_NMH_DB_2,O15,Dupi,DupiS2,DB,2,67,426766,1,80,252,772,772,1442,2884,1442,24.6121039317487,0.252,1993.88273464298,1.442,41.8062070451683,41.5140845070423,42.064,2.42906208253777,6.31104963527492,3.43500331025285,1.21453104126888,31.2768213381479,31.7281553398058,31.092,1.92124728109871,10.3915684720583,4.3473988522844,0.960623640549357,34.7405307383845,34.4292237442922,34.532,2.79169130115749,11.8731243788448,4.52893745928424,1.39584565057874,52.3462068510181,52.3780487804878,52.788,2.96679826607592,4.84911319478229,5.49574062928538,1.48339913303796,42.672284402062,51.6382978723404,41.164,1.40536409173056,7.77047121072402,3.29344834854848,0.702682045865282,36.1791958602109,38,33.5952380952381,1.50240474205552,8.11121314364137,2.67325492586538,0.378605994997991,30.676129283757,31.0397727272727,30.8346153846154,2.42079449117553,11.7730501734683,4.74913784607338,1.25881313541128,46.8470777777276,45.9520295202952,47.1164179104478,3.14371591871416,8.82748958647164,5.56024986830757,2.10628966553849,43.8083569345387,45.4128787878788,42.9833564493759,1.79108918715773,6.01929895849759,2.82981886976562,2.58275060788145,5.58282859482518,1036,48,1,0,590,7,0.294705294705295,146,194.799693073517,1,1950,-19.195219123506,17.5089328916515,31,9.97717106659737,-0.020104367005257,-0.702178230425934,11.2491890769269,1
251030_Dupi_NMH_DB_2,O15,Dupi,DupiS2,DB,2,68,428026,1,80,468,1442,1442,2302,4604,2302,102.436352102504,0.468,2853.88759708243,2.302,45.0447659858331,45.0112994350282,44.972,2.45812947917641,4.08863872422384,2.83554426904376,1.22906473958821,41.249361057685,42,40.828,1.54346879823574,5.1387032454454,1.7918917138345,0.771734399117871,34.9994278960974,36,33.196,1.16682588901504,9.69416180844412,4.36527918977164,0.58341294450752,53.9245403475957,54.0561797752809,51.888,2.92281962499849,4.7501750354474,5.09554647245408,1.46140981249925,53.8682799120409,53.8693467336683,54.188,2.78835745476364,4.46737048757295,6.98152369841925,1.39417872738182,41.2710312719151,42,40.8846153846154,1.62089071627902,5.22345041576741,1.81431674841335,0.758576855218584,47.3289205528783,47.0683760683761,41.5667351129363,1.87772837170159,7.88819734720439,4.56271887541725,1.82890743403735,52.1536584217032,52.241935483871,52.6116279069767,3.11438073683188,4.70734580614811,7.51161679321976,2.67836743367541,36.8648105151009,36.4084158415842,37.4852767962309,2.16665916532959,11.7047321506629,5.26792514638337,3.67898726272965,4.98818944368307,1434,58,1,82,474,4,0.236763236763237,240,23.2748606387575,1,1836,-7.14703092392338,-9.52664979342689,22,8.01445788303316,0.385412761311262,-0.294697206477729,15.2703069067823,1
251030_Dupi_NMH_DB_2,O15,Dupi,DupiS2,DB,2,69,429568,1,80,288,964,964,1108,2216,1108,102.456758097295,0.288,7759.98568083145,1.108,35.3195662524985,34.8414634146341,35.568,1.67932010766494,11.2430358542044,5.2187115962956,0.83966005383247,41.3579939861674,41.2167487684729,41.328,2.86159425451713,6.22437010788733,2.99284151714038,1.43079712725856,31.0365571596848,30.543956043956,31.832,2.37676032567744,15.9054210000572,7.48527086523156,1.18838016283872,46.719961492959,44.6168224299065,48.244,2.08677859386329,9.34276694364263,5.26173204967671,1.04338929693164,41.6927286044194,43.0964912280702,40.988,1.93430197616874,11.383507907844,5.7528971200087,0.967150988084369,42,42,42,3.04617760052482,5.42441885436603,4.02575289390394,0.877299148951148,34.3449871046586,34.1484375,34.6745562130178,2.40702710309297,14.5179477352442,6.19801064213586,1.62715032169085,30.4985371421016,30.8181818181818,31.5833333333333,2.9570214018902,15.4303366154733,8.71642244403431,0.425811081872189,45.999331143547,47.2543352601156,44.4638989169675,1.68462585320958,8.92736352629382,4.52230822919264,1.86656544535622,4.48429399937936,144,42,1,50,556,6,0.277722277722278,158,15.9309760671459,1,1682,-5.71732119142478,-20.5008002382104,29,9.41163973182669,1.0900229762604,0.900445467351144,18.0080004514829,1
251030_Dupi_NMH_DB_2,O15,Dupi,DupiS2,DB,2,70,430621,1,80,246,1038,1038,1346,2692,1346,50.598762226793,0.246,3645.13068155569,1.346,35.3702027237517,37.1224489795918,35.06,2.00260587301776,12.0440737604938,5.78680459038078,1.00130293650888,36.9207990361112,35.75,37.48,1.8128017286377,9.64584275753302,3.66694514218297,0.906400864318851,47.2740660403691,47.4411764705882,45.52,2.8963599404866,8.02549046262063,4.39670358958932,1.4481799702433,48.841999968786,48.3760683760684,48.196,3.01837459669096,3.13447827672113,2.21887019056858,1.50918729834548,47.1068273345386,48.4529411764706,46.472,2.37164057795723,6.5074442539069,4.38229666574769,1.18582028897862,39,NaN,39,1.15317145963556,6.22337998483798,2.0303391231879,0.283680179070347,43.9315140805032,43.3038348082596,42.4444444444444,2.75058427682415,9.33942076136298,4.46674096362313,2.17846274724473,45.4952195438367,45.3695652173913,45.3896103896104,2.72889054134691,2.06065720558321,0.689947964268923,0.840498286734849,44.1885608209614,46.8904494382022,40.0936106983655,2.11579424107266,8.57579024241397,4.39483477180425,2.8478590484838,5.05124988139309,764,51,1,676,664,8,0.331668331668332,212,11.6716248463824,1,1504,-13.0612786947448,20.5736591357427,23,7.21355860172456,0.165706701045938,-0.570331507918172,13.2556507670717,1
251030_Dupi_NMH_DB_2,O15,Dupi,DupiS2,DB,2,71,443031,1,80,2342,2736,2736,3068,6136,3068,-198.372582622172,2.342,10519.5338084037,3.068,40.4153817295987,NaN,39.84,0.492021117177951,4.9828950577452,1.25603596778678,0.246010558588975,43.848882173949,43.4545454545455,44.504,2.14930814898939,6.59474996862431,3.81417240650876,1.07465407449469,33.0276585429238,32.8956043956044,33.588,3.54467463185551,16.7657644073451,9.08826037686767,1.77233731592775,41.0143462296963,41.5909090909091,41.596,3.69340825036825,14.1873555613439,7.86605379211364,1.84670412518413,47.5062339243354,47.6235294117647,47.424,2.39290464423896,2.93867763652935,6.10020037974689,1.19645232211948,41.1091074785141,41.0909090909091,43.2442356959863,2.68354236518372,12.3891234358451,6.91614594018902,6.28485621926026,55.612475884138,55.5918367346939,55.7969543147208,2.43441036740255,2.68992220010517,5.76835538947502,0.959157684756606,54.4342273403088,54.3456790123457,54.421686746988,2.14838195847716,1.33911817305457,2.30229824724514,0.713262810214416,51.3090950942328,49.2238805970149,50.6523605150215,1.23203610758005,0.855767643667525,3.5806417443013,1.14825765226461,5.67373180888396,392,44,1,302,952,9,0.475524475524476,480,110.259902950401,1,1876,-8.15025611838361,-20.2040607436632,25,8.55025989457858,-0.829180436118247,-1.59889531136834,13.9497068206259,1
251030_Dupi_NMH_DB_2,O15,Dupi,DupiS2,DB,2,72,456282,1,80,312,816,816,1810,3620,1810,28.1999306562832,0.312,2829.16380157366,1.81,36.9275203649134,36.9072164948454,36.096,1.62283240230182,8.01417360219967,2.41280544507222,0.811416201150908,41.8930285996697,42.1130952380952,41.38,2.83183470844745,8.67883585836816,3.82011466455196,1.41591735422373,51.5645183290823,52.4734042553191,51.636,2.89659841747111,4.18366155373722,6.34408882915079,1.44829920873556,46.5495260010687,46.4774193548387,47.672,2.55598232655653,5.0457639171498,3.36070840743469,1.27799116327826,56.1430719427161,57.5966386554622,54.38,2.25503234400404,1.24956803215257,3.45975491541468,1.12751617200202,40.5470683280459,40.5975609756098,40.0448717948718,2.50237058069389,7.72117044989572,2.938080055161,0.780739621176495,48.3303224758074,49.0928961748634,48.9126984126984,2.62025010208652,6.97939210742715,6.34824037894384,1.32060605145161,48.8171428624171,48.7962962962963,49.6659959758551,2.46039931365774,4.18238165322777,3.76149721571814,2.44563691777579,43.7548690205894,43.0896739130435,44.8011049723757,1.96485189778489,10.3618107932618,5.04024704272001,3.55638193499066,5.80280462057149,944,50,1,176,860,5,0.42957042957043,286,109.649900515162,1,1928,12.5839499146272,17.3243197975211,18,5.87883682893121,-0.845334284233966,-1.48059479899076,6.98572628602967,0
251030_Dupi_NMH_DB_2,O15,Dupi,DupiS2,DB,2,73,457771,1,80,360,980,980,1898,3796,1898,34.2361224366772,0.36,2156.75278592398,1.898,49.5695013000588,49.4261363636364,49.52,2.33232250230251,1.13717316570233,5.25667015821212,1.16616125115125,46.7269168259874,47.9459459459459,47.16,2.07665910201314,3.99338497973255,4.09462497562488,1.03832955100657,52.1186988798068,51,52.048,1.31550844549029,1.1900322608563,0.731089868001295,0.657754222745143,50.9320557997582,48.5,51.644,1.46953959067891,0.413906684424849,3.99173771835362,0.734769795339457,48.1818016186591,48.3628318584071,48.22,1.90240726268666,1.58409748198732,5.15583102282498,0.95120363134333,47.9879584922706,47.9459459459459,49.5444444444444,2.36154352304076,3.86275143714752,4.37668980161412,0.850155668294673,49.5364857994098,51,49.5935483870968,1.2567358361152,2.12497913373817,1.47659635711488,0.779176218391424,49.4080035652164,48.5612903225806,49.9477124183007,1.7993811010884,1.20411249448944,4.52016431798533,1.65183185079915,40.3989909183744,39.6080808080808,41.1390937829294,2.07635411616431,7.71919892785584,5.39527636601539,3.94092011247986,4.44320019476756,294,41,1,182,136,4,0.0679320679320679,72,24.2507012674086,1,1440,-35.6440903054449,16.4413592883463,12,3.87649735937377,-1.00062462813503,-1.93812071513286,11.1558926177103,1
251030_Dupi_NMH_DB_2,O15,Dupi,DupiS2,DB,2,74,459522,1,80,282,772,772,2574,5148,2574,19.2128787295746,0.282,1844.96774315112,2.574,49.6633962864257,50.2358974358974,48.6,2.47195664486707,5.39951943801015,5.33611891184057,1.23597832243354,33.621704111187,33.2247191011236,34.116,2.71690410505607,14.5002442921733,6.15549677557495,1.35845205252804,46.1914039238423,44.9333333333333,47.444,2.6672579182423,7.78640610913207,4.08933761524977,1.33362895912115,57.2133662213575,57,57.468,1.98706255051049,2.53055794352051,4.06287723812618,0.993531275255246,44.0360951966295,43.0546875,45.372,2.16613517025341,9.55208986810432,4.90163563295855,1.0830675851267,33.4527966587183,32.4347826086956,34.4184397163121,2.07996554221748,12.2774003264333,5.65287521986766,0.58655028290533,38.3171021083842,37.804347826087,40.2571428571429,2.68217107777871,13.6769192926013,5.53817534318665,1.31426382811157,43.8776334299719,42.4060721062619,45.9311875693674,2.4495735384948,10.1566374082725,5.10951954577359,4.41413151636763,49.9097576330018,50.2593984962406,49.7377279102384,1.62092662104465,0.475799581896213,3.22911323158037,2.31144136160967,5.94756254177728,816,46,1,190,844,5,0.421578421578422,312,69.7600564414341,1,1850,-6.65528362739519,31.7577325343358,25,9.79591361505395,-0.583545736516916,-1.71882592092731,17.4833794163649,1
251030_Dupi_NMH_DB_2,O15,Dupi,DupiS2,DB,2,75,461666,1,80,298,1060,1060,1412,2824,1412,42.5604363167384,0.298,2499.56147572799,1.412,33.2960118003463,30,34.148,1.53876889648457,10.5865996000688,4.16726810666431,0.769384448242287,42.8865794368232,40,44.104,1.55606806408956,5.10662578823126,2.37876949938868,0.778034032044778,53.2917751065805,53.26,53.328,2.02249495300908,2.1831046077445,3.12786408044579,1.01124747650454,52.072179741023,51.9403973509934,53.56,2.64920843247671,3.86669030488817,5.08424623502099,1.32460421623836,41.6403663344583,38.6086956521739,43.468,1.74474782640436,8.85435772596592,3.2825283949762,0.87237391320218,40.5164072162886,40,40.7114093959732,1.73449797763721,6.08676251103695,2.82903687057164,0.516880397335888,52.3596961693334,51.7972972972973,52.262467191601,1.91485974404184,2.50580956063572,3.0998387513238,1.45912312495988,53.7689007931146,52.8181818181818,54.625,1.86805255247111,1.86093237307213,5.2964194776818,0.657554498469832,39.0431849469582,37.2695035460993,39.7960339943343,2.03865283923281,10.7151564014477,4.20988760149557,2.87857780899673,5.96061442200231,1452,49,1,884,342,4,0.170829170829171,152,33.4300263866887,1,1954,26.3008916714096,16.2083596977705,27,7.84593164614536,-0.0495168453696108,-0.70510893674447,12.4660234300422,1
251030_Dupi_NMH_DB_2,O15,Dupi,DupiS2,DB,2,76,475487,1,80,568,846,846,1970,3940,1970,87.2560025352495,0.568,7845.53273335547,1.97,52.1876343517789,52,51.26,1.30914910414055,1.67828726997538,0.172914932626966,0.654574552070274,41.8322747331463,42.5528455284553,40.488,2.14158717539344,9.36994256601783,6.03468035486184,1.07079358769672,56.2340276620708,55.801652892562,56.596,1.99857097395887,1.57691549829346,3.57535597311991,0.999285486979437,48.5144611901925,48.5181818181818,48.44,3.12510396778677,8.76543342966703,7.014038500789,1.56255198389338,47.2585340045348,47.5628415300546,47.064,2.45636923994258,5.16633075265583,4.94425089034476,1.22818461997129,44.4512198070148,45.4649681528662,42.3450704225352,2.31271137902624,8.95562124715003,5.9357130462762,1.3136200632869,56.6469828347713,56.2931034482759,56.9424460431655,1.78309610942412,0.81129480566636,4.18371919448325,0.495700718419906,48.5147446333409,48.3597122302158,48.7740213523132,2.65104349294039,6.96133493804028,5.69567974027905,2.979772886065,47.3806275498635,48.8508403361345,45.6527918781726,1.86779766185289,6.79237676490879,4.84697136636138,3.6795613938502,5.30662235433939,370,38,1,282,724,7,0.361638361638362,210,51.0979998034991,1,1892,26.1365964712578,28.292421930249,20,5.76963930143228,-1.45787633781582,-2.28844413015567,9.9617769118004,0
251030_Dupi_NMH_DB_2,O15,Dupi,DupiS2,DB,2,77,490490,1,80,196,848,848,1622,3244,1622,9.50010262986517,0.196,2341.47970542519,1.622,42.2050948836199,42.2558139534884,41.856,1.7678162763883,4.35663269316614,3.74939124148942,0.883908138194151,36.4740110046911,36.406015037594,35.436,2.50814100674206,12.2894089477347,5.90357880535707,1.25407050337103,33.6465170917515,34.1744966442953,33.108,2.54811341166515,14.8625320463338,6.99102754855903,1.27405670583257,50.9529942475434,49.2164179104478,50.976,2.70507245830966,10.1182730202205,6.98920760166744,1.35253622915483,39.498240062315,48.3333333333333,39.816,1.14411628014719,13.2270587512501,6.43566471481496,0.572058140073595,39.1447607965582,39.0789473684211,38.9081632653061,3.69499609096693,7.33364665642035,3.0664233035794,0.724219233829518,33.9876705021474,34.1702127659574,33.8466257668712,2.35413733018176,13.7766483933927,6.6676841169018,1.53489753927851,47.8834590370033,46.9407894736842,47.4263565891473,2.21594726029003,12.0820484807547,6.96733080095188,1.71514317946449,35.9449932361759,37.3160762942779,34.6609124537608,1.96985926366726,14.987725172612,7.37075269462012,3.1951117256683,5.73213881620667,0,41,1,0,590,4,0.294705294705295,208,225.977914729041,1,1982,-19.2722443559097,-3.46447314549448,25,8.52567043298545,-0.341847723961599,-1.00066728904218,14.7014468569116,1
251030_Dupi_NMH_DB_2,O15,Dupi,DupiS2,DB,2,78,491683,1,80,286,1354,1354,1778,3556,1778,45.7197706698328,0.286,2826.75457926654,1.778,32.607359866685,31.0714285714286,33.06,1.63973818509115,16.3780154912137,7.84788037353419,0.819869092545575,32.5267171530881,32.5433526011561,32.476,2.68899553228381,14.9289645698261,7.76411119928486,1.34449776614191,44.2156475344138,45.4240506329114,42.372,2.40174283483503,9.78698477101791,6.04349315854075,1.20087141741752,44.301678699074,44.2780748663102,44.336,2.69283339376528,2.52761708015974,9.81911264218567,1.34641669688264,45.4968938516918,44.8301886792453,45.584,1.48655391094446,2.37080532617246,9.90961822455424,0.743276955472231,33.6294334353809,34,33.0979020979021,2.17447590440233,11.9790967856781,6.20080501776614,0.621900108659066,41.2104151520307,41.4747474747475,41.0280898876404,2.67542259247861,11.8570874161872,8.20664284917908,2.85735132876715,44.6257686848487,43.9908256880734,45.2075471698113,2.11371528954181,3.41372487028312,9.98949245937702,0.896215282765729,44.4375438683296,45.3675799086758,44.1462317210349,2.35994718186732,5.05719020551647,6.46524651288989,4.1959860893601,4.16218995905956,220,34,1,180,618,9,0.308691308691309,162,29.0337818846367,1,1716,-2.79377727186493,24.1229017009714,18,6.49605338328471,-0.462210137289938,-0.946818497038776,15.88076782817,1
251030_Dupi_NMH_DB_2,O15,Dupi,DupiS2,DB,2,79,493701,1,80,214,414,414,750,1500,750,26.0675690514638,0.214,3297.73833531549,0.75,33.6591260619597,32.3741935483871,35.704,2.72843302593649,15.5269367986083,8.19339533766941,1.36421651296825,45.239620033494,45.6778523489933,44.868,2.02349915301502,3.71649924186702,3.49412482158913,1.01174957650751,49.6884329590717,50.3252032520325,48.576,2.18220091043044,4.04119973920055,5.50057944624445,1.09110045521522,39.3915744269067,40,38.98,1.73587853113322,7.2802589649586,5.08706217449324,0.867939265566612,46.0332844345891,45.7829457364341,46.836,2.25540220197976,4.43057048960927,5.73592810236189,1.12770110098988,48.5813899517277,49,48.1775700934579,2.18880751186551,3.58751492865504,2.24317642486599,0.46840480753922,42.3598390284614,42.3833333333333,42.33,2.05961267854904,4.05300947069616,3.48850077807153,0.411922535709808,47.6161566781858,48.7796610169492,46.2916666666667,1.62234968366502,3.57529876450401,4.76539597016904,0.545109493711448,44.0126030662476,45.0980392156863,42.5093333333333,2.06046994710516,6.50595067324353,5.55238828808044,1.54535246032887,5.18421916356352,800,50,1,98,474,6,0.236763236763237,168,32.2356235591116,1,1790,-18.5900208689053,13.0289946774854,11,4.03247980900036,0.116251045130037,-0.665190709468938,15.0414815296602,1
251030_Dupi_NMH_DB_2,O15,Dupi,DupiS2,DB,2,80,508171,1,80,238,702,702,2290,4580,2290,15.7068786906416,0.238,1665.94900402534,2.29,40.6714585437974,42,38.22,1.35012397289842,6.62969577505132,1.42583860633963,0.675061986449211,42.1512850334097,41.4264705882353,44.848,2.20513840147087,8.17820448205653,2.51558923272256,1.10256920073544,51.4666257224629,51.914798206278,51.752,2.95211975346702,4.76515280873497,5.6555992738652,1.47605987673351,56.3103770648692,56.1525423728814,56.092,2.95101518012441,3.66474381575383,5.16510108129316,1.4755075900622,39.1443878673403,38.8009049773756,38.424,2.88245280954117,10.0487159264881,4.95971719489031,1.44122640477058,52.4155251434552,52.4,52.6638655462185,1.59582217142266,1.74294034262114,0.860092932359622,0.379805676798592,42.8080922439609,42.2455089820359,42.9913793103448,2.92528178128633,8.62793732562891,4.56484573617653,1.35733074651686,46.7787364813569,48.0726698262243,44.4584382871537,2.61762850854901,9.18412896824177,5.22778706936885,4.15679407157582,33.5002435491294,32.9340101522843,34.1649122807018,2.02157074368196,11.0073630979755,4.44674167607985,3.45688597169615,4.79807577318602,1590,44,1,310,698,11,0.348651348651349,132,65.3817949979313,1,1980,-46.9220261809904,25.0847694197342,29,8.9841790541047,0.983480660906778,0.628886852322267,14.5296920052759,1
