sessID,task,cohort,group,participant,sessNum,breathIdx,onsetSample,goodBreath,nEv,inhalePeakMs,returnCrossMs,exhaleStartMs,exhaleTroughMs,endSymMs,breathLenMs,inhaleVolume,inhaleDuration,peakInspFlow,breathLength,w1_rfreqPW,w1_rfreqGated,w1_rfreqRaw,w1_rpowZ,w1_rpowDb,w1_bandDb,w1_aucZ,w2_rfreqPW,w2_rfreqGated,w2_rfreqRaw,w2_rpowZ,w2_rpowDb,w2_bandDb,w2_aucZ,w3_rfreqPW,w3_rfreqGated,w3_rfreqRaw,w3_rpowZ,w3_rpowDb,w3_bandDb,w3_aucZ,w4_rfreqPW,w4_rfreqGated,w4_rfreqRaw,w4_rpowZ,w4_rpowDb,w4_bandDb,w4_aucZ,w5_rfreqPW,w5_rfreqGated,w5_rfreqRaw,w5_rpowZ,w5_rpowDb,w5_bandDb,w5_aucZ,p1_rfreqPW,p1_rfreqGated,p1_rfreqRaw,p1_rpowZ,p1_rpowDb,p1_bandDb,p1_aucZ,p2_rfreqPW,p2_rfreqGated,p2_rfreqRaw,p2_rpowZ,p2_rpowDb,p2_bandDb,p2_aucZ,p3_rfreqPW,p3_rfreqGated,p3_rfreqRaw,p3_rpowZ,p3_rpowDb,p3_bandDb,p3_aucZ,p4_rfreqPW,p4_rfreqGated,p4_rfreqRaw,p4_rpowZ,p4_rpowDb,p4_bandDb,p4_aucZ,peakZ,peakLatMs,peakFreq,anyBurst,burstLatMs,timeAboveMs,nBursts,dutyCycle,maxBurstMs,peakZ_base,anyBurst_base,timeAboveMs_base,chirpSlope,freqSpan,freqJitter,apExp,apOffset,gammaBumpDb,gammaPeakPresent
251002_Dupi_NMH_AB_3,focusedBreathing,Dupi,DupiS3,AB,3,1,151437,0,85,662,1242,7974,1916,3832,7973.99999999999,793.353593092947,1.298,0.941748690893627,7.97399999999999,51.2392376490607,51.1615384615385,51.288,1.92165494309349,-7.14031497140348,-3.73538541690885,0.960827471546747,54.9282069725698,54.1323529411765,54.668,1.80456648232998,-9.31781220850601,-6.85424638353382,0.90228324116499,47.9237499416236,51.1221374045802,48.032,2.22273211297386,-4.83431194363436,-7.5162380786591,1.11136605648693,35.8216811213577,35.2,37.084,2.388777354997,2.56201759074694,-3.67309273778747,1.1943886774985,40.335968993118,39.8369565217391,40.888,2.01740545913043,-2.18454886911539,-4.12128412251803,1.00870272956521,55.8021410435461,55.9291338582677,55.4833836858006,1.90492127768847,-9.07639610664061,-7.49887820623869,1.26105788582977,38.8366574923681,38.8952879581152,39.7896551724138,2.66501455015095,1.57928744357219,-4.59752708630765,1.54570843908755,NaN,NaN,NaN,NaN,NaN,NaN,NaN,45.8469350268532,45.8713235294118,46.919624217119,1.38884028439073,-3.23214289340813,-7.25468831839634,2.66101798489264,5.64886369237829,48,53,1,0,382,5,0.190809190809191,134,21.9739878723239,1,1744,18.8560045532157,24,9.34747223983024,1.87915803755014,0.855947450071085,16.9879432515166,1
251002_Dupi_NMH_AB_3,focusedBreathing,Dupi,DupiS3,AB,3,2,155424,1,85,920,1516,12172,2386,4772,12172,3346.14740961855,1.664,3.32964338267791,12.172,38.7509346124868,NaN,37.964,0.80905271205998,-0.198201570578423,-4.96623942999699,0.40452635602999,37.8853362097164,36.9298245614035,38.976,2.15177529047186,6.11133313369616,-1.38811569349128,1.07588764523593,43.7710606239034,43.712389380531,43.868,2.9214294069716,3.57315010075007,-0.322027208818064,1.4607147034858,44.0279949265055,44.1666666666667,44.06,2.46550643503777,-2.75494738845823,-0.753855907038652,1.23275321751889,51.820655930939,52.1275510204082,51.956,2.39490625680312,-5.04915947227142,-2.56083128393976,1.19745312840156,40.9859772705976,41.1066666666667,41.204347826087,2.48702236889904,5.31077663100788,-0.815874071440897,2.28806057938712,44.1206448877267,44.2564102564103,44.1476510067114,2.55504518883519,-2.60302047661475,-0.830047793862112,1.52280693254577,NaN,NaN,NaN,NaN,NaN,NaN,NaN,32.5033366360204,32.4929577464789,31.8847583643123,1.89715592068727,4.23455598997865,-1.40515866430439,3.06200965598925,4.59453551876605,446,37,1,370,580,10,0.28971028971029,190,80.9875521044946,1,1990,-14.1517738569531,24,6.72030306074637,2.05542661820611,1.26283692519184,21.8921334488176,1
251002_Dupi_NMH_AB_3,focusedBreathing,Dupi,DupiS3,AB,3,3,161510,1,85,604,1024,4384,1462,2924,4384.00000000001,484.641230915684,1.026,0.810724917347753,4.38400000000001,36.0878544899453,30.359649122807,43.068,2.01322598372024,0.627831035146796,-4.64764132712048,1.00661299186012,41.5434305888368,40.28125,40.296,2.19175932338135,-1.93030509337066,-7.06631652847098,1.09587966169068,44.8041580453893,45.9662447257384,46.088,3.16782702160056,1.22378752091828,-2.62720098726516,1.58391351080028,47.8071035271004,47.5650406504065,47.54,3.10281037354401,-3.08361169847817,-4.64965346325898,1.55140518677201,34.6972964613109,34.8502673796791,35.056,2.98580274029238,5.45580186465582,-0.481746014883534,1.49290137014619,41.8992948947389,41.0168539325843,40.7417218543046,2.39559762204423,-1.3231456258964,-6.03043140479252,1.44694096371471,45.6453999821453,47.0050251256281,47.1285714285714,3.13916191984679,1.14139987519776,-2.63898338073582,1.31844800633565,NaN,NaN,NaN,NaN,NaN,NaN,NaN,36.6692645000853,34.8083333333333,39.0273597811218,1.64718218330585,2.22886977779786,-3.19570661372834,2.40818035199315,5.78792574269703,1746,34,1,0,974,11,0.486513486513487,220,69.9603613124625,1,1942,54.4158603680516,27,7.38775041364508,1.35800409472553,0.204827213859476,16.8643749322953,1
251002_Dupi_NMH_AB_3,focusedBreathing,Dupi,DupiS3,AB,3,4,163702,1,85,874,1180,3316,1670,3340,3316.00000000003,723.004851652352,1.194,1.10290831244724,3.31600000000003,30.5979797457635,29.8278145695364,34.5,2.49258134250357,1.95262859637123,-4.49555015148991,1.24629067125179,44.8680704104118,48,48.224,0.858665775814263,-5.83453013683848,-7.45337319944836,0.429332887907132,47.7776995608821,47.4807692307692,47.768,1.72416207535703,-8.99449100752545,-6.82487629031758,0.862081037678517,39.1699237634786,39.5462555066079,39.92,3.32996871312899,3.18815143417289,-3.24922350639739,1.6649843565645,44.9556765310295,43.8947368421053,45.724,1.31831977380465,-5.91630485016843,-5.32972502230268,0.659159886902325,46.759939739933,47.7878787878788,48.1395881006865,1.167076546035,-7.00791293787571,-7.24411431360682,1.02002490123459,44.117287176268,44.0275229357798,44.4705882352941,2.39211281789799,-4.20474132840553,-5.98478494783751,0.731986522276786,NaN,NaN,NaN,NaN,NaN,NaN,NaN,43.8182776037025,43.6992840095465,43.5089820359281,1.95478191197422,-2.25169411981271,-5.17427857017043,3.26448579299695,5.00444145699617,1380,36,1,564,356,4,0.177822177822178,196,81.8960484522937,1,1878,37.7784101688484,14,4.44231459453295,2.00981420714012,0.947988840136901,20.1188651181321,1
251002_Dupi_NMH_AB_3,focusedBreathing,Dupi,DupiS3,AB,3,5,165360,1,85,1132,1564,3892,2168,4336,3892,1588.94834874187,1.632,2.04805721884694,3.892,51.0156028968662,51.2487562189055,50.46,2.78016459549698,-6.05025871570579,-5.09114278795594,1.39008229774849,54,54,54,1.48813970336627,-8.31025322204102,-4.9729253352549,0.744069851683136,52.057220017467,52,52.116,2.04132871887985,-8.32946343482179,-6.40437497956732,1.02066435943993,34.5859259109687,33.52,39.056,2.03286410215013,3.12675419882211,-4.13835578420437,1.01643205107506,33.5379575372494,33.51875,32.844,2.16431489545556,3.06301693297264,-3.75851476675167,1.08215744772778,52.8179141093853,52.6114649681529,52.6325088339223,1.60907260053474,-8.55511424854466,-5.95863424285763,1.82147018380533,33.4616875230606,33.4087591240876,34.8518518518519,2.47362186672254,4.26496461568198,-3.18888624405926,1.06860464642414,NaN,NaN,NaN,NaN,NaN,NaN,NaN,44.9042289356909,47.1764705882353,42.8002183406114,1.48691428200375,-2.21450771640652,-5.61295539747861,2.72402696463086,4.47617039790337,1406,34,1,204,396,5,0.197802197802198,200,15.5237672493999,1,1432,-2.16274807661778e-14,24,9.60178387050068,1.58658905847347,0.569756261622991,14.940530225559,1
251002_Dupi_NMH_AB_3,focusedBreathing,Dupi,DupiS3,AB,3,6,167306,1,85,840,1718,4598,2072,4144,4597.99999999996,3192.68017498214,1.674,3.14706568231679,4.59799999999996,29.4450370872946,29.5327102803738,29.396,2.04917864165284,1.50813071897915,-5.74315889886687,1.02458932082642,32.2615713295777,35.9642857142857,31.712,1.11380171962663,-0.547871750960297,-6.97001267784163,0.556900859813317,51.8769981877937,52.1,51.712,1.59072926447645,-8.49210503262119,-8.01054759503763,0.795364632238226,56.1426812325671,56.0833333333333,56.06,2.30806842400139,-9.96590623480647,-8.92997157208448,1.15403421200069,38.3038955959569,40.4508196721311,40.312,2.33510175928624,-0.0152598914928816,-6.86116339966725,1.16755087964312,40.3366814482766,43.75,39.1833333333333,1.22962402516175,-2.30359577429075,-7.24139277591676,1.03288418113587,52.7450238970964,53.0113636363636,50.9271070615034,1.87841677211121,-5.57970332499766,-9.05618635545158,1.64924992591364,NaN,NaN,NaN,NaN,NaN,NaN,NaN,41.0717031981885,40.5053380782918,42.9906639004149,2.22891049882864,-0.636820941047313,-5.90219503174851,4.29733944174162,8.55562172637599,1740,25,1,1056,324,5,0.161838161838162,120,25.4027847165018,1,1150,19.8053500284576,32,9.89567148829801,1.85712600263035,1.84852575919824,0.696592243531926,0
251002_Dupi_NMH_AB_3,focusedBreathing,Dupi,DupiS3,AB,3,7,169605,1,85,1406,2136,3766,2542,5084,3766.00000000002,1626.98700535499,2.088,1.60349472713881,3.76600000000002,48.5709331555535,47.9166666666667,49.108,2.23468432100452,-8.87127859781042,-4.15433194635358,1.11734216050226,34.4964488841859,34.2181069958848,34.224,3.28840266384164,4.62597700466216,-2.05572448478476,1.64420133192082,32.6452708539041,32.6898734177215,32.28,2.53598805901041,6.87387567274321,-1.52022920424565,1.2679940295052,31.332431819337,NaN,32.816,0.656350601016646,0.11468135645889,-6.23922117781325,0.328175300508323,50.2088446805767,52.6923076923077,48.28,1.38159032932498,-8.852138603997,-6.82208089907462,0.690795164662492,33.4202899022038,33.6159600997506,32.7354196301565,2.29152949623914,4.921732531086,-2.62915472098598,3.22189047171224,50.4991901606921,52.4368932038835,47.7342465753425,1.35010118946443,-8.23136411486768,-6.90864629435351,0.985573868309037,NaN,NaN,NaN,NaN,NaN,NaN,NaN,43.7416411839404,37.0744680851064,49.1069958847737,1.22470493501108,-3.20619312170853,-8.07926739699583,1.78561979524615,4.4779580919524,30,42,1,0,486,3,0.242757242757243,228,65.0892044278152,1,1984,-17.6061468412066,23,7.46062318139524,1.27442048290583,0.0639030182414557,20.9667203332011,1
251002_Dupi_NMH_AB_3,focusedBreathing,Dupi,DupiS3,AB,3,8,171488,1,85,624,1144,3020,1632,3264,3019.99999999998,1190.60304176232,1.238,1.59759273157063,3.01999999999998,35.795341357188,28.027027027027,40.584,0.857007045025733,-2.58776671945036,-8.6478563937459,0.428503522512866,56.2202298448956,NaN,55.776,0.71511626873926,-12.7098647592258,-13.9742285786161,0.35755813436963,51.135415152997,50,51.004,0.555388114342911,-11.9233743435127,-12.7163619004857,0.277694057171456,55.8394214331409,55.4489795918367,55.232,2.98474434909849,-8.66217893625593,-6.1475739543187,1.49237217454924,50.2548237474881,49.9857142857143,50.324,2.14936872826944,-9.46771665357236,-6.00381570581902,1.07468436413472,56.0145131311302,NaN,55.7339743589744,0.671391062327273,-12.8213939635796,-14.1765599774518,0.418948022892218,52.70320798608,52.5411764705882,50.5269230769231,1.16824438067398,-10.7171045273839,-10.0594246528012,0.607487077950468,NaN,NaN,NaN,NaN,NaN,NaN,NaN,48.2465739281873,48.2067307692308,48.0392156862745,2.07558147811589,-7.55528472550666,-5.70587813960461,3.38734897228513,4.91290875487238,1206,57,1,1090,348,12,0.173826173826174,212,41.4168308032094,1,1758,-11.792828685259,10,3.7092611173007,1.67076954551918,0.482842727993113,14.0120412357376,1
251002_Dupi_NMH_AB_3,focusedBreathing,Dupi,DupiS3,AB,3,9,172998,1,85,600,1182,2754,1742,3484,2754.00000000002,698.489943929439,1.146,1.07713208202054,2.75400000000002,51.1585699758877,51.8407079646018,50.616,2.34728586390748,-7.94900862974915,-5.21283617850699,1.17364293195374,46.6857877843826,46.9537037037037,46.468,1.87415914325668,-6.62635438588524,-6.44164109174165,0.937079571628339,39.3824183754905,39.280193236715,39.168,3.12140075636232,5.4072285245702,-1.52524383296948,1.56070037818116,47.5831801207248,47.2987012987013,46.9,2.66152885185707,-4.50913529495172,-3.84934645077991,1.33076442592853,39.6570391954141,41.986301369863,39.084,1.72992530366916,1.57269141607495,-4.12453176918185,0.864962651834581,45.0957691040711,45.2405063291139,45.6466666666667,2.24196474213432,-3.69732826956596,-5.29440834876571,1.34517884528059,39.687255662071,39.7592592592593,39.7182130584192,2.67779917758965,4.66180716046987,-2.16726890608877,1.55847912135718,NaN,NaN,NaN,NaN,NaN,NaN,NaN,31.0285827865027,30.1888111888112,31.2893226176808,1.80831201341988,3.33007282384301,-4.08439170042253,3.15007952737742,5.18665974300062,1404,50,1,120,552,5,0.275724275724276,190,20.639753741163,1,1770,-5.84822614304687,26,5.53333917755277,1.78192425731684,0.542036492129026,22.4965945892163,1
251002_Dupi_NMH_AB_3,focusedBreathing,Dupi,DupiS3,AB,3,10,174375,1,85,718,1446,3302,1820,3640,3302.00000000002,853.881707570199,1.376,1.07993959696826,3.30200000000002,36.2811058632411,31.6907894736842,40.664,2.21916864444218,3.57657726189168,-2.51785798003801,1.10958432222109,45.6509966895744,30,49.96,0.72134572488918,-3.89820155957409,-6.38476345076352,0.36067286244459,40.0539076031304,40.4266055045872,40.392,2.70102873883335,-0.176755701165567,-3.90927184419798,1.35051436941667,30.1741430140582,30.9746192893401,31.68,2.72561806524285,5.0248996822473,-1.77194604432961,1.36280903262143,34.1873554854509,33.8518518518519,34.452,2.1274919943177,6.77954091157587,-1.70578462638666,1.06374599715885,40.852253484369,37.6559139784946,46.3426183844011,1.3536590296337,-1.6475401523954,-5.90613560759042,0.971927183276996,34.8486143430471,36.0635451505017,36.0467032967033,2.63960949756682,3.47438263764502,-2.4432609487121,1.92163571422864,NaN,NaN,NaN,NaN,NaN,NaN,NaN,40.6999874374205,43.3830985915493,39.1956043956044,1.7279340013059,1.74078587113587,-3.67002788709223,3.14483988237674,4.55937669662625,1404,25,1,602,474,4,0.236763236763237,172,17.4860230725181,1,1498,8.34604439385315,24,5.84427413987006,1.43556605430536,0.468504335493583,17.389447877916,1
251002_Dupi_NMH_AB_3,focusedBreathing,Dupi,DupiS3,AB,3,11,176026,1,85,670,1244,2516,1848,3696,2515.99999999996,976.43627760922,1.316,1.2467527581422,2.51599999999996,28.7241872872654,27.5119047619048,29.536,1.97405745421885,2.88650914181889,-3.4239847631856,0.987028727109426,26.3077601614985,26.15,26.448,1.41775279009797,-0.0259075658801087,-6.50016887814939,0.708876395048985,44.3289151645417,43.3333333333333,46.7,2.41532247205803,-3.69348942401388,-5.66427113427388,1.20766123602902,51.2878127127123,51.158940397351,51.648,2.0261350036047,-9.60705676978018,-5.98932029050651,1.01306750180235,45.8494289671283,49.2916666666667,42.352,1.54675499047307,-0.0199372875855307,-4.83148076007695,0.773377495236533,32.9898090981811,33.1456953642384,30.1462686567164,1.93728953808399,-0.140362790805542,-6.14028356061447,1.29798399051627,48.9846764304855,48.134328358209,50.5331010452962,1.87180862876077,-8.13243579283745,-6.51395855361239,1.07441815290868,NaN,NaN,NaN,NaN,NaN,NaN,NaN,37.4196183663152,38.2977667493797,36.7608225108225,2.00806875676756,2.37511256539033,-4.15013740182228,3.71091106250645,5.11577715429757,640,41,1,572,248,5,0.123876123876124,118,34.8839649858284,1,1602,0.125592866628708,27,9.35382876809174,1.95512013501222,0.953550831164475,17.5879931744874,1
251002_Dupi_NMH_AB_3,focusedBreathing,Dupi,DupiS3,AB,3,12,177284,1,85,720,1446,2998,1810,3620,2997.99999999999,1201.55777839128,1.344,1.46336439657886,2.99799999999999,40.566716206547,42,39.724,1.49935053499063,-0.278157951790035,-5.14175781243991,0.749675267495316,31.8288443731539,25,33.1,1.20670558637951,-0.731580611191356,-4.96865793186611,0.603352793189755,43.087664489762,43.375,43.504,2.95153428090668,-0.622057219713022,-4.2821836857928,1.47576714045334,52.4607198333228,52.4972375690608,52.46,2.72534101498454,-1.44024612824797,-1.29769915310421,1.36267050749227,40.3806590288129,41.3858267716535,39.248,2.09840720415149,1.52450094245196,-2.69592253743684,1.04920360207575,37.6866185697764,40.2358490566038,36.4305555555556,1.61550615962968,-1.43385158901778,-5.47278414874418,1.16316443493337,50.0093890612054,50.1508771929825,50.4490358126722,2.88395183202756,-2.27529324991262,-1.97343148970754,2.09374903005201,NaN,NaN,NaN,NaN,NaN,NaN,NaN,44.7593536544918,45.0973451327434,44.2563535911602,1.41349438799813,-1.27566671018246,-4.15023910633702,2.55842484227661,4.36276775519625,900,39,1,658,612,7,0.305694305694306,146,15.9147001029601,1,1836,-2.57142857142858,33,9.11112223098565,1.62515413574216,0.524802002670995,19.6492839943914,1
251002_Dupi_NMH_AB_3,focusedBreathing,Dupi,DupiS3,AB,3,13,178783,1,85,676,1312,3038,1794,3588,3038.00000000001,1395.36959373993,1.322,1.71135156075883,3.03800000000001,56.6635196918225,57.0753424657534,55.904,2.47306228101212,-10.1613691285456,-5.79627141658961,1.23653114050606,29.7733654786234,31,29.512,1.17673509462297,1.65370990144605,-4.40829531125924,0.588367547311484,37.7729809156784,37.4896265560166,37.544,3.75115137439512,6.67695690557354,-0.252237064420595,1.87557568719756,51.8070505820023,52.258064516129,50.94,2.63528901247131,-7.10365358039903,-4.47871275290562,1.31764450623566,39.4472293981745,39,39.612,2.10021902642775,0.470849361593183,-4.35324686515105,1.05010951321388,32.4505899758931,34.6736842105263,30.9437869822485,1.73459987366155,3.52042363708747,-2.92528219830239,1.1725895145952,43.9780702976158,44.6975088967972,45.3553459119497,3.32351134812357,3.96056741076443,-1.99023064560618,2.11375321740659,NaN,NaN,NaN,NaN,NaN,NaN,NaN,43.4459186151737,42.351724137931,45.1727982162765,1.65449313446697,-2.52907706430776,-5.65538580079229,2.96816068323375,4.81584181342226,1004,50,1,516,672,8,0.335664335664336,266,58.6335112247991,1,1664,0.688673875924877,22,7.88326934935678,2.39405767411026,1.30341017306218,23.3202858367097,1
251002_Dupi_NMH_AB_3,focusedBreathing,Dupi,DupiS3,AB,3,14,180302,1,85,628,1340,2600,1904,3808,2600.00000000002,1546.71041894195,1.312,2.01839681200238,2.60000000000002,32.3666815421605,32.7943925233645,31.3,2.00290024977992,3.04684255571482,-3.5721257084979,1.00145012488996,44.7487991242363,NaN,47.516,0.388320533002058,-8.79310138144604,-11.8780072481937,0.194160266501029,39.0119235512309,34,43.104,0.823059005754569,-0.613982823571938,-6.48909849275959,0.411529502877284,55.34248621695,55.5392156862745,54.944,1.5614263102392,-11.5360776177375,-4.70648754842211,0.780713155119598,46.2124716656089,48.5689655172414,45.8,1.48718062380961,-5.86580505725947,-6.4587071229395,0.743590311904803,45.6754291729295,NaN,47.6496815286624,0.486150356159755,-7.17427080171,-10.6850713228425,0.305302423668326,48.2532503820113,51.25,47.8398876404494,1.17224303690883,-2.45905154203712,-5.39804881679372,0.834637042279089,NaN,NaN,NaN,NaN,NaN,NaN,NaN,41.2953916132238,40.828231292517,41.5378151260504,2.5641018293256,0.542813018628544,-4.39515845526585,4.88204988303594,3.49041380716551,2000,48,1,1326,26,2,0.012987012987013,18,13.2770493502053,1,588,50.9269588313413,22,6.35347067554925,1.75168907312803,0.659722073914417,15.7852718315949,1
251002_Dupi_NMH_AB_3,focusedBreathing,Dupi,DupiS3,AB,3,15,181602,1,85,748,1516,2820,1990,3980,2819.99999999999,1401.06562134593,1.368,1.83703488566872,2.81999999999999,43.3174997701585,44.0294117647059,42.2,1.8813437566901,-1.84537043759713,-5.04751937326848,0.94067187834505,26.5207835073317,25.2053571428571,28.216,2.33730286062466,2.58346275338935,-5.39885003303017,1.16865143031233,54.0644225925498,54.0892857142857,54.04,2.09960609920848,-8.60239197321666,-3.07483062629194,1.04980304960424,47.6644959516013,49.5714285714286,46.764,1.5829716392256,-5.29603244436335,-3.02592469547365,0.7914858196128,49.386623537342,51,48.156,2.23618984258209,-4.33492174969596,-3.24565211739167,1.11809492129105,32.6345421763427,25.2053571428571,36.7647058823529,2.00944229594191,0.958092542332224,-5.84066794246606,1.50306283736454,50.6347731525894,52.3516483516484,49.1276041666667,1.99076951361857,-5.93191747080077,-2.23168313235767,1.52891098645906,NaN,NaN,NaN,NaN,NaN,NaN,NaN,33.8523853686408,30.6188235294118,36.9949748743719,1.78802319013835,3.34730905882492,-3.03058957042711,3.55816614837533,5.24390075611778,326,25,1,240,418,5,0.208791208791209,168,35.0222315312296,1,1892,1.71011193321949,30,12.2011394520644,1.62396329656429,0.628986662660022,19.2342469946625,1
251002_Dupi_NMH_AB_3,focusedBreathing,Dupi,DupiS3,AB,3,16,183012,1,85,746,1454,3072,1946,3892,3072,1401.11088061439,1.402,1.74029023032752,3.072,31.0013058916976,28.3444444444444,31.976,1.88313416818149,4.27669505103156,-1.27664237015031,0.941567084090745,36.7756322031684,36.3025210084034,36.284,1.81879786372031,3.3104847823127,-2.42267737706784,0.909398931860157,46.662030942699,46.4177215189873,45.956,1.25490386159664,-5.73830560026108,-4.65752397569939,0.627451930798318,43.8601147094181,43.8141592920354,43.88,2.16169341195165,-6.78163478418615,-0.901952120633156,1.08084670597583,40.8295137188911,41.3189655172414,41.088,2.0034913406538,3.62852602741153,-1.16787362430021,1.0017456703269,37.8011605739029,36.3025210084034,39.1581769436997,1.36014122740133,1.96242929153349,-3.2440082032547,1.01466535564139,44.7254987263246,44.8854166666667,44.819209039548,2.17992356354515,-7.33000742063459,-1.63528834890461,1.54338588298997,NaN,NaN,NaN,NaN,NaN,NaN,NaN,47.2676139448009,48.7943444730077,46.8530318602261,1.9942512542034,-3.04795600811195,-3.73758919237399,3.88081294067982,5.25909791645203,1266,44,1,896,196,3,0.0979020979020979,98,26.3447828788775,1,1606,-44.0432555492317,18,6.17402019431498,1.68723588459352,0.634813907522372,19.9681822371596,1
251002_Dupi_NMH_AB_3,focusedBreathing,Dupi,DupiS3,AB,3,17,184548,1,85,686,1474,3078,1862,3724,3077.99999999997,1296.92949377926,1.402,1.60487151327689,3.07799999999997,54.9187085513485,57,52.088,1.48707304577644,-10.2005396912822,-5.28602874810137,0.743536522888222,48.7353363330335,48.589928057554,48.504,2.33234197543522,-8.50984843851652,-5.25291478349664,1.16617098771761,50.8483458598818,52.7264150943396,48.148,1.77513937134902,-6.76505582059132,-6.57612792807296,0.887569685674511,45.2613416568744,44.8809523809524,45.44,2.31313448576398,-6.58618381160183,0.38772310015858,1.15656724288199,54.5295219328863,54.9183673469388,54.288,2.34644433840963,-7.42055213573379,-2.52364000416988,1.17322216920481,48.2343177539533,48.7515923566879,47.1399416909621,2.01262366608215,-7.35152488732169,-5.85024007331956,1.38065983493235,47.9647315795987,47.76953125,47.5710659898477,2.26822748329987,-7.05542733452306,-1.15699969714726,1.7873632568403,NaN,NaN,NaN,NaN,NaN,NaN,NaN,40.9436146732618,39.3447293447293,41.297529538131,1.65355349017462,-1.23905952614511,-4.67148191885514,3.07891659870514,4.93350805364591,400,50,1,342,346,9,0.172827172827173,122,21.0045032416212,1,1818,10.4424207930184,13,4.64694748972922,1.47645547484663,0.464717164716441,19.8501768823554,1
251002_Dupi_NMH_AB_3,focusedBreathing,Dupi,DupiS3,AB,3,18,186087,1,85,716,1540,3066,1990,3980,3066.00000000003,1313.3190385554,1.406,1.64439661290368,3.06600000000003,40.1487471478577,32.1176470588235,43.372,1.5474742527442,-1.23801369092736,-5.3768526694339,0.773737126372099,55.2138004598427,55,55,1.12222216953632,-12.7406885630589,-5.60839128789061,0.561111084768158,40.5833818007061,40.1622807017544,40.54,2.54121390004078,3.91822438213929,-2.1647567630988,1.27060695002039,44.3345699084932,43.9267015706806,44.24,2.77375826211575,-4.69420211349165,-3.29439538374913,1.38687913105787,43.4607832182616,42.4313725490196,45.028,2.14731919315916,0.178560526213653,-3.03295227015126,1.07365959657958,51.5980815687695,48.010101010101,52.8351955307263,1.56642065643857,-4.90013281128777,-4.99757720315937,1.12155719001002,41.2494605032562,40.3895348837209,41.0436893203884,2.69438142291109,1.67769996724624,-2.39951885984671,2.22017029247874,NaN,NaN,NaN,NaN,NaN,NaN,NaN,42.4789493341976,41.3061224489796,43.8422110552764,1.53176430804678,-0.263114374188347,-4.80972906238643,3.04821097301309,4.87982645013882,1324,47,1,536,394,10,0.196803196803197,122,23.9812454731743,1,1894,-7.30373743122749,22,6.79569807837462,1.64082603260676,0.616507664298023,18.3364728469679,1
251002_Dupi_NMH_AB_3,focusedBreathing,Dupi,DupiS3,AB,3,19,187620,1,85,668,1472,2988,1936,3872,2988,1383.44994742967,1.43,1.66031728711208,2.988,49.7758125559083,49.8,47.44,1.00050158404576,-6.25626150378159,-6.37143516044698,0.500250792022882,34.4386739522377,32.9787234042553,38.732,1.52516923568649,3.35324142625821,-3.01153889507959,0.762584617843245,46.3138667942917,44,46.86,1.10141833828519,-9.20581221305049,-5.38733051057633,0.550709169142594,52.38873960528,52.9318181818182,51.98,3.06286550006375,-7.73564239681931,-2.66739837696944,1.53143275003187,46.0764437728509,46.0261437908497,49.016,2.65708951605938,-2.15684062266598,-4.37354452047967,1.32854475802969,36.6250519140396,32.9787234042553,41.062874251497,1.36101939064265,2.14307881626254,-3.85422233332952,0.909160952949289,50.7203304068061,51.9866666666667,49.4875621890547,2.28324303276833,-7.94716553396323,-3.26792101739533,1.83572739834574,NaN,NaN,NaN,NaN,NaN,NaN,NaN,40.1799825135136,40.4356617647059,41.6921487603306,2.43710454910267,1.14870896353579,-3.31681800400396,4.71823440706278,5.27823098016947,1926,41,1,112,644,11,0.321678321678322,148,38.4812727062777,1,1760,38.7558338076266,24,8.59673311879966,1.25724542971436,0.146578987619215,15.0318349226577,1
251002_Dupi_NMH_AB_3,focusedBreathing,Dupi,DupiS3,AB,3,20,189114,1,85,654,1318,2788,1780,3560,2788.00000000001,1092.34681731081,1.278,1.49444326533245,2.78800000000001,35.3476032251992,36.0891719745223,37.312,3.0540965898674,3.51087013401822,-1.28851594173114,1.5270482949337,34.7503091047216,32.1818181818182,41.428,1.13417008222446,-1.87328111613959,-5.39645236925974,0.567085041112231,41.357109011928,41.3310344827586,40.752,2.16786508877703,-0.493414468642043,-3.65439048644032,1.08393254438851,43.8343500380971,44.0643274853801,43.24,2.56958749110825,0.175824591453711,-2.42253354648711,1.28479374555412,33.9471350743291,34.0791366906475,33.456,1.90657099916782,5.60960965985575,-2.13242439411213,0.953285499583911,38.6111149323892,38.7692307692308,41.7339449541284,1.58037593952353,-1.82901179367252,-4.75853527403795,1.03356586444839,42.1652351838298,42.3937823834197,41.3132530120482,2.30247328959438,0.830411491930044,-2.58038899885375,1.52884226429067,NaN,NaN,NaN,NaN,NaN,NaN,NaN,45.6214582367536,44.0593220338983,45.7112359550562,1.98599013878082,1.72123066220137,-5.58428429341136,3.53506244702986,4.67444148684026,1256,49,1,0,328,6,0.163836163836164,96,22.3553679261037,1,1434,83.8228040220072,24,6.16062355327204,1.63136000648926,0.61333698047562,17.9969316472966,1
251002_Dupi_NMH_AB_3,focusedBreathing,Dupi,DupiS3,AB,3,21,190508,1,85,774,1322,3152,1856,3712,3151.99999999999,919.688024545307,1.312,1.21909700272134,3.15199999999999,51.1613560848423,53.8333333333333,49.672,1.79580830814798,-2.02155648660192,-6.44310068322894,0.897904154073991,52.4506512628783,54,52.132,0.960112811769135,-10.9166448180963,-9.31306144639663,0.480056405884567,44.2293761615309,44.39,44.352,3.1666137644381,-4.23800111438269,-5.09058938125875,1.58330688221905,53.9301755285699,54.6686390532544,53.224,2.54469115716975,-7.76984308324939,-3.02894439082528,1.27234557858488,51.0741049079532,51.265306122449,50.796,1.90883664645623,-9.57810867537334,-4.37387911781039,0.954418323228113,48.0867264965369,46.0423728813559,49.8682170542636,1.73962580636078,-8.35762355305564,-8.75012479542118,1.34647037412324,50.0428440379346,50.9270386266094,50.2956204379562,3.053469806539,-5.04067471991594,-3.77674424444121,1.67330145398337,NaN,NaN,NaN,NaN,NaN,NaN,NaN,47.4141760462484,46.0253968253968,48.5032327586207,1.76027989418144,-4.96610764515314,-5.6623420640321,3.26707948360075,5.49702700427461,956,42,1,536,504,6,0.251748251748252,144,16.6990455353015,1,1562,-13.3701384936445,15,5.30233089537647,1.85141284657208,0.850888430390417,16.7761809765064,1
251002_Dupi_NMH_AB_3,focusedBreathing,Dupi,DupiS3,AB,3,22,192084,1,85,690,1542,3274,1900,3800,3274,914.5253637404,1.418,1.07006712830821,3.274,47.4928737548444,47,48.052,1.45243670291338,-9.92173641188556,-7.70799821404251,0.726218351456688,50.7357185168414,51,50.712,1.31737801599622,-11.0370353898631,-9.93440982586735,0.658689007998109,42.1065235915911,44.5533980582524,39.952,1.91285797813683,-1.60952999013344,-5.89779976923038,0.956428989068413,33.7775951143964,33.78125,33.564,2.69207156185191,6.81743738704149,-0.857140415212611,1.34603578092596,30.4370719907052,30.1854838709677,30.572,1.84928109411286,3.52499093762432,-2.87720414591197,0.92464054705643,48.7931331412264,46.8061224489796,49.4492753623188,1.7342106154071,-8.93721905904819,-8.66036067802449,1.1966053246309,34.2737810355252,34.2990196078431,34.4342723004695,2.22228037254601,5.28921999587674,-2.07968553840816,1.8933828774092,NaN,NaN,NaN,NaN,NaN,NaN,NaN,39.7100820565198,39.8055555555556,41.1705263157895,1.51718744093043,1.01912499990746,-4.2516676318342,2.88265613776782,4.72041582718009,1374,33,1,548,338,4,0.168831168831169,200,22.2871095292371,1,1762,-0.487194080819569,22,6.81125276762129,2.07682407731206,0.895401886743444,22.5999742023649,1
251002_Dupi_NMH_AB_3,focusedBreathing,Dupi,DupiS3,AB,3,23,193721,1,85,800,1338,3848,1826,3652,3848.00000000001,1426.83413420084,1.354,1.6784045519372,3.84800000000001,31.7423730998745,NaN,36.916,0.84953649847747,-0.13404623515012,-6.15254298673283,0.424768249238735,33.2790422513598,25.0879120879121,38.572,2.32289007435804,0.750968275902885,-5.03492693468736,1.16144503717902,39.1903557727662,39.0891719745223,38.5,2.7402488226625,1.09455229688131,-2.8761057176252,1.37012441133125,33.4502112172647,33.3585858585859,33.82,2.5631416752637,7.66140646041192,-0.404518454832051,1.28157083763185,41.2889250549764,42.8,40.172,1.18965246367611,2.44517420691065,-2.78406098412572,0.594826231838054,36.7291935363667,33.0236686390533,38.955,2.42753412672205,0.297205327311408,-4.69526099181474,1.94202730137764,33.8896489644903,33.719387755102,34.5947955390335,2.68141575561939,5.64326489741974,-1.05827217699812,1.44260167652323,NaN,NaN,NaN,NaN,NaN,NaN,NaN,48.5451152937513,49.1611111111111,47.855421686747,2.19312100792336,-2.72280366585192,-1.81096283162786,4.00463896046806,5.93940012290881,294,25,1,232,528,4,0.263736263736264,174,92.1253935596653,1,1952,-89.3579965850883,23,6.75241031373576,2.54883380239769,1.9636117245401,21.5200117576067,1
251002_Dupi_NMH_AB_3,focusedBreathing,Dupi,DupiS3,AB,3,24,195645,1,85,1128,1744,3062,2232,4464,3061.99999999995,2263.34730160537,1.738,2.10151816119889,3.06199999999995,48.1245626624681,48.0763888888889,48.268,2.46295755361199,-4.56999900852714,-2.16205700478722,1.23147877680599,44.3712529044707,43.8290598290598,44.92,2.01983316188154,-4.90553435200445,-1.53955721017955,1.00991658094077,43.3153036699962,42.3218390804598,45.88,2.56206775857298,1.37660215685195,-3.03352071099833,1.28103387928649,53.9244704843426,52.3611111111111,54.328,1.67266420741219,-7.43855557418251,-0.217656653707325,0.836332103706097,52.7900731198654,52.5869565217391,53.208,2.28753382127263,-6.97194884311259,-1.40555522010445,1.14376691063632,44.6392952559064,43.527868852459,46.6028368794326,2.18446066472275,-1.14986965114818,-2.28266809015448,2.46407162980726,52.6660550399935,51.327868852459,53.2564935064935,2.07636265389306,-6.7431273070382,0.183601271285727,1.27903939479812,NaN,NaN,NaN,NaN,NaN,NaN,NaN,37.1571305238594,37.005376344086,38.0769230769231,1.80685708222169,2.19454735058757,-3.79010067038355,3.19452332136795,4.68187910206829,1556,51,1,0,412,6,0.205794205794206,222,21.620856779604,1,1356,-10.9770442041359,18,6.43329597631802,2.30925226399336,1.65883446587885,20.978089297222,1
251002_Dupi_NMH_AB_3,focusedBreathing,Dupi,DupiS3,AB,3,25,197176,1,85,784,1354,2642,1730,3460,2642.00000000005,2141.8558843321,1.332,2.87493461033383,2.64200000000005,29.48368625472,31,28.864,1.27024831303023,4.26860272017183,-3.30329122580662,0.635124156515114,28.2584964196173,25,33.548,1.10719461675135,1.2372511325073,-5.59323495589779,0.553597308375676,47.175014452307,55,46.364,1.17634658863311,-5.7790264564835,-3.95057534551909,0.588173294316556,49.229753317913,49.8732394366197,49.212,2.27047950355157,-5.24781527100263,-1.71486188569305,1.13523975177579,53.7769927469487,53.5733333333333,53.816,1.90311563051001,-6.15025462156166,-0.641519230501185,0.951557815255007,33.7250513707193,25,37.0051020408163,1.09489276113196,-0.151210357058642,-5.41201814913303,0.858395924727454,49.9516382742345,50.375,50.0280701754386,2.04582261513923,-5.83747714543884,-2.40644029728107,1.16611889062936,NaN,NaN,NaN,NaN,NaN,NaN,NaN,51.0665121001277,49.5328947368421,52.0635838150289,1.42423386627277,-7.16502486391439,-3.97705468870434,2.46392458865189,4.50593733479317,1622,54,1,1226,200,4,0.0999000999000999,70,27.4621193228921,1,1688,67.4653765888826,30,9.7155429028469,1.02675283675682,0.0186421348424564,16.3518969574547,1
251002_Dupi_NMH_AB_3,focusedBreathing,Dupi,DupiS3,AB,3,26,198497,1,85,948,1544,3156,1924,3848,3155.99999999995,1444.37269540846,1.47,1.87200812783135,3.15599999999995,48.4935153799407,48.5353535353535,48.888,1.72144443277637,-6.24964519201455,-3.22743740211906,0.860722216388187,54.3093615066602,NaN,53.624,0.738410036470898,-10.0326507880971,-7.53787489107565,0.369205018235449,47.9827081515902,48.1875,48.384,3.14698967105769,-3.47273239073086,-2.42108091898824,1.57349483552885,32.713516331777,30.7845303867403,34.552,2.80843718563508,5.70124659072258,-0.725451742396174,1.40421859281754,37.4053251235164,36.7058823529412,39.012,2.55285803531584,5.87947485153321,-1.6829296820258,1.27642901765792,49.5052158282456,48.2947976878613,51.4978902953587,1.96184779968358,-5.787639428394,-4.28249020091502,1.85983171410003,33.7944118358675,30.9673913043478,36.5604026845638,2.56834362991091,5.00849174835426,-1.16170840708611,1.5307328034269,NaN,NaN,NaN,NaN,NaN,NaN,NaN,44.1114443386687,38.9041095890411,45.2182952182952,1.33633073364492,-0.690491313233985,-5.28641763305603,2.57110033153282,5.54611092237845,860,42,1,658,708,5,0.353646353646354,220,16.7525669873456,1,1490,16.1092771770063,27,7.89011384766672,1.52229495056923,0.638247361089344,18.0944481332611,1
251002_Dupi_NMH_AB_3,focusedBreathing,Dupi,DupiS3,AB,3,27,200075,1,85,738,1230,3294,1686,3372,3294.00000000004,1126.47410695864,1.226,1.54360965463718,3.29400000000004,55.7124178990677,57.3917525773196,54.36,1.75704755866612,-9.88341253588221,-5.37972339350444,0.878523779333059,55.5292624208945,55.0882352941176,55.584,1.66011448179185,-10.1074093056604,-9.40995399697256,0.830057240895925,48.0892651632823,47.9873949579832,48.08,2.95796220461832,-6.11683365755443,-4.69524064937823,1.47898110230916,32.1875652434822,32.6397058823529,32.128,2.42430261701594,6.19786795885309,-1.18479067645231,1.21215130850797,34.686023670115,34.5631578947368,34.712,2.65274471539194,5.63637697743278,-2.01581042909053,1.32637235769597,52.5920312932731,51.7541899441341,53.7344173441734,2.23043796965954,-8.79364849670006,-7.38249126921929,1.64606322160874,38.5178683147578,39.9075630252101,39.9552845528455,2.99124633208158,4.23260461261319,-1.89610182281865,1.47169319538414,NaN,NaN,NaN,NaN,NaN,NaN,NaN,38.0526402129707,36.2262773722628,38.5266903914591,1.30295507656006,0.806827735493188,-4.59524200888357,2.19678225908027,5.41646912763113,638,49,1,0,614,8,0.306693306693307,140,33.0036659749623,1,1456,-6.9049516220831,26,8.74332107402435,1.81359003447059,0.822733763433654,20.4099299380936,1
251002_Dupi_NMH_AB_3,focusedBreathing,Dupi,DupiS3,AB,3,28,201722,1,85,676,1164,3276,1662,3324,3276.00000000001,842.650468583896,1.158,1.11667804576127,3.27600000000001,50.0168578884966,52.4186046511628,48.04,1.77428523454405,-7.39139465177928,-6.83158219369497,0.887142617272023,47.6955018755713,46.6473684210526,47.764,2.79889493905724,-5.33594443133665,-4.60918872915732,1.39944746952862,41.1763773950986,40.4810126582278,44.752,2.63915970269675,1.1252969415031,-4.47437963492553,1.31957985134837,53.905448166715,54.0973451327434,54.34,3.06574536093385,-9.10828413743211,-2.50972237510111,1.53287268046693,36.6968564350024,36.5885416666667,36.836,2.42916447253454,4.26720452732206,-2.90643463492278,1.21458223626727,46.2840750626554,45.4296875,46.5118343195266,2.8066270158869,-3.29854119491051,-4.9107456505975,1.89727986273954,46.1577143323662,47.2603550295858,49.3852459016393,2.59835923179535,0.0637861983445594,-4.06719073411037,1.26799930511613,NaN,NaN,NaN,NaN,NaN,NaN,NaN,34.7789598347375,32.7294117647059,38.9338146811071,1.06090127057194,0.232475011274371,-5.66453673037998,1.76321791169056,5.21003954926057,462,48,1,24,788,10,0.393606393606394,192,29.3505175193507,1,1856,-21.4160500853728,22,8.10115066684966,1.48687870154935,0.545004561878221,17.3800295859299,1
251002_Dupi_NMH_AB_3,focusedBreathing,Dupi,DupiS3,AB,3,29,203360,1,85,620,1118,3360,1692,3384,3359.99999999996,867.316314641948,1.192,1.13860458111225,3.35999999999996,27.9524745221409,29,27.36,1.1957511401628,0.0514824658924632,-7.66301848074442,0.597875570081399,43.9061316660493,46,40.64,1.07953156647339,-3.84262786613994,-8.24808625983874,0.539765783236697,39.3577491820237,38.068669527897,38.22,2.97758685676003,1.81311655794266,-4.14542055117434,1.48879342838001,35.9157406486074,35.8831775700935,35.612,3.52116862089221,3.64399728881298,-3.34046235800856,1.7605843104461,52.4292346247728,52.1023622047244,52.256,1.80409103478711,-7.93212536752066,-8.72767801354111,0.902045517393554,44.7881780389904,46,41.6774193548387,1.5042645164825,-3.73171160841074,-8.1085292141308,0.932644000219148,37.2917160770822,36.2928870292887,36.2931726907631,3.17986086792686,2.58250418098565,-3.35355138001936,1.58357071222758,NaN,NaN,NaN,NaN,NaN,NaN,NaN,51.7928157766131,51.7512820512821,52.0449172576832,1.87477699880989,-8.69155923111501,-5.76783016610334,3.17212268198633,5.09194079295186,1100,38,1,540,618,3,0.308691308691309,378,82.1582721088395,1,1990,43.9779927907418,27,7.53556249349694,1.99405694355871,1.0359312685896,16.9357873362798,1
251002_Dupi_NMH_AB_3,focusedBreathing,Dupi,DupiS3,AB,3,30,205040,1,85,558,998,3198,1862,3724,3198.00000000004,1100.43436675147,1.172,1.53124686040662,3.19800000000004,41.354624909706,43.1309523809524,40.172,1.69008897538323,-2.71462627789656,-5.78324681078751,0.845044487691615,50.3438306653353,51.8467741935484,48.528,1.82998725606665,-7.34477057084485,-6.06586357041891,0.914993628033324,43.9582759528314,44.5693430656934,43.832,2.12063010193375,-6.79852588473031,-7.28013039945726,1.06031505096687,45.6527268246689,46.2677824267782,46.264,2.77993950324862,-4.41819620213611,-2.32480015010799,1.38996975162431,37.6257081951314,37.8510638297872,37.44,1.97466352457015,-1.51270178862793,-4.30277470607832,0.987331762285075,49.6821708403049,51.6015625,48.0573476702509,1.83071679412195,-7.30606109541654,-6.23045635762947,1.02153997112005,43.9234874896289,44.5454545454545,43.7818181818182,2.15690888506376,-6.77259406721147,-7.2093224468316,0.949039909428053,NaN,NaN,NaN,NaN,NaN,NaN,NaN,45.8528778604324,46.5656108597285,44.3963480128894,1.12643596789226,-4.87041540085607,-7.17036047502534,2.09742377221538,4.41941284931662,1450,38,1,186,260,6,0.12987012987013,76,21.0938287798378,1,1638,-16.2466325175488,23,6.11449718767082,1.34486520241849,0.395719351276993,13.4686188245953,1
251002_Dupi_NMH_AB_3,focusedBreathing,Dupi,DupiS3,AB,3,31,206639,1,85,596,1174,3184,1880,3760,3183.99999999997,1451.23284514527,1.258,1.83015439002754,3.18399999999997,53.613973884743,NaN,53.288,0.817313860357576,-12.098736285017,-9.25709440168977,0.408656930178788,55.1875854237683,43,55.74,0.447800416165565,-12.7896427485491,-10.2317440541485,0.223900208082782,50.7510413932151,50.3946188340807,50.76,3.03081510953316,-7.79471615683521,-7.54417520148677,1.51540755476658,52.9057097666779,52.5423728813559,54.42,2.02149543019267,-8.78470702120645,-6.93433276141778,1.01074771509634,48.5532616894272,48.8397790055249,48.712,2.56534543881231,-9.37220712894821,-6.75585115613867,1.28267271940615,49.2702778451807,44.1346153846154,53.8959731543624,0.838864164887918,-10.9949955180286,-9.8756423975378,0.499963042273199,53.0418665044662,52.9285714285714,53.5778546712803,2.61239576439162,-8.6984321025387,-7.18064703191664,1.50996475181836,NaN,NaN,NaN,NaN,NaN,NaN,NaN,43.0189718091568,41.4257425742574,43.1063829787234,1.89186885509408,-2.59659202595213,-6.75358552055193,3.55671344757686,5.23433637619647,738,54,1,556,462,14,0.230769230769231,104,26.1779059897505,1,1562,-8.30127110605197,15,4.89141479573419,1.98437358964176,0.96130537191374,15.7942570984564,1
251002_Dupi_NMH_AB_3,focusedBreathing,Dupi,DupiS3,AB,3,32,208231,1,85,640,1274,3288,1900,3800,3288.00000000001,1400.08202827728,1.316,1.76323794438531,3.28800000000001,48.3616462935562,46.5372340425532,47.32,2.73525188475176,-3.35144116936367,-6.53018136453405,1.36762594237588,32.170594152299,27.6704545454545,36.048,1.61585469877927,1.1404932810008,-6.17420202430555,0.807927349389637,34.7440159898678,34.5734265734266,34.408,2.3749868315281,3.52528706407877,-3.25788936426295,1.18749341576405,33.4171937402783,33.3977272727273,33.584,2.20288179106731,4.60697126491953,-2.77925432322676,1.10144089553365,41.9752194860954,41.6271186440678,42.608,2.45238667319893,3.06017287565311,-4.19087101773511,1.22619333659947,32.7296894928336,29.4047619047619,35.6375,1.7250998275564,1.26869770114168,-5.5781413843283,1.1040638896361,34.057126086439,33.9824561403509,33.8832807570978,2.47937999148082,4.05397639343249,-2.83538077873902,1.57192691459884,NaN,NaN,NaN,NaN,NaN,NaN,NaN,42.939093539233,41.136563876652,40.3052631578947,1.9959842749095,-1.84719240337453,-6.10232470959003,3.79237012232805,3.87229341661829,676,37,1,626,314,4,0.156843156843157,120,39.5576251390817,1,1566,-62.6882944412825,24,6.61411142697095,1.73398213025472,0.777807950329461,19.798546282081,1
251002_Dupi_NMH_AB_3,focusedBreathing,Dupi,DupiS3,AB,3,33,209875,1,85,734,1368,3162,1892,3784,3161.99999999998,1567.39593356017,1.388,1.8987294068728,3.16199999999998,26.735512416111,26.4761904761905,27.432,2.37271603172604,2.93437579558357,-4.42818983214169,1.18635801586302,54.548972336084,NaN,39.108,0.0619800150474065,-7.75303437496404,-11.6344979922722,0.0309900075237032,52.5993588043608,50.1285714285714,54.076,1.6908538285811,-9.07263719588805,-3.92355929542887,0.84542691429055,39.5759874361669,37.5192307692308,39.72,1.33793962609551,0.604646491057605,-4.65137911015538,0.668969813047757,38.7185211975389,38.5887096774194,38.776,2.09221540638874,2.06593639731366,-4.88865013338756,1.04610770319437,55.4733638858013,NaN,44.3487738419619,0.292308905002127,-8.74690352110497,-10.2306182654053,0.214554736271562,46.1722848120044,44.7540983606557,45.9747634069401,1.98822270577519,-1.17775263274354,-2.99924746108424,1.26053319546147,NaN,NaN,NaN,NaN,NaN,NaN,NaN,41.8897871196946,41.4673913043478,42.6976744186046,2.26557030949208,-0.0394321273966536,-5.10411333735068,4.28645902555902,4.52424350523116,922,52,1,876,250,4,0.124875124875125,90,16.550057755481,1,1334,46.5710491367862,19,5.82099985970704,1.29509344762647,0.379986082420029,13.2779292733083,1
251002_Dupi_NMH_AB_3,focusedBreathing,Dupi,DupiS3,AB,3,34,211456,1,85,620,1202,3210,1932,3864,3210.00000000004,1197.06213849022,1.286,1.54886177637801,3.21000000000004,42.3988571988142,42.6428571428571,41.592,1.69431841704181,-1.45784592542731,-7.27034757899479,0.847159208520906,49.6835025521455,48.4421052631579,50.352,1.77225297843192,-6.8329094230159,-6.53141188445131,0.886126489215958,38.0751051048326,38.1834862385321,38.056,2.80489333001837,3.51003221293646,-2.57441740253288,1.40244666500919,35.1924927009075,35.0238095238095,35.28,2.20081430534899,4.68764015886618,-2.06638819887812,1.10040715267449,54.7809266332355,58,50.364,1.7238662755728,-5.50958409909036,-5.27480832969168,0.8619331377864,47.6032813141652,46.2123287671233,48.6193548387097,1.93898667880993,-4.42668250045359,-5.97352826517319,1.20217174086216,36.3678149815143,36.42194092827,36.4570446735395,2.92312912710396,4.79120717838686,-1.58568543913335,1.70126115197451,NaN,NaN,NaN,NaN,NaN,NaN,NaN,48.8364556588743,50.2,46.7577639751553,1.56414484532908,-4.64714558048405,-5.35937477591268,3.02192784117579,4.52902262651193,1162,35,1,182,536,10,0.267732267732268,162,30.1200105827367,1,1886,-21.4532346803263,23,8.70701179321594,1.54117551279241,0.552841604342563,18.3578501619954,1
251002_Dupi_NMH_AB_3,focusedBreathing,Dupi,DupiS3,AB,3,35,213061,1,85,712,1374,3098,1864,3728,3098.00000000001,1400.10320302664,1.32,1.73440167566908,3.09800000000001,29.3154448581932,26.5,30.648,1.7564204034715,2.11946650773236,-3.72701049462622,0.878210201735749,35.924746574134,NaN,34.244,0.614142102263598,-1.8649712592598,-6.84355039244426,0.307071051131799,38.133006414918,35.9491525423729,40.604,1.73849613082497,0.536596959491851,-6.11011997125653,0.869248065412484,50.9407041962536,49.5238095238095,50.784,2.40548513532668,-5.89843483089486,-4.76528777243095,1.20274256766334,51.2112259645912,51.2663316582915,51.2,2.71343775958328,-7.16295138316924,-6.33513756116362,1.35671887979164,39.8787547340838,45,38.0702247191011,0.734046602416912,-2.9715071455878,-7.06317145445203,0.522641180920842,46.0808620273687,43.4897959183673,45.7220543806647,2.32707970524615,-0.417743824353508,-5.2467156133101,1.54052676487295,NaN,NaN,NaN,NaN,NaN,NaN,NaN,41.0190295190381,41.8984126984127,39.5976394849785,1.5821734187337,-0.701034127566567,-5.46063922923525,2.94917125251961,5.30102223916632,1022,56,1,832,378,9,0.188811188811189,100,12.4467393378637,1,902,35.9685069246822,23,8.10104773569554,1.6670732620362,0.673787985694019,16.1650700390359,1
251002_Dupi_NMH_AB_3,focusedBreathing,Dupi,DupiS3,AB,3,36,214610,1,85,694,1278,3428,2632,5264,3428,1116.90403112157,1.348,1.47537692366749,3.428,50.0848156299435,50.1186440677966,49.844,1.40696723279926,-10.4892689138254,-7.73672221672523,0.703483616399632,46.1540363831268,48,40.812,1.74567976697868,-5.13928748087592,-7.70475736544998,0.872839883489338,42.3938639296146,41.2083333333333,45.112,1.98582208379823,-3.27171256112861,-7.18840516669453,0.992911041899115,35.304111378894,34.6830985915493,35.86,2.4104433239484,3.6124684532179,-3.29803617106129,1.2052216619742,37.2583785311268,37.1333333333333,37.664,2.60080746143347,2.43260608232591,-3.27639213785498,1.30040373071673,46.5965314936699,47.2549019607843,44.1440922190202,1.57395970505641,-6.05266465169371,-7.95628262510076,1.09232803530915,38.8887781416968,39.3269230769231,38.4931506849315,2.10074660506327,-0.0494533448274951,-5.02762385340754,1.22683601735695,NaN,NaN,NaN,NaN,NaN,NaN,NaN,49.1751481449548,57.304347826087,47.2280701754386,1.02410251452284,-4.68169122546604,-7.80547749229854,1.40097223986724,5.61988067376541,26,48,1,0,768,5,0.383616383616384,428,15.1862553820449,1,1006,-28.9254410927718,15,4.90802169242019,1.27888861449925,0.236604598731685,15.9332914234251,1
251002_Dupi_NMH_AB_3,focusedBreathing,Dupi,DupiS3,AB,3,37,216324,1,85,748,1430,3904,2156,4312,3904,1772.71725516152,1.518,1.97181909516483,3.904,29.3382956883114,NaN,31.488,0.929238563433827,-1.52814340061821,-8.3945426858363,0.464619281716914,48.5100739330822,47.9830508474576,49.692,2.15836565443279,-4.55672784157922,-9.06390826143199,1.0791828272164,40.4779532968232,40.2052631578947,40.348,2.50761754966748,-3.88146755543832,-6.56786480675918,1.25380877483374,44.7913257447174,44.78,44.54,2.27617096200219,-5.55207892549942,-7.25938258304869,1.13808548100109,30.1905491683796,26.8823529411765,39.14,1.16379436710989,-1.91149385969279,-8.25686218442045,0.581897183554944,45.5994686011723,45.3023255813954,46.9679144385027,2.45198336452576,-4.71780814093722,-8.12154157673434,1.83408355666527,42.6445778438638,42.3283582089552,42.3284457478006,2.18580884399565,-4.17679469097944,-6.7179065770836,1.49072163160503,NaN,NaN,NaN,NaN,NaN,NaN,NaN,48.0012622376071,46.5760368663594,48.853579175705,2.06911803426523,-6.52387155286035,-6.7351164499306,3.81545365518509,4.11499144098489,1296,48,1,420,386,9,0.192807192807193,96,54.0290378178903,1,1952,-53.9089356858281,33,8.76079172567678,1.05221853456714,-0.0718210841375126,11.1560680717772,1
251002_Dupi_NMH_AB_3,focusedBreathing,Dupi,DupiS3,AB,3,38,218276,1,85,684,1352,3472,2016,4032,3471.99999999998,1377.19023168612,1.378,1.41502826706702,3.47199999999998,40.129862437097,40.5034013605442,40.076,2.24788317795195,-4.3683337045239,-7.37207103471522,1.12394158897597,29.4011325930734,30.1208791208791,28.876,1.78424865215926,-0.206480679486132,-5.99924887692693,0.892124326079629,31.9503378994143,29.4871794871795,33.064,1.87327928198716,0.096901287857218,-7.20742095579137,0.936639640993578,41.8642606367473,42.0502512562814,41.48,2.35348986026193,-4.23949717524715,-7.54988680121041,1.17674493013096,48.0471783617421,48.0410256410256,47.888,2.67352806466354,-8.01066193674801,-7.73348743567644,1.33676403233177,31.5001841589607,30.1009174311927,31.766081871345,1.71572071291229,-0.978172708456811,-6.29324664736434,1.173552967632,35.1669053563707,35.6355555555556,34.9910179640719,2.10691160938589,-0.487133034222297,-7.62870997930774,1.40741695506977,NaN,NaN,NaN,NaN,NaN,NaN,NaN,42.6216634238394,39.7106741573034,45.0574596774194,1.86401669747431,-3.15899922438585,-7.08310472932053,3.69820912778903,5.2006098927782,368,26,1,334,402,9,0.200799200799201,90,22.0322196192496,1,1782,18.75317776513,24,8.49365719377778,1.17547702479895,0.0850380109806022,12.1873978737071,1
251002_Dupi_NMH_AB_3,focusedBreathing,Dupi,DupiS3,AB,3,39,220012,1,85,714,1402,3542,2108,4216,3541.99999999997,1608.246123599,1.438,1.87593634298676,3.54199999999997,33.2462975301211,28,32.44,1.15463912259894,-1.87763858394672,-8.17609609471785,0.577319561299472,26.9027779586641,26,27.196,1.3791669178327,-0.696707873137572,-7.75305648266517,0.689583458916348,53.9886284574313,54.2056074766355,52.22,2.13950860356667,-7.26063508664628,-6.3805609190963,1.06975430178334,41.0805225563515,44.7368421052632,39.66,1.51036539018776,-3.16647914653234,-7.87685833118107,0.75518269509388,27.2450112380339,25,32.04,0.510375017934453,-2.95584066980862,-10.0347871116453,0.255187508967227,38.5767869672949,41.2727272727273,33.6806722689076,1.72761593342563,-1.67367077098381,-7.62250475627697,1.2335177764659,49.7935237744307,49.869918699187,48.0232558139535,1.62501166100547,-5.5048496724717,-6.78214546295865,1.11800802277176,NaN,NaN,NaN,NaN,NaN,NaN,NaN,40.7876218069284,40.1139817629179,42.8287526427061,2.85542488509428,0.947939569727007,-4.33240834710795,5.40246388259837,4.83785673154453,692,54,1,280,170,3,0.0849150849150849,122,16.1268394046212,1,866,-2.10548283058243,30,13.9251632171988,1.14940574141852,0.0921868608676594,10.5313481848908,1
251002_Dupi_NMH_AB_3,focusedBreathing,Dupi,DupiS3,AB,3,40,221783,1,85,596,1262,3298,2002,4004,3298,1470.41334514063,1.326,1.78953319183576,3.298,33.9741418727925,36.5905511811024,33.468,2.14409392950767,2.85397795590725,-4.31094610463423,1.07204696475384,54.1127653321959,54.8037974683544,53.148,2.4795852836002,-7.82480635524037,-8.50591786140671,1.2397926418001,25.6875451473378,25.5,26.964,1.76802152640349,3.12462102768965,-4.74862361056288,0.884010763201746,48.2304631476937,51,44.76,2.21035075050619,-3.74172327576533,-4.53461400357317,1.10517537525309,32.6121830550402,27.2,33.768,1.42069518045221,1.01243238104506,-6.3962383924813,0.710347590226103,53.6546136264206,54.8037974683544,49.8120805369128,2.1256630191761,-5.17584675536867,-8.09546513848744,1.26689515942896,31.4326496984811,34,31.1291291291291,1.89903024397922,2.17565025426814,-4.11002483205036,1.26475414249016,NaN,NaN,NaN,NaN,NaN,NaN,NaN,47.0505260264178,49.8864734299517,44.7717717717718,1.95191122113789,-3.61349477542009,-5.36933569404503,3.89991861983349,4.9655315999627,90,53,1,0,400,6,0.1998001998002,130,15.3771918042542,1,1196,-8.82375260861318,33,12.295076555846,0.938218428449716,-0.358931274945644,13.7114059205172,1
251002_Dupi_NMH_AB_3,focusedBreathing,Dupi,DupiS3,AB,3,41,223432,1,85,604,1444,3012,2030,4060,3012,1599.63046993345,1.418,1.84263040954083,3.012,45.3345101041922,44.0833333333333,45.54,1.50358441866431,-7.80701463111926,-5.32561518661602,0.751792209332154,41.4984715859034,41.6682926829268,41.8,2.62506638036132,-3.71066878535968,-4.82271809486039,1.31253319018066,44.9210361075729,44.6328125,45.768,2.53267894577944,-0.648305528298602,-4.44725553333406,1.26633947288972,26.5569227707961,25.8181818181818,27.588,1.96557697778962,3.85963421920488,-4.31063821698987,0.982788488894811,33.4359455623074,33.5431472081218,32.86,2.98066439840933,3.90238090025001,-2.84148844550406,1.49033219920466,41.5732110663547,41.6682926829268,41.9437086092715,2.35412233679382,-4.13352208990824,-5.06975574488879,1.42188989142347,36.9621276720968,36.4273127753304,36.7190476190476,2.47272764693348,2.59663166343933,-4.12790540234422,2.07709122342412,NaN,NaN,NaN,NaN,NaN,NaN,NaN,38.1783104099747,40.0977653631285,35.838578680203,1.95200981990816,1.1478437954456,-5.47423212367107,3.84545934521908,4.85238017610399,914,32,1,220,744,7,0.371628371628372,190,25.5841588554077,1,1824,-12.2739518118004,28,8.3971969170259,0.866217780999528,-0.259230868158155,12.5461618481436,1
251002_Dupi_NMH_AB_3,focusedBreathing,Dupi,DupiS3,AB,3,42,224938,1,85,970,1764,3536,2230,4460,3536,1484.15658937721,1.682,1.64956327215874,3.536,40.2147949693311,42,38.124,2.06288695881259,-0.497408201746417,-5.9247572777199,1.03144347940629,31.376809608896,25.0098039215686,36.416,1.79465044611777,-0.463408503440517,-6.3800924461376,0.897325223058886,52.618685731402,52.2994011976048,53.168,2.70782592435348,-8.20493778492457,-6.80168919613478,1.35391296217674,52.9723123036001,54.7096774193548,52.252,1.54074388705774,-9.93435161439767,-4.48130315289207,0.770371943528868,54.1001940021206,54,54.08,1.07673469959926,-10.4586934144555,-7.12067846632786,0.53836734979963,44.0168997420696,41.7076923076923,44.6618556701031,2.25801294271123,-2.70348918576137,-6.54640404546207,2.1902725544299,53.1208452324198,53.9922480620155,52.7078085642317,1.57088915370667,-9.72207704328492,-5.00070391194117,1.2472859880431,NaN,NaN,NaN,NaN,NaN,NaN,NaN,38.7300078442077,38.5571847507331,39.4598870056497,1.93147910493008,0.718724630078776,-4.64224749422927,3.41871801572624,5.99526877564907,848,51,1,172,214,2,0.106893106893107,136,19.7028085470892,1,1322,78.1669512426485,32,12.578252662402,1.23435569046182,0.143609298212269,13.6682388889317,1
251002_Dupi_NMH_AB_3,focusedBreathing,Dupi,DupiS3,AB,3,43,226706,1,85,756,1612,3336,2040,4080,3336.00000000001,1277.84668664163,1.526,1.38511054882689,3.33600000000001,48.1370144048473,48.2053571428571,49.884,2.20178610982348,-1.18628696674491,-3.9964915003533,1.10089305491174,46.8218915869697,46.0545454545455,46.432,1.51479256308403,-7.04124597273519,-5.03495243184925,0.757396281542016,43.2910468232455,43.6842105263158,42.288,2.82555359847168,0.717428795832727,-4.27760424783061,1.41277679923584,32.0631166511433,32.7142857142857,32.024,1.77644714882644,1.77419831363113,-4.41216157224325,0.88822357441322,48.3193511771374,47.064,48.992,1.94725665731926,-8.13553931279846,-5.84608201498634,0.973628328659629,48.934660367497,49.4576271186441,47.9761904761905,2.06009779123102,-7.26969070154581,-5.26947552342122,1.55743393017065,34.7070400361699,35.099173553719,34.3060747663551,2.05793831772347,1.87850892341915,-3.94328748332513,1.76159519997129,NaN,NaN,NaN,NaN,NaN,NaN,NaN,51.3719666326954,51.8648018648019,50.5285714285714,1.930716743164,-5.81373849254344,-3.82572938485512,3.78420481660144,3.89912410199428,510,50,1,490,338,10,0.168831168831169,90,23.5768386951966,1,1506,21.6888635932461,27,9.79756804161339,0.97909525751917,-0.127270812056309,14.3326868492642,1
251002_Dupi_NMH_AB_3,focusedBreathing,Dupi,DupiS3,AB,3,44,228374,1,85,708,1424,3376,2130,4260,3376.00000000003,1573.29135461533,1.43,1.9648705587163,3.37600000000003,48.2410884038166,48.680412371134,46.764,1.61258139672508,-4.97460926656575,-2.09342305625266,0.806290698362539,54.9789142301073,55,54.996,0.896060354447624,-10.4461679847445,-2.48976408192938,0.448030177223812,47.7759408452498,48.1695906432749,50.476,2.76979552498285,-2.22584578538248,-3.55098852798173,1.38489776249143,47.8807540989171,47.6754966887417,47.968,2.4826959249122,-4.84591261095534,-5.36546510270222,1.2413479624561,50.1108412130974,50.0166666666667,49.948,1.27026158364385,-7.47798986959753,-3.37439615995861,0.635130791821926,55.4059015460258,55.972972972973,55.2909604519774,1.08762156721267,-10.2576029910113,-3.3671442439462,0.770036069586572,46.5325229628173,46.9230769230769,47.0642458100559,3.10971618207623,-2.21268564991121,-3.79578138446033,2.22655678636658,NaN,NaN,NaN,NaN,NaN,NaN,NaN,48.9576337929861,49.9971671388102,48.4438502673797,1.8413520424375,-1.93461400892694,-3.85153151139401,3.44332831935813,5.46874900800597,848,42,1,768,428,7,0.213786213786214,154,27.8594296778727,1,1840,0.282299373932817,14,4.85993367666694,1.55045109018835,0.46369862484543,18.6665913017328,1
251002_Dupi_NMH_AB_3,focusedBreathing,Dupi,DupiS3,AB,3,45,230062,1,85,674,1296,2430,2008,4016,2429.99999999995,1551.35730423985,1.364,1.95638057916421,2.42999999999995,32.5596725184239,32.3037974683544,33.54,1.55748599352606,2.6364485105958,-3.99827658334366,0.77874299676303,41.6946421572672,51.5466666666667,37.536,1.62574853975907,-0.127554920084212,-5.0645138916164,0.812874269879533,44.3152386322157,43.9722222222222,44.548,2.23366800088789,-4.67667283326317,-4.60680616063355,1.11683400044394,39.1023817741173,40.4117647058824,38.404,1.9745269716442,2.41990552897539,-3.34271861437743,0.987263485822098,43.4585767863346,43.5296803652968,44.064,3.10450480610412,-0.290037796216792,-3.5765683757326,1.55225240305206,42.5892612134041,49.7938144329897,39.6112759643917,1.6005848978263,-1.07217985789552,-4.87540858538435,1.07879422113492,42.1358456817915,42.9340101522843,41.5691318327974,2.39389412816479,0.558128772480582,-4.1033888902668,1.4890021477185,NaN,NaN,NaN,NaN,NaN,NaN,NaN,42.2309161536364,41.4835164835165,42.179718875502,1.54694353797284,-1.68133703229491,-5.18568817149708,3.0815115276419,4.2271627917477,1644,41,1,400,554,8,0.276723276723277,126,10.7538582302159,1,1638,56.4056156327073,17,4.53374347268201,1.18806783948453,0.132675072779058,17.4703232658044,1
251002_Dupi_NMH_AB_3,focusedBreathing,Dupi,DupiS3,AB,3,46,231277,1,85,1684,2482,4274,2974,5948,4274,1827.12409776158,2.322,1.88425240417747,4.274,48.8010015499471,48.9324324324324,48.76,2.19992153050707,-5.29507389399922,-3.99001127638762,1.09996076525353,34.1258181657126,33.8165137614679,35.712,2.01706014833921,1.62411808247764,-4.34107307217823,1.0085300741696,49.0279938572379,52,45.472,1.1073585459164,-6.63433416612034,-6.98460188519228,0.553679272958199,39.4794587610509,35.8958333333333,39.28,1.22965759762591,-1.27727242800899,-5.81290374732383,0.614828798812954,53.5534392121208,54.3430656934307,53.208,2.07604452132313,-7.68466436793727,-2.98578640739609,1.03802226066156,40.7298671081401,39.7312775330396,41.2304038004751,1.47436058025411,-1.32272144961801,-5.6916136456594,2.48282321714792,55.6228820723215,55.029702970297,55.9423558897243,1.93230572257015,-8.78109395368041,-3.63846312188256,1.54197996661098,NaN,NaN,NaN,NaN,NaN,NaN,NaN,41.1752779530836,40.6877192982456,41.1072124756335,2.04143116033596,2.35488173066706,-3.35387406098635,2.09450837050469,4.73560147162197,1210,25,1,278,188,3,0.0939060939060939,116,13.2945523405837,1,1198,-54.7307911212294,33,12.0359576103686,0.806492118145538,-0.252677917381692,9.74079544300777,1
251002_Dupi_NMH_AB_3,focusedBreathing,Dupi,DupiS3,AB,3,47,233414,1,85,614,1164,3116,1996,3992,3116.00000000004,1453.81315112619,1.27,1.88816553652406,3.11600000000004,53.5629512848827,58,51.828,1.68615590448972,-8.89989566413275,-7.42244737785122,0.84307795224486,52.3256343981486,50.7142857142857,53.164,1.27642486689911,-9.64709710390295,-5.52767303291721,0.638212433449556,44.688024394001,45.5606060606061,44.22,2.2795401530418,-4.96228853018386,-4.02186929481695,1.1397700765209,47.4156582893469,45.725,48.256,1.64792585507792,-7.59519391295995,-4.39932983905794,0.823962927538962,37.0440201335239,36.6871508379888,37.964,2.78940101195259,4.23799096044536,-2.18590869510251,1.3947005059763,51.2809227421014,49.7594936708861,52.3908794788274,1.51551701893799,-9.34097139960975,-5.1233555392982,0.930527449627928,43.8688486431375,44.440251572327,43.5490909090909,2.30403446707463,-4.67684551608381,-4.06975648210314,1.26721895689105,NaN,NaN,NaN,NaN,NaN,NaN,NaN,42.5083365566057,43.3518164435946,41.1392785571142,2.07048855914943,-0.763369740217083,-4.09681608762323,4.13269516406227,4.37676527139239,1732,36,1,518,456,5,0.227772227772228,214,10.6514725813114,1,1296,15.6433314361601,18,5.62834490052154,1.6715301528687,0.72761497173864,17.0524979170495,1
251002_Dupi_NMH_AB_3,focusedBreathing,Dupi,DupiS3,AB,3,48,234972,1,85,616,1220,3340,1904,3808,3339.99999999997,1313.07163906029,1.276,1.79672625541542,3.33999999999997,39.3933909782223,41.8888888888889,38.78,1.40666213906489,-0.768906954674376,-4.85036871303964,0.703331069532445,50.9822501516482,51.1963190184049,49.968,2.23214351765883,-6.55953386069954,-3.97353036922452,1.11607175882941,40.3229711647088,40.3671497584541,40.3,2.65620375612096,3.11773366621271,-1.95187321174118,1.32810187806048,34.1760777480098,34.1168831168831,34.152,2.93298004841584,7.42596135607535,-0.566471216399879,1.46649002420792,35.5916409266473,35.2075471698113,36.852,2.4671286691819,3.41556411906454,-1.8471050263784,1.23356433459095,50.5160482680191,50.63133640553,49.7532467532468,2.31263357585652,-6.53166253491694,-4.08912347967722,1.42458228272761,35.9368438306841,35.5893536121673,36.0562913907285,2.77135069975061,6.16043139431307,-1.09786748019271,1.67389582264937,NaN,NaN,NaN,NaN,NaN,NaN,NaN,35.3610898369717,35.2867647058824,37.9044117647059,1.01576664653929,-3.86801078161651,-6.9278568741434,1.93401969501082,4.19748617118725,676,38,1,260,692,10,0.345654345654346,156,35.4885771836509,1,1980,13.3902485296908,23,7.73582669992737,1.64602125715076,0.641998594121458,21.8491381930876,1
251002_Dupi_NMH_AB_3,focusedBreathing,Dupi,DupiS3,AB,3,49,236642,1,85,518,1232,3144,2012,4024,3144.00000000001,1454.60974636169,1.23,1.90439082713193,3.14400000000001,44.0340275029924,30,49.524,1.03805314231695,-4.53817004319241,-7.38333385970261,0.519026571158477,53.9259243334012,NaN,53.3,0.798624232697578,-10.5788688801934,-11.7702292744466,0.399312116348789,40.3233864942983,40.2887931034483,40.412,3.29608138258448,1.42846494786678,-4.71766734071718,1.64804069129224,35.379345687116,35.247572815534,35.544,2.8179376881569,4.4643481142259,-3.1511651158416,1.40896884407845,36.5867727873762,36.1981132075472,36.912,2.729551966149,2.11551079379483,-3.39660771723424,1.3647759830745,53.1023267131873,NaN,52.9073359073359,0.828058033053232,-10.2598890616665,-11.6807075180781,0.428934061121574,39.3332632685271,39.3993710691824,39.2633053221289,3.19875538621642,2.51777748217496,-4.2613939842689,2.28391134575852,NaN,NaN,NaN,NaN,NaN,NaN,NaN,37.3074792385619,38.9050632911392,36.3380281690141,1.70195008991481,-1.06368809003434,-6.59693084210622,3.38347677875064,4.30867076479382,900,40,1,590,754,10,0.376623376623377,238,51.3381236685182,1,1698,-30.2314551318535,11,3.79869253675191,1.80965437695293,0.658793738403947,20.1196354357965,1
251002_Dupi_NMH_AB_3,focusedBreathing,Dupi,DupiS3,AB,3,50,238214,1,85,650,1210,3330,1964,3928,3329.99999999998,1355.28524701988,1.33,1.71930071288758,3.32999999999998,47.2648955596888,47,47.42,1.81147953264291,-9.57347140340119,-7.49955929180297,0.905739766321454,48.1279128648548,47.5945945945946,48.356,1.99644428365626,-8.31179296850255,-6.87918080756843,0.99822214182813,41.0892507757691,42.1171875,39.944,2.19141607898645,3.4602165812528,-3.76403468683385,1.09570803949323,46.5204450474803,47.2864077669903,48.336,2.70654661723899,1.52613094107904,-2.43939811405324,1.3532733086195,52.7097532157141,52.984375,52.452,2.40334690437765,-9.48782547724582,-2.06361100122416,1.20167345218883,48.3140929162681,48.3952095808383,48.1876923076923,2.18485382177871,-7.50942951872662,-6.85313741981287,1.42015498415616,37.8020681393451,38.093567251462,37.9571428571429,2.45427006238842,4.95501977060113,-2.07283780323089,1.37439123493751,NaN,NaN,NaN,NaN,NaN,NaN,NaN,40.1155523532461,41.1242774566474,41.3411405295316,1.56757464810695,-0.84758302928689,-5.05175927005012,3.07871660888204,4.65057921879619,992,36,1,110,554,11,0.276723276723277,184,41.9679017948808,1,1900,-3.35534054259153,22,7.24251807725658,1.66691061874627,0.69229840426663,19.5857738634064,1
251002_Dupi_NMH_AB_3,focusedBreathing,Dupi,DupiS3,AB,3,51,239879,1,85,720,1314,3510,1990,3980,3509.99999999999,1388.78507929367,1.374,1.70412122152797,3.50999999999999,38.6366139800327,38.0909090909091,38.668,1.59275521390304,-0.500755692874606,-5.29163457794141,0.796377606951519,47.548225686978,43,47.976,0.844007901191697,-11.005867626794,-6.52242336721598,0.422003950595849,42.2483876680097,42.4408163265306,42.444,3.59190363320247,-1.91395263756298,-5.39611250733228,1.79595181660123,39.7557821817513,37.010989010989,42.164,2.30061519227842,-0.479120280579299,-4.44375835565336,1.15030759613921,52.2733296666133,52.5523255813954,52.112,2.41267316153495,-10.0767894266786,-3.5855327092032,1.20633658076748,43.3126855085259,41.6756756756757,46.0472222222222,1.90933753439598,-5.58762844794936,-6.14806661848512,1.37472302476511,42.5084504663547,41.969696969697,42.8653198653199,2.23678093341173,-2.67842540931679,-5.84212534550792,1.32864787444657,NaN,NaN,NaN,NaN,NaN,NaN,NaN,35.1738219542032,34.8186356073211,35.764824120603,2.26706275484128,3.52933895942641,-3.36815086093003,4.51145488213414,5.70516828720326,648,41,1,534,586,9,0.292707292707293,188,43.8596274147098,1,1742,-8.54145323468033,16,6.253689230516,1.58339884323529,0.346385452938789,17.7169445704433,1
251002_Dupi_NMH_AB_3,focusedBreathing,Dupi,DupiS3,AB,3,52,241634,1,85,630,1184,3412,1794,3588,3412.00000000003,1355.11769952841,1.282,1.75825455008169,3.41200000000003,27.1186527668027,26.7432432432432,28.648,2.02832191278127,3.88678306940275,-3.85235606682968,1.01416095639064,34.0229303738346,33.4778325123153,35.944,2.82715354724231,6.33452226351197,-1.95046423590443,1.41357677362116,43.2799295546479,43.0410256410256,43.888,2.69056562213328,-4.00196213509752,-6.00016465161843,1.34528281106664,37.9660849300649,37.9625,38.056,3.45104324620293,4.29074358113985,-1.80562699408783,1.72552162310147,39.6986384695389,39.9748427672956,40.768,2.34561454373631,0.754896352754191,-3.24249571668619,1.17280727186816,36.1434621515119,35.2931034482759,38.431746031746,2.64506950060181,5.35639091307053,-2.55394054965184,1.66639378537914,41.4046664228408,41.4581673306773,41.6750902527076,3.09701842366142,-1.80173891134344,-4.90061678013208,1.71574820670843,NaN,NaN,NaN,NaN,NaN,NaN,NaN,47.8921704898553,48.6683417085427,48.6622073578595,1.28980123170646,-8.81591146238844,-6.95226037589235,2.31390340968139,4.36391443142905,1380,35,1,0,920,9,0.45954045954046,216,52.5002637328385,1,1990,52.2284196547145,21,6.46243248955626,1.45079674030307,0.43515255695507,17.417344749794,1
251002_Dupi_NMH_AB_3,focusedBreathing,Dupi,DupiS3,AB,3,53,243340,1,85,654,1294,3290,1812,3624,3290.00000000002,1361.24963836686,1.292,1.69805331904195,3.29000000000002,36.1114478482643,25,45.772,1.06872826496454,-4.38793795599601,-8.85615547071234,0.53436413248227,49.0774796189394,49.0102564102564,48.052,2.56988764461284,-3.16372069811779,-5.88716683059835,1.28494382230642,41.2409541115346,41.3868613138686,42.72,2.33493494620401,1.18866164146955,-3.2122020029755,1.167467473102,49.0280034524715,49.0139534883721,48.408,2.90929794323269,-7.13951666384946,-4.36128712126402,1.45464897161635,53.0921467251115,53.3048780487805,52.96,2.15128911596834,-10.4995389885584,-5.12732783441105,1.07564455798417,50.0097065062067,50.0488888888889,49.474006116208,2.37825420707793,-3.87866933688291,-5.58456091100254,1.55537825142897,42.6091896577864,42.6608695652174,41.7625,2.82898427299409,0.37368579376302,-3.63667547792243,1.81054993471622,NaN,NaN,NaN,NaN,NaN,NaN,NaN,47.3029477634883,47.3777173913044,47.9492273730684,1.84010899436472,-8.6117920281843,-5.60335771024496,3.33427749778887,4.87175806319372,1178,50,1,62,542,10,0.270729270729271,188,21.6701345832772,1,1480,81.9738190096756,33,9.55244775629393,1.57952321513409,0.498486932473399,17.6377112584895,1
251002_Dupi_NMH_AB_3,focusedBreathing,Dupi,DupiS3,AB,3,54,244985,1,85,662,1314,3222,2016,4032,3221.99999999998,1465.86109251869,1.354,1.83663721787106,3.22199999999998,47.763391967774,48.4242424242424,47.312,1.46581722046301,-9.16574672340015,-7.28983063374868,0.732908610231503,42.7317735592191,NaN,44.368,0.659658390210135,-6.39983897325781,-7.23910731221867,0.329829195105067,50.893039262116,51.1052631578947,50.356,2.98751624814313,-6.35229165390371,-3.82186899446075,1.49375812407156,38.0421078884009,37.2093023255814,40.492,2.73656020745178,2.76272226546269,-3.38564436922795,1.36828010372589,43.0782105810064,41.1111111111111,44.376,1.2168667336487,-2.77680516025202,-4.84148295289562,0.608433366824352,41.7330427904914,40.7166666666667,43.558912386707,1.13743659333446,-5.53907844086847,-5.92955141184844,0.752983024787415,51.4374195802876,52.0971659919028,51.058282208589,2.71399151537895,-3.85580103953116,-4.28387134356136,1.76952246802707,NaN,NaN,NaN,NaN,NaN,NaN,NaN,39.5178827820361,39.0566037735849,39.8326612903226,2.332865699444,-0.191786269444793,-5.06236434463374,4.62840554769689,4.32839863574494,1332,29,1,562,540,11,0.26973026973027,140,22.3284799634841,1,1282,-25.0130904951622,27,11.1957313309586,1.59907247756493,0.552715148315028,17.3351376139989,1
251002_Dupi_NMH_AB_3,focusedBreathing,Dupi,DupiS3,AB,3,55,246596,1,85,716,1188,3170,1982,3964,3170.00000000002,1287.15730180425,1.312,1.69403095653445,3.17000000000002,51.2485700047875,51.2011494252874,50.296,2.39691064381549,-6.90557220746304,-8.3903834562003,1.19845532190774,26.7052226241077,26.6538461538462,26.624,2.02517625812644,2.24182652504392,-5.24199098541309,1.01258812906322,33.3487742543162,34.02,32.92,2.34927439085707,4.29872124847952,-2.1014416675083,1.17463719542853,41.1823040660484,42.2096774193548,39.424,1.58286981018817,-1.15512742539295,-5.95856410725185,0.791434905094086,53.3064199306379,53,53.456,1.76397701797563,-9.09281415470717,-7.82898824688072,0.881988508987814,27.8175706466397,27.7621951219512,27.7653631284916,1.95301496759116,2.86776768672864,-4.5590685272286,1.39835871679527,33.5622165418429,34.28,32.7542372881356,2.12079120285613,3.64388518281486,-2.46584005535506,1.00101344774809,NaN,NaN,NaN,NaN,NaN,NaN,NaN,39.2230284746301,39.8372881355932,38.3097880928355,1.66579583792715,-0.0408199974895465,-4.90957297503599,3.30160735077161,4.23965151225259,342,28,1,288,360,5,0.17982017982018,132,17.744242528265,1,1474,3.45740846139253,28,10.2486347328525,1.4921177295225,0.329466879455402,17.944916793808,1
251002_Dupi_NMH_AB_3,focusedBreathing,Dupi,DupiS3,AB,3,56,248181,1,85,618,1236,3326,1880,3760,3325.99999999996,1321.26762367456,1.304,1.68873850155894,3.32599999999996,51.510892460091,NaN,51.212,0.956331674575729,-9.42014085922114,-5.52728121641603,0.478165837287864,26.6756762169473,26.7818181818182,26.548,1.24858525515636,1.31576843138658,-5.8378759026503,0.624292627578178,36.0148844555595,35.7090909090909,36.16,2.53643815742541,3.80707643688995,-2.53839319989649,1.26821907871271,32.004187520155,32.2339449541284,32.004,2.65764539020617,5.71368455044862,-1.78479245252018,1.32882269510309,51.8741077073695,51.6265060240964,51.52,2.57151803305236,-6.05238961465106,-2.52576362699881,1.28575901652618,28.2913878485817,26.7818181818182,28.7152103559871,1.18007132370843,0.729826960647326,-5.8124687744654,0.729284078051812,34.6351088015818,34.3886925795053,34.4466019417476,2.97266541166141,5.56238669650192,-1.90314543979287,1.83710722440675,NaN,NaN,NaN,NaN,NaN,NaN,NaN,54.2059434552368,55.7080536912752,50.1670212765957,1.62941036053083,-7.34779182010374,-5.60239045723328,3.06329147779796,4.87303549078759,862,38,1,808,520,4,0.25974025974026,190,21.1632506635144,1,1588,-2.77708214760009,27,9.07875466834857,1.77313245522934,0.779851088425982,18.4931793665453,1
251002_Dupi_NMH_AB_3,focusedBreathing,Dupi,DupiS3,AB,3,57,249844,1,85,602,1244,3040,1848,3696,3040.00000000002,1305.5029303595,1.306,1.59385632444697,3.04000000000002,25.4539724880224,25,26.2,0.985273067522855,-0.818387780846685,-7.55960776799291,0.492636533761428,43.0293033839947,NaN,37.292,0.262868221161438,-5.9754447422818,-12.3920580394581,0.131434110580719,44.2494890688663,43.2734693877551,43.3,3.62199084517726,0.0477220644966885,-4.61333142940595,1.81099542258863,35.6912078561877,33.0281690140845,36.404,1.80946361098279,1.94896911560896,-5.12687536946868,0.904731805491393,35.6392171406398,35.0909090909091,36.344,1.61597331731866,0.623995689371766,-4.7456034413491,0.807986658659328,47.1861866862834,49,39.2757475083056,0.718693998505044,-5.48499685116895,-11.2300026317839,0.432653787100036,41.960803479875,41.2061403508772,40.2118380062305,3.0563346423119,1.28938514583093,-4.7067400020958,1.96216684036424,NaN,NaN,NaN,NaN,NaN,NaN,NaN,38.0861951683718,36.5314009661836,38.9448051948052,1.40614945228891,0.190192074199625,-5.17317757013766,2.59856418782991,6.11518548628219,732,46,1,552,396,6,0.197802197802198,186,79.9742960914286,1,1730,71.3762094479226,19,6.64198318921542,1.40718103570306,0.160919431831491,17.5226050909061,1
251002_Dupi_NMH_AB_3,focusedBreathing,Dupi,DupiS3,AB,3,58,251364,1,85,590,1270,2800,1770,3540,2800.00000000001,1675.72312878064,1.27,2.21514586435373,2.80000000000001,49.0679758430252,48.9782608695652,49.216,1.60918437661541,-9.64684130371528,-4.95779882912533,0.804592188307707,48.6201420894266,48.828025477707,47.524,2.54306389840516,-5.9708155316453,-4.82516442067323,1.27153194920258,50.4495867073472,50.5731707317073,50.552,1.6224237573665,-8.07139341217894,-4.21108173593012,0.811211878683252,35.666900960891,34.9609375,35.08,2.15573142154597,-2.50913502968614,-5.25290373901,1.07786571077298,32.7577726807117,33.4017857142857,31.74,2.08559891774565,3.9356991569939,-2.19928812424827,1.04279945887283,48.1685696321127,48.16,47.3254237288136,2.43004224866185,-5.93537323717364,-4.64239873484725,1.43372492671049,47.6874787615775,47.0507246376812,48.2382352941176,1.86384318855082,-7.37526422009584,-4.5127826884476,1.26741336821456,NaN,NaN,NaN,NaN,NaN,NaN,NaN,46.7178208845893,47.0638820638821,47.1073446327684,2.18823053043811,-1.101418914017,-3.83417793593292,3.87316803887545,5.21325831272949,96,51,1,14,352,7,0.175824175824176,122,18.1339329412099,1,1628,-24.6162018592297,28,9.81735053023687,1.52827352118303,0.378381279367895,19.0453887357073,1
251002_Dupi_NMH_AB_3,focusedBreathing,Dupi,DupiS3,AB,3,59,252764,1,85,686,1274,3172,1832,3664,3171.99999999997,1703.81844488104,1.312,2.26922251210214,3.17199999999997,53.5752276836019,54.7586206896552,52.144,2.28127875487525,-8.85052199176879,-4.84026776533533,1.14063937743762,50.9034985088833,53,50.368,1.26602581198194,-9.75126740954405,-6.78644117547943,0.633012905990972,39.4604507274975,40.1542857142857,38.824,2.90014069308476,3.87950774736315,-1.79962496392102,1.45007034654238,38.728515591893,38.1691542288557,38.364,2.54929628404782,4.91175201112897,-1.48355841761616,1.27464814202391,44.1464821630929,46.4468085106383,41.636,1.1125494314848,-0.598067069106935,-4.38805399423446,0.556274715742402,46.2086011813751,43.8207547169811,48.1865889212828,1.8847402680354,-3.77989112827621,-4.9344102630819,1.29293182387229,36.2325567628846,36.19,35.7380952380952,2.49401860131551,5.95691215210209,-1.52891818213024,1.46648293757352,NaN,NaN,NaN,NaN,NaN,NaN,NaN,44.072092560361,46.656,43.8296943231441,1.2878221985804,-4.24783847608355,-7.04832512803699,2.35929026779929,4.28202000716063,596,40,1,532,462,4,0.230769230769231,296,24.8593783582382,1,1662,18.0872699677481,19,5.38941314682802,1.36120292230841,0.16508538329366,21.0271706218066,1
251002_Dupi_NMH_AB_3,focusedBreathing,Dupi,DupiS3,AB,3,60,254350,1,85,666,1186,3414,1828,3656,3414.00000000004,1417.58912675493,1.25,1.88200922542193,3.41400000000004,49.2411738874864,47.5526315789474,50.748,1.02540188619245,-11.5727491745531,-9.04907334462137,0.512700943096226,30.8198460406473,25,33.516,0.818993541923894,-2.67155433398022,-7.91638488503472,0.409496770961947,35.8861579224309,36.3296089385475,35.256,2.43367602894111,2.41305283841405,-4.7425932654033,1.21683801447055,37.1044058755697,37.0714285714286,37.076,1.67775986956084,0.409089162740021,-4.89039182690461,0.838879934780419,41.3671722943217,39.8108108108108,42.208,2.2481173313366,-1.98340212887302,-6.50970573023137,1.1240586656683,31.4348896227996,27.3529411764706,33.3633633633634,0.903900696688541,-1.91928553434792,-7.57049900201795,0.601997863994568,36.9053843170664,36.8311111111111,36.9884615384615,2.74116375395378,2.69196259816071,-4.13207687236892,1.42540515205597,NaN,NaN,NaN,NaN,NaN,NaN,NaN,51.15721687211,50.6301369863014,51.3752735229759,1.52484226877043,-9.56283548323911,-4.9275782288364,2.78741166731235,4.31758132396618,1780,39,1,736,368,6,0.183816183816184,114,69.3610807360978,1,1788,-58.8514513375071,18,4.11175401438102,1.72408256308556,0.4945672666912,18.1775184467551,1
251002_Dupi_NMH_AB_3,focusedBreathing,Dupi,DupiS3,AB,3,61,256057,1,85,596,1150,3234,1810,3620,3233.99999999992,1175.19290860571,1.234,1.54749694902968,3.23399999999992,55.8977308325984,56.3018867924528,55.248,2.31555098437556,-9.45318450650879,-2.11182779713725,1.15777549218778,51.7588721778716,51.7123287671233,52.644,1.54512963570168,-10.9594942397187,-7.1658268491559,0.772564817850841,39.5554942284432,39.6666666666667,36.568,2.19027142668806,1.54089304573591,-3.79299436831186,1.09513571334403,43.2259578570306,43.4954128440367,43.864,3.14495604704883,-0.70036929821374,-4.02450985969546,1.57247802352442,43.5812110155215,43.9771428571429,42.988,2.26726415179919,-3.08805523334421,-2.77763713858797,1.13363207589959,51.1495899494146,51.0782608695652,52.1140939597315,1.89303526016582,-10.1824802061264,-7.1276155893336,1.12824901505883,35.9967566025475,36.4519774011299,34.6714801444043,2.33946866167197,2.60013992244081,-3.27750592989942,1.29606563856627,NaN,NaN,NaN,NaN,NaN,NaN,NaN,45.1622296188438,45.4886363636364,42.9325966850829,1.4485317993975,-3.27819651438589,-6.17500587759169,2.62184255690948,4.80901974753375,496,50,1,384,646,8,0.322677322677323,200,32.7597368502054,1,1680,-12.4917472965282,25,5.98641470951739,1.71311758533078,0.648568205764326,17.2288235073717,1
251002_Dupi_NMH_AB_3,focusedBreathing,Dupi,DupiS3,AB,3,62,257674,1,85,630,1180,4016,1864,3728,4016.00000000008,1119.23954802794,1.258,1.51002848358692,4.01600000000008,29.5447044761766,26.2533333333333,36.02,1.3970301862628,-2.05119035454643,-8.76018441130564,0.6985150931314,42.0488511022074,40.8823529411765,44.46,1.12915287969075,-6.17977823768275,-7.81094800652865,0.564576439845374,36.5959563678726,35.9652777777778,37.212,2.1288626213109,2.92268800738663,-4.36545889506162,1.06443131065545,34.0089365146181,33.9342723004695,34.772,3.02550318864255,5.29032192982165,-1.60221796896983,1.51275159432128,38.0860961016954,36.3333333333333,38.32,1.80530113053966,0.238756126935145,-3.74804106596494,0.902650565269831,41.6408531502133,40.8823529411765,43.6253968253968,1.12199599834658,-5.81789101316629,-7.47533035689746,0.706857478958343,35.3481780522939,35.2801724137931,35.4618181818182,2.60131660294048,4.85633927795621,-3.17019342155223,1.43072413161726,NaN,NaN,NaN,NaN,NaN,NaN,NaN,44.8763329766523,45.7635933806147,42.6598712446352,1.81600435816097,-4.06896162609825,-7.59694454308117,3.38503212361204,4.24050513785199,1228,32,1,682,344,4,0.171828171828172,268,16.7599860183288,1,1696,-27.0878391197116,10,2.8672194508682,1.68748792756046,0.544596151581018,20.211110531755,1
251002_Dupi_NMH_AB_3,focusedBreathing,Dupi,DupiS3,AB,3,63,259682,1,85,834,1128,3162,1644,3288,3161.99999999992,1055.44009077153,1.218,1.47343634770343,3.16199999999992,45,NaN,33.664,0.0302322539318907,-12.9503223470464,-13.2847112613951,0.0151161269659454,52.1467057251398,52,43.74,0.641568359952041,-9.68629564183366,-11.447176230256,0.32078417997602,43.7105774362934,41.7222222222222,45.252,1.67262196543979,-0.647691096093789,-4.62361021510866,0.836310982719893,37.1628401470084,36.6766169154229,37.256,2.68822148398277,4.08837398202447,-2.23364452313229,1.34411074199138,40.2429288949428,39.2330097087379,40.388,2.08964751377245,1.18149530575927,-2.63875551659732,1.04482375688623,47.8726997058125,43.4516129032258,45.0791366906475,0.987222985683486,-5.16510476435493,-8.83969653459719,0.823343970060027,40.2919351859239,40.1932773109244,40.4965986394558,2.3667126579842,3.91669555555562,-1.70995564935356,0.695813521447356,NaN,NaN,NaN,NaN,NaN,NaN,NaN,50.2477652136178,51.08,49.7956204379562,2.34056720689726,-4.46472600395206,-3.46734118498845,3.8478924881391,4.098098668998,1700,41,1,1082,272,3,0.135864135864136,126,281.119634758244,1,1730,70.4758110415481,21,4.84534082750504,3.45086774566168,3.27440453909819,20.0544384215673,1
251002_Dupi_NMH_AB_3,focusedBreathing,Dupi,DupiS3,AB,3,64,261263,1,85,584,1470,3064,2244,4488,3064.00000000008,1247.01886304904,1.5,1.39161080482012,3.06400000000008,52.1228151293179,52.2136363636364,52.232,2.93957276630784,-6.08273488968982,-3.0244252684708,1.46978638315392,50.7371742095412,51.5714285714286,49.288,2.09678265598505,-7.80763659785492,-3.0290438199722,1.04839132799252,38.4192714204885,38.2610441767068,38.296,3.32217374771999,6.82747974534287,-0.242149726600311,1.66108687386,35.9684321942475,32.0434782608696,36.932,1.37111360042666,4.05187236151194,-2.27586856861111,0.68555680021333,34.2516851377276,34.9464285714286,33.136,1.8704284398573,5.90791522723513,-1.05629976305301,0.935214219928648,48.6129789513795,49.0980392156863,48.3047945205479,2.36458106338019,-5.31149708325345,-2.89649423330317,1.38091534101403,37.2755984640617,36.8200836820084,37.3792325056433,2.17626871293974,5.97334610277331,-1.13088211186949,1.92817407966461,NaN,NaN,NaN,NaN,NaN,NaN,NaN,38.610406962651,32.4764150943396,41.8872437357631,1.48662060231352,0.172237764087055,-3.88198706904834,2.61050577766254,4.88271635198179,590,40,1,284,562,10,0.280719280719281,236,18.7451302836301,1,1656,11.5848985012332,22,6.85477653291051,2.11173869470644,1.21902999387132,22.2758358988875,1
251002_Dupi_NMH_AB_3,focusedBreathing,Dupi,DupiS3,AB,3,65,262795,1,85,640,1276,3360,1824,3648,3360.00000000001,1966.1632429917,1.246,2.65102196528258,3.36000000000001,49.1771492560651,49.286432160804,49.096,2.62327965511025,-8.02618187546452,-3.2547868257163,1.31163982755512,47.2224196516916,47.0526315789474,47.6,2.12503445931613,-8.7907255644725,-5.1544276427388,1.06251722965807,52.0859838314839,50.7549668874172,53.304,2.30889249758958,-8.25563347520441,-2.96015988913603,1.15444624879479,51.979571418191,53.0206896551724,50.604,2.24941986895243,-8.3456729155534,-4.2631366031947,1.12470993447622,45.0201010050426,44.9513888888889,46.144,2.45714809025874,-1.40633374370342,-3.88749592832379,1.22857404512937,46.1966864257193,45.7696629213483,46.765625,2.29945573589619,-8.17040252536617,-5.29668782995474,1.47165167097356,55.8682037480644,55.717277486911,55.4968553459119,2.2854937958513,-8.66862771132444,-2.67685179238651,1.45357405416143,NaN,NaN,NaN,NaN,NaN,NaN,NaN,45.171207365022,46.2972222222222,42.8848684210526,1.77629294729149,-1.84263758284063,-5.61239063824674,3.23995833585967,4.67237010227699,1794,41,1,366,464,7,0.231768231768232,130,19.9635652161349,1,1588,-18.1589831151584,21,6.45538891572565,1.70381748223733,0.714616667111938,16.9099341295282,1
251002_Dupi_NMH_AB_3,focusedBreathing,Dupi,DupiS3,AB,3,66,264475,1,85,530,1318,4014,1820,3640,4014.00000000001,1901.58455056372,1.348,2.15643049719672,4.01400000000001,26.0797264499745,25.6666666666667,28.612,1.75407112437424,-0.901265455387342,-8.26052357528148,0.877035562187122,48.8920179075139,46,50.024,0.995973550566825,-12.4714571321374,-13.2523881630256,0.497986775283412,42.7593664704043,NaN,39.072,0.334009714155566,-8.44229693816444,-13.5715466557373,0.167004857077783,45.6099628099347,46.3283582089552,46.124,2.94928072231638,-4.76404894448764,-5.34868931468696,1.47464036115819,51.8405713038213,51.6317991631799,51.544,2.85264445657404,-9.1228833455548,-6.0110048555174,1.42632222828702,48.8889584783652,46,49.9094339622642,0.942831397681171,-12.5585052765673,-13.4039185158409,0.499700640771021,43.4310079323848,43.7007874015748,40.6091370558376,1.54285549163054,-5.86186344886468,-9.69292219045519,1.21577012740487,NaN,NaN,NaN,NaN,NaN,NaN,NaN,42.7464448050849,44.363834422658,41.0351648351648,2.08548763650637,-3.40955130375702,-6.12629190784724,3.7955874984416,5.5278558824445,1122,43,1,132,432,8,0.215784215784216,170,38.6189470959069,1,1212,9.16334661354581,15,4.67064982136,1.9872699341768,0.864431415532469,18.0519599544666,1
251002_Dupi_NMH_AB_3,focusedBreathing,Dupi,DupiS3,AB,3,67,266482,1,85,680,1564,3826,2500,5000,3825.99999999991,1208.35912036939,1.496,1.28504232177032,3.82599999999991,46.0598021956601,49.4891304347826,45.164,1.926820769634,0.0146082486446057,-5.62818884122154,0.963410384817,25.8693277468414,25.1333333333333,27.012,1.97511957581382,1.01912137966425,-5.46198056768284,0.987559787906912,43.1903141932277,43.4884792626728,43.988,3.35643466070282,-1.66970287683903,-4.34027116178837,1.67821733035141,36.4701841858376,36.5882352941176,36.82,3.08086315142267,3.32972996314175,-3.21760848775497,1.54043157571133,45.4317626118197,45.1625,45.608,1.61258639372359,-10.9486966191301,-6.89883498408907,0.806293196861796,32.5503008365977,34.5838926174497,32.6911764705882,2.05061900696028,-0.146763361343969,-5.23731139326385,1.39442092473299,38.9914291700977,38.8233890214797,39.0361990950226,3.35962201702697,2.00201817646742,-3.61737699917513,2.96990586305184,NaN,NaN,NaN,NaN,NaN,NaN,NaN,50.762647736126,50.4404761904762,49.28,1.34886809984809,-7.5711784426623,-6.24894685058944,2.02330214977213,5.87777246692984,222,25,1,156,738,7,0.368631368631369,246,22.6260031481549,1,1610,8.41054828305824,24,7.8380027774897,1.40341695816622,0.235859550702267,16.7973189930853,1
251002_Dupi_NMH_AB_3,focusedBreathing,Dupi,DupiS3,AB,3,68,268395,1,85,598,1054,3566,2214,4428,3566.00000000003,1206.08837191549,1.324,1.47172712131852,3.56600000000003,49.1224304615652,53.6759259259259,46.7,1.86223331337211,-1.78304547795075,-5.57473319654062,0.931116656686053,56.8289030624651,58,56.54,1.68501337593279,-10.535742921178,-6.92176755235814,0.842506687966394,47.1906885600363,46.7175141242938,46.496,2.59216738897395,-7.12371902212066,-6.62231933804619,1.29608369448698,36.1718585012747,34,36.968,1.26738732585585,-0.898310468099339,-7.14179399416295,0.633693662927926,33.7766240625248,32.6058394160584,34.78,2.21034310189136,2.46752277978537,-4.30359913620806,1.10517155094568,56.7422489097085,57.6810344827586,56.2976588628763,1.94863803254713,-9.90301528621598,-7.10631202142276,1.16528554346319,44.0989715300418,43.7971014492754,44.359649122807,2.22033842723136,-7.12398497174536,-6.59151720419904,1.0124743228175,NaN,NaN,NaN,NaN,NaN,NaN,NaN,45.9988201252547,45.9393939393939,45.9406494960806,2.01135141707166,-6.72908824053579,-4.74726747354086,3.59227363088998,4.65922636917057,818,46,1,448,404,7,0.201798201798202,124,57.7418851317293,1,1856,11.0608992601024,29,10.3333467544725,1.67936383358164,0.438545696559436,16.5721706317708,1
251002_Dupi_NMH_AB_3,focusedBreathing,Dupi,DupiS3,AB,3,69,270178,1,85,536,1048,2908,1752,3504,2908.00000000002,1054.00441834558,1.212,1.20724349329108,2.90800000000002,50.243639274318,52,49.84,1.64854331987554,-10.4559468281924,-5.04502686370676,0.824271659937769,40.7863524193701,40.3243243243243,38.348,1.76351794140902,-3.58129414159075,-5.76781275407726,0.881758970704511,43.1188522530025,52,41.764,0.942171753459838,-2.97991486923413,-8.052276706534,0.471085876729919,36.6388747687613,35.9090909090909,37.468,2.00999264202342,1.84091192714906,-3.86051933540688,1.00499632101171,49.5400676003676,51.5531914893617,49.088,1.38376384495608,-5.18607307816056,-5.86730707196406,0.691881922478039,40.786297794769,40.3243243243243,37.8097014925373,1.64510495773571,-3.70147338622282,-5.94664284831939,0.88177625734634,43.1617374694316,52,42.77734375,0.96691939973181,-3.16657861062445,-7.69438383126558,0.495062732662687,NaN,NaN,NaN,NaN,NaN,NaN,NaN,53.1741588183222,52.0238095238095,53.2522831050228,1.19226189428922,-11.0918358362604,-5.90477717342696,2.08884283879471,4.19118095206609,1252,36,1,10,126,2,0.0629370629370629,106,21.0418782954488,1,1586,-69.4517169417568,29,9.61753391902136,1.19226261423295,0.0540432748512695,14.4790977702277,1
251002_Dupi_NMH_AB_3,focusedBreathing,Dupi,DupiS3,AB,3,70,271632,1,85,992,1496,3800,1972,3944,3799.99999999995,2126.6559657787,1.538,2.17157685341109,3.79999999999995,49.7232125643198,NaN,51.196,0.55517963429514,-12.8040747689018,-5.24950501191926,0.27758981714757,53.8570663696457,54,53.804,0.928498119028205,-12.3045979346717,-7.95832964630857,0.464249059514102,48.3782624126459,47.5034013605442,49.616,2.75894548328787,-3.9519062113793,-4.14389598132189,1.37947274164394,39.174951366383,38.0610687022901,40.24,2.19793270981493,1.55928951211904,-4.74654216277344,1.09896635490747,41.1834493478621,39.3693693693694,43.904,2.3229063736123,1.20246359477559,-2.18129613363309,1.16145318680615,49.9332294682495,48.8563218390805,51.8125,1.82877270089439,-6.6348576195867,-5.6716142998218,1.81414251928724,39.215168038133,38.1203007518797,40.2539682539683,2.20797574586958,1.51876388106001,-4.74596751084752,1.11281977591827,NaN,NaN,NaN,NaN,NaN,NaN,NaN,45.1996150635596,44.6022222222222,45.8823529411765,2.01833182111667,-1.94343752893794,-3.82672104335521,3.98015035124207,4.7045034742478,758,58,1,714,536,6,0.267732267732268,210,97.6309754265522,1,1716,0.371845949535175,22,7.62030606901416,1.18631992644452,-0.121375729075429,17.7844444062653,1
251002_Dupi_NMH_AB_3,focusedBreathing,Dupi,DupiS3,AB,3,71,273532,1,85,988,1774,3792,2286,4572,3792.00000000003,1802.43808429483,1.82,1.89205480422197,3.79200000000003,34.7991233151266,35.6369047619048,33.824,2.47525986096807,2.12358846970604,-4.05816897049428,1.23762993048404,25.9981284178048,25.57,26.532,1.98882926542837,1.73108140277847,-6.07332842657489,0.994414632714184,30.7551670364136,29.05,32.396,2.02923131614347,1.76438307203727,-3.97310590971493,1.01461565807173,40.162271636984,40.7532467532468,40.876,3.4663641717672,-0.74125300425515,-5.27401763765359,1.7331820858836,38.978900770308,39.3115942028985,39.676,2.21734338554836,-0.222436743861144,-4.52885508966787,1.10867169277418,28.1830593369388,27.1728971962617,29.3603238866397,1.98837865063775,1.74648257782598,-4.91589087734889,1.9645181068301,40.9174078270454,41.3246753246753,41.8600508905852,2.96293241140255,-2.01695640359924,-5.33596179580311,2.3288648753624,NaN,NaN,NaN,NaN,NaN,NaN,NaN,49.1712908440881,49.2265625,49.7094515752625,1.63947081888543,-10.3965120517709,-7.2694869498697,2.81005298356963,5.963062393745,1130,36,1,62,744,7,0.371628371628372,224,24.5728631045243,1,1776,9.65357617150446,21,7.43177198041962,1.74968049779914,0.760218007812608,16.571606666344,1
251002_Dupi_NMH_AB_3,focusedBreathing,Dupi,DupiS3,AB,3,72,275428,1,85,642,1602,6272,2284,4568,6272.00000000005,1744.18504224346,1.694,1.52249692245332,6.27200000000005,51.954845576193,NaN,51.948,1.13099374557194,-11.6594941979885,-8.64267330028643,0.565496872785968,46.5073180051019,NaN,45.812,0.562471935387233,-7.31183941574126,-7.9085002001312,0.281235967693617,39.5646558314184,39.475,39.68,1.75511575619169,-4.53778497534822,-5.57008126477323,0.877557878095846,40.6993539391972,40.7853658536585,41.668,3.44104514937241,0.582020423428738,-2.34945330359361,1.7205225746862,37.1740155107821,37.4685314685315,36.54,2.10785800887231,2.75233381820397,-3.77324741557451,1.05392900443616,45.1091315539122,NaN,44.5638629283489,0.559780061583824,-7.4445376166473,-7.61333731774447,0.359378799536815,40.7350492297518,40.8164893617021,41.1125,2.94527520371199,-1.00556005224958,-3.38886822902928,2.82746419556351,NaN,NaN,NaN,NaN,NaN,NaN,NaN,48.0833383187579,48.1488095238095,47.8181818181818,2.08972593650287,-6.83886508544452,-4.14783432947891,3.58596970703892,6.0012750881441,1454,45,1,952,426,3,0.212787212787213,202,105.75657999104,1,1994,10.986150635553,16,5.09578401653113,1.37885112215029,0.30816306807538,16.3911836582605,1
251002_Dupi_NMH_AB_3,focusedBreathing,Dupi,DupiS3,AB,3,73,278564,1,85,1360,2310,3844,3134,6268,3843.99999999994,1132.99957808947,2.296,0.973066990525217,3.84399999999994,54.6780154802283,54.3698630136986,54.56,1.6662919263575,-7.4544399407324,-5.16901777346934,0.833145963178751,49.0064130942565,NaN,48.964,0.531837375570725,-9.39992846042172,-7.09545984838192,0.265918687785363,53.7284660191625,53.8424657534247,53.424,2.07556723593086,-7.61166714974236,-5.50569272174422,1.03778361796543,52.4912866765955,52.3237410071942,52.832,2.02570513348603,-7.16194879395467,-1.82642795911069,1.01285256674302,50.5735764520034,50.5819672131148,50.488,2.05381601287593,-7.38502778288324,-4.87028648470985,1.02690800643796,52.7356800242802,53.2123552123552,51.7132352941176,1.4945396048105,-8.07894782760921,-4.95746831266367,2.03257386254228,49.4451938550098,49.4303278688525,49.7536842105263,2.27909753419095,-6.70303397970406,-3.40753171169994,2.1651426574814,NaN,NaN,NaN,NaN,NaN,NaN,NaN,39.0795204466349,39.7110266159696,37.8498845265589,2.60149979417296,1.27418747396018,-3.66945328444206,2.25289882175378,4.33432891768676,678,54,1,632,226,5,0.112887112887113,108,65.7004487806314,1,1998,-7.84481123126541,4,1.42129505760391,1.44611125642238,0.449166844948184,17.8660917086642,1
251002_Dupi_NMH_AB_3,focusedBreathing,Dupi,DupiS3,AB,3,74,280486,1,85,534,904,2718,1508,3016,2718.00000000007,1594.93093827714,1.024,2.23690916909,2.71800000000007,49.0587863940349,48.7604790419162,48.996,2.70620019411926,-7.35946785601132,-3.76807539262889,1.35310009705963,39.0168812421329,39.0084388185654,39.02,3.22786948327474,3.26002507161558,-3.51092019667154,1.61393474163737,46.2666021723263,44.0689655172414,46.58,1.773382471243,-1.69689720474289,-3.71033430583442,0.886691235621502,39.4132743260773,42.3125,38.748,1.52326905741983,1.96504280046076,-4.73411378955864,0.761634528709913,45.7276720012969,45.320987654321,46.352,1.59345600137321,-8.53120481674385,-3.60328166213193,0.796728000686604,39.0539160344491,39.0248962655602,39.0823970037453,3.14066065431791,3.11004547475283,-3.5368006312895,1.67711278940576,50.3969659318725,51.4,50.027027027027,1.66842674018428,-7.15235085272193,-4.38736543721511,0.617317893868183,NaN,NaN,NaN,NaN,NaN,NaN,NaN,49.6862385293686,50.9515151515152,47.5968169761273,1.93933410494166,-3.20100642244773,-3.80956971275589,2.92451583025202,4.24563758352485,388,40,1,58,414,4,0.206793206793207,172,14.8913795725838,1,1662,5.15120470498954,19,5.26137057252417,1.59489199004074,0.539460529055962,17.7728922060652,1
251002_Dupi_NMH_AB_3,focusedBreathing,Dupi,DupiS3,AB,3,75,281845,1,85,702,1502,3040,1870,3740,3039.99999999996,1536.87813920042,1.418,1.60455972655819,3.03999999999996,52.5017820077807,53.0280373831776,52,2.84955156520926,-5.90506107498713,-3.11683497507017,1.42477578260463,49.0195609889404,48.0188679245283,49.764,2.26959066801047,-8.05860410057789,-4.63004111823194,1.13479533400524,44.2909387232962,44.7350427350427,43.328,1.70369058521035,-2.67482887611636,-3.11292592702543,0.851845292605174,33.4923572781281,33.5752212389381,33.44,3.34593315473309,6.90455611682711,0.236038210661241,1.67296657736654,45.2774243090953,40.7053571428571,48.144,1.86453188792838,-3.29253538067329,-2.9063079748799,0.932265943964192,48.3891309432768,47.6150442477876,48.9031339031339,2.24261099714633,-7.97238614265962,-4.02791365071162,1.57431291999672,35.1032942538611,35.1263537906137,36.255,2.615067751018,5.27684536820949,-0.776883543770912,2.0920542008144,NaN,NaN,NaN,NaN,NaN,NaN,NaN,44.8104617191337,44.0692640692641,45.3229946524064,1.34738097410195,-6.79213938038916,-7.0642479299304,2.51960242157064,5.31425470767039,1444,34,1,188,484,6,0.241758241758242,156,21.3732767646047,1,1770,-19.0927717700626,25,6.99211184769023,1.2240944142377,0.151445993341871,17.4526005411892,1
251002_Dupi_NMH_AB_3,focusedBreathing,Dupi,DupiS3,AB,3,76,283365,1,85,720,1682,3720,2772,5544,3720.00000000003,1600.02837348291,1.676,1.72129323335207,3.72000000000003,45.2693095637004,45.0740740740741,45.152,1.14111635438213,-8.53698656478613,-7.38886499413183,0.570558177191065,46.5872628228578,46.0769230769231,43.284,1.12397542689801,-7.39009154252345,-8.55664073584146,0.561987713449007,49.7603974158827,52.4285714285714,45.272,2.74195530876385,-3.85175148530754,-6.6780380437541,1.37097765438193,52.1776239549133,51.9223300970874,52.272,2.98717650147818,-7.23821075945178,-2.03278790036721,1.49358825073909,45.3280208229414,41.4941176470588,47.704,1.57916070426581,-3.31968034045717,-6.71300987531084,0.789580352132907,41.2551507641799,39.8863636363636,39.9944444444444,1.20362921620114,-4.57587486345987,-7.96197940518818,0.866613035664819,53.6105255609223,53.2543859649123,54.045738045738,2.86294034934997,-8.09183116493001,-3.69079694027576,2.75414861607467,NaN,NaN,NaN,NaN,NaN,NaN,NaN,39.7167583040366,40.0607902735562,40.4902280130293,2.23014693970165,0.467975049379469,-3.39797095814963,2.73862044195363,4.89309011937634,942,52,1,722,560,9,0.27972027972028,230,34.9405307308274,1,1156,-46.2147600075887,33,7.69892080449281,1.58870636766643,0.675948072575561,14.4500458309087,1
251002_Dupi_NMH_AB_3,focusedBreathing,Dupi,DupiS3,AB,3,77,285225,1,85,676,1426,2828,1772,3544,2827.99999999997,1465.91963132032,1.316,1.89425606107528,2.82799999999997,54.8756126054601,56.0724637681159,54.52,1.6138637231425,-10.6270434689275,-2.5643661951984,0.806931861571248,47.0615933167319,46.6018518518519,47.576,2.27442079798303,-7.88519987484146,-3.30714237241021,1.13721039899152,50.2806483899321,50.6165048543689,50.824,2.79129458647228,-5.31501424495238,-3.47942559172482,1.39564729323614,39.9125044021676,39.5809523809524,39.756,1.65500609313669,2.23991261188823,-3.90717910435566,0.827503046568345,31.4732142673478,30.8795180722892,32.528,1.73678601862012,3.01015384001506,-3.49177421984426,0.86839300931006,48.0990262782081,48.1036585365854,48.6775147928994,2.27014063193314,-7.91637736226407,-3.35082381405144,1.5346150671868,45.574389216163,46.1102040816327,43.9866666666667,2.27893476197856,0.933652127661225,-3.6862638114454,1.70920107148392,NaN,NaN,NaN,NaN,NaN,NaN,NaN,43.7116749653914,44.4846153846154,43.7370203160271,2.24368127355403,-1.09187538628135,-4.39421595972464,3.97580321673775,4.94157024821414,440,46,1,308,522,9,0.260739260739261,156,24.9544131948478,1,1558,-6.93910073989757,28,8.51445922747035,1.61649309954037,0.553578980947909,19.8119130919098,1
251002_Dupi_NMH_AB_3,focusedBreathing,Dupi,DupiS3,AB,3,78,286639,1,85,890,1644,5066,3660,7320,5066.00000000003,1534.09220953523,1.54,1.96906754659865,5.06600000000003,33.9114435534044,34.2608695652174,32.86,1.60805543296059,2.98705721351277,-3.94371044725208,0.804027716480295,44.4549597964457,44.6502732240437,44.444,2.50110930037341,-0.959584706412646,-4.61507846767842,1.2505546501867,46.701290553209,47.7739130434783,45.776,1.86656145070886,-1.33945909907743,-5.64443325415637,0.933280725354432,44.9127145150145,45.2695652173913,43.408,2.32303466493056,-2.24142443270257,-3.48922032494087,1.16151733246528,32.0960341779903,32.3918128654971,32.008,2.53635132580126,5.14651442463578,-1.51730407161161,1.26817566290063,45.8357094273779,45.8557046979866,46.1123595505618,2.33689890556799,-1.52459463013027,-4.99996399931291,2.07984002595551,42.0318083830302,41.8641975308642,40.6180371352785,2.12143974796096,0.614669010818026,-3.52647694672376,1.59956556996256,NaN,NaN,NaN,NaN,NaN,NaN,NaN,57,57,57,1.0928975825482,-12.8523265443862,-3.50845066091391,0.37158517806639,5.10176171864596,1364,47,1,278,462,5,0.230769230769231,154,30.8891634722236,1,1764,40.3361790931512,25,8.14980266363976,1.08781769911224,-0.0217372794104233,14.357841317776,1
251002_Dupi_NMH_AB_3,focusedBreathing,Dupi,DupiS3,AB,3,79,289172,1,85,606,1694,3134,2266,4532,3133.9999999999,1879.78998224566,1.578,2.17566078798978,3.1339999999999,52.0994806978605,55,51.488,1.0743186190687,-10.622643251303,-5.64742049797685,0.53715930953435,46.121699484346,44.5602836879433,47.036,2.12772417567529,-3.94517808632184,-4.15707904945967,1.06386208783764,37.6722890992585,37.6114649681529,36.06,2.48404291233362,1.33110837646061,-3.04057934861186,1.24202145616681,34.861301682837,35.4285714285714,34.088,2.56260548626056,3.4306465925468,-1.58469915457611,1.28130274313028,51.565764717329,51.2411764705882,51.832,2.62840226557563,-5.66293899321145,-3.29472100755646,1.31420113278781,44.8712857439866,43.6217616580311,45.993399339934,2.34997654715924,-3.36676834045755,-3.82956516803721,1.4240857875785,37.5937766632198,37.624183006536,37.1838235294118,2.34811031676227,2.15837787999255,-2.28231008902605,2.55474402463735,NaN,NaN,NaN,NaN,NaN,NaN,NaN,49.0516530099688,51.559880239521,47.3402537485582,1.76559518008021,-3.2255019518409,-5.8449066626601,3.06154204225909,4.91929601189905,626,41,1,298,610,7,0.304695304695305,172,29.5887724614938,1,1778,-33.0707645608044,28,7.64933341834471,1.70369867043104,0.684343829153744,18.0642959283203,1
251002_Dupi_NMH_AB_3,focusedBreathing,Dupi,DupiS3,AB,3,80,290739,1,85,844,1618,3390,2784,5568,3390.0000000001,2006.35108476772,1.564,2.32577231646976,3.3900000000001,57.1465156895939,57.4451219512195,56.464,2.29732135754584,-8.95681674764278,-5.86819022816141,1.14866067877292,32.1720167639148,31.967032967033,30.808,2.39854274917095,1.21810713397391,-5.63324247688709,1.19927137458548,42.807367734269,44.2333333333333,44.228,1.33479017171415,-3.97127044501412,-6.81953965889028,0.667395085857073,38.0350240713349,41.4545454545455,36.42,1.23851346904235,-2.77553669218498,-7.20327548048838,0.619256734521177,33.7530541966356,33.8954248366013,34.324,2.67341125190217,4.56373014329326,-2.1884143627205,1.33670562595109,35.9521696179176,36.0257352941176,36.7985781990521,2.19948522311125,-0.0192059772772995,-5.81696786175737,1.8563655283059,37.8751403427001,41.4545454545455,37.2093023255814,0.86770902198941,-2.7402567733939,-7.57324293067828,0.671606783019803,NaN,NaN,NaN,NaN,NaN,NaN,NaN,45.3489284436919,46.5512367491166,44.7582236842105,2.06861455116057,-5.15572783382309,-5.64640447479847,2.51543529421125,4.9133873712196,1964,30,1,12,440,6,0.21978021978022,168,19.1997416926775,1,1390,-48.5387971921837,27,9.82480221924033,1.23820882553997,0.172878624783637,13.0661652281938,1
251002_Dupi_NMH_AB_3,focusedBreathing,Dupi,DupiS3,AB,3,81,292434,1,85,728,1476,3428,2058,4116,3428,1599.0750676805,1.46,1.96015217118374,3.428,48.0733541413446,48.7938144329897,48.516,2.64131240147994,-5.25848529672168,-5.42111959231908,1.32065620073997,41.0018498214006,40.0327868852459,41.96,1.61378508828346,-3.75856494850848,-5.75482894837699,0.806892544141728,41.6219026293822,37.6517857142857,45.12,2.21661452586466,0.0934197880176745,-5.24482871678189,1.10830726293233,35.4785662652781,35.5663716814159,35.512,2.86665985174613,6.43709065162988,-2.94600253232984,1.43332992587307,34.1525530939754,35.1666666666667,34.512,2.42972987189924,3.9643256873045,-2.11405499909778,1.21486493594962,44.1396412146324,39.6986301369863,45.8159340659341,1.51116427439836,-4.457426669834,-6.48024165324889,1.100127591762,36.2766598451261,36.1932515337423,36.2326203208556,2.94585828770264,5.36690203625023,-3.16402967448679,2.20350199920157,NaN,NaN,NaN,NaN,NaN,NaN,NaN,51.3993161274559,52.029197080292,50.7394438722966,2.24485158911869,-8.28961856781123,-5.16614971597153,4.35950178606849,5.45187012552331,1796,30,1,0,524,5,0.261738261738262,172,39.4623543305115,1,1616,16.4094099791311,18,4.2945227694551,1.21008837840806,0.221291841584179,16.0169886747515,1
251002_Dupi_NMH_AB_3,focusedBreathing,Dupi,DupiS3,AB,3,82,294148,1,85,582,1220,2254,1734,3468,2253.99999999991,1216.83773580289,1.242,1.59286375113462,2.25399999999991,55.5843769948124,55.714953271028,55.848,2.83688751346911,-7.93312157100486,-5.83805098542757,1.41844375673455,46.9343779352083,46.5190839694656,47.576,2.25778254525973,-8.00217837345923,-4.27481762914869,1.12889127262986,41.3435574249958,40.6521739130435,41.588,2.18046855317578,-2.65257530896481,-5.22998423428653,1.09023427658789,37.7243916277302,37.7209302325581,38.436,2.91071812160476,2.89479862727624,-3.08887192807414,1.45535906080238,33.7392728998089,33.9526627218935,33.784,2.00424257949807,3.36914625800409,-3.29260610891604,1.00212128974904,46.4710591995385,46.1428571428571,47.1099656357388,2.32930881290052,-7.75496662335861,-4.39399530497826,1.3556577291081,38.2026719380402,37.480198019802,39.153605015674,2.53458264318684,1.7750548222187,-4.38213222451661,1.6170637263532,NaN,NaN,NaN,NaN,NaN,NaN,NaN,43.5237508342409,43.43359375,43.9204152249135,2.0738168484031,0.274778643956874,-3.94719374383908,3.59599841513098,4.8993696379042,476,44,1,0,518,8,0.258741258741259,206,90.122720503281,1,2002,-17.2995636501613,21,5.62655122038133,1.59656443971661,0.490500835229884,18.3787806071829,1
251002_Dupi_NMH_AB_3,focusedBreathing,Dupi,DupiS3,AB,3,83,295275,1,85,2080,2874,4954,3328,6656,4954.00000000006,1175.18248130321,2.73,1.03684657738084,4.95400000000006,30.0368626156722,30.2732558139535,29.996,2.23234861153001,4.9864680167799,-2.77486291362792,1.11617430576501,45.5798685814974,47.3333333333333,45.64,1.54590769905732,-4.90979439568642,-2.82520073486737,0.772953849528659,53.6570645305089,53,53.892,0.945805260517899,-11.7818336614427,-5.7369951001219,0.472902630258949,44.5369162096058,44.1987179487179,38.596,2.28440064680159,-1.92048077525063,-7.04099577342359,1.1422003234008,56.6362371969182,NaN,50.524,0.720302983496144,-8.14583131928713,-12.5166391267122,0.360151491748072,48.184067296817,45.4095238095238,47.4644230769231,1.35979816450021,-5.4231338245463,-5.94315902282735,2.82838018216044,49.1760236684717,48.3071161048689,49.831234256927,2.6564526372744,-5.56034995966689,-5.0386477830896,2.10922339399587,NaN,NaN,NaN,NaN,NaN,NaN,NaN,40.470856152203,38.0857142857143,41.1964285714286,1.64499234420583,-1.25588837465072,-5.57656231815958,1.10543485530631,4.20925308448343,1050,53,1,990,216,3,0.107892107892108,118,13.0794016338432,1,1296,20.9963953708974,28,11.4872054793283,1.41935428669554,0.51806563974675,14.6942396629425,1
251002_Dupi_NMH_AB_3,focusedBreathing,Dupi,DupiS3,AB,3,84,297752,1,85,664,1202,3168,2008,4016,3168.00000000001,824.428763651728,1.224,1.110750751401,3.16800000000001,26.4531876254804,26.3660130718954,26.832,2.33609082976537,1.26054675051554,-6.55214477609884,1.16804541488269,53.8364829263183,56,51.324,0.606274216421039,-12.3229130411105,-13.036773171876,0.30313710821052,46.1691138159668,46,46.752,1.32127563219786,-9.30902182494869,-6.44328239275954,0.660637816098929,47.2319051348761,47.3684210526316,47.02,2.58767739406751,-7.61554695114191,-4.26555562760847,1.29383869703375,42.0776319376649,42.3209302325581,42.308,3.0476117715429,1.49679334644883,-2.95414731195857,1.52380588577145,53.3315245611102,56,50.4126506024096,0.495707868506977,-12.3619083445443,-11.3202956633503,0.329150024688633,46.0762818476599,46,46.2118959107807,1.97725036171357,-8.1774560357003,-5.82240532013023,1.0637606946019,NaN,NaN,NaN,NaN,NaN,NaN,NaN,40.0006530541025,40.8431034482759,40.0321285140562,2.31496539770734,3.85201092481298,-3.06358539156398,4.61141107223302,4.87565783309114,1390,48,1,926,408,7,0.203796203796204,194,102.112758518175,1,1890,-9.13868336179094,15,2.75147488360111,2.82980072726551,2.03142968872905,20.0035495527482,1
251002_Dupi_NMH_AB_3,focusedBreathing,Dupi,DupiS3,AB,3,85,299336,1,85,738,1768,3038,2606,5212,3038.00000000001,926.273695287957,1.764,0.860435746507531,3.03800000000001,50.5795852126907,47.0754716981132,51.476,1.51822676805075,-7.32700657916419,-4.88851393126436,0.759113384025376,32.5329449212161,28,34.82,0.786013415094524,0.666171352893144,-4.63212999859891,0.393006707547262,37.4508360046739,36.7933333333333,37.912,2.43000928909322,7.07321595853048,-1.37823307690452,1.21500464454661,49.7555197863097,49.7482014388489,50.144,2.67993447855511,-7.30230454242891,-0.642512200571656,1.33996723927756,49.3195581740707,49.6987951807229,49.528,2.55843812153364,-7.890002190385,-2.99202566226395,1.27921906076682,34.8832201954951,34.4756097560976,35.5230352303523,1.12380050983113,3.40080586257326,-4.08444456995626,0.829364776255378,45.6230355969145,45.0325732899023,46.4330097087379,2.71978572396795,2.03264872499532,-0.989200423941364,2.80137929568699,NaN,NaN,NaN,NaN,NaN,NaN,NaN,36.6028925876465,35.2857142857143,37.767575322812,1.05670545232766,-0.263137868624335,-4.14976474230488,1.47304740054476,6.0864202007217,1330,49,1,724,504,6,0.251748251748252,158,40.9949170700252,1,1764,-26.495541642952,27,7.34516510767649,1.5662934664137,1.36122853649988,11.3325106591078,1
