sessID,task,cohort,group,participant,sessNum,breathIdx,onsetSample,goodBreath,nEv,inhalePeakMs,returnCrossMs,exhaleStartMs,exhaleTroughMs,endSymMs,breathLenMs,inhaleVolume,inhaleDuration,peakInspFlow,breathLength,w1_rfreqPW,w1_rfreqGated,w1_rfreqRaw,w1_rpowZ,w1_rpowDb,w1_bandDb,w1_aucZ,w2_rfreqPW,w2_rfreqGated,w2_rfreqRaw,w2_rpowZ,w2_rpowDb,w2_bandDb,w2_aucZ,w3_rfreqPW,w3_rfreqGated,w3_rfreqRaw,w3_rpowZ,w3_rpowDb,w3_bandDb,w3_aucZ,w4_rfreqPW,w4_rfreqGated,w4_rfreqRaw,w4_rpowZ,w4_rpowDb,w4_bandDb,w4_aucZ,w5_rfreqPW,w5_rfreqGated,w5_rfreqRaw,w5_rpowZ,w5_rpowDb,w5_bandDb,w5_aucZ,p1_rfreqPW,p1_rfreqGated,p1_rfreqRaw,p1_rpowZ,p1_rpowDb,p1_bandDb,p1_aucZ,p2_rfreqPW,p2_rfreqGated,p2_rfreqRaw,p2_rpowZ,p2_rpowDb,p2_bandDb,p2_aucZ,p3_rfreqPW,p3_rfreqGated,p3_rfreqRaw,p3_rpowZ,p3_rpowDb,p3_bandDb,p3_aucZ,p4_rfreqPW,p4_rfreqGated,p4_rfreqRaw,p4_rpowZ,p4_rpowDb,p4_bandDb,p4_aucZ,peakZ,peakLatMs,peakFreq,anyBurst,burstLatMs,timeAboveMs,nBursts,dutyCycle,maxBurstMs,peakZ_base,anyBurst_base,timeAboveMs_base,chirpSlope,chirpSlope2,freqSpan,freqJitter,apExp,apOffset,gammaBumpDb,gammaPeakPresent
251002_Dupi_NMH_AB_3,O15,Dupi,DupiS3,AB,3,1,15061,1,91,674,838,838,1006,2012,1006,56.5940932105219,0.674,2470.47886357117,1.006,35.399871779987,41,35.472,0.952646076520554,1.69059341709995,-4.15970873863217,0.476323038260277,38.5621297432394,38.6548672566372,38.352,3.03782542113978,5.77466073558815,-1.20644248075791,1.51891271056989,31.9519974944436,32.1220930232558,32.764,2.44200933210709,9.38777291056219,2.37019770894661,1.22100466605354,42.7340537534936,41.5429864253394,42.388,2.98703907375581,8.16930733755607,2.37385490761444,1.4935195368779,52.1861817378974,51.945652173913,52.276,3.00492522705745,-3.42429367380942,-0.152923388040185,1.50246261352873,37.9056849834369,38.0036363636364,37.4807121661721,2.75983562177978,6.17794920603537,-0.51095125260453,1.86012920907957,28.6366270517114,27.0222222222222,30.0365853658537,2.82281378628176,9.00321230614184,3.00779765765458,0.462941460950209,33.1458431535196,33.2469135802469,33.1428571428571,2.59378185484014,11.2572391307429,2.89913172452642,0.435755351613143,47.580062876242,46.406862745098,47.4373757455268,2.98829900536413,5.29033718173956,1.26693999989325,3.00622879939631,5.23778301603812,1492,51,1,0,1036,11,0.517482517482518,144,110.880585013859,1,2002,-12.5403149307532,-9.82925149812036,28,8.26235545475758,1.89555584641654,1.12882924215908,24.0593403406647,1
251002_Dupi_NMH_AB_3,O15,Dupi,DupiS3,AB,3,2,16341,1,91,1850,2278,2278,4210,8420,4210,-219.577061841766,1.85,4049.9659719778,4.21,42.3947699425566,42.1411764705882,42.696,2.46920404477162,-3.96293428956994,-0.729256541133703,1.23460202238581,47.9708029207595,55,46.636,1.23670081711816,-5.15923698187835,1.82380501611405,0.61835040855908,55.35459812664,55.9935897435897,54.496,2.38971292168719,-3.01085783276503,1.07250236719612,1.1948564608436,47.0811966984913,45,46.556,1.2080396981056,-5.30525387109654,-3.473975191762,0.604019849052802,40.0694882077513,38.6418918918919,41.628,2.40262682177735,7.92603342251862,1.35842142890863,1.20131341088868,49.7930163902387,50.7770700636943,48.4627027027027,1.70705816868825,-0.61999418696207,0.222640750002004,3.15805761207326,35.9806910272963,35.8451612903226,36.3691588785047,2.7422104451126,7.59387152682461,1.92396513770742,1.17366607050819,40.1496989185228,41.0472813238771,41.486643437863,2.18133390086022,2.88456315623906,0.367806047466323,3.75625697728129,NaN,NaN,NaN,NaN,NaN,NaN,NaN,3.76801126454299,1902,32,1,490,408,8,0.203796203796204,124,10.1271637416646,1,996,15.7321191424777,10.8357836751405,25,9.69331028724663,1.30389500546728,0.511417371001664,18.9456650806793,1
251002_Dupi_NMH_AB_3,O15,Dupi,DupiS3,AB,3,3,17178,1,91,2014,2396,2396,4344,8688,4344,38.2013063263327,2.014,4049.9659719778,4.344,48.5663836447173,48.2183908045977,49.204,1.59645508134525,-5.59274244416435,-2.75665973697327,0.798227540672625,36.796793758228,37.0546448087432,36.724,2.57197750038392,9.22928148991673,1.9279707633141,1.28598875019196,42.8755536662018,41.6178861788618,44.064,1.94947270145278,-0.964213556125228,0.577009989689758,0.97473635072639,47.7852589312043,47.825,47.636,1.89502428738436,-4.50988720972968,-0.896115070464341,0.947512143692178,39.3471403048211,39.2535211267606,38.984,2.16937305722375,2.6067830645559,-0.630191283104364,1.08468652861187,41.2043988966812,40.8086956521739,41.811320754717,2.14887672256011,4.53146586051744,0.404716089952428,4.32783771923607,27.438449883628,27.8266666666667,28.1884816753927,2.21300495564074,8.3723348158001,2.21534523677923,0.845367893054763,44.9000626582994,43.3324175824176,46.7755610972569,2.04060092061315,3.44601338304404,1.21825081171507,3.27312387666349,NaN,NaN,NaN,NaN,NaN,NaN,NaN,4.06205351599789,1076,48,1,42,472,8,0.235764235764236,116,32.0542875780828,1,1984,-17.3314361601214,27.950831875535,20,6.62485080842333,1.58621583180994,0.757307035533065,21.0477282403834,1
251002_Dupi_NMH_AB_3,O15,Dupi,DupiS3,AB,3,4,18926,1,91,218,708,708,848,1696,848,87.3350922061175,0.218,5605.75535852121,0.848,42.9009478189754,46.3142857142857,40.836,1.46085114630674,5.02292638406507,-0.0934560597954193,0.730425573153368,35.1333901215063,34.910447761194,34.808,2.45216170258733,9.38369449939658,1.35194979263958,1.22608085129367,42.2874423615422,43.1507936507937,41.032,2.19150522001478,-0.647888101396125,-0.547001662365088,1.09575261000739,35.1590237578507,36.2921348314607,34.76,1.8059988829595,7.11437914179244,-0.237273398441216,0.902999441479748,33.303691507702,34.8275862068966,32.64,1.37474745123696,8.74628456036016,0.688873595122018,0.687373725618478,33.6257088460334,33.6224489795918,33.605504587156,2.43639625989263,10.1762954559042,1.65854162909059,0.531134384656593,39.9132100901472,39.6763285024155,38.8979591836735,2.99808386409499,6.52951285916248,1.28890381514278,1.46906109340654,42.9784763857949,43,42.8142857142857,1.34607675134536,-4.57855324833579,-1.83427787030985,0.188450745188351,34.8185826222812,36.2921348314607,34.25,1.39419761255321,7.01691810123627,-0.723849537972683,1.18227957544512,4.66343203403174,580,43,1,460,314,3,0.156843156843157,166,17.9516449426483,1,1628,12.6036805160311,6.43428741578889,11,4.1171699928863,1.81449024318368,1.15768850613712,20.5530073094183,1
251002_Dupi_NMH_AB_3,O15,Dupi,DupiS3,AB,3,5,21345,1,91,1652,1886,1886,2014,4028,2014,283.352260464737,1.652,14062.8057079603,2.014,47.2259640523737,47.1495327102804,47.2,1.85585591857673,-4.022952359079,0.453290595570084,0.927927959288367,55.2501748168441,55.458904109589,54.62,2.14381420551006,-3.21948783191577,0.959635341567463,1.07190710275503,54.1770250839791,52.9384615384615,53.488,1.66278061872763,-3.76402441705299,-2.86693442076689,0.831390309363817,42.761128034149,42.9418604651163,42.704,2.57874046700987,-1.54869101874408,-1.56635877067479,1.28937023350493,35.8380362795999,35.8712871287129,36.356,2.88536037046022,6.89628959406213,-0.234772595280603,1.44268018523011,49.285059756773,48.8613138686131,49.2784503631961,2.07171139311685,-2.15356939190492,-0.960051973494886,3.42246722142904,34.8923741269105,34.8632478632479,34.8632478632479,3.82449892721065,8.43420805215276,0.849516140697091,0.894932748967292,35.3019827319452,35.328125,35.328125,2.75214671847875,7.03205568197125,-0.787829024455271,0.35227477996528,47.4144651632888,47.3854545454545,46.754279959718,2.1461280882121,2.69272647176251,-0.874045266417387,4.26221038318923,4.59334168285886,1694,36,1,344,584,7,0.291708291708292,190,19.7765361907157,1,1776,25.9912730032252,-14.9678974206275,24,8.78714118685601,3.08714738613622,3.10024198764362,17.0063995573695,1
251002_Dupi_NMH_AB_3,O15,Dupi,DupiS3,AB,3,6,23714,1,91,170,916,916,1100,2200,1100,38.8170571097701,0.17,4398.00204213083,1.1,42.1919926752848,42.216814159292,42.252,2.98674465482735,-1.55556592891798,1.54263179710016,1.49337232741368,47.0099358193932,48.1221374045802,45.296,2.08548694269006,0.599028892780731,-1.26407353406599,1.04274347134503,32.413271060851,32.0941176470588,32.844,2.51716607498709,8.79898970881864,2.66717569899241,1.25858303749354,30.3253131374204,28.7614678899083,30.8,1.95677209923733,8.81126684940659,2.01925113991154,0.978386049618664,43.8409661164216,44.4976525821596,45.416,3.11543586932567,1.97298862599407,1.18043658896846,1.55771793466284,46.6699040034606,47.0361445783133,47.0352941176471,3.6304304023729,-2.90666599919863,0.293992419090747,0.617173168403394,38.0112426378838,38.1292134831461,38.6353887399464,1.90691346494404,6.69278063706145,0.909947268998119,1.42255744484825,25.9110824410274,26.0246913580247,25.9782608695652,2.75909964757979,8.91224067159206,2.58456413852635,0.507674335154682,41.0039226044262,41.8654434250764,40.7490909090909,2.46260558019981,5.64074801040382,1.20884814564924,2.70886613821979,4.85806744336023,1550,36,1,0,642,11,0.320679320679321,150,43.8123415401785,1,1948,-24.3081009296149,-26.4443369188968,27,8.88120316542201,2.32799689838482,2.04699154426429,20.1104861682968,1
251002_Dupi_NMH_AB_3,O15,Dupi,DupiS3,AB,3,7,38786,1,91,298,666,666,842,1684,842,35.9490150383676,0.298,2169.79753737662,0.842,46.59135996705,46.4246575342466,45.756,2.33284635861702,-2.59006403073681,-0.0796770645153141,1.16642317930851,43.6051698305496,43.4954128440367,43.548,3.13996526698816,-1.75715319942352,0.439942370311441,1.56998263349408,42.7005676135961,43.4505494505495,43.496,2.7647960583328,3.3374424546816,0.93139069098391,1.3823980291664,45.750158769838,47.140350877193,45.492,1.57299545085501,-4.57524192639608,0.122748811326472,0.786497725427505,52.8132380277291,52.7304347826087,52.832,3.4138597416279,-1.30479039202029,0.0826381070933907,1.70692987081395,43.7460436280956,43.5547945205479,43.5436241610738,3.28433743962428,-1.78810939179686,1.14545155413921,0.978732557008037,40.6201077906802,40.5958904109589,41.2445652173913,3.2928865363477,4.59490271190919,1.21377968383869,1.21178224537596,49.7910428905767,50,49.6136363636364,2.51729281070565,-4.85092810529,-0.222751002654021,0.443043534684194,47.2095760997396,48.2258064516129,46.1282660332542,2.09607470046899,-3.46602663718619,-0.212694878992023,1.76489489779489,5.20004980565461,522,39,1,2,766,17,0.382617382617383,162,67.5760615218598,1,1934,2.80781635363308,1.2582350094912,17,5.28788279533538,2.6549209893435,2.44997034105737,20.8749658007388,1
251002_Dupi_NMH_AB_3,O15,Dupi,DupiS3,AB,3,8,55825,1,91,2346,2890,2890,3138,6276,3138,-371.813918238877,2.346,5122.96105113349,3.138,53.3645561197118,NaN,53.512,0.251123469780801,-8.58674902898261,-4.40271030576839,0.125561734890401,41.4143756062612,41.3298969072165,41.488,3.0397885646751,2.77866951754853,-0.215334229457918,1.51989428233755,43.6025849033103,43.5031847133758,44.196,2.44287120997262,0.594538190165343,0.744524237466452,1.22143560498631,46.1179977582401,44.8424657534247,46.132,2.28413219664745,2.63203234964744,2.35470429265394,1.14206609832373,38.0054899829,37.4297520661157,38.056,1.88942325175808,8.18809040383894,2.45061464489526,0.944711625879039,42.9149934620827,41.9904912836767,43.3393009377664,2.25960643235381,3.97685534914247,1.37648848455,5.30103669030203,49.4413811103831,48.954954954955,48.4889705882353,2.90177589458004,-1.34189022280079,1.58672673455622,1.57856608665154,52.8892287654812,50.7755102040816,53.8548387096774,2.11542351657368,-2.26564417692183,3.69301247107027,0.524625032110272,53.4252896129482,54.0697674418605,53.245939675174,1.39796137114758,-5.03311338718456,0.283732324595386,1.20504270192921,5.42298105039396,178,42,1,84,554,11,0.276723276723277,162,78.0831364622347,1,1992,-8.67880857522292,11.7886254512971,24,7.29560412950004,2.16659822502207,1.6163955990751,20.2388916940437,1
251002_Dupi_NMH_AB_3,O15,Dupi,DupiS3,AB,3,9,56903,1,91,190,798,798,982,1964,982,59.6077241332739,0.19,5122.96105113349,0.982,40.9163875029454,39.2142857142857,42.616,1.79474834325142,-0.356253470246462,2.17427297237043,0.897374171625712,45.2316206926417,44.6149068322981,45.772,2.4445504976818,-2.57622612767335,1.30835325616796,1.2222752488409,53.5117811153301,53.4055944055944,53.092,2.47480830652669,-1.46634164180669,2.9399497895445,1.23740415326335,40.7356401191246,38.6111111111111,43.12,1.15648972948008,-1.49879991337967,-0.208961282151136,0.578244864740038,35.3449433112927,34,36.336,1.73826333406908,7.03676524414944,0.878760345062333,0.869131667034541,46.7824995522334,44,47.2631578947368,1.65263970945143,-3.87365987526384,1.67695667957503,0.314001544795772,49.4245080633504,49.1710526315789,49.2105263157895,2.748512061917,-1.40624426605794,2.4550882517863,1.67109533364554,51.2262088815634,49,52.445652173913,2.35291081989933,-2.35050457116952,2.0394775084342,0.432935590861477,38.0307384608545,36.6637168141593,40.1079429735234,1.43714502520967,4.28539980985555,0.357870533774109,1.4112764147559,4.66408642887528,252,44,1,218,374,5,0.186813186813187,154,24.8070246287652,1,1294,-6.89356858281164,14.5625674619421,22,7.43085962732567,2.91859708881385,2.93403809849533,18.0860078109384,1
251002_Dupi_NMH_AB_3,O15,Dupi,DupiS3,AB,3,10,57697,1,91,374,672,672,780,1560,780,140.583345887982,0.374,5056.30917622577,0.78,39.7179274014378,39.7172413793103,40.296,2.15172785687254,-1.1366120419492,-0.22525298843827,1.07586392843627,39.9531650926063,37.2454545454545,40.96,1.80740086713078,2.64107882224255,0.933588225451579,0.903700433565392,53.9839849939737,54.9508196721311,53.492,2.13698588135246,-3.04064514994246,-0.106184698667338,1.06849294067623,45.329506616879,45.6402116402116,45.012,2.5003761498021,-2.44585958251983,0.80515754500942,1.25018807490105,47.2951553138474,53.9090909090909,43.08,0.671805008482101,2.24750611548523,-1.40227482223705,0.33590250424105,37.6835232618942,37.2454545454545,37.9358288770053,1.97080468831994,3.69676751507897,1.31773936146889,0.737080953431658,50.0014595344386,50,49.9865771812081,1.41513089941636,-4.57406500197667,-0.738193392502162,0.421709008026076,57.9101883458292,58,57.7592592592593,2.24175388270627,-0.916600188464735,-1.41401055899231,0.242109419332277,47.866015853582,47.9779411764706,47.4230769230769,2.43747135982036,-2.7932995847752,0.787025567221588,1.90122766065988,4.05962796519907,1384,43,1,866,238,6,0.118881118881119,90,15.9932550403509,1,1380,20.5573894896604,25.885100681133,24,7.79123666169921,2.01321396107093,1.57899707331982,15.8323567221084,1
251002_Dupi_NMH_AB_3,O15,Dupi,DupiS3,AB,3,11,59057,1,91,274,664,664,840,1680,840,70.9429531994016,0.274,3535.13112738736,0.84,45.2113769987345,44,45.392,1.2195193687208,-5.50380562495594,-2.06522737679528,0.609759684360401,37.2321106572302,37.3872340425532,37.42,3.15211114518486,7.38609137544089,1.39196957370681,1.57605557259243,44.4942978298852,44.5815217391304,43.472,2.67266861033786,-1.47495850420204,0.791755139992811,1.33633430516893,48.3568733167347,48.1206896551724,48.544,1.88724883623315,-5.83287481677508,0.259305524973034,0.943624418116577,48.0537515372788,49.2631578947368,46.812,1.89217986603424,-4.56290809896469,-2.18698663863745,0.946089933017122,41.1804934332067,40.7709923664122,40.7372262773723,2.93240292502119,2.35554421323133,-1.05737043223697,0.803478401455807,34.5155482113606,34.5743243243243,35.3333333333333,2.77106023380329,8.01933572256736,1.74906137357916,1.08071349118328,46.4293188330715,46.8714285714286,45.7159090909091,3.2929233170272,-2.85086764520633,2.67956385261532,0.579554503796788,48.2404935464343,48.0253164556962,48.4880952380952,2.12513121392284,-5.1716839675387,-0.393107575773076,1.78511021969519,5.20525769868232,796,47,1,0,500,7,0.24975024975025,156,29.8040846434456,1,1970,-28.092202618099,22.2335020657312,18,6.06360305827776,2.78503077369155,2.52928552372386,20.1926585707591,1
251002_Dupi_NMH_AB_3,O15,Dupi,DupiS3,AB,3,12,60032,1,91,2234,2704,2704,2874,5748,2874,148.001116601207,2.234,5338.79058233741,2.874,45.7076016883015,50,44.716,1.11275437641579,0.084819571140039,-2.21348701446597,0.556377188207893,32.054200467339,32.5673758865248,33.312,2.22269250440157,4.32105551116648,-1.36244289490045,1.11134625220079,30.0507911487385,28.8787878787879,34.856,1.62312477434272,5.79411788177636,-0.602950913874234,0.81156238717136,46.5735048523756,49.38,42.396,2.61442188822526,3.21422379429768,-1.41467704523533,1.30721094411263,52.6116608616697,55,52.732,1.17759728201467,-4.13356827918955,-2.24492876504652,0.588798641007335,39.5781075118425,38.410358565737,40.5971351835273,2.03011192137723,3.42819303506091,-1.16648011250092,4.53527003235674,44.1811095724716,44.1325301204819,44.068085106383,2.43150904392432,-0.922184787989278,-0.436396814823304,1.14280925064443,53,53,53,2.23693165111992,-3.51557343220471,0.782211870041051,0.380278380690387,47.1657245619084,45.8926174496644,46.246891651865,2.75612252341041,4.70321052980635,0.241519085843995,3.10339396136012,4.94083059888691,1462,55,1,92,402,4,0.200799200799201,114,55.8746772552228,1,1904,35.9707835325365,-13.6673242267466,29,12.091267384493,2.5252987315322,2.57343848369044,14.8301400336614,1
251002_Dupi_NMH_AB_3,O15,Dupi,DupiS3,AB,3,13,61050,1,91,2294,2564,2564,2716,5432,2716,21.3251482362726,2.294,5683.53631982691,2.716,49.3143877140135,39,51.716,1.16961811868532,-3.51357767404831,-2.10910927337761,0.584809059342658,39.2701202659323,38.8379888268156,39.712,2.68260930560516,1.88293363964067,-0.634784535991169,1.34130465280258,50.370917829387,52.0597014925373,49.716,2.36386457204649,-3.24831754412938,-0.0382080770889367,1.18193228602325,53.2647817584865,53.0604651162791,52.844,2.94811652507455,-1.81499704512065,0.35312072532152,1.47405826253727,34.96989015621,33.0814814814815,35.972,1.92410191553667,7.68366942866021,0.679380844957099,0.962050957768337,44.6468549818348,44.573275862069,43.59197907585,2.32988691958321,3.31549358996567,-0.170530722413359,5.34476059352389,32.0993515498279,29.4042553191489,33.3037037037037,1.71690623045406,5.80258965350273,-0.393584791524385,0.463564682222595,35.9376523659644,32.2666666666667,36.3026315789474,1.52289649886083,5.62194003706898,-0.778608272533119,0.231480267826847,41.3452295588528,42.3601398601399,39.9579439252336,1.96338980336406,3.57710499712064,-1.23507123433824,2.52099250751945,5.44883011472255,976,50,1,0,520,7,0.25974025974026,138,23.9190481825296,1,1936,11.6467463479416,21.9202925522016,26,8.92206584890407,2.48874406690487,2.18647705022728,17.9026416073921,1
251002_Dupi_NMH_AB_3,O15,Dupi,DupiS3,AB,3,14,62075,1,91,244,530,530,666,1332,666,104.170029653658,0.244,5683.53631982691,0.666,34.4872855452951,33.1041666666667,35.236,1.87928938022749,7.73379017581132,0.505199522709233,0.939644690113743,36.1126860750255,36.5857142857143,36.036,1.69063412621002,5.06055014539842,-1.41703079495466,0.845317063105012,42.8272752093557,44.6062992125984,41.38,2.06001149295742,2.28034456684715,-0.357485545874912,1.03000574647871,41.8821000700642,41.7549019607843,41.916,1.86175442477718,-2.51189974480875,-3.56011404637093,0.930877212388592,43.5480450592879,43.6031746031746,43.456,1.38600431032543,-4.6708213573675,-0.139135568796633,0.693002155162713,37.017602560721,37,37.0163934426229,1.65250898760953,3.73843793627469,-2.63060506025294,0.403212192976726,34.8368054719872,35.9259259259259,34.6713286713287,1.7273530583291,6.50223702789699,-0.313521781753152,0.494022974682124,38.6272285246579,NaN,38.2647058823529,1.03496848336983,4.45170441241434,-1.01814201520482,0.140755713738297,43.24127843489,43.6758241758242,42.6846846846847,2.10597236264254,-2.24843700664274,-1.93216220479558,1.40257759351993,3.91339586769782,706,46,1,690,122,5,0.0609390609390609,58,11.0682647532627,1,1126,-11.1447543160691,12.5161908661183,15,3.45041418451746,2.26105610693161,1.9635418909821,16.2813393364067,1
251002_Dupi_NMH_AB_3,O15,Dupi,DupiS3,AB,3,15,63411,1,91,1820,2006,2006,2142,4284,2142,51.5514383044174,1.82,6349.24922432835,2.142,35.970003134528,NaN,35.352,0.602492969281703,3.09065475746337,-2.29018593056639,0.301246484640852,44.8414736081318,45.9747899159664,42.52,2.19119245395604,-1.78690905889111,0.582374899122527,1.09559622697802,52.8096427147994,52.814371257485,52.872,2.48924106814116,-1.8888589496184,-0.535356466477922,1.24462053407058,51.3782386422169,52.5217391304348,50.912,1.88264133657367,-2.63863607646048,2.22058675120199,0.941320668286834,38.0703717141135,34.0526315789474,40.468,1.94247936068247,10.5632678486399,2.24484964348715,0.971239680341236,48.9763722633557,49.9835294117647,48.0472527472527,2.05844238030699,1.05682695680685,0.936929524638645,3.74636513215873,33,33,33,2.80138792237177,13.7661878988758,3.73093503254793,0.521058153561148,32.681938218499,32.7058823529412,32.7058823529412,3.08077259511547,13.792199749723,4.20810771974845,0.418985072935704,40.9479600251754,38.8480392156863,41.1733046286329,1.61454466613625,4.17316977281193,-0.524813689703538,2.99982398968115,5.07317412702001,360,48,1,304,386,7,0.192807192807193,98,56.2691975941676,1,1904,27.5147030923923,15.242025533182,21,7.86733818774222,1.91140944167456,1.46311004741561,17.7878747310323,1
251002_Dupi_NMH_AB_3,O15,Dupi,DupiS3,AB,3,16,80021,1,91,336,762,762,1488,2976,1488,23.1744226771299,0.336,1747.50117166245,1.488,50.8067990805623,NaN,49.124,0.34310839839229,-0.153853154922892,-4.42178164206873,0.171554199196145,39.728083040475,38.5092024539877,41.216,2.64053144756654,6.68005076295195,-0.467311382197174,1.32026572378327,38.2031954209173,37.9288888888889,38.848,2.72968194243367,8.95225584778343,1.83503237888483,1.36484097121684,55.7812030328301,55.6916666666667,55.816,2.16303048111823,-6.38547673062254,-1.34063698748076,1.08151524055911,48.8556206792061,48.7319587628866,49.784,2.78372188557044,-2.49626459162907,-0.525474364670943,1.39186094278522,41.3840416871641,39.4457831325301,43.0178571428571,2.20212956217671,4.77080894207294,-1.30421484169978,0.739915532891373,36.9850570932037,36.9278846153846,36.9295774647887,3.11836366834459,9.3573732178451,1.17282324516912,1.32842292271479,50.0737309203935,48.5668202764977,51.0440771349862,2.31677248045557,3.65500918909652,0.195582031132691,1.68197682081074,45.5943038570043,44.2777777777778,48.4758064516129,2.27103667975677,4.00733301934334,0.381073698820043,3.37930257947808,5.23880704054657,1786,47,1,246,644,35,0.321678321678322,212,83.1574952213556,1,2002,-28.252703471827,8.03625265195221,23,8.02742933995952,2.97068811629937,2.47492211491525,25.9102565073245,1
251002_Dupi_NMH_AB_3,O15,Dupi,DupiS3,AB,3,17,91860,1,91,236,470,470,794,1588,794,12.8715183647719,0.236,1847.90161930532,0.794,41.2763170152142,40.4347826086956,42.452,2.06702771558641,-0.398514234513773,-3.80840814915515,1.03351385779321,40.6346842543382,39.6984126984127,41.38,1.90026572290102,1.45653037288391,-1.45987183877608,0.950132861450512,34.9972412698053,34.8356164383562,35.296,2.20536056255497,7.70774371100244,1.01234350559716,1.10268028127748,34.0368806052207,32.9916666666667,36.292,1.83714172811581,8.39149200534073,0.958374083054089,0.918570864057906,47.1432757913004,44.5322580645161,48.976,1.84462970239114,1.36294341441734,0.226662640225938,0.922314851195569,42.5733522928947,42.3714285714286,42.5932203389831,1.49562507900729,-2.51128020230724,-2.42527190889959,0.352967518645721,39.9992112430619,39.2368421052632,40.8717948717949,2.24231035820265,2.79313538689874,-0.907854059697474,0.524700623819419,34.9453037646261,34.9254658385093,34.9197530864198,2.93920530634066,8.48775810180972,1.03003829616839,0.952302519254374,34.9101050145736,34.1949685534591,36.3879093198992,1.69562285737678,7.78770502860676,1.13013199850429,1.34632454875716,4.07624398023539,596,35,1,406,334,6,0.166833166833167,136,36.1031991983259,1,1954,-11.9760956175299,-10.5455577474225,23,5.84393342824423,2.43873255611721,1.90788901822308,21.6893715757809,1
251002_Dupi_NMH_AB_3,O15,Dupi,DupiS3,AB,3,18,93322,1,91,2404,3038,3038,3240,6480,3240,77.2245262073198,2.404,4409.75493841873,3.24,53.1075812144379,56,51.82,1.64361003176095,0.690042784268745,0.285151367551352,0.821805015880477,40.9661535027946,40.3251533742331,41.94,2.62102973062454,0.615058601765078,-1.25230546830254,1.31051486531227,42.3195108890457,37.6708860759494,44.348,1.78402667125516,-0.128183571245399,1.01668550571536,0.892013335627578,49.8661283515954,49.1884057971015,50.528,2.05500152451863,-1.98700008340742,-1.40052061228099,1.02750076225931,50.3126290818227,51,50.344,1.22643789823055,-3.03523655278611,1.94260973798103,0.613218949115276,45.4881975567811,43.5049261083744,47.2129783693844,1.74906227852296,-1.29143106317137,0.265850485185006,4.20474571756921,36.3648683901628,32.8441558441558,36.6593059936909,1.63008203708918,5.02360406865669,-0.311330279069532,1.03347201151454,43.0120313022502,43.5254237288136,42.3465346534653,2.58139827686204,-1.5243206486673,0.541719427858412,0.521442451926133,46.978616473867,46.6510067114094,47.1631578947368,1.90207232759142,-3.22769485486353,-2.36115224124286,1.44557496896948,4.69288832652938,290,39,1,152,378,6,0.188811188811189,178,15.3319584863659,1,1508,-22.2595332953899,14.9435180704954,14,5.24874826883403,3.0274659083687,2.94269949541532,17.3899345812638,1
251002_Dupi_NMH_AB_3,O15,Dupi,DupiS3,AB,3,19,94411,1,91,226,820,820,1062,2124,1062,70.8742727459048,0.226,4409.75493841873,1.062,49.0882994794901,48,49.36,1.31480658842345,-3.71390078863493,2.46788506539292,0.657403294211727,47.7236878627288,48.75,47.292,1.51741623235517,-1.40056373738494,-2.29646687115304,0.758708116177584,39.528893883004,40.0826446280992,39.18,1.92961119184333,-0.589361543978412,0.527282450520345,0.964805595921666,45.5556733745178,45.5590062111801,45.664,2.47856460742286,-3.19115405831404,-1.83895022117803,1.23928230371143,43.7344810002622,44.1825396825397,44.076,2.01474127315847,-0.154487879354955,-2.72060226329123,1.00737063657923,51.0619676600894,56,50.2566371681416,0.870095806267171,-4.393818521448,-2.59254065627049,0.196641652216381,42.8437228143895,45.3008130081301,41.4444444444444,1.81222615577504,-0.0203841824990455,-0.564169246391187,1.07646233653038,42.005436780502,41.6822429906542,41.5206611570248,2.88007086728577,-1.53317604943582,0.894360652785475,0.696977149883156,43.4644582525146,43.2264150943396,43.8399246704331,2.20153676595361,-0.293900147052477,-2.50684022705071,2.33803204544274,4.97076302973502,1054,45,1,266,272,7,0.135864135864136,96,13.9197045995462,1,1218,-30.8081957882755,-14.187851267354,20,6.08744264809932,2.31994192182445,2.11256394722995,14.4642500409014,1
251002_Dupi_NMH_AB_3,O15,Dupi,DupiS3,AB,3,20,95935,1,91,234,704,704,946,1892,946,48.4703097050788,0.234,3353.77632131458,0.946,47.2719239523772,47.1392405063291,48.956,2.37025580168696,-2.45544971342117,0.286026051596377,1.18512790084348,52.0224410587205,51.2454545454545,52.812,2.29933604017218,-4.85983578529167,-1.04061234837865,1.14966802008609,55.9224690054817,56.9333333333333,55.72,1.46466252116667,-4.30589567982752,0.267383254487229,0.732331260583337,56.499396878796,57.1940298507463,55.976,2.05856229083029,-3.15641726456619,1.56851100610088,1.02928114541514,43.5314523320254,NaN,43.576,1.19324368811166,-4.72835966113374,-2.96919651037721,0.59662184405583,51.4513203308521,51.3292682926829,52.1196581196581,3.00852075573474,-4.86863474735824,-0.260074270762367,0.703993856841929,54.8857171143544,52.974358974359,55.0893617021277,1.69817382327106,-3.87232548282009,-1.74457370891807,0.798141696937398,54.7625772630688,NaN,54.801652892562,1.20120573002912,-5.67671618770733,0.731433253780578,0.290691786667046,52.181346408586,57.1014492753623,50.323467230444,1.69567382076585,-3.70637097001157,0.415969846228162,1.60410743444449,4.55563833436314,152,51,1,92,220,6,0.10989010989011,170,33.8285922791789,1,1230,7.48776323278315,3.70314884430714,7,3.1944269959213,2.42060971931579,2.23274616179906,16.7400679363977,1
251002_Dupi_NMH_AB_3,O15,Dupi,DupiS3,AB,3,21,107327,1,91,216,546,546,1668,3336,1668,23.4303847250612,0.216,2367.21449600132,1.668,42.9616509484137,43,41.032,1.39976157418055,-1.74974255631166,-4.57011928385229,0.699880787090273,38.2004431824608,38.5,38.336,2.81622611422105,8.34974373770604,0.628695303596906,1.40811305711053,52.6161826894721,55.8070175438597,48.844,1.84947777779631,1.955108940656,-2.19458974158877,0.924738888898153,41.7897709265125,41.1148325358852,42.336,3.21047091075767,8.73754696250815,1.78920289756307,1.60523545537883,47.2226880884719,47.6761363636364,47.536,2.76234742518786,-0.869585752558452,1.57471248413764,1.38117371259393,41.8410562353107,43,40.7037037037037,1.94157735421603,2.63816628953591,-1.40096804749889,0.419380708510663,36.5705488643681,36.6929133858268,36.3212121212121,3.159634304789,9.97008219948919,1.43503331853013,1.04267932058037,45.8653656779023,46.1044776119403,45.921568627451,2.77889723299938,6.0848513936294,0.787593303784253,3.11792269542531,51.7818769999384,52.4359756097561,51.4676258992806,1.8876547747898,-5.02476028646202,-0.445769496702994,3.14860816434939,4.998002145006,1664,47,1,0,848,9,0.423576423576424,202,173.244232125183,1,1998,-16.5365205843294,33.879759556333,25,8.25946129265518,2.27146547016948,1.60459221964073,23.2392214681592,1
251002_Dupi_NMH_AB_3,O15,Dupi,DupiS3,AB,3,22,120401,1,91,214,408,408,680,1360,680,14.208900694038,0.214,1653.41374445647,0.68,43.3313741624551,40.8981481481481,45.612,2.02727490793376,-1.78341148538966,-3.96266104184761,1.01363745396688,34.9040493702164,27.4428571428571,39.532,1.62461492636618,3.65464541578131,-0.754765183240357,0.812307463183089,29.3621075952728,29.5079365079365,29.448,1.42840258827689,6.64902572684778,-1.08240911500743,0.714201294138446,47.307052510619,48.6338028169014,44.92,2.40817866833938,1.80169109828585,0.112270701110402,1.20408933416969,50.3170393495701,50.3265306122449,49.736,2.57302012769143,-2.39464910961754,1.0710313238379,1.28651006384572,46.3209922458429,28,46.8130841121495,1.30193579814758,-2.96915750588638,-2.68794564633994,0.278614260803583,28.5484657417364,27.4347826086957,32.6701030927835,2.55620044156673,6.48988466824788,1.39755833518738,0.495902885663946,30.3039446018568,29.7619047619048,32.3161764705882,1.32502375203249,6.66308074282952,-1.70542431193955,0.360406460552838,38.7316411030738,41.5161290322581,36.0235294117647,1.63431899008368,4.53275384144064,-0.153323543043831,1.11133691325691,5.11705536746921,1348,51,1,244,456,12,0.227772227772228,110,27.3772664780691,1,1434,-33.0047429330298,-5.35787397178695,28,10.8708710426883,3.24037362911291,3.24631378560766,18.4158776805452,1
251002_Dupi_NMH_AB_3,O15,Dupi,DupiS3,AB,3,23,121690,1,91,2276,2776,2776,4804,9608,4804,-113.981910477877,2.276,4885.22862490244,4.804,41.9810166823988,42,36.08,1.07505055501901,-1.7086125141394,-1.56772692450305,0.537525277509504,50.672971389616,50.877094972067,52.28,2.57120684388738,-1.78756100618883,0.609671648924611,1.28560342194369,42.0906627082331,40.2941176470588,42.988,1.96429487208575,-2.32177525850712,-0.480052022705657,0.982147436042877,40.1927566411612,39,42.752,2.18905009375527,0.848593016064776,-0.904656912220652,1.09452504687764,51.5522829973862,51.48,51.06,1.12745271406103,-5.6639522838583,-2.01559889703683,0.563726357030514,45.8468822573586,45.6960167714885,47.2847100175747,1.85943207445184,-1.99063056585248,-0.651710673509383,4.23206740145239,39.3949627962955,37.3805309734513,41.456,2.4279520174766,7.76506644020593,2.963676073767,1.2139760087383,53.1491404982371,53.0816326530612,53.3937908496732,2.40450928453684,-2.83683870844259,2.36047241099695,2.94311936427309,NaN,NaN,NaN,NaN,NaN,NaN,NaN,4.73850457715143,350,46,1,180,480,12,0.23976023976024,200,31.3801090158191,1,1610,-33.1880098653007,-7.56513566829195,19,6.74893742521489,2.86949971096361,2.78856003827252,17.2446175736833,1
251002_Dupi_NMH_AB_3,O15,Dupi,DupiS3,AB,3,24,122727,1,91,202,746,746,2730,5460,2730,62.6143461824337,0.202,4885.22862490244,2.73,49.3646428777532,51.28125,45.82,0.967529319123148,0.229972190060115,-2.34501405839077,0.483764659561574,40.3341692695989,40.7365591397849,41.752,2.91812978001524,6.96175752107516,1.90858372780669,1.45906489000762,54.8975328421922,55.0606060606061,54.08,2.33662875239588,-2.56373135550813,1.88139456623945,1.16831437619794,48.8558309295023,49.0182926829268,48.708,2.40563114694731,-3.90381931878091,3.79894078076592,1.20281557347365,49.9906903146984,49.3245614035088,50.38,1.8333355507965,-3.63841596152775,0.94076267917802,0.91666777539825,46.6871746747501,46.3174603174603,46.9207920792079,2.2533078091228,-4.86460065415341,-0.763227949861825,0.455168177442805,41.3912109011485,39.1818181818182,45.0294117647059,2.39588785376711,6.64387486558406,2.73753217762857,1.30336299244931,49.9247555722734,49.9532374100719,50.226814516129,2.20177800954531,-2.76109417200991,1.83118855758842,4.3683275709379,43.6714829338194,43.3913043478261,43.6,1.94964248233423,3.39518754397827,-0.00311495661420933,2.47604595256448,4.98892110848751,354,36,1,142,578,15,0.288711288711289,170,38.2542848985911,1,1920,-29.0017074558907,28.4565638143447,21,6.28480103466151,3.40659007213089,3.32440769107709,25.0455713253972,1
251002_Dupi_NMH_AB_3,O15,Dupi,DupiS3,AB,3,25,122727,1,91,202,746,746,2730,5460,2730,62.6143461824337,0.202,4885.22862490244,2.73,49.3646428777532,51.28125,45.82,0.967529319123148,0.229972190060115,-2.34501405839077,0.483764659561574,40.3341692695989,40.7365591397849,41.752,2.91812978001524,6.96175752107516,1.90858372780669,1.45906489000762,54.8975328421922,55.0606060606061,54.08,2.33662875239588,-2.56373135550813,1.88139456623945,1.16831437619794,48.8558309295023,49.0182926829268,48.708,2.40563114694731,-3.90381931878091,3.79894078076592,1.20281557347365,49.9906903146984,49.3245614035088,50.38,1.8333355507965,-3.63841596152775,0.94076267917802,0.91666777539825,46.6871746747501,46.3174603174603,46.9207920792079,2.2533078091228,-4.86460065415341,-0.763227949861825,0.455168177442805,41.3912109011485,39.1818181818182,45.0294117647059,2.39588785376711,6.64387486558406,2.73753217762857,1.30336299244931,49.9247555722734,49.9532374100719,50.226814516129,2.20177800954531,-2.76109417200991,1.83118855758842,4.3683275709379,43.6714829338194,43.3913043478261,43.6,1.94964248233423,3.39518754397827,-0.00311495661420933,2.47604595256448,4.98892110848751,354,36,1,142,578,15,0.288711288711289,170,38.2542848985911,1,1920,-29.0017074558907,28.4565638143447,21,6.28480103466151,3.40659007213089,3.32440769107709,25.0455713253972,1
251002_Dupi_NMH_AB_3,O15,Dupi,DupiS3,AB,3,26,126202,1,91,1904,2274,2274,3658,7316,3658,-33.0757130178186,1.904,6241.4629400031,3.658,49.3290301659717,48,49.668,0.862489734836782,-5.6360523444614,-1.52701778901943,0.431244867418391,53.6987176960738,56.12,52.64,1.81529573898772,-3.95057872367697,1.90255065092448,0.90764786949386,49.7824963445571,50.0618556701031,49.844,2.74174485196308,-2.109361378408,0.0339547454409456,1.37087242598154,45.4831815537867,45.2322580645161,45.636,2.16078799278763,-1.6902809025526,1.25254305534952,1.08039399639381,44.1424322975249,45.3189655172414,43.564,1.97429844011931,-3.17956262392051,-0.96308639034407,0.987149220059654,48.2789599706686,48.5158102766798,47.9243697478992,2.17880368191301,-2.57494563197994,0.755867522321924,4.14844221036237,53.6271281242174,52.8941176470588,53.8864864864865,1.87862918685333,-4.90309061339015,-1.43365964837808,0.695092799135732,44.0306702352278,39.9166666666667,44.6156069364162,1.77801239532458,3.71757215225159,-0.800419359281857,2.46076915512921,43.9818608042443,50,40.9415204678363,0.964596123363202,2.72413026623918,-2.24962326758122,0.329891874190215,4.50229494863528,748,47,1,58,430,15,0.214785214785215,68,22.9966776011316,1,1556,-18.6530070195409,2.28226076599547,18,5.49126446572707,3.32979506456004,3.26143041180727,21.870826841583,1
251002_Dupi_NMH_AB_3,O15,Dupi,DupiS3,AB,3,27,127062,1,91,1382,1814,1814,3482,6964,3482,232.303790050261,1.382,7945.44348050643,3.482,42.0158879798921,43.1686746987952,41.624,1.6586961145237,-1.42311886429245,0.334779848062769,0.82934805726185,43.008197558033,43.4201680672269,42.568,1.82949985976486,-3.3376227509534,-1.40243263630899,0.914749929882428,34.2044873247051,34.0082644628099,34.36,1.74848836225987,7.63583594574572,0.435209531458667,0.874244181129937,40.0769269722612,36.62,43.328,1.18646218630346,4.07496929794894,-0.647675679744752,0.593231093151728,53.4643267330312,51.26,54.008,1.43383637293523,-4.21925168300279,-3.09698979708597,0.716918186467613,38.4604541209601,38.3206896551724,38.7322720694645,1.66883153730991,5.00344844177662,-0.268641618544965,2.30632518456229,55.9314043493363,57,55.5416666666667,1.06780938840997,-4.21732193139849,-3.18154875268706,0.461293655793109,44.7500394191362,43.087044534413,45.8273381294964,2.12321225206841,5.07567421711327,0.442296541342492,3.5415180364501,40.9370176461567,41.5128205128205,40.2857142857143,2.23236069073627,-1.18688751626892,0.171726874245857,1.15636283780139,3.11501845787558,1962,50,1,226,26,4,0.012987012987013,12,9.50871490246052,1,1176,-10.2238664390059,-14.3081661517847,25,6.67486744755806,3.39275060138015,3.59267963987967,18.9563162791885,1
251002_Dupi_NMH_AB_3,O15,Dupi,DupiS3,AB,3,28,128547,1,91,202,406,406,2428,4856,2428,158.388459885371,0.202,15988.6961660696,2.428,51.0855670928194,51.9285714285714,50.064,1.68143346543195,-1.63784145885844,0.545120285984559,0.840716732715973,32.4421973466403,33,32.448,1.72479788967124,8.95999016915291,1.73855152143255,0.86239894483562,43.5139817619752,43.2605042016807,43.74,2.14202852586972,-3.68098931156684,0.18773138955187,1.07101426293486,31.9099377144725,30.2556390977444,32.684,1.98121317810045,10.0075877730832,2.03955832584377,0.990606589050225,33.9197820611306,36.9714285714286,33.936,1.45783843593315,6.2679665552675,-0.185058051145559,0.728919217966574,29.1396265006354,NaN,29.3762376237624,1.37207063088065,9.16647345953095,1.80388540010023,0.277158267437891,32.5920184740101,33,32.4117647058824,2.18524394852262,9.81892223461327,2.19321473842271,0.445789765498614,35.276059158002,34.3266219239374,35.5914935707221,1.94892556134224,7.59161701748107,1.10328003269357,3.940727485034,40.2705864277555,41.7393617021277,39.5852417302799,1.5854171803805,4.74628413006021,0.341026747965303,2.49227580755815,4.4507640151736,654,43,1,552,98,2,0.048951048951049,76,30.802799312408,1,1686,22.0819578827547,19.6836267540105,20,5.67802945128436,4.06771942111573,4.5638154519367,19.6432940228799,1
251002_Dupi_NMH_AB_3,O15,Dupi,DupiS3,AB,3,29,129326,1,91,174,740,740,870,1740,870,123.767618192889,0.174,18878.386998847,0.87,30.226817006645,30.2866242038217,30.256,2.1458818325895,10.5486854908055,2.07549746463207,1.07294091629475,32.8138019654488,33.3720930232558,33.448,2.11510343568748,6.05030669573632,-0.000259041465779253,1.05755171784374,32.1524683378159,32.3868613138686,31.624,2.46047562039174,9.53207990772325,1.80259462483253,1.23023781019587,32.1031202005231,29.3157894736842,32.1,1.58999587243753,8.02809538012451,1.12457723686581,0.794997936218764,44.2282286596947,43.2426470588235,45.216,2.17841641552537,-2.70811418610974,1.0383086911236,1.08920820776268,33.081291403635,38,33.367816091954,1.44702183981124,6.78627952366255,0.0164160609857124,0.251781800127156,32.6530420486889,32.8583333333333,32.9717314487633,2.92423514568259,7.86094177516272,1.43190600229985,1.65511709245634,31.9424648200914,32.2608695652174,31.7692307692308,1.62911496373352,9.11699932154587,0.770494652914459,0.211784945285358,35.5262129853784,36.5565217391304,34.7701149425287,1.79399815920427,7.16007732153383,1.71857928957458,1.56077839850772,4.53750358454791,624,34,1,438,358,6,0.178821178821179,160,19.0015578748623,1,1540,-8.60595712388544,-5.73547474597089,25,6.60173385045652,2.68122372607427,2.4914414244317,20.443696580534,1
251002_Dupi_NMH_AB_3,O15,Dupi,DupiS3,AB,3,30,140629,1,91,1956,2314,2314,2454,4908,2454,-111.787530218937,1.956,6252.51079874015,2.454,47.145945033414,45,44.444,0.843318691539087,-2.52943423082723,-3.047311378765,0.421659345769543,37.0604578449934,36.4753086419753,38.272,2.3658333590297,8.36937872615112,0.762753011316852,1.18291667951485,42.656879780788,42.7404255319149,42.804,2.97451473801948,2.64409357183053,0.534958083838751,1.48725736900974,50.6276957325761,50.8030303030303,50.416,2.33510497489829,-3.25911148192258,1.77247258201018,1.16755248744914,46.8970695054657,46.8471615720524,46.86,3.12048308844979,-2.38702263590949,0.645592610122889,1.5602415442249,44.3927860739266,44.0475543478261,44.601226993865,2.67066655066026,3.93637371048865,0.928165200582111,5.22382377309146,38.4872308224366,39.3066666666667,37.2402234636872,1.81940725411736,6.00958187589015,1.10015168730718,0.651347796974016,31.6418892800688,31.6285714285714,31.6285714285714,4.44849964271714,11.6543916263774,3.2914337059931,0.6227899499804,41.4475829393948,40.8181818181818,43.1397153945666,1.76997611263634,6.26193683963571,0.170174133601518,2.73638307013578,4.87104751434174,1666,48,1,304,908,20,0.453546453546454,200,50.7226175047764,1,1996,-17.049516220831,17.5467115792608,16,5.66447360828103,3.81220226422456,3.83171931047645,24.2009949897268,1
251002_Dupi_NMH_AB_3,O15,Dupi,DupiS3,AB,3,31,151519,1,91,2288,2656,2656,5020,10040,5020,-171.778756508377,2.288,4662.05134114464,5.02,37.5894454240549,36.9512195121951,38.084,1.57158929648814,4.06455701281965,-0.666187820865536,0.785794648244068,40.199256974194,39.6827586206897,40.924,2.17691641903492,0.868670844808288,-3.80494145830366,1.08845820951746,44.7045326067401,44.8405797101449,45.1,1.1335551657642,-6.22566743880376,-1.95809112268066,0.566777582882099,39.3668963975864,37.2637362637363,41.7,1.88106839760142,5.56440868906668,0.351435926390077,0.940534198800712,37.9877759166664,38.1675392670157,38.164,2.77616828834189,4.79909900046742,1.80034304663999,1.38808414417094,40.1845336933969,39.6957295373665,41.604020979021,1.99604901018766,2.56478776325077,-0.330962465122192,4.56696013530937,38.1716177287272,42,37.875,1.54442617125167,6.05894729528051,0.853285418557775,0.568348831020614,50.2599813452262,50.5043103448276,49.8660714285714,2.69014644810962,-3.54297716337626,0.724702849741632,3.61555682625933,NaN,NaN,NaN,NaN,NaN,NaN,NaN,4.48407892207365,1598,37,1,22,488,13,0.243756243756244,298,74.35184682799,1,1932,12.4109277177006,6.20975546209105,11,3.81981431120723,3.97303458113121,3.9500866872376,26.0145059785648,1
251002_Dupi_NMH_AB_3,O15,Dupi,DupiS3,AB,3,32,153669,1,91,246,506,506,720,1440,720,105.565260939299,0.246,5527.43988998424,0.72,52.2896537788789,52.7470588235294,52.432,2.35021297281085,-1.56718055049347,1.45921650975452,1.17510648640543,47.6171156651417,47.4271844660194,47.664,1.93154540740749,-2.42801427603343,2.0242767414397,0.965772703703745,30.001379746286,29.1686746987952,33.728,1.76840114040357,7.57063023236899,2.18758656317559,0.884200570201785,48.4551295929524,49.0372340425532,48.224,2.72748818519528,-0.406406750517002,2.57785012264093,1.36374409259764,35.2669445946443,35.5104166666667,34.844,1.93254458976635,6.30973623517835,0.338630334506497,0.966272294883173,48,48,48,1.48102137247274,-3.31464595732048,1.54036118672971,0.364331257628294,47.1881150276753,47.2427184466019,47.1461538461538,2.36802871574132,-1.65424238829326,2.47948232346667,0.615687466092742,25.6882575212797,25.2878787878788,26.7757009345794,2.96707576353317,10.2550185455309,4.21971425929596,0.634954213396098,47.6717290296988,48.7389162561576,45.5972222222222,2.16395203204052,1.16995439491823,1.80082306526263,1.55804546306917,5.52999323262065,568,25,1,460,548,8,0.273726273726274,168,158.497827798936,1,1896,-3.5773098083855,-12.8570365131946,32,9.34728949660163,3.39872041823312,3.51779089157866,21.0049808326671,1
251002_Dupi_NMH_AB_3,O15,Dupi,DupiS3,AB,3,33,155277,1,91,2500,2738,2738,2934,5868,2934,126.20126142243,2.5,17434.0660785055,2.934,53.3156912545386,53.2,52.664,1.36072419773856,-2.33395698210571,-1.05421021103201,0.680362098869279,38.4014609674804,38.4271844660194,37.676,3.00028779946953,5.58324046664442,2.64305587162163,1.50014389973477,35.9631111027856,33.1212121212121,38.412,1.39494126245714,7.16034394971238,1.00257746869369,0.69747063122857,46.2176959846716,46.6433566433566,46.82,2.34424877441878,-1.1856062153318,1.30313039667727,1.17212438720939,35.6374123484349,36.5652173913044,35.288,1.76118331939285,7.56982935929605,2.32681446510596,0.880591659696424,38.7624645894436,38.707100591716,39.0016,2.20123090403563,6.55055283431493,1.79927015272439,5.50307726008908,30.8084595934553,33.2,30.1764705882353,1.15679355975534,9.34391848347438,1.75011486632068,0.27531686722177,26.9446242579796,27,26.8469387755102,3.31180573943551,12.8040142612592,4.99593742864118,0.649113924929361,43.3471561309973,42.5222672064777,42.9943714821764,2.09274772732224,2.21829133039894,1.44587380601227,2.23086907732551,4.87239786423023,1368,44,1,8,414,5,0.206793206793207,192,31.6338110969919,1,1820,-20.0163156896225,11.7147429932631,20,6.10835446619939,3.53504955388612,3.58304629962881,22.3438432321911,1
251002_Dupi_NMH_AB_3,O15,Dupi,DupiS3,AB,3,34,156338,1,91,396,584,584,812,1624,812,173.056220910804,0.396,17434.0660785055,0.812,37.2112352352864,37.7361963190184,36.528,2.36687390991258,6.94227170708287,2.12462334164486,1.18343695495629,33.7006654442303,33.6932515337423,33.704,2.7023185964283,10.0848604722014,1.85048365554546,1.35115929821415,34.5150156675661,34.3132530120482,32.444,2.90990943854595,10.7067100351441,3.61761880721273,1.45495471927298,52.1411884726451,52.2428571428571,52.788,1.8554644133239,-2.69056964502666,1.36574323952455,0.927732206661949,40.4879566666014,38.3515625,41.876,2.14426874279367,0.406217350668057,0.822902742475069,1.07213437139683,33.8775450680692,33.7852348993289,33.9949494949495,2.94031105135504,10.1428200737359,1.86632034079181,1.16436317633659,31.2025249578097,32.6666666666667,30.6914893617021,1.60206498481664,9.49116030201607,1.98174481838597,0.301188217145529,26.9670776929197,27.0493827160494,26.7894736842105,3.05094197814488,12.3785170844623,4.5457773899761,0.695614771017033,48.1111825647988,46.2987012987013,48.6748768472906,2.14277518531224,3.0414321415505,1.50302674504171,1.73993345047354,5.5752249263667,958,49,1,132,638,7,0.318681318681319,242,17.377392610565,1,1442,-5.07228229937393,9.597368519001,29,8.52632408337799,2.71403863439941,2.55978760381598,19.3801270129725,1
251002_Dupi_NMH_AB_3,O15,Dupi,DupiS3,AB,3,35,158553,1,91,210,744,744,930,1860,930,89.8169294325681,0.21,6632.32409016274,0.93,43.3696780422006,44.8965517241379,40.38,0.992727830130433,-1.47973356796727,-3.76350927075968,0.496363915065216,39.6626804683951,40.1196172248804,40.384,3.0170072485005,2.6222142736177,-0.320833491530698,1.50850362425025,50.6750135636285,50.5783783783784,50.28,3.19198560182089,-2.1500053830722,0.00470085965603216,1.59599280091045,45.3765824743068,46.2727272727273,43.996,2.09547309798271,-4.3886056361363,1.12256968546703,1.04773654899135,41.2563920288933,42,40.544,1.68153500657169,-2.74814329896756,-1.75480114021899,0.840767503285844,40.0241730071269,40.0666666666667,40.3047619047619,2.57589751302303,0.779990700175017,-2.88300410492091,0.540938477734837,45.8352481354659,45.7272727272727,45.7153558052434,3.62077648292786,2.15883747759621,0.836144795101237,1.93349464188348,48.5752500838518,48,48.9032258064516,1.79812867870694,-5.24450359344212,-1.31516622261034,0.334451934239491,44.5078278796725,45.0836653386454,43.0430107526882,2.15979530995086,-3.38834253346829,0.114257467688565,2.0086096382543,6.21982388271812,576,53,1,122,668,19,0.333666333666334,182,75.0242656772236,1,1952,8.58888256497817,16.5332936315927,17,5.71770241604646,2.85413991916831,2.8460844415512,15.7873600645559,1
251002_Dupi_NMH_AB_3,O15,Dupi,DupiS3,AB,3,36,165499,1,91,294,888,888,1234,2468,1234,32.2201913700476,0.294,2058.63938173601,1.234,46.6351454743484,47.325,44.696,1.26444259807821,-0.639114734209923,-2.87266395828315,0.632221299039106,35.3677631707601,35.7484662576687,36.1,2.8760030465182,7.80236368234745,2.84876809075194,1.4380015232591,38.1753801990276,38.6881720430108,37.872,1.6924265648803,2.7043047483359,-1.16981347366402,0.846213282440149,46.2841172324279,50.3333333333333,45.396,1.40117169260594,-4.75626947892142,-1.40362597752193,0.700585846302971,53.2962873207928,52.9310344827586,53.424,1.69547511927927,-5.82534572417562,-1.10265176461893,0.847737559639633,38.0312571452663,38.1456310679612,39.4149659863946,2.86020380101481,6.012345314591,2.798981804534,0.840899917498353,34.8219295556247,34.9818181818182,35.5454545454545,1.98159190340785,6.32506089050355,0.568118132571622,1.17706559062426,41.2949181325684,38.8936170212766,41.878612716763,1.65425911821206,-0.319541481670217,-1.21314698633815,0.572373654901371,52.7541407025199,53.2157894736842,52.4359805510535,1.64504905189739,-5.84599766486439,-1.38277847720689,2.02999053004138,5.07468052090235,326,31,1,146,264,3,0.131868131868132,182,107.979793793465,1,1958,-30.5501802314551,9.64622027021997,23,7.76792344461673,2.31785118595961,1.94605172724784,18.5828050636005,1
251002_Dupi_NMH_AB_3,O15,Dupi,DupiS3,AB,3,37,167087,1,91,1870,2118,2118,4222,8444,4222,34.0541217521265,1.87,8364.77197082928,4.222,49.4637653244685,57,49.152,1.3915737041116,1.42706747289081,-1.92428078719489,0.6957868520558,45.6054982583237,45.0904522613065,45.88,3.00583319556231,-1.52934145076761,0.661662753899268,1.50291659778115,30.9072364690828,30.9672131147541,29.852,1.8873692807915,6.00333973760431,0.0252216751305776,0.94368464039575,30.56518970091,28.8383838383838,33.328,1.68883413563245,6.73445040495175,0.154092411368528,0.844417067816227,47.8502207749863,48.0189573459716,48.084,2.95740615456853,1.9089771978906,0.720692170828983,1.47870307728426,40.8035273225262,40.8069565217391,39.1689839572193,2.34097303504158,4.17813394064397,0.0710981576929054,4.37761957552776,39.1104157354618,39.2658227848101,40.2177419354839,2.32941952142775,5.31478577637215,2.95728717460201,0.577696041314081,46.8347009561761,48.951048951049,44.8788522848034,1.9036341567611,1.50482603827613,-0.349063321280886,3.58263948302438,NaN,NaN,NaN,NaN,NaN,NaN,NaN,4.70522827222798,296,43,1,76,790,18,0.394605394605395,94,56.0531070162884,1,1992,-23.5568203376968,-32.6138943685562,27,9.30176159454005,3.69102480258396,3.91994520733926,20.9339759226339,1
251002_Dupi_NMH_AB_3,O15,Dupi,DupiS3,AB,3,38,167920,1,91,204,476,476,2556,5112,2556,123.610468149697,0.204,8364.77197082928,2.556,44.6252288880833,46.7222222222222,43.184,1.61195652193951,-1.52102639302873,-0.730644951942353,0.805978260969755,46.3837903384622,46.8133971291866,46.204,2.80771655364033,-2.76187098413333,1.65349537703124,1.40385827682017,52.6959045768927,55.0344827586207,50.836,2.46716992945888,-1.99203039098573,0.882870456266068,1.23358496472944,49.312098316672,51.2298850574713,48.284,1.59355060586589,-3.25908142355799,-1.77654812419348,0.796775302932946,49.2611755271781,53.1111111111111,46.264,1.27087077542897,2.34612755225365,-1.55949672280158,0.635435387714485,51,51,51,3.07681796266632,-2.18757838823594,-0.0153238733068626,0.627670864383929,42.6339829952252,42.8224299065421,42.8897058823529,2.72211759472477,-3.06956773987393,2.71154834238073,0.740415985765137,47.541169515428,48.4615384615385,47.2673076923077,1.90081883373101,0.268968781164373,-0.46852444736576,3.95370317416049,44.3941804135954,44.7707182320442,42.8670360110803,2.06689721100003,4.17004332083811,1.54646187886371,2.98459957268404,4.10679310846863,76,51,1,52,438,11,0.218781218781219,108,21.3925225928412,1,830,-25.3060140390818,20.9389771839059,22,6.50796970280898,3.35496043428439,3.49353769802978,19.309200691145,1
251002_Dupi_NMH_AB_3,O15,Dupi,DupiS3,AB,3,39,170020,1,91,210,454,454,634,1268,634,106.796955689548,0.21,8910.09336773851,0.634,33.4259973528571,34.6464646464646,32.148,2.1270090832772,7.72992480146166,0.990106927640891,1.0635045416386,53.7740625330616,53.8412698412698,53.384,2.13994056269068,-2.81091280073402,-1.41861897137778,1.06997028134534,50.3009955503512,52.1057692307692,49.968,2.04816336092141,-3.91263415315856,-2.8148452041965,1.02408168046071,33.2662666490653,33.406976744186,34.44,2.64662537047889,5.98501317689927,1.52186851206057,1.32331268523945,41.4387101770947,41.5833333333333,41.076,1.17209309536626,-4.59874992371856,-5.11597906726436,0.586046547683132,48.3783402479192,47.52,48.9619047619048,2.04145762859142,-4.75986906451959,-1.30905765895568,0.428706102004199,57.2040393138181,58,56.3196721311475,2.04291359521819,-2.23707040194287,-1.25216827575796,0.498470917233239,54.2421878536994,55.0232558139535,54.9777777777778,3.03721102668622,-1.54301876191645,-3.29440849432937,0.54669798480352,42.5426664448705,41.3643410852713,43.8580441640379,2.07714235404062,-0.894855308123905,-1.46555361405584,1.31690825246175,4.67342405478739,610,50,1,0,454,8,0.226773226773227,122,28.0240090905361,1,1764,32.1373553405426,-13.0026612573045,31,10.5383170766892,3.68737060500492,3.60172919616111,21.9125311677976,1
251002_Dupi_NMH_AB_3,O15,Dupi,DupiS3,AB,3,40,178674,1,91,278,696,696,908,1816,908,68.7192896591568,0.278,4422.56386717852,0.908,40.9551293381578,40,42.416,1.29207231599235,-1.81287821765403,-2.14552327689972,0.646036157996175,39.7013189661524,39.2738853503185,40.148,2.27691886763826,5.11656437640159,0.276738720856506,1.13845943381913,33.9404087953978,33.78,33.78,3.48362146133319,10.2409862331413,2.64059540325918,1.7418107306666,36.2006116722646,37.3473684210526,37.748,2.81888565159854,6.05807894776046,1.39901339575642,1.40944282579927,51.5289697219128,51.6071428571429,51.62,2.82549454788302,-2.24592897250185,0.621475423840995,1.41274727394151,42.189594759741,41.8461538461538,41.863309352518,1.66297794741876,-0.633088407331687,0.116425182143087,0.462307869382416,36.967735663414,37.0935960591133,37.1196172248804,3.54253712427519,9.34104476091841,1.51721696532432,1.48078051794703,33.1647292299915,33.1698113207547,33.1698113207547,2.89664173618246,10.2493229230364,2.49602477680095,0.614088048070682,39.8821441592688,40.8264705882353,41.8766519823789,2.6821170707159,5.16368991194091,1.70892635545419,2.43536230021004,5.59435740827422,1030,28,1,182,882,12,0.440559440559441,332,71.4848993817345,1,1972,-11.5499905141339,-13.7201771690178,28,8.37209366002508,2.81944507714199,2.46879531007084,22.1194616682698,1
251002_Dupi_NMH_AB_3,O15,Dupi,DupiS3,AB,3,41,190253,1,91,2498,2620,2620,2782,5564,2782,-62.7505825513391,2.498,5086.73128911909,2.782,48.0526218117772,46,50.036,0.837932468711754,-5.52085027955888,-4.75777833327416,0.418966234355877,40.7115515723734,40.5397727272727,40.6,3.08848316644972,5.25484503132672,0.138003860047013,1.54424158322486,38.2906974611211,39.0438596491228,37.088,2.2375140501962,5.45306117643064,0.828774049670434,1.1187570250981,32.1825390926118,34,31.824,1.43073977960039,8.42313661127038,0.619765911761505,0.715369889800195,49.5227309607786,49.8153846153846,49.312,1.97838961464346,2.1587760125436,0.837698534483132,0.989194807321729,43.7284981923646,44.8154657293497,43.0376301040833,2.15280388125808,5.09787260244042,0.858731112843884,5.37770409538268,47.8586641521544,47.8214285714286,48.2786885245902,2.51005205760546,-3.85961159669859,3.74356656651369,0.306226351027866,54.5423585036318,54.4647887323944,53.8765432098765,2.68475948987486,-0.94503102683576,2.46215010685512,0.434931037359727,53.048338516515,52.8621700879765,53.2594417077176,2.17374418769946,-3.69223040169824,0.54105548912674,2.64762042061795,5.79770739710611,690,40,1,0,424,4,0.211788211788212,148,77.3174986548856,1,1974,-10.3263137924493,-8.05849183012617,19,6.79299515354712,3.32149495066935,3.35731000622132,21.8334322231901,1
251002_Dupi_NMH_AB_3,O15,Dupi,DupiS3,AB,3,42,191195,1,91,614,740,740,898,1796,898,268.693814443368,0.614,5086.73128911909,0.898,37.711615411189,37.8829268292683,37.2,3.0440713786024,5.70968056018879,0.979360986054187,1.5220356893012,35.8670354948433,36,35.58,1.95038099605597,5.74378787625093,1.57312868085163,0.975190498027984,35.7883057601121,36.7954545454545,36.944,2.14196669150167,8.21855714081929,2.35284058178599,1.07098334575083,53.9633334064578,52,54.476,1.48447179628302,-3.15559857653431,0.832002631280274,0.742235898141509,53.5032724482389,52.6842105263158,53.564,1.22510228038477,-2.96038553386719,-0.978421067974462,0.612551140192383,35.6685077156163,36,35.413680781759,1.79571056131272,6.02610213116223,1.54475953279527,1.10256628464601,29.841457612491,29.8035714285714,29.9365079365079,3.11734611290211,11.3278932671051,3.7674317927808,0.392785610225666,32.9034603587124,29.6969696969697,34.8987341772152,2.06352696027904,7.82277540534485,2.39831489496654,0.326037259724089,53.9921484218762,52.3963963963964,54.3830734966592,1.41269345197824,-3.01090208608736,0.150250621382793,1.26859871987646,4.10312474450863,744,29,1,148,210,3,0.104895104895105,110,16.438896351343,1,1870,3.95408840827168,11.8679048647039,26,9.48990024547272,2.95942593244767,2.94398945850102,20.5254809798398,1
251002_Dupi_NMH_AB_3,O15,Dupi,DupiS3,AB,3,43,193103,1,91,222,434,434,576,1152,576,279.255310282884,0.222,21500.1449932838,0.576,41.7832391879691,42,42.164,1.00795145185494,-3.82270511190755,-2.26375674381761,0.503975725927472,38.5381066940454,37.84,40.092,2.223559270961,5.72206624543496,0.558878815159324,1.1117796354805,46.6447095297501,47.6265060240964,45.504,2.25098263848354,-0.824262792528082,0.541236534659638,1.12549131924177,33.4331721217402,31.3917525773196,36.056,2.73141570754112,10.1121255017712,3.00059285947363,1.36570785377056,52.0319783297782,NaN,49.62,0.330954845942588,-5.34614642943881,-3.67104939734081,0.165477422971294,33.2532732411107,33,33.7567567567568,2.13350523499778,8.14359906848149,1.62718408708873,0.473638162169506,38.4332516497463,35.9833333333333,42.1698113207547,2.28129610226853,2.40292113980207,-0.259978410489772,0.483634773680929,55.4717113638876,55.8166666666667,55.2394366197183,2.61393972022189,-0.693352293231221,-1.31848337646314,0.371179440271508,40.3052981040544,40.6796116504854,40.7777777777778,2.39170103081426,5.35236871368303,1.82058422019833,1.37761979374902,4.32189018860736,1166,30,1,162,400,8,0.1998001998002,138,16.203825921644,1,1436,49.0119521912351,-3.31670822942643,26,9.02243609111315,2.90822461261976,2.76073855708147,20.6128465495125,1
251002_Dupi_NMH_AB_3,O15,Dupi,DupiS3,AB,3,44,194046,1,91,218,450,450,592,1184,592,266.668943439512,0.218,20949.7424829555,0.592,51.7074715604343,NaN,48.516,0.539055285913796,-4.64761487462169,-2.69961739292575,0.269527642956898,46.5747867246881,46.298969072165,46.88,1.75036569153341,-4.48901271200156,-0.183038702112648,0.875182845766707,52.1588529777636,53.1081081081081,51.36,1.43454396081912,-4.4781360263313,1.24467483730457,0.717271980409559,46.4446420879453,47.4242424242424,46.008,1.29327924982695,-5.46405600518669,0.0506738061640439,0.646639624913476,46.1699768371109,46.1706161137441,46.428,2.93097669043102,-1.99334990127669,0.210510655764456,1.46548834521551,46.6401490254721,46,46.8807339449541,1.0024136569629,-5.68274331186436,-0.263852492486371,0.218526177217911,46.3042016493048,46.3186813186813,46.2844827586207,2.5803994827733,-3.5076285028719,-0.130017351692063,0.598652680003406,53.3155444660155,55,52.6619718309859,1.62889079746246,-3.2075922373997,1.203907468568,0.23130249323967,49.8716313578216,50.4285714285714,49.6756756756757,1.48105230407913,-5.26921879142837,0.291855861868474,0.876782964014845,5.00101497044894,1756,44,1,236,356,8,0.177822177822178,124,20.9750431020621,1,1532,1.49800796812747,5.54453418692077,12,4.08441680190422,3.33893011326756,3.34611717165936,18.740636062301,1
251002_Dupi_NMH_AB_3,O15,Dupi,DupiS3,AB,3,45,194735,1,91,2040,2234,2234,2352,4704,2352,556.921326546664,2.04,12525.062240113,2.352,51.6666288757418,49,51.46,1.28279322905758,-4.94112290638809,-0.770951217572369,0.641396614528791,55.167146763895,55.1633986928105,55.2,2.04900922234293,-2.75939768120605,0.551718268957732,1.02450461117146,47.6226667704512,49.0632911392405,46.952,1.82060760037392,-2.07649681700926,-1.26672581066732,0.910303800186958,40.0734534290357,38.280701754386,42.268,2.23200517155302,1.51925944681794,-0.363063112240988,1.11600258577651,37.2810016717577,36.8917525773196,37.62,2.56146629568512,5.05644536282424,0.0619962781443796,1.28073314784256,44.1628358035144,43.7803571428571,45.2843137254902,2.17375457725153,1.96689937786021,-0.15912209715062,4.43445933759312,31.6911176434617,31.7473684210526,31.7938144329897,3.23373796936847,10.4223799173662,3.29463470591331,0.627345166057483,51.9693984122902,51.3333333333333,51.3220338983051,1.57695371774836,-3.89934145501163,0.427765468570539,0.186080538694306,40.507406478791,40.4826589595376,41.7791262135922,1.98676921863202,1.84307235277029,-0.596905804915617,3.27419567230557,4.31943439407065,1080,36,1,466,382,6,0.190809190809191,150,18.4381653229958,1,1272,-4.7615253272624,-23.4562846614806,22,8.74819583547644,3.32418203879913,3.41629908158392,17.9537124504842,1
251002_Dupi_NMH_AB_3,O15,Dupi,DupiS3,AB,3,46,195586,1,91,338,506,506,650,1300,650,206.762302901632,0.338,8156.09001864891,0.65,53.7047936826378,56.4509803921569,51.972,1.69908002032185,-2.99072205884909,-1.6266867181788,0.849540010160923,52.3262300749823,52.319018404908,52.384,2.38887688469248,-3.48288396265763,1.79895643884648,1.19443844234624,49.7477640848904,49.7647058823529,50.028,2.26534671848248,-4.00401271685335,-0.0739607919690172,1.13267335924124,38.6297147673112,36.7058823529412,40.928,1.69484200185788,3.783318238024,0.21385619858037,0.84742100092894,42.7624561950526,43.3578947368421,42.404,1.89307410574184,-3.04481947663339,-2.51721976513008,0.946537052870922,51.9651376426964,52.0806451612903,51.9112426035503,2.57450330373787,-3.23182437192529,0.709154072595223,0.8701821166634,53.3100083680983,53.0769230769231,53.3928571428571,1.97133437084752,-4.09720532869624,3.42685730801569,0.331184174302383,53.6635038844211,54,53.5416666666667,2.13054255682675,-3.83983191195972,0.837884149124205,0.306798128183052,46.6006830071968,46.2236842105263,46.7907692307692,1.92233874951315,-1.96729191381411,-0.897075052412032,1.24952018718355,4.5780451114481,134,52,1,90,372,10,0.185814185814186,84,56.2589435095895,1,2000,3.50028457598177,-9.25401049614768,24,6.83363641711926,3.16302188504184,3.3434523375808,18.5129635776273,1
251002_Dupi_NMH_AB_3,O15,Dupi,DupiS3,AB,3,47,196849,1,91,450,612,612,770,1540,770,378.030286589694,0.45,11978.8079339454,0.77,31.0263392243002,30.7029702970297,32.252,1.90287218484842,6.68944651839578,-0.0158974441082427,0.95143609242421,36.3329955952906,36.0547945205479,36.704,2.53234907160693,4.58907123657711,0.918993139732704,1.26617453580346,47.65538277281,46.5061728395062,47.548,2.63280706046864,-2.60991017075864,0.482428683070743,1.31640353023432,55.5101763370472,55.3392070484581,55.252,3.38770949824296,-1.34047446726347,-0.752652153265482,1.69385474912148,52.8939463671905,52.9327731092437,53.028,2.22974936129262,-3.24572424829149,0.77553208780986,1.11487468064631,36.1108659668665,35.9064748201439,36.4488888888889,2.59738964101082,4.91224319374213,1.24603879755393,1.16882533845487,40.5638494519839,40.8,40.7283950617284,2.04802447242808,-0.909805148916935,-3.38833510033301,0.33177996453335,50,50,50,1.56291601248551,-5.23608004263482,1.47270648531814,0.246940729972711,53.4473594471631,53.3976945244957,53.4701298701299,3.40154635671953,-1.57068109997218,-0.280459058550712,2.61919069467404,5.33487687061141,1130,55,1,0,864,9,0.431568431568432,206,45.3051371609027,1,1974,-7.36634414722065,25.3965831689433,24,8.10455522488649,3.36075870181272,3.35699598719187,21.3362678663811,1
251002_Dupi_NMH_AB_3,O15,Dupi,DupiS3,AB,3,48,199346,1,91,248,664,664,868,1736,868,86.9421004875033,0.248,5578.27350870286,0.868,38.7341188225118,35.9793103448276,41.748,2.3369180587855,2.93626703653261,-1.78742940997958,1.16845902939275,40.3611021175434,38.7571428571429,43.416,2.84949815586388,4.65988465041557,-0.047266090257855,1.42474907793194,34.2275810684278,34.7407407407407,34.976,2.80779961530202,9.79047814696633,2.05927711042976,1.40389980765101,46.7620578274255,46.766081871345,46.72,2.33761846048783,-3.75397359465427,-2.58499893806782,1.16880923024391,42.0788177216805,42.7034482758621,41.244,2.77988114835785,0.20032785791404,-1.49482191029166,1.38994057417892,43.7930565661211,39.4,48.0967741935484,2.02193527410447,2.87672389847933,-1.68154099107219,0.501439947977908,37.3340724514692,37.6239316239316,36.9134615384615,2.87295722681635,7.36325841461897,1.14985801756649,1.1951502063556,31.2325136159004,31.2254901960784,31.2254901960784,4.09344550094743,11.7511678650159,3.45231644602359,0.835062882193276,44.7924836113322,45.0993975903614,45.0138248847926,2.81556697010188,-0.120221583343575,-1.36950299787242,2.44391213004844,5.87840718470854,1686,41,1,182,794,22,0.396603396603397,242,87.9244608752098,1,1956,-35.6171504458357,-0.565470651728884,22,6.20691260486955,3.26421725416583,3.45451079866633,18.1922666543015,1
251002_Dupi_NMH_AB_3,O15,Dupi,DupiS3,AB,3,49,226078,1,91,1980,2234,2234,4688,9376,4688,-331.902181813585,1.98,5510.20818441783,4.688,44.4012275463873,46.5263157894737,43.336,1.85673330728904,-3.12853301649719,-6.2076647598988,0.928366653644518,41.3821468365156,41.5145631067961,40.664,3.04973130220814,2.30130198705601,-1.73718862333926,1.52486565110407,35.6411985655152,34.9929577464789,36.572,2.3900292116573,6.68346038220188,0.349960939156155,1.19501460582865,52.5528153054713,54,49.116,1.41618574585773,-6.28115134224135,-2.61011686955007,0.708092872928864,51.8537985826241,51.8011363636364,51.916,2.55538306860505,-2.45586942309831,1.70405245082767,1.27769153430252,44.3646760649233,44.6511627906977,44.5020202020202,2.34660030656347,2.56046082220952,-0.339502064897386,4.64626860699566,50.3659106142098,50.4285714285714,50.3070866141732,2.56442941712909,-3.63305174110118,4.48292217946437,0.65136507195079,48.8138248610244,49.8535031847134,47.0520951302378,1.59894080093699,-0.363659117798291,-0.941168680799584,2.82372945445472,NaN,NaN,NaN,NaN,NaN,NaN,NaN,4.67662551221091,234,43,1,0,746,17,0.372627372627373,154,43.1413244740445,1,1988,-25.5651678998293,0.633397848661929,20,7.53577230603955,3.64588799283995,3.44491228816893,23.6303956328387,1
251002_Dupi_NMH_AB_3,O15,Dupi,DupiS3,AB,3,50,228036,1,91,266,566,566,3064,6128,3064,99.097949271595,0.266,6949.92607404525,3.064,28.6759939318845,NaN,32.74,0.660057552721964,4.02435741240579,-1.67988252361713,0.330028776360982,50.9630618732273,51.5833333333333,50.948,2.48928512979056,-1.38671066092295,2.33956462450011,1.24464256489528,42.0538175298809,42.1666666666667,42.768,2.13013948066054,-0.532861600764169,-0.046500093449576,1.06506974033027,51.4231356453723,52.1210191082803,50.1,2.24766864614116,-1.89022377090499,1.43663705177226,1.12383432307058,46.8956694628421,NaN,45.42,0.707762492351346,-6.67444550031283,-2.45647395952781,0.353881246175673,53.2760520015051,54.3030303030303,51.7142857142857,2.04590172996363,-3.52166535022672,1.73941412219475,0.544209860170324,45.8673335656301,46.4444444444444,46.98,3.11528465895714,1.08083614732481,2.53842752637129,0.934585397687143,48.6109722186274,49.0445344129555,47.6733386709368,1.70840992581995,-3.7434684857463,-0.291391250396877,4.26760799469824,45.286576501942,45.539156626506,45.1816239316239,2.55366510317321,-2.467181250718,0.777886433299256,2.39023053657013,4.40764643511543,506,36,1,200,330,4,0.164835164835165,98,18.1892670091813,1,1614,-9.92411307152346,-7.57779059813155,21,8.01894676051659,3.08572940007425,2.6903075562912,23.4462749831289,1
251002_Dupi_NMH_AB_3,O15,Dupi,DupiS3,AB,3,51,229089,1,91,622,834,834,990,1980,990,202.017078181972,0.622,3286.04820670617,0.99,48.6292522294332,NaN,48.652,0.811513926591319,-6.90679150794485,-2.4449619758703,0.40575696329566,47.3686035862982,46.6304347826087,48.692,1.42487190418207,-6.44736214114284,-0.342435658786303,0.712435952091035,52.1875794389945,52.9703703703704,50.904,2.40280531388795,-3.56441190332774,-0.427782319253267,1.20140265694398,45.8518107569718,45.8820512820513,46.32,2.94758431718291,-1.62060388867172,1.59528917695555,1.47379215859146,44.3209278346675,45.0379746835443,44.384,1.70366447156078,-4.16334384666622,-0.709955082129245,0.851832235780392,47.4440502278495,46.6304347826087,48.3987138263666,1.38331484884217,-6.43853314586235,-0.56803665133532,0.860421835979827,51.0110930584456,51.5192307692308,50.7075471698113,2.00551422862295,-4.74404053199059,0.186393218084297,0.425169016468064,54.1232764429193,53.9871794871795,53.9871794871795,3.8015539975621,-1.47334303497748,-0.461141989586231,0.593042423619688,45.4281494182526,45.7562724014337,45.4888888888889,2.36100712223018,-2.65201817171577,0.614985030561687,2.33739705100788,5.77025590743329,1254,44,1,310,372,5,0.185814185814186,158,22.0212073741278,1,1750,-14.921646746348,10.0870956936018,13,4.01328631745459,2.61195158659365,2.57336678496794,17.9723576885748,1
251002_Dupi_NMH_AB_3,O15,Dupi,DupiS3,AB,3,52,238878,1,91,2500,3072,3072,3226,6452,3226,-216.090197209601,2.5,5672.61393753842,3.226,45.0871060924708,41.7037037037037,45.508,1.14947122525965,-5.58406793607059,-0.892584903964964,0.574735612629825,40.4002754970287,39.9542857142857,41.288,3.14943771088898,4.20400458673872,1.35346920391486,1.57471885544449,51.0880309559727,51.2513368983957,51.18,2.47869862534704,-3.85234845261445,2.44965800513241,1.23934931267352,48.3214651142256,54.5384615384615,46.964,1.49314810927682,2.76355637423179,-1.16624139299567,0.746574054638412,44.7182784033481,45.375,43.94,2.09739032762922,0.409095591384339,0.287359981212837,1.04869516381461,47.0028203261046,48.0347957639939,47.4352,2.23615278279622,1.11646078576273,0.641163635291439,5.59038195699055,55.9909107603494,56.1386861313869,55.8986013986014,2.14199273948305,-2.85760812604693,2.25293875780161,1.22521984698431,52.775603841185,53,52.6493506493507,2.05746371291005,-4.50199700830619,-0.241959630319739,0.316849411788148,48.6870158080088,48.9650655021834,48.4031007751938,2.25053830431347,-3.93540601698669,0.155759438860655,1.74191664753863,5.16761115385515,292,39,1,70,572,19,0.285714285714286,162,32.8888360980539,1,1676,8.30772149497247,23.8448654483195,16,5.93405958095841,3.12436360866713,2.94640868247751,20.8785792658367,1
251002_Dupi_NMH_AB_3,O15,Dupi,DupiS3,AB,3,53,251535,1,91,2254,2678,2678,5030,10060,5030,-246.694796275043,2.254,3712.86471804763,5.03,40.2334969101019,40.122641509434,40.804,1.94146733867374,-0.976530507460283,-3.34655362061685,0.970733669336872,36.9976818927577,37.0343137254902,36.96,2.96500254668038,5.92830544154579,-0.898331643583751,1.48250127334019,42.8326684130125,41.7692307692308,42.292,2.04191657627297,4.36752362268354,-1.08398485050901,1.02095828813649,46.7202873946183,47.0243902439024,43.988,1.45082672433358,1.05021833905284,-0.798815283540539,0.725413362166791,30.6436261413376,28.9181286549708,31.568,2.5052966717112,7.54776654382465,1.57499168187955,1.2526483358556,38.9270202061656,37.8541996830428,39.4818101153505,2.22975537049254,4.87277920125362,-0.229695302011639,5.02586860509019,47.6451641948338,47.827027027027,48.0047169811321,3.28929445588832,-2.61214576874584,-2.11530963340759,1.39466084929665,52.611780129822,51.5730337078652,53.5763993948563,1.84396830067786,-3.2145835351878,0.78282779914413,2.43772609349613,NaN,NaN,NaN,NaN,NaN,NaN,NaN,4.71031907994633,1548,32,1,56,432,5,0.215784215784216,118,31.4587353795483,1,1884,-9.73325744640487,23.8035508244315,28,8.30461020037158,2.68948074187272,2.40986691566341,19.2655191105294,1
251002_Dupi_NMH_AB_3,O15,Dupi,DupiS3,AB,3,54,252537,1,91,2344,2868,2868,3026,6052,3026,1.19832283225776,2.344,5308.5720582162,3.026,30.2978841389578,30.4025974025974,31.076,2.12427239235021,6.98338873660276,1.53413620507373,1.0621361961751,45.8780988611279,45.3184713375796,46.148,2.55713393956148,-2.57959612489827,-1.11413329720407,1.27856696978074,51.6131176189613,51.2413793103448,51.668,2.71812940907223,-2.93965701339872,1.4585130485893,1.35906470453612,52.6804160247683,52.0344827586207,53.08,1.21600271000319,-4.62344665201981,0.991556066971015,0.608001355001597,40.0470842437124,41,40.644,1.02375111615649,0.808859155860923,-1.72149539003404,0.511875558078245,46.3601411145956,47.390099009901,45.7610921501706,1.8815329698842,0.761001157042748,0.228951604551408,4.41031328140857,53.4154778118741,53.5145228215768,53.5114503816794,2.97790029965922,-0.630493136021713,2.20437320418098,1.56041975702143,50.0399112493544,50.4181818181818,49.6455696202532,2.49194123836771,-2.08648703941677,-2.37680403948666,0.393726715662098,43.3058295466966,43.6971830985916,42.7227926078029,2.2295676250277,-2.22513193140633,0.121718232926496,2.17159886677698,4.26676177186349,638,55,1,222,314,6,0.156843156843157,86,39.9189944914639,1,1878,12.0110036046291,5.56370268358952,14,4.05129263774226,2.66881716682785,2.29524532183015,20.4459353975019,1
251002_Dupi_NMH_AB_3,O15,Dupi,DupiS3,AB,3,55,253589,1,91,1864,2162,2162,4198,8396,4198,79.0368745901975,1.864,11719.5098135296,4.198,38.7637197174827,48.1489361702128,37.708,1.23703900893578,3.83355916690261,-1.14305349621932,0.61851950446789,47.2245134794658,49.9068322981366,46.312,2.63021177357545,3.83781155910288,2.42933311068398,1.31510588678773,50.5682634210574,50.8609625668449,50.184,2.69037884990577,-1.88815333911593,-0.704131841082221,1.34518942495289,40.5752802068671,40.7669172932331,40.36,2.25215292003236,-1.09315107302291,-0.281386826332648,1.12607646001618,47.2946396322487,47.358024691358,47.048,2.37679707183218,-3.873028361359,0.893820327211448,1.18839853591609,46.5127930948105,47.6339869281046,45.681330472103,2.5332893590191,0.471850003175331,0.787451707471823,4.7220513652116,51.1511760096392,50.7857142857143,51.6375838926174,1.82416851101372,-3.91721766554286,1.71948198431879,0.543602216282088,41.1113644240369,41.0904436860068,40.9455930359086,2.25313764503302,6.52814843358008,1.02454475672206,4.14126699157068,NaN,NaN,NaN,NaN,NaN,NaN,NaN,5.15206068644714,214,37,1,132,770,10,0.384615384615385,196,22.3431824592279,1,1912,65.53025991273,-8.78028808575574,20,6.1019334285138,2.97205901915489,2.93938446112098,17.9393685482775,1
251002_Dupi_NMH_AB_3,O15,Dupi,DupiS3,AB,3,56,255279,1,91,518,684,684,818,1636,818,182.403005463677,0.518,4831.268389684,0.818,30.2701659998961,30.2816091954023,30.188,2.12510197860569,10.6787229268032,2.46401135769905,1.06255098930285,41.2675090391796,42.010752688172,39.46,1.68477445795534,3.59548762894567,0.0706848712256836,0.842387228977668,52.203904263687,52.1736111111111,52.236,2.5653383558049,-2.27942391408603,2.10198978036272,1.28266917790245,54.3056738837492,54.8,54.152,1.66737537268278,-2.57264233140108,-0.262988987778503,0.833687686341388,38.6708310166175,38.2857142857143,39.612,2.65056517620119,1.5818116802479,-1.4656991509131,1.32528258810059,41.6761482439467,42.010752688172,39.9305019305019,1.68491527455081,3.47552900672077,0.119189155854758,0.87278611221732,53,53,53,1.8108002185448,-2.87584564880011,2.69566412398453,0.300592836278436,48.8468790388645,48,49.4477611940299,2.3803199927544,-3.39417030457833,0.858492703768949,0.31896287902909,52.9582653554753,54.2247191011236,52.0904645476773,1.96041489214871,-2.48022893028516,0.194787437872786,1.60361938177764,4.55428389167776,828,48,1,264,536,10,0.267732267732268,124,20.134201972903,1,1668,34.7774615822424,18.0468604607883,24,7.44352364905955,3.25661190135143,3.20210155738701,20.6767195162876,1
251002_Dupi_NMH_AB_3,O15,Dupi,DupiS3,AB,3,57,256035,1,91,186,586,586,686,1372,686,85.0199291731362,0.186,9315.41817411529,0.686,54.3046465807256,54.6526315789474,54.108,1.76832373574923,-2.67754793621408,-0.454754209243856,0.884161867874615,38.3371335991565,38.0795454545455,39.856,2.81960950142379,2.1175984295096,-1.42797042241822,1.4098047507119,41.0168978008899,40.6460674157303,40.644,2.56026500769318,2.12169258782432,-1.80912910624887,1.28013250384659,32.1137961865866,31.6621621621622,32.572,2.95437816883238,9.59866452194416,2.26771971296406,1.47718908441619,35.2081389541809,35.6928104575163,36.712,2.20750392994554,3.99778389220641,-0.803275347080181,1.10375196497277,41.9267632684236,41,43.4516129032258,1.25506926412852,-4.48570552808532,-3.50319289814941,0.233442883127905,37.0380746886407,37.0154639175258,36.925,3.50885471747369,4.48858106418964,-0.408331349849244,1.40354188698948,35.77959440192,36.1724137931034,35.88,1.90452043303838,4.43475237701255,-0.133635998697624,0.190452043303838,39.3716865265109,38.1259259259259,39.0233236151604,2.6923863742322,6.6959404447092,0.196690253467719,1.84697705272329,5.09123911638223,1474,25,1,194,734,9,0.366633366633367,232,44.8564307139185,1,1978,-25.5169797002466,10.7463617076711,20,6.66908787941798,1.75485146595292,1.24757485354684,14.8949576294205,1
251002_Dupi_NMH_AB_3,O15,Dupi,DupiS3,AB,3,58,265238,1,91,216,376,376,596,1192,596,36.0386232101008,0.216,8317.15378956284,0.596,40.0011884325226,39.565,41.456,3.28290404369104,7.08571053972703,0.723186971589384,1.64145202184552,34.2593585637637,33.9349593495935,33.68,2.37043648068517,9.04297289771181,1.82861579369924,1.18521824034259,40.1310285942174,46.08,37.34,1.4200855588368,3.94484617679014,1.25358069726129,0.710042779418401,55.935816642707,56.0898203592814,55.976,2.38385143192627,-2.17233874548035,1.02320602702157,1.19192571596313,48.3898550020913,48.4651162790698,48.744,3.19510198590447,-3.23841651618655,3.37358828187721,1.59755099295224,35.9823361582418,36.0581395348837,35.8055555555556,3.54463950570876,9.39632572905704,2.28935751838653,0.765642133233093,34,NaN,34,0.997800531514803,8.58217317942815,0.197851075622693,0.159648085042368,29.1701052574573,29,29.1,1.52587607177956,7.97083438545647,1.43672116701026,0.335692735791503,47.9845129252666,52.6428571428571,45.261744966443,1.7814558618749,2.0923185487139,1.19955508974588,1.06174769367744,5.71713548533375,1686,44,1,0,536,15,0.267732267732268,138,38.2258961551309,1,1982,-16.3790552077405,22.4489150258682,29,8.58380029333461,3.79770160550358,3.80839728860184,25.3495350809866,1
251002_Dupi_NMH_AB_3,O15,Dupi,DupiS3,AB,3,59,278687,1,91,1560,1830,1830,2898,5796,2898,-79.0223882332506,1.56,7237.08929349112,2.898,37.9564451010184,38.1205357142857,37.968,3.08696818508954,5.76256459285706,-0.487385062514773,1.54348409254477,41.2220932038761,41.3688524590164,40.916,1.95919744737597,-0.452461695417532,-2.78881386611587,0.979598723687985,35.5241729370553,35.1282051282051,36.46,1.76266365193541,5.42469558434525,-0.0201615753272873,0.881331825967705,49.4082318188193,49,51.2,1.69411773650014,-3.72664489498857,-0.90395298578951,0.84705886825007,54.1348784895703,54.037037037037,54.16,1.5133834725895,-3.87255601077103,1.68100670354158,0.75669173629475,42.2245555979315,41.3072289156626,43.325641025641,1.77614589911772,1.91815946119397,-1.03703384775844,2.77078760262364,54.0691403411983,54.037037037037,54.0740740740741,2.10325051612986,-2.97640509024928,2.54651868304163,0.567877639355061,51.8764939391223,53.113475177305,51.687265917603,1.66296684139433,-3.03694538042687,-1.61735232637604,1.77604858660914,50.5248471970611,50.3307392996109,50.5880217785844,2.02817651473289,-2.54356358859535,-0.122669452958173,2.23505051923565,4.73109390679631,1072,49,1,266,278,3,0.138861138861139,120,41.960178807891,1,1596,-1.73819009675584,-10.8942196746939,20,7.06542136958156,3.00070499081965,2.83363170243518,21.4541682762597,1
251002_Dupi_NMH_AB_3,O15,Dupi,DupiS3,AB,3,60,302917,1,91,378,744,744,1278,2556,1278,49.779699218886,0.378,2032.82105271057,1.278,42.3888943293908,42.7971014492754,42.192,1.49508595313944,-3.71967373269911,-2.41830306548839,0.74754297656972,39.2549932052983,38.9177489177489,39.064,3.86337721542433,5.24038072826688,-0.903195973810297,1.93168860771217,39.9277478339968,35.494623655914,42.744,1.69899604955728,4.11243098413082,-2.92564407091917,0.84949802477864,41.4768861769956,42,40.728,0.822664613834006,-2.68875271824916,-4.35802515564731,0.411332306917003,48.2327129885143,NaN,48.084,0.721629315142723,-7.75480943498708,-5.75736591490549,0.360814657571361,40.6421720439486,40.0647058823529,40.1428571428571,3.67080488773285,3.84933328128249,-1.53567030822192,1.38756424756302,34.9684393887552,34.8657718120805,34.7431693989071,3.15680554919506,7.3385067621156,-0.71467507361323,1.15539083100539,46.7310790805119,43.7441860465116,45.8239700374532,1.1310122052836,-4.73634948371985,-5.04817353246036,0.603960517621443,36.7486674101965,25,38.6948356807512,0.743149587126039,1.60497915400478,-3.91781929019154,0.949745172347078,5.68925200509415,218,45,1,46,388,3,0.193806193806194,216,41.2813124281798,1,1324,-13.0358565737052,15.3104179848885,23,4.17006676798482,3.1491387484013,2.84714205187528,19.9319042601148,1
251002_Dupi_NMH_AB_3,O15,Dupi,DupiS3,AB,3,61,304381,1,91,232,664,664,944,1888,944,67.4168852567583,0.232,3894.85134113971,0.944,56.5564000762449,NaN,39.444,0.110888420791171,4.15672151553062,-2.29613336786251,0.0554442103955855,39.6552307163107,40,38.304,2.133141106878,0.304162209718271,-0.832244780664349,1.066570553439,44.6105897627793,41.7222222222222,44.324,1.5792015289398,1.63302517361201,0.752810182069117,0.789600764469903,49.7815756559314,49.7777777777778,49.784,1.92205188721706,-3.97588307087512,3.36005497417572,0.961025943608529,51.707451650175,51.6901408450704,51.652,2.75286160401338,-0.568318289198397,0.829954829376859,1.37643080200669,39.2697509140317,40,37.0862068965517,1.21176262486724,0.668257269615467,-1.75966862339193,0.2811289289692,38.9917275907773,39.0508474576271,38.287037037037,2.37251999923226,3.08047767008962,0.444879472899442,1.02492863966834,47.903150543286,48,47.8714285714286,1.56479901907333,-4.78806409190089,0.860721831742382,0.438143725340532,50.7493377112226,50.8724137931034,50.5847457627119,2.19170364063935,-2.37308027734257,2.28692278334071,2.06896823676354,4.67220081761973,294,40,1,192,358,6,0.178821178821179,154,242.874229857749,1,2002,8.31075697211153,17.1256560092307,19,5.55763534439266,2.69125318385633,2.36858175876566,21.5534304718801,1
251002_Dupi_NMH_AB_3,O15,Dupi,DupiS3,AB,3,62,305270,1,91,1778,2108,2108,2262,4524,2262,195.889757727966,1.778,8146.57919358871,2.262,51.7490686951564,52.2340425531915,51.392,1.32891902587949,-2.72635772176148,2.80793611303288,0.664459512939746,55.6393387261819,55.4257425742574,55.6,2.88848575507168,0.390361055543409,0.217492578718187,1.44424287753584,47.5363055732022,47.1610169491525,47.496,1.96738352959745,-2.2179743331623,-0.0901438332604321,0.983691764798724,43.138970428473,43.2083333333333,42.928,2.97060592340877,-1.35740679831351,3.25009008900067,1.48530296170439,35.6162436361908,33.4276729559748,37.584,2.42648038473323,9.92179342104376,3.97427156377017,1.21324019236662,47.6962264763555,47.5221088435374,47.5759280089989,2.51653425340706,2.07590442942959,1.88671585385363,4.47439790255775,33.5280777408831,33.0413223140496,35.369696969697,2.41656465244331,10.0297999760356,3.12668249550719,0.797466335306292,48.8768160737654,49,48.7792207792208,1.65506940818225,-3.73392413743852,1.18220474735853,0.254880688860067,44.1934397744491,42.6184738955823,44.4108170310702,1.50619829504238,2.86592979786664,-0.0442836464399295,2.61777263678365,4.66761917499101,1106,44,1,50,798,13,0.398601398601399,166,14.7272819190958,1,1874,12.1548093340922,-30.0554583690029,27,9.12549012377817,2.10795538513677,1.87738235458134,17.4627005726364,1
251002_Dupi_NMH_AB_3,O15,Dupi,DupiS3,AB,3,63,306060,1,91,198,526,526,682,1364,682,94.0510709415069,0.198,8146.57919358871,0.682,43.4264263882553,43.2093023255814,43.34,2.56611611315816,-1.73070632956758,2.8727804568875,1.28305805657908,34.0341217506964,33.2222222222222,35.864,2.84202458459647,10.7956646307981,4.00851761564228,1.42101229229824,49.8805752237182,50.3838383838384,49.624,1.85000749251709,-1.38251551908527,0.017218218496894,0.925003746258545,52.6039232186419,52.8910891089109,52.892,1.83333361086514,-1.60136922479365,0.822497898942481,0.916666805432568,38.4401365022962,33,40.424,0.873463197149707,0.443783585793069,-0.669154619716274,0.436731598574854,35.2624645150015,32.58,38.6969696969697,2.55044147764995,10.9150782275093,4.86204981946947,0.504987412574691,33.4683542109744,33.4692307692308,34.2439024390244,2.8808477554022,10.3833593131269,3.14014581510744,0.944918063771921,48.2995003375122,49,47.8333333333333,1.96465585286102,-3.30910075767494,1.16926748818196,0.306486313046319,51.6443346011322,51.8156028368794,51.7390029325513,1.96281435181245,-0.878531895506478,0.716026997867953,1.33863938793609,5.1408195895294,1016,51,1,116,404,4,0.201798201798202,196,33.8864697995778,1,1212,-13.1276797571618,33.4913648714036,26,9.74897527608655,2.21282728207039,1.85238445520023,17.5555297097947,1
251002_Dupi_NMH_AB_3,O15,Dupi,DupiS3,AB,3,64,307000,1,91,2096,2692,2692,2932,5864,2932,-213.13673144408,2.096,8332.77044149602,2.932,56.196107727873,55,56.252,0.828665178668628,-4.33502123302472,-3.86830870635201,0.414332589334314,38.1345839019821,35.7790697674419,39.296,1.69579564639027,5.46965505968863,1.2962218168767,0.847897823195133,43.7815466823935,43.017094017094,43.852,2.02391064162347,-3.78457824851735,0.36639425210043,1.01195532081173,44.4723822339149,46.546875,44.696,2.32527967268139,-2.04582761170709,1.10362000477187,1.1626398363407,42.2049853154116,39.3152173913044,44.288,1.86883531773445,-0.727802591896202,0.541763518991896,0.934417658867227,41.8294661460155,41.1549893842887,42.6832061068702,2.05406027600439,1.52317660729037,1.11859638180351,4.30531033850519,38.6851538236756,38.9668874172185,37.1174496644295,2.23760426413346,4.78602581596384,1.56747952591601,1.33361214142354,49.0581023597294,50,48.5166666666667,2.00025058451039,-0.489172272409663,2.5680399855646,0.480060140282494,44.2997748995817,41.4385964912281,45.3258426966292,1.32944028907608,-4.78504505748146,-1.41377445710318,1.41984222873326,5.63589646269015,1028,39,1,846,204,4,0.101898101898102,106,17.2761865000774,1,1502,-46.7296528173022,19.5464696467786,20,6.67360429532327,2.43186299984486,2.40612886476717,14.7465397225434,1
251002_Dupi_NMH_AB_3,O15,Dupi,DupiS3,AB,3,65,308879,1,91,226,440,440,566,1132,566,173.295659247064,0.226,11984.922488667,0.566,44.9469478816289,43.4074074074074,45.832,1.92348364795276,-4.32938749344833,-1.13008875033421,0.961741823976378,41.2723454883068,37.9230769230769,44.988,1.97672089653457,0.840292092696552,-0.24298279598158,0.988360448267286,38.886148108815,38.3076923076923,37.736,1.37642075565701,5.66507907146396,0.535689499895175,0.688210377828505,35.335964576297,33.2083333333333,36.312,1.40066516508133,7.18358042636825,0.567052827197285,0.700332582540664,28.5095503262365,28.7142857142857,28.82,2.64799049639242,10.2025936128872,2.32926715958218,1.32399524819621,51.9927998647566,42.9,52.9115044247788,1.08702006501527,-4.07603907857367,-0.858421483446639,0.245666534693451,37.6292476067292,37.2467532467532,38.5794392523364,2.56243012523644,2.96056132649628,0.200147287348035,0.548360046800598,38,38,38,2.8972623583411,1.64017785217768,0.548238133221929,0.365055057150979,37.1245575873918,37.5172413793103,36.2897526501767,1.24992861953739,6.91137876779409,0.733854696934168,0.707459598658161,3.9730305721245,382,37,1,0,274,4,0.136863136863137,96,13.5571632128804,1,1464,-46.3479415670651,-15.0825361968214,31,6.69836193332637,2.93718064363212,2.704453364226,19.6436145707101,1
251002_Dupi_NMH_AB_3,O15,Dupi,DupiS3,AB,3,66,310175,1,91,266,558,558,736,1472,736,125.129092987994,0.266,7868.01771423465,0.736,46.5430784333553,48.2079207920792,46.04,1.84457142303667,-4.80900545383615,-0.63211596878092,0.922285711518337,36.4899592203166,35.4453781512605,37.428,2.60727554114045,6.42567730909311,0.453931094289145,1.30363777057022,46.3133809809537,45.5656108597285,46,3.38244583138799,2.36576091155047,2.30740566236687,1.69122291569399,47.2988941997715,47.5416666666667,47.152,1.67896257592852,-5.61207671623761,0.29931329572846,0.839481287964258,41.3437104387216,48,40.336,0.947366779938839,0.754014276166933,-1.30797371362818,0.47368338996942,39.0311781382194,36,39.1804511278196,1.42632108825361,0.0226487730578817,-1.79630090955392,0.379401409475459,35.392669632502,35.3333333333333,35.3561643835616,3.73135150603208,9.12370926355153,2.28519932003683,1.08955463976137,39.0450843276153,39.1058823529412,39.2359550561798,3.50615372435656,0.0304657675582488,3.20807030118089,0.624095362935468,50.5570369992243,50.82722513089,49.2065217391304,2.27523364300755,-3.21130334410376,0.596570199861344,1.67457196125356,4.93336267302697,398,36,1,302,562,8,0.280719280719281,196,69.9697318835017,1,1910,-13.7526086131664,28.1981613131351,21,7.5074599530867,2.91341653190929,2.49613093433297,22.2432203959395,1
251002_Dupi_NMH_AB_3,O15,Dupi,DupiS3,AB,3,67,312447,1,91,268,660,660,1098,2196,1098,64.2673827790608,0.268,6412.40079310039,1.098,51.0312618074006,51.5853658536585,49.644,1.04328142069071,-6.91484623938386,-2.89003393149877,0.521640710345357,40.8813723120449,40.0747126436782,43.7,3.16725687797259,5.7361652235462,2.0971485535977,1.5836284389863,47.1211137012313,47.4457831325301,47.212,1.74085134612024,-4.44269185358728,0.404342910759552,0.870425673060122,46.0507396733526,46.1857142857143,45.752,2.42128985755098,-2.70332348741729,-0.224905240515245,1.21064492877549,51.3770505567578,51.1358695652174,51.716,2.505906864841,-4.22393747655613,0.606781029228443,1.2529534324205,44.935966643288,42.0508474576271,47.6940298507463,2.28705899280748,2.37897518842841,0.631595171674339,0.612931810072405,39.6812104129867,39.2295081967213,41.9540816326531,3.05680034673183,5.73875551462106,3.04064861246649,1.19826573591888,46.6081861404042,46.8367346938776,46.6712328767123,1.91230580159508,-3.93499030406142,-1.64667979705493,0.837589941098646,49.7473807252554,49.4157782515991,49.7741347905282,2.59925535319789,-3.75236118889557,0.996616738050708,2.85398237781128,5.69850143256449,306,37,1,200,392,8,0.195804195804196,190,133.394479666019,1,1950,-33.7583001328021,14.9820411657424,18,5.38008901217922,2.16740849307404,1.76353690722427,18.7694844984505,1
251002_Dupi_NMH_AB_3,O15,Dupi,DupiS3,AB,3,68,322436,1,91,2260,2420,2420,2598,5196,2598,-197.36836178233,2.26,6955.7444074283,2.598,40.3918771313639,40,41.764,1.48392323882858,-1.17020593192205,-3.44146039929357,0.741961619414288,37.6596325392595,37.5851528384279,37.572,3.06289360521836,6.21998546696055,0.957623249311939,1.53144680260918,32.1351879992702,32.1301775147929,32.216,2.74352489907642,10.5018936087967,2.89301869140129,1.37176244953821,30.7825548492167,30.275,32.112,1.40164248232513,8.94365820725295,0.426308459493496,0.700821241162565,55.1314174012325,55.536231884058,55.16,2.0219248194463,-2.92552403411688,-1.16169092758798,1.01096240972315,39.3359698368292,39.3981042654028,40.4265486725664,2.15455983406016,7.22696178267405,0.881333239156568,4.86930522497596,54,54,54,1.776198944245,-4.27714477722407,-1.60130957526942,0.284191831079199,54,54,54,2.12318643353892,-3.74657668147862,2.4851503220011,0.377927185169929,46.2862436551592,46.0547112462006,46.2924393723252,2.02342178096802,2.30770303444276,0.283246757986759,2.83683733691717,4.62072985539131,88,38,1,0,630,7,0.314685314685315,300,62.4984921927584,1,1960,-9.95067349649024,-10.1539993300331,29,9.56599561555733,3.24157159152591,3.06571971269118,23.0581106395029,1
251002_Dupi_NMH_AB_3,O15,Dupi,DupiS3,AB,3,69,335935,1,91,1990,2394,2394,4084,8168,4084,-92.8626372856923,1.99,5764.37156450453,4.084,42.108860127816,37,45.824,1.10639053422672,-0.166091346892546,-2.51339621848417,0.553195267113358,41.7849736906513,42.5727272727273,42.64,3.56097454206571,1.34583524658238,-0.991230814373149,1.78048727103285,56.0193313844026,56.0373134328358,56.02,2.22462407590013,-5.37038986787793,-0.194802208193943,1.11231203795006,55.984460259368,58,53.94,1.0169800094633,-5.87880475766185,-0.585164746505418,0.508490004731649,49.8937928370058,49.7942857142857,50.432,2.34641008872048,-4.16829418187682,-1.4776684139831,1.17320504436024,48.8810105989538,48.8615107913669,50.7417085427136,2.28834789962989,-2.40318948599229,-0.791943573615872,4.55381232026349,50.3387959081524,50.1238938053097,50.4257425742574,1.97582885383168,-5.23237861758341,-0.758870761478467,0.798234856947999,40.3611061979632,40.3295454545455,38.9775840597758,2.49483980569118,6.88252648213723,1.66247108220971,4.00671272794004,NaN,NaN,NaN,NaN,NaN,NaN,NaN,5.95931946545286,80,38,1,0,500,10,0.24975024975025,200,47.3093498326213,1,1980,26.7273762094479,24.0099378419622,21,6.81490084585957,3.42384641075729,3.29337742595207,19.7294728737559,1
251002_Dupi_NMH_AB_3,O15,Dupi,DupiS3,AB,3,70,338446,1,91,218,544,544,680,1360,680,100.996679678052,0.218,6955.44801724239,0.68,31.1678616236989,31.3613445378151,30.92,1.6964739531177,10.9063457094568,2.0638234537492,0.848236976558848,34.7717207968556,NaN,34.376,0.821388272980953,5.59448458144503,-0.391029718516447,0.410694136490476,47.6430055290459,51,47.684,1.3560211103469,-0.369220403722046,2.12735573611317,0.67801055517345,45.1099386153424,54,42.2,0.706125009875152,4.23123026820376,0.0488573305003122,0.353062504937576,55.5128201213183,55.8744939271255,55.888,3.78896715387394,4.87445571923497,4.76057926089846,1.89448357693697,30.0586325291325,NaN,30.7889908256881,0.612861519892992,8.27045103962547,-0.44838610933845,0.133603811336672,37.0353577035806,NaN,37.1288343558282,1.06292703126882,1.10094035273204,-0.306047879215401,0.346514212193634,43.7589909691443,NaN,43.3382352941176,1.32430282612925,-0.379406220090293,2.34128584491383,0.180105184353577,46.6023354722964,51,44.0264705882353,0.861413560515656,3.21334935370996,0.888383936032129,0.585761221150646,6.56126835308424,1544,54,1,1496,306,5,0.152847152847153,164,136.59333914401,1,1796,22.0110036046291,25.5212714482451,7,1.8996935960401,3.16235131114453,3.99117881709919,11.5423075574955,1
251002_Dupi_NMH_AB_3,O15,Dupi,DupiS3,AB,3,71,340562,1,91,218,430,430,1822,3644,1822,173.603418918574,0.218,13492.512947597,1.822,34.3453575770404,36.1917808219178,34.288,2.1422770233576,9.19160953016987,2.50197320625577,1.0711385116788,42.8324715015781,42.6315789473684,42.64,2.12486490032618,1.07928211409814,-0.454570800337159,1.06243245016309,54.3089518171001,52.15,54.92,1.2532528282625,-3.59030719546116,0.237514250600024,0.626626414131249,53.7285392624987,53.5593220338983,54.048,1.95460561437171,-0.367211964800993,0.480422506869955,0.977302807185853,47.5372197830119,48.5074626865672,47.616,2.97532709897771,-2.09325648648558,-0.141148089398679,1.48766354948886,46,46,46,2.29585318169447,-2.58438410730635,-1.54339656538501,0.500495993609394,39.5711037374206,40.1594202898551,38.9433962264151,2.20482793012974,3.47340223146165,0.187390987828772,0.467423521187504,49.6774585071496,48.9927536231884,51.4238505747126,1.89108864574457,-1.98459384152375,0.377191119318231,2.63239539487644,46.0814076216922,46.112462006079,46.4149286498353,2.36532379368185,0.805245302307367,-0.889640981305567,4.30961995208833,4.8610042663218,1572,42,1,164,364,7,0.181818181818182,138,27.6101706328568,1,1568,-17.51432365775,27.8726690735847,23,7.18695940078415,3.12096196224001,3.007345178188,19.3982958102177,1
251002_Dupi_NMH_AB_3,O15,Dupi,DupiS3,AB,3,72,340562,1,91,218,430,430,1822,3644,1822,173.603418918574,0.218,13492.512947597,1.822,34.3453575770404,36.1917808219178,34.288,2.1422770233576,9.19160953016987,2.50197320625577,1.0711385116788,42.8324715015781,42.6315789473684,42.64,2.12486490032618,1.07928211409814,-0.454570800337159,1.06243245016309,54.3089518171001,52.15,54.92,1.2532528282625,-3.59030719546116,0.237514250600024,0.626626414131249,53.7285392624987,53.5593220338983,54.048,1.95460561437171,-0.367211964800993,0.480422506869955,0.977302807185853,47.5372197830119,48.5074626865672,47.616,2.97532709897771,-2.09325648648558,-0.141148089398679,1.48766354948886,46,46,46,2.29585318169447,-2.58438410730635,-1.54339656538501,0.500495993609394,39.5711037374206,40.1594202898551,38.9433962264151,2.20482793012974,3.47340223146165,0.187390987828772,0.467423521187504,49.6774585071496,48.9927536231884,51.4238505747126,1.89108864574457,-1.98459384152375,0.377191119318231,2.63239539487644,46.0814076216922,46.112462006079,46.4149286498353,2.36532379368185,0.805245302307367,-0.889640981305567,4.30961995208833,4.8610042663218,1572,42,1,164,364,7,0.181818181818182,138,27.6101706328568,1,1568,-17.51432365775,27.8726690735847,23,7.18695940078415,3.12096196224001,3.007345178188,19.3982958102177,1
251002_Dupi_NMH_AB_3,O15,Dupi,DupiS3,AB,3,73,342070,1,91,198,510,510,654,1308,654,186.676042265146,0.198,16002.0170276909,0.654,56.5406467141099,56.3931034482759,56.24,2.65285890506712,-1.89097061746582,-1.96081817496967,1.32642945253356,36.1036021239105,35.4,37.436,2.51420947271257,5.86087196573372,-0.281770983281159,1.25710473635629,33.2952361283389,28,34.732,1.77486052374856,8.80734863242634,2.24641184390196,0.887430261874281,44.9466842353437,44.7225806451613,44.908,2.78341705235943,-1.31662137331474,2.68353909336228,1.39170852617971,40.5111317574087,40.7668161434978,40.924,2.94932845755252,0.757392004874755,-0.266698878375945,1.47466422877626,36.4551118541851,34.3888888888889,39.2323232323232,2.13262465109805,5.47767517940676,1.03085350975872,0.422259680917415,36.0304063726463,35.8333333333333,36.4038461538462,2.73443115365795,5.96601299382947,-1.49978683689108,0.853142519941282,40.197254266957,NaN,40.0416666666667,1.45021455967283,-2.7501726367105,-2.46418781323563,0.208830896592887,39.6256347288173,38.0252525252525,38.519877675841,2.48856918827251,7.86409608222905,2.79932463642777,1.62752424913022,5.62750713750739,1202,46,1,124,636,6,0.317682317682318,160,30.7282506635596,1,1982,-9.6531967368621,-4.36176350169352,18,5.7475660067723,1.8697819413368,1.67951276174512,16.2982748084626,1
251002_Dupi_NMH_AB_3,O15,Dupi,DupiS3,AB,3,74,342902,1,91,196,614,614,764,1528,764,126.876291206345,0.196,10897.9089901717,0.764,30.6884869164582,27.9655172413793,33,1.35062435491516,8.74201807276281,2.8606369346654,0.675312177457581,36.6589962353172,36.5535714285714,36.696,2.79402711761974,4.04709877777146,-0.729402598133161,1.39701355880987,30.3993306473287,30.5520833333333,30.232,1.79977622194228,11.7514885007997,3.66777941519025,0.899888110971141,43.2370928565477,35.375,46.996,1.39515732962623,4.77770553604175,0.914919954209172,0.697578664813117,51.3002881429091,51.4429530201342,50.42,2.0281107566138,0.494614055072318,-1.8487042418008,1.0140553783069,36,36,36,2.56120594825101,3.48725401924731,-2.15185869827155,0.501996365857199,35.4472872552663,35.1079545454545,35.6363636363636,3.0293960233345,7.53993000598038,2.21503275378398,1.26628753775382,29,29,29,2.17137289282852,13.642217810562,4.82009545068689,0.325705933924278,40.5578262219728,35.375,42.2198952879581,1.19420372532848,7.16694898742437,1.05500574020582,0.912371646150957,5.042362126211,202,36,1,134,384,4,0.191808191808192,160,12.1890444747052,1,1434,0.711060519825453,-12.9556705251796,28,10.0147548951795,2.4981328975914,2.11431279406971,22.0335545241536,1
251002_Dupi_NMH_AB_3,O15,Dupi,DupiS3,AB,3,75,348549,1,91,2006,2276,2276,2500,5000,2500,12.0768281423879,2.006,10201.5140918348,2.5,51.9763370283812,NaN,52.46,0.52437943884426,-5.88237888106063,-3.28425137283325,0.26218971942213,38.6377581580165,35.9555555555556,43.04,2.51886747063402,7.32387313893761,0.184906833289358,1.25943373531701,44.4483016227768,44.0126582278481,42.948,2.68725140054087,6.66187058811439,1.39695809810518,1.34362570027044,47.0389490075933,46.0512820512821,48.984,2.18419066569515,-2.12413448947715,0.236786722962983,1.09209533284757,52.7659962751832,50.9130434782609,51.708,1.32035037824731,-3.38104226682809,-1.62044120748721,0.660175189123655,44.6734890058683,43.0985915492958,46.6590229312064,2.1775887063909,4.42494993368437,0.177783003995494,4.36824294502014,46.1126103114034,46.7472527472527,46.3111111111111,2.41580068506236,-4.52967175319095,-0.514758977526941,0.652266184966837,55.405959549467,55.3917525773196,55.3392857142857,3.0341311592324,-1.60564274586745,1.23588451246083,0.679645379668058,41.7810928658647,42.5448916408669,43.7546666666667,2.09056773300164,3.56103406401231,-0.734853382608602,3.13585159950246,5.51153049884866,944,51,1,258,536,7,0.267732267732268,298,40.5900185070343,1,1738,-56.5285524568393,22.7038746417538,22,7.66903304227733,3.13025117949625,3.02995133920067,22.6361020680108,1
251002_Dupi_NMH_AB_3,O15,Dupi,DupiS3,AB,3,76,349431,1,91,242,514,514,736,1472,736,164.320694358528,0.242,8315.35902346278,0.736,55.2080800800268,NaN,55.128,1.23345407480643,-3.31195640343127,-0.483238453093536,0.616727037403213,45.7101289821008,46.0113636363636,46.028,1.53240269662242,-2.91931706821988,-1.71195431539046,0.766201348311208,55.2320103402576,55.2474747474747,55.2,2.78885109573967,-2.16022012539013,-0.00232782180499245,1.39442554786983,32.1387816646796,31.6231884057971,36.012,2.51751718012624,6.67508652907705,1.15318200671349,1.25875859006312,41.6579547885727,39.5378151260504,42.636,1.92243056441709,0.0155490004085986,-3.42864716978911,0.961215282208545,46.0957659517472,NaN,46.2396694214876,0.683251115427054,-2.24480785321765,-3.4518154297097,0.165346769933347,46.1947456613323,46.6736842105263,46.3014705882353,2.35722612810305,-3.60424389796018,-0.506691794950353,0.64116550684403,55.3875639430563,55.3711340206186,55.3243243243243,3.06569049340495,-1.63180604548144,1.24224882587808,0.680583289535899,40.2156519667898,41.1508620689655,42.8233695652174,2.56228687509261,5.17488209571597,0.4781778683627,1.88584314006816,6.1978603401923,1324,25,1,276,456,6,0.227772227772228,130,6.68686829275747,1,1064,-6.54638588503132,20.2047121003461,31,11.0360748509253,2.17897090735736,1.76486776186917,17.8910321498524,1
251002_Dupi_NMH_AB_3,O15,Dupi,DupiS3,AB,3,77,350503,1,91,200,424,424,598,1196,598,73.4509292314131,0.2,8983.03127301591,0.598,44.0655862551965,42.7676767676768,44.616,1.79383909804557,-2.62438651405625,-2.06121236408574,0.896919549022787,41.3005778397438,41.2488038277512,42.16,3.45881963275883,3.99992414980893,-0.710562133532098,1.72940981637941,45.4256630464254,46.7277486910995,47.156,2.68515465053942,5.32982693563858,1.14539984542701,1.34257732526971,50.644521395053,50.4972375690608,50.584,2.70564039681571,-4.11876975382663,-2.44923964723247,1.35282019840786,55.1917426459086,55.5944055944056,54.92,2.30127320196756,-5.3336736162128,0.183502372291982,1.15063660098378,47.4792583914754,47.5081967213115,47.44,2.62882256472376,-4.34840111289679,-3.17998452129765,0.525764512944753,40.4111306212943,40.6272727272727,40.5535714285714,4.06147095919807,0.236575181994899,-0.869632546079043,0.909769494860368,33,33,33,4.16951948436282,11.217540203785,3.36002303585088,0.725496390279131,51.1594823039547,51.2259414225941,50.6923076923077,2.70143126096019,-1.3411005484106,-0.457360939066738,1.61545589405419,5.16557424950431,360,39,1,116,824,12,0.411588411588412,184,37.7410643396146,1,1904,-34.08916714096,26.322161015372,25,7.70760741881693,2.56017680027894,2.21181050303063,20.1207396462853,1
251002_Dupi_NMH_AB_3,O15,Dupi,DupiS3,AB,3,78,363590,1,91,1524,1944,1944,2182,4364,2182,-121.817547582056,1.524,7730.7697383086,2.182,31.3626913605814,36,28.784,0.755874137333897,3.67680455691351,-2.89969624123929,0.377937068666949,37.8526674235735,38.219512195122,37.36,2.84838301639935,5.44582339853343,-0.795656798110852,1.42419150819967,27.8752541838794,27.3235294117647,29.664,1.98408131471326,7.56966420522127,1.42467833966288,0.99204065735663,36.2744539010526,37.1192052980132,34.996,1.98092913323209,5.6192309890299,-0.598682004773339,0.990464566616044,50.861216955301,50.6467065868263,51.228,2.56459247795898,-2.73441549022987,0.645031403772482,1.28229623897949,34.6082779326122,35.3114754098361,34.1312335958005,2.27187527224907,6.26596057107859,0.0842441015222216,3.46233791490758,50.2392708471313,50.1705426356589,51.1238095238095,2.40036352597588,-3.01960661603423,0.407714230922726,1.00815268090987,54.6336926593331,54.4867256637168,54.4033613445378,3.74508604914423,-0.170096391465165,2.35526458705468,0.891330479696326,47.2017724192318,48.0707395498392,45.7062706270627,1.62490910076951,2.25399944602513,-0.11652126498331,2.95408474519896,5.1127942599913,66,37,1,0,638,7,0.318681318681319,278,138.870002436357,1,1998,-5.2282299373933,-17.9794915695835,31,8.79861160030168,2.98777367911591,2.71212883658058,20.2335401095664,1
251002_Dupi_NMH_AB_3,O15,Dupi,DupiS3,AB,3,79,376577,1,91,716,896,896,1088,2176,1088,111.211121749057,0.716,3317.39572876901,1.088,38.7315025493421,NaN,38.576,0.26749390993576,-0.352131851256181,-3.54457187063481,0.13374695496788,40.5920675737946,40.3,40.416,2.75818146594974,3.93139495144398,2.11383404199705,1.37909073297487,31.9650321366241,31.9933774834437,32.016,2.13863291700168,11.2441254604814,3.70548563073967,1.06931645850084,37.8427902775674,36,39.54,0.664515771003537,4.79623583369966,0.995615671980456,0.332257885501769,39.1105987344115,38.9358974358974,39.744,1.75489365832553,3.96563534378873,0.995200196100247,0.877446829162765,38.3601661047395,37.7945205479452,37.6731843575419,2.52620365005581,7.87217063413773,2.38325760947919,1.80876181343996,31.0364585885721,31,31.0666666666667,2.34818275180223,12.3233731872487,4.17566662177937,0.422672895324401,35.6198327439089,35.8333333333333,35.5104166666667,2.09342636043194,5.32804242395286,3.8448764731053,0.401937861202933,39.4662230935593,38.9358974358974,41.5275735294118,0.959101338080857,3.83852801510101,0.261457486067,1.04350225583197,5.0379516366071,206,43,1,154,334,3,0.166833166833167,220,173.233830796557,1,1982,-22.6033010813888,-10.362247366658,13,4.64110013459361,2.60589427898152,3.29418693962819,11.5850163362626,1
251002_Dupi_NMH_AB_3,O15,Dupi,DupiS3,AB,3,80,386055,1,91,230,662,662,898,1796,898,58.2055362696901,0.23,4991.53437550331,0.898,37.3223366428049,NaN,35.952,0.863004551859411,-0.013863926122609,-4.39314776106623,0.431502275929706,39.0007319865766,38.5809523809524,39.604,4.07217384822135,9.29389231035289,2.13513125058386,2.03608692411067,44.8192330058511,45.1538461538462,45.68,2.20473502568389,2.12077196349584,-0.233056122347622,1.10236751284195,56.6576473229044,57.3856209150327,56.084,2.25302018769025,-5.08957532526136,-1.51989271165376,1.12651009384512,54.9791558757972,55.4586466165414,53.86,2.20029408269302,-6.14251022021525,0.840344551860769,1.10014704134651,42.2589441592109,42,43.0347826086957,3.70754830572702,1.83947494736646,0.106314820821038,0.852736110317214,38.1759160589231,39.0384615384615,39.162037037037,3.80607250323622,10.2722070210662,2.75758874974114,1.64422332139805,47,47,47,1.61385966186805,-5.16686080649277,-2.43862950972365,0.38087088020086,55.0373487965758,55.1054313099042,54.8396436525613,2.49833834971085,-5.0252928016221,0.269150952592157,2.24350783804035,5.75529233305318,170,42,1,98,770,27,0.384615384615385,440,99.4237370289766,1,1974,-24.0815784481123,17.0844344362973,23,8.30948459486959,3.52526763907199,3.30819235384217,25.1867206607034,1
251002_Dupi_NMH_AB_3,O15,Dupi,DupiS3,AB,3,81,399599,1,91,1768,1910,1910,3358,6716,3358,-192.34204394788,1.768,5521.05206828682,3.358,44.0091938320765,NaN,44.072,0.994542208859415,-5.14593953441503,-4.85690177629647,0.497271104429708,38.4429744725599,38.4123711340206,38.428,1.82882069803421,4.14015801852328,-1.62590754492472,0.914410349017105,32.4310161795627,32.364238410596,32.64,2.21150067680184,8.56861520902796,1.90053002596495,1.10575033840092,35.1813949688675,35.2393617021277,35.196,2.57243974678844,8.25831435671309,0.851822678797767,1.28621987339422,43.1761152492505,52.2173913043478,41.152,1.10254691623356,3.75970880297159,-1.1183973530828,0.551273458116782,35.1678608152028,34.9495412844037,35.3857466063348,1.99644969128242,7.16352465463606,0.297160478987603,3.52972305418731,44.0252774189296,47,43.6338028169014,1.3493847986792,1.28589128217662,0.442832362918057,0.191612641412446,48.756622308181,49.031884057971,47.8812154696133,1.8573215569453,0.711991052893574,-0.90540615843769,2.68940161445679,29.6307792340321,29.7102803738318,30.1526479750779,2.40413269148495,9.02172773203912,1.15035463019889,1.54345318793334,3.96564457320793,1206,35,1,586,434,4,0.216783216783217,196,91.5687230219579,1,1828,-4.45873648264085,-13.0857557598541,26,4.85262780253548,3.28670875892488,3.102634900276,21.2563914376139,1
251002_Dupi_NMH_AB_3,O15,Dupi,DupiS3,AB,3,82,400986,1,91,220,442,442,584,1168,584,194.579628519579,0.22,13092.8095777334,0.584,51.4442810599917,51.4261363636364,52.424,2.56186748319179,-1.93319655314439,-0.282091414084933,1.2809337415959,41.2188030735477,39.8111111111111,42.868,2.09402127843156,-0.158214511919278,-1.86456205338508,1.04701063921578,32.8914795745621,33,32.188,2.40225243962547,7.9233230352406,1.62013434152615,1.20112621981273,31.300950678728,31.1884057971014,31.344,2.1244926340633,9.80253158310323,0.882316336680406,1.06224631703165,43.6988682400577,44.5151515151515,44.092,2.11822838712381,2.32651136219421,-0.452675146067474,1.05911419356191,46.2220227283952,44,46.8545454545455,1.14639406956893,-5.19052529706001,-2.41274528471204,0.252206695305165,39.8863740913666,39.8571428571429,39.9279279279279,2.54944894161212,0.625379420723437,-1.68934996607611,0.565977665037891,38.8169642464395,38.8169014084507,38.8169014084507,3.57684215889061,4.20721914344012,0.588574035522919,0.507911586562467,31.4187885665421,31.395,31.1986301369863,2.32701161692053,8.90943816282503,1.3173542700379,1.35897478428159,4.95024639894083,1934,41,1,356,388,4,0.193806193806194,176,10.5537049566222,1,1154,-27.3094289508632,-16.077343953549,26,6.4991043322305,2.4358822611439,2.06877215348758,20.2063053016601,1
251002_Dupi_NMH_AB_3,O15,Dupi,DupiS3,AB,3,83,401864,1,91,394,632,632,790,1580,790,167.398925456909,0.394,4945.13533188143,0.79,38.0749857272179,37.5963302752294,38.472,2.00518725283181,8.05546449688863,0.671460336036562,1.00259362641591,43.8671160894894,43.4609929078014,44.916,2.29509273588095,-2.27201597232532,-0.777755781370979,1.14754636794048,53.166653423263,53,52.836,1.3274160738201,-4.40800318307296,-1.35193639319413,0.663708036910048,39.6062533856997,NaN,39.46,1.02740395387154,3.63470390927599,-2.27584375922918,0.51370197693577,49.600277731178,50,48.544,1.79629044455313,2.50546015386628,-1.62668145075282,0.898145222276563,42.2870994016758,41.7719298245614,43.2081218274112,2.3810909861459,-1.72788881204776,-0.793018798799101,0.938149848541483,50.5193266804093,51.375,50.1680672268908,1.71222076229317,-6.03702589989386,-1.922123210328,0.407508541425775,52.3928867384262,NaN,51.7594936708861,1.43473016035894,-3.7072772295762,-0.539972493785381,0.226687365336712,44.8976405935057,NaN,44.3873417721519,0.999985528696997,2.26242087356019,-1.87644635276475,0.789988567670627,4.4199320151287,1768,55,1,146,228,4,0.113886113886114,116,56.7049613217372,1,1622,9.46537658888256,19.6068597163807,25,7.63976124514669,2.99680172226953,2.86360456903487,18.164829570788,1
251002_Dupi_NMH_AB_3,O15,Dupi,DupiS3,AB,3,84,403131,1,91,310,544,544,694,1388,694,145.377186785889,0.31,6754.94469614785,0.694,37.5848040522073,37.9013157894737,40.016,2.388306301766,6.73724905853756,-0.201418777870927,1.194153150883,43.4709620594696,43.5270935960591,45.02,3.02217201821817,1.6895882826981,0.392411375545139,1.51108600910909,51.557564794939,52.1553398058252,52.508,2.90988357608146,0.741105168485237,-1.66628419032442,1.45494178804073,36.0205580261383,35.8846153846154,36.104,1.99688312205855,6.05557789183516,-1.74579826996983,0.998441561029273,38.5698457414576,37.4012738853503,40.504,2.3101812246677,8.14580998245545,0.847737704817961,1.15509061233385,41.7265982379626,42.0729927007299,42.3935483870968,3.31062553546924,2.15370311358427,0.506764703641161,1.02629391599546,48.0563104529266,46.5454545454545,50.7521367521367,2.27852037036933,0.254612646979632,-0.122166640641208,0.533173766666423,57.5697857041968,57.6,57.52,2.41024399243608,-0.621443541167083,-3.01019451518334,0.361536598865412,43.3574758624102,44.7442922374429,41.985590778098,2.71080215381887,4.76941915761686,-1.49759695389393,1.88129669475029,5.06063907501993,890,49,1,12,678,13,0.338661338661339,136,30.1473732106911,1,1982,19.6023524947828,8.33271299363531,26,9.18750428155764,3.0795694540612,3.09018066148478,18.1814377637177,1
251002_Dupi_NMH_AB_3,O15,Dupi,DupiS3,AB,3,85,404862,1,91,2500,2868,2868,4956,9912,4956,104.170490878297,2.5,12136.9823707045,4.956,NaN,NaN,34,0,2.33199560224542,-2.57132997197157,0,32.408670130611,NaN,32.76,0.0290923239171274,6.92246436637189,0.942037630437736,0.0145461619585637,29.377970130359,NaN,29.828,0.0315877692723334,8.75079013072921,1.41686762141994,0.0157938846361667,30.4405220199748,NaN,29.404,0.0152324908217807,8.19570326247056,1.10045893365232,0.00761624541089034,NaN,NaN,31,0,2.98485771226184,-2.33876453007814,0,30.7526489055375,NaN,30.7984,0.0151825168022483,6.81867176883404,0.307313092160457,0.0379562920056208,35.9816190827489,NaN,32.9510869565217,0.145325564911456,6.37946627617659,2.61329455503255,0.0534798078874158,47.6080788237805,48.6741573033708,47.3480565371025,0.927804187726919,9.818511197955,12.2432777273278,1.05027434050687,NaN,NaN,NaN,NaN,NaN,NaN,NaN,0.151814853355259,328,32,0,NaN,0,0,0,0,22.1107292593819,1,1472,-9.63763991652439,-5.00651356682919,NaN,NaN,2.59279366001333,2.22772020426356,19.4655618561702,1
251002_Dupi_NMH_AB_3,O15,Dupi,DupiS3,AB,3,86,406059,1,91,244,456,456,2562,5124,2562,189.910602129701,0.244,11978.8941348579,2.562,NaN,NaN,31,0,3.3157053705642,-1.35557146567951,0,35.9880325655467,NaN,32.664,0.133030529798364,6.86017896275978,2.78346268802271,0.0665152648991822,47.7730194558795,48.6741573033708,47.192,2.05815034048504,13.0874787814413,15.7104000759375,1.02907517024252,NaN,NaN,48,0,-6.71503021321273,-8.1908293266665,0,47.6017337683798,NaN,43.92,0.0196602530866502,4.04511917117155,0.611323925684193,0.00983012654332508,NaN,NaN,31,0,4.40387980648318,-1.16291751491762,0,35.9816080366546,NaN,33.8867924528302,0.204154251659704,7.58034311645236,3.87165093229692,0.0432807013518573,47.0357925756371,48.6741573033708,42.8290598290598,0.523333934604931,8.44689226214492,9.78440237094121,1.10214126627798,27.0578558224176,NaN,28.1029207232267,0.0375106747716998,8.31543462951682,0.102231080899673,0.0539403503217043,8.7635359035784,656,48,1,604,126,1,0.0629370629370629,126,3755.6428809194,1,1646,13.3014608233732,29.8060818103994,8,1.99302922080296,2.58484755163827,4.34724392468894,6.62457563924503,1
251002_Dupi_NMH_AB_3,O15,Dupi,DupiS3,AB,3,87,419862,1,91,1720,2176,2176,2342,4684,2342,96.035719139684,1.72,4253.52552781679,2.342,43.9773887983818,42.8979591836735,43.476,1.37440721624661,1.54483215339399,-2.86631219729118,0.687203608123307,32.9289435730239,32.8965517241379,33.296,2.2320936967914,7.27325146347746,0.268888423677501,1.1160468483957,33.1092479695754,34,32.756,1.0960298049428,6.08480354183625,-1.022403806257,0.548014902471402,31.6518867070589,31.7022471910112,31.64,2.36028467907607,8.6324203937219,0.261999952624386,1.18014233953803,40.7816994670598,40.9694323144105,40.752,3.36459215908597,2.80714665443401,-1.67188959158834,1.68229607954299,34.0694165241796,34.0843091334895,33.4383720930233,2.11275863653929,7.12038801953364,-0.297911493349309,3.63394485484757,46.3190784887111,46.3300492610837,46.5570175438597,3.08986428129803,0.456736748827343,-2.21619613711821,1.4089781122719,47,47,47,1.64721459096935,-5.00892183373903,-1.87716792118631,0.273437622100912,47.8759576991832,47.5871743486974,47.8431845597105,2.32461796019896,-0.160631698369862,-0.695596792493326,3.85421657800988,5.00647466872164,1628,40,1,0,560,7,0.27972027972028,188,30.8999875283004,1,1842,9.18800986530069,-5.28008337365541,26,5.62464405039421,2.55426532352978,1.9929000607531,20.9163389144037,1
251002_Dupi_NMH_AB_3,O15,Dupi,DupiS3,AB,3,88,433587,1,91,1880,2118,2118,2332,4664,2332,-101.670228644335,1.88,6398.75720332273,2.332,43.2142266730593,40,42.944,0.495249760534141,-4.45829774391491,-2.59781966677165,0.24762488026707,41.3006466064485,41.7826086956522,41.696,2.93882376055027,2.85845116746972,-0.28399310493225,1.46941188027513,54.1511612706399,52,54.02,1.20388200672025,-4.78096290996163,0.396800313405668,0.601941003360126,31.6854678981681,NaN,31.908,0.444892890950311,2.94900328860872,-2.35830695542117,0.222446445475155,36.7368526762039,36.361963190184,37.216,2.56620134358714,7.8757885272084,1.10789697956873,1.28310067179357,42.2135279480092,41.2372372372372,41.6702127659574,1.67434369117114,2.87437169438891,-0.352599406050033,3.14776613940175,34,34,34,2.30877001440741,9.66648182451422,1.12417802589563,0.549487263428963,25.0178441135127,25,25.1214953271028,2.39612092638872,5.51231026986447,-1.88455703578062,0.512769878247185,46.070168555489,47.5869158878505,43.6103117505995,2.36391452726779,2.98811769302205,1.42870439807082,3.94300943148267,5.36527935747005,198,39,1,106,418,10,0.208791208791209,148,34.9296884958761,1,1744,30.5759817871372,19.183477872483,18,6.14469908323196,3.39014764113574,3.26511173347021,21.3474158638405,1
251002_Dupi_NMH_AB_3,O15,Dupi,DupiS3,AB,3,89,443428,1,91,244,606,606,806,1612,806,57.1896486844605,0.244,4268.32938418062,0.806,50.2628242461927,51.6136363636364,50.748,1.3772852896961,-5.50766138552712,-0.525333467774998,0.688642644848048,36.5395801963464,36.5490196078431,39.192,1.55812686136134,4.249844123552,-0.72443630324218,0.779063430680671,47.5273346980721,47.6753246753247,47.172,3.01397288461482,-0.138834977922573,2.01629944119754,1.50698644230741,52.0439498379227,53.0867052023121,51.42,2.28362115664932,-4.52639128802445,0.646786439310197,1.14181057832466,39.999226465161,41.7572815533981,38.968,1.86701375683986,2.44941571293273,-1.80149943284731,0.933506878419929,33.4560135746754,33,41.0163934426229,0.838470805596639,5.08014568064828,-1.97799638685664,0.20458687656558,38.125697698136,38.1935483870968,37.9060773480663,2.47267795688735,3.22343353993799,0.880249426815315,0.895109420393222,46.9900226953235,46.7954545454545,46.12,3.02222799719009,-0.38012927484779,1.88159279915533,0.604445599438019,52.7857391750158,53.435736677116,52.3697270471464,2.46592274093434,-4.31723862164892,0.881488974771047,1.98753372919308,4.10870743841709,732,50,1,388,404,11,0.201798201798202,80,13.2213494010337,1,1580,-22.8267880857522,28.8407712063126,31,9.28887637038808,2.29615521644315,1.66604557455724,22.7718413315797,1
251002_Dupi_NMH_AB_3,O15,Dupi,DupiS3,AB,3,90,462160,1,91,276,684,684,1222,2444,1222,43.8170256021575,0.276,3470.89621809442,1.222,52.4006860531677,58,39.536,0.501966694540722,2.54587513714161,-3.61007863094664,0.250983347270361,46.5509389284619,46.5210526315789,43.46,3.25759575848782,6.87256781878042,4.93028095701652,1.62879787924391,36.363527231056,36.0609137055838,36.908,2.56608816842175,8.06819449814799,1.79206758591971,1.28304408421088,41.1817509489657,40.7459016393443,42.048,2.25676607069234,4.34065226850922,1.05749563144841,1.12838303534617,33.2997327397609,NaN,32.36,0.593008274621269,4.20251597679936,-2.41907499531843,0.296504137310634,51.6952154336107,51.6567164179104,51.4057971014493,4.21090224977635,5.93384768639534,6.63595709140184,1.16220902093827,33.9000467016456,34.1148648648649,33.8382352941176,2.45563210092568,8.72513769488356,1.40383654904026,1.00189789717768,37.7006406752014,37.3150684931507,39.0855018587361,2.12435613398339,6.26609492163383,1.75649790487754,1.14290360008306,39.9520422719718,43.1481481481481,34.10147299509,0.884142334609604,4.00951328973744,-1.95304214135484,1.08042193289294,7.41174119394463,146,52,1,54,496,5,0.247752247752248,172,482.47209481174,1,1762,-64.9933598937583,1.46397067033908,25,7.77172109899442,2.93059340555119,3.25214701410884,17.285686786504,1
251002_Dupi_NMH_AB_3,O15,Dupi,DupiS3,AB,3,91,470811,1,91,226,600,600,780,1560,780,56.8555187662807,0.226,6695.14823349095,0.78,51.8385362399878,NaN,52.66,1.12084032968919,2.81525510797784,2.45624217774288,0.560420164844597,38.8281701480791,37,39.628,1.90358927241562,9.49239413677877,4.43448312034483,0.95179463620781,40.3384710719015,40.0901287553648,40.068,4.03687484240416,15.1366432003694,13.7793541925319,2.01843742120208,51,NaN,51,0.0539636176994738,-6.98647990585271,-6.92709304215921,0.0269818088497369,NaN,NaN,51,0,-39.2490406816669,-37.0186667693818,0,42.3131737543004,NaN,42.283185840708,1.35623065558721,5.71998041258931,1.82841167441388,0.30650812816271,35.5871862789688,35.3162393162393,36.0855614973262,2.52702286872277,13.419496269198,8.03643232860809,0.945106552902315,34.933392368286,35.5111111111111,35.5111111111111,4.54131987387341,17.2723273387582,15.8820793883627,0.817437577297213,48.045850225049,47.2038834951456,49.9538461538462,1.18995077935562,4.49847063733646,6.79485986863535,0.928161607897387,6.42066656315254,884,48,1,324,470,5,0.234765234765235,160,22.4628186061233,1,702,-16.4606336558528,15.2190419473704,19,6.53488075314895,3.43202308019679,5.15358923138443,9.99464217068319,1
