sessID,task,cohort,group,participant,sessNum,breathIdx,onsetSample,goodBreath,nEv,inhalePeakMs,returnCrossMs,exhaleStartMs,exhaleTroughMs,endSymMs,breathLenMs,inhaleVolume,inhaleDuration,peakInspFlow,breathLength,w1_rfreqPW,w1_rfreqGated,w1_rfreqRaw,w1_rpowZ,w1_rpowDb,w1_bandDb,w1_aucZ,w2_rfreqPW,w2_rfreqGated,w2_rfreqRaw,w2_rpowZ,w2_rpowDb,w2_bandDb,w2_aucZ,w3_rfreqPW,w3_rfreqGated,w3_rfreqRaw,w3_rpowZ,w3_rpowDb,w3_bandDb,w3_aucZ,w4_rfreqPW,w4_rfreqGated,w4_rfreqRaw,w4_rpowZ,w4_rpowDb,w4_bandDb,w4_aucZ,w5_rfreqPW,w5_rfreqGated,w5_rfreqRaw,w5_rpowZ,w5_rpowDb,w5_bandDb,w5_aucZ,p1_rfreqPW,p1_rfreqGated,p1_rfreqRaw,p1_rpowZ,p1_rpowDb,p1_bandDb,p1_aucZ,p2_rfreqPW,p2_rfreqGated,p2_rfreqRaw,p2_rpowZ,p2_rpowDb,p2_bandDb,p2_aucZ,p3_rfreqPW,p3_rfreqGated,p3_rfreqRaw,p3_rpowZ,p3_rpowDb,p3_bandDb,p3_aucZ,p4_rfreqPW,p4_rfreqGated,p4_rfreqRaw,p4_rpowZ,p4_rpowDb,p4_bandDb,p4_aucZ,peakZ,peakLatMs,peakFreq,anyBurst,burstLatMs,timeAboveMs,nBursts,dutyCycle,maxBurstMs,peakZ_base,anyBurst_base,timeAboveMs_base,chirpSlope,chirpSlope2,freqSpan,freqJitter,apExp,apOffset,gammaBumpDb,gammaPeakPresent
251013_Dupi_NMH_JN_2,O15,Dupi,DupiS2,JN,2,1,18127,1,150,208,744,744,1072,2144,1072,54.2556014749918,0.208,6408.51655682508,1.072,50.5246446673607,55,49.904,1.55233728211979,-10.4588826376123,-13.5208711442712,0.776168641059897,45.9053983559802,46.4198113207547,46.552,3.44793697265776,-6.91543041658399,-6.91951696616501,1.72396848632888,56.7551593708917,56.9733333333333,56.584,2.44558899412447,-9.47023587772942,-9.58315096355794,1.22279449706223,33.531983999208,NaN,36.936,0.854535008422327,-7.92718104523642,-14.3432492768148,0.427267504211163,47.2851432319709,NaN,49.768,0.355948389594037,-12.2281109071382,-15.3678385338933,0.177974194797019,43.1702025634597,43.1686746987952,43.3365384615385,3.63761351920665,-6.07738918584463,-6.79027706465478,0.756623611994984,52.2888839378189,52.7330677290837,52.6455223880597,3.40447666949909,-7.57930027219063,-7.51402821860134,1.82479949485151,56,56,56,1.35065677218158,-12.9738466948694,-12.0439412776235,0.443015421275558,37.404247222098,NaN,43.3152985074627,0.597230562150976,-9.75359475357701,-14.5237697461793,0.640231162625846,5.23037513234774,220,45,1,64,554,6,0.276723276723277,202,76.0501175033958,1,1748,25.0643141718839,15.0155395094353,15,6.32837809584793,2.49447526801096,1.42266737591306,14.7889118331213,1
251013_Dupi_NMH_JN_2,O15,Dupi,DupiS2,JN,2,2,19836,1,150,234,530,530,936,1872,936,41.6354175648911,0.234,5097.21613003683,0.936,47.7685756235864,47.7433155080214,47.684,2.63675898989908,-10.7216585196593,-13.905214549102,1.31837949494954,38.321535299971,38.8086956521739,39.46,3.34330166340121,-4.91163836653824,-10.8923188121076,1.6716508317006,33.6661723816946,33.864406779661,37.988,3.30118694156048,-3.66967908714491,-9.33408353293856,1.65059347078024,54.3496584884439,56.64,52.42,1.50403251565886,-13.9765934682807,-15.6078339520846,0.75201625782943,47.9619953034557,44.6756756756757,48.724,1.23460470647364,-13.3796953295654,-15.5512786466459,0.617302353236822,43.6521378022063,44.020618556701,44.5213675213675,2.75778073144943,-9.9823188871806,-12.6190152757527,0.645320691159166,34.5742616804191,34.6824324324324,34.6824324324324,3.96240735953524,-2.74376844966852,-9.52314536738055,1.17287257842243,33.5312836929129,34.0555555555556,36.7093596059113,3.62879884674616,-3.21541962795342,-8.91580648848306,1.47329233177894,52.1603745197343,52.6875,51.0897435897436,1.31501109551867,-14.0527249524513,-15.7425967087462,1.23085038540548,5.36718658728542,688,27,1,0,654,7,0.326673326673327,406,32.5614123217875,1,1262,-38.7178903433884,18.1767595935534,31,10.4473150051538,2.56132501042508,1.20429294630835,17.8292518853878,1
251013_Dupi_NMH_JN_2,O15,Dupi,DupiS2,JN,2,3,25018,1,150,206,602,602,986,1972,986,99.5985305244906,0.206,8749.03420221443,0.986,34.2702218018174,34.1707317073171,36.072,2.63376359533869,-3.65256047398339,-8.8611899080786,1.31688179766935,47.9800600609838,47.7088607594937,47.44,4.21966612217152,-0.795795507910324,-5.93422285484133,2.10983306108576,47.6591914947106,47.6162790697674,45.06,3.16541241829033,-1.66424588489931,-7.92037780590526,1.58270620914517,37,NaN,30.892,0.000417484794704701,-12.8346988835877,-16.4195254048205,0.000208742397352351,30.3666635096818,NaN,33.052,0.342240174178241,-8.71092636316292,-14.3346190020451,0.171120087089121,39.1513825804621,39.4255319148936,39.4563106796116,3.8279694615488,-2.15818281971509,-6.13817899801809,0.788561709079052,52.3995623265171,52.340206185567,52.2676767676768,4.55355849771958,-0.25323781750847,-5.92532864838267,1.80320916509695,46.6035937080081,46.5867768595041,44.390625,2.86658436472636,-1.73967824881508,-8.32957040365729,1.10076839605492,30.3451240595923,NaN,31.8843813387424,0.169473770876642,-10.3630378221117,-15.2647763797478,0.167101138084369,5.46424927507903,46,31,1,0,750,3,0.374625374625375,578,231.701392422361,1,1574,43.9635742743313,-21.5550675549931,25,6.19860043062369,2.38233732269068,1.28037367648575,21.2289228600782,1
251013_Dupi_NMH_JN_2,O15,Dupi,DupiS2,JN,2,4,26478,1,150,176,914,914,1266,2532,1266,50.9073620597781,0.176,5115.43320477182,1.266,40.2809626224803,42.3823529411765,40.86,1.33855946064333,-9.17228151414493,-12.8742873735223,0.669279730321667,30.303121555399,30.6971153846154,30.332,3.21443373507395,-3.48102674404958,-10.3761165057967,1.60721686753698,38.7920660764825,39.1542857142857,38.1,2.74995579826167,-4.83675372302347,-12.177481424028,1.37497789913083,50.1550836426913,49.7323943661972,49.024,2.99855042315257,-7.65085563198608,-11.3071573399235,1.49927521157628,55.6205784605318,55,55.984,0.885629809370225,-14.3237523263408,-14.2568800752068,0.442814904685112,33.1080009427111,33.1012658227848,33.1931818181818,3.494857186547,-1.56773699860092,-9.78603045477594,0.615094864832273,34.4918212804003,34.9686411149826,34.3929539295393,2.98047456913963,-4.96105841069378,-11.68366430489,2.19959023202505,39.6211010130882,40.5555555555556,40.3181818181818,2.28190736108915,-6.01739748566644,-11.1361547195483,0.803231391103382,54.8957360665419,55,54.9162717219589,1.96174925853662,-12.5665120688511,-13.5663653630797,2.48357456130736,4.96108134351218,276,25,1,52,762,7,0.380619380619381,214,34.0487811822805,1,1840,-10.2682602921647,14.2031116239253,32,10.6427143252342,2.47382760523662,1.40624077883972,14.0262727417527,1
251013_Dupi_NMH_JN_2,O15,Dupi,DupiS2,JN,2,5,32206,1,150,262,702,702,822,1644,822,81.1335904984333,0.262,13415.9068890388,0.822,55.1259105651539,NaN,53.808,0.865221205105918,-14.0551548308057,-12.2528767775085,0.432610602552959,48.4673128350414,48.4318181818182,48.944,3.26660759545793,-2.23965946266768,-7.17870708437749,1.63330379772896,42.940245367936,42.9310344827586,42.344,3.02909924360085,-2.62545153995795,-7.93954680703975,1.51454962180043,52.1438056536293,NaN,51.564,0.441359346500191,-12.4799317877414,-14.5164327139339,0.220679673250096,51.1896536409678,NaN,51.148,0.169632008959303,-14.1949903217797,-14.2581468209949,0.0848160044796513,51.0399574816569,50.9207920792079,51.3282442748092,2.60281659707504,-10.5809370184039,-9.59468287927223,0.68193794843366,45.5122907798688,45.4045454545455,45.4045454545455,4.17463842719931,0.425568191159646,-5.46602909845755,1.8368409079677,41,41,41,2.59954379962444,-6.03495117537076,-9.55340386284051,0.311945255954933,46.354114175841,41,49.8515815085158,0.714303607171953,-11.0090980950293,-13.995923305038,0.587157565095345,5.20569453208729,274,50,1,160,556,4,0.277722277722278,256,73.1230544395109,1,1524,-20.7501422879909,-12.8935124874381,12,3.93037284388277,3.08490852676349,2.03975003441584,26.6573799549337,1
251013_Dupi_NMH_JN_2,O15,Dupi,DupiS2,JN,2,6,33410,1,150,344,1064,1064,1242,2484,1242,84.7781757861189,0.344,4876.85903029194,1.242,44.641605960701,44.304,46.588,2.80351437164822,-5.19797164657978,-3.93925209816724,1.40175718582411,38.6728886447979,38,38.22,0.849497359681057,-6.09520151728673,-9.86972554533736,0.424748679840528,54.0954380301129,NaN,53.172,0.99192004182988,-12.9944319998047,-13.3736868448342,0.49596002091494,46.6553906782094,NaN,44.108,0.405799841166044,-10.4817765949033,-14.6825539392235,0.202899920583022,49.066442134862,49,48.056,1.23678347409405,-13.4150926985253,-13.6851741259744,0.618391737047027,40.1972527787885,38,41.0406976744186,1.00512284742422,-5.61777132286369,-8.81639523318073,0.345762259513931,51.1815161186626,NaN,48.8361111111111,0.818682100071761,-11.2003897548838,-13.7357087656287,0.589451112051668,47.2867948158245,NaN,41.1685393258427,0.265851081984885,-9.32913201117931,-14.6778717122974,0.0473214925933095,53.0590897099256,54.2890995260664,50.1787439613527,1.50965888656408,-12.518621262132,-13.6526381950033,1.87499633711258,4.51946346078426,0,38,1,0,62,2,0.030969030969031,34,61.7700683952148,1,850,-23.0514133940429,33.5070904827483,11,4.97202350816377,2.65638206530992,1.540674420727,12.4202957925824,1
251013_Dupi_NMH_JN_2,O15,Dupi,DupiS2,JN,2,7,50120,1,150,224,636,636,1314,2628,1314,96.0756144421258,0.224,7407.47993415641,1.314,32.9730497786742,33.5779816513761,32.752,1.97142837180253,-6.90836273595601,-12.2185375995878,0.985714185901267,45.0857739589101,45.2832618025751,44.972,3.58805180487841,-2.99843895327245,-8.71319661951101,1.7940259024392,49.1860899482399,48.9156626506024,48.924,4.04215105617261,-3.38204405448906,-8.93014308240439,2.0210755280863,39.3529480161428,39.2307692307692,39.092,1.8265513484189,-7.25301208890541,-12.167780933532,0.913275674209449,29.5908617548999,26.24,32.168,1.52608005267903,-7.99657672249915,-13.3751179732018,0.763040026339515,34.410564713054,34.5192307692308,34.6339285714286,3.64951015673059,-2.57107561045703,-8.54549027199804,0.817490275107652,54.7792619471455,54.6751269035533,54.2427184466019,3.80660919349914,-2.2266308899899,-8.54647026511607,1.56832298772165,43.8902593170447,44.1312741312741,42.8967551622419,3.23840807153655,-5.75560944482092,-10.0445773128182,2.19564067250178,32.9131253317833,30.7916666666667,34.0395738203957,1.28435518135249,-8.65264540590527,-13.8189961269766,1.68764270829717,5.77666910878702,152,34,1,100,1044,8,0.521478521478521,266,154.476329025128,1,1612,62.715613735534,-9.92797856106003,32,9.89865107864103,2.41653365965498,1.38004305312326,21.8496823191153,1
251013_Dupi_NMH_JN_2,O15,Dupi,DupiS2,JN,2,8,71176,1,150,222,538,538,880,1760,880,42.0333492639983,0.222,4317.71385052309,0.88,38.7958808058312,36,39.628,1.3046677642886,-10.1347636976946,-15.540041013395,0.6523338821443,40.5025146932207,37.8088235294118,42.32,1.74719561029275,-9.77972875880373,-14.5426603635716,0.873597805146375,51.107676030269,58,45.836,0.928943996608538,-12.8919575214234,-16.7967943628251,0.464471998304269,27.6976866933492,27.3620689655172,28.068,1.25466913859527,-10.5329627494931,-15.7354520725352,0.627334569297634,42.4025665444061,40.9393939393939,42.712,2.71123225529865,-9.14997539338278,-13.9036818929942,1.35561612764933,37.2784930705265,36.1090909090909,38.0540540540541,2.40303772617027,-7.54502386066269,-13.1559025639416,0.533474375209799,45.6182951875139,45,45.7594936708861,1.24268137492684,-13.0837502976667,-16.1053839147732,0.39268731447688,46.2888464307168,NaN,41.6842105263158,0.629594770974573,-13.1992524074675,-17.8917725681469,0.215321411673304,34.3969704197124,33.5572916666667,33.9931818181818,1.74161106562933,-9.96853486830151,-15.01744073439,1.53261773775381,4.97093928846347,1792,52,1,74,246,4,0.122877122877123,84,13.2219706578006,1,728,27.7734775184974,12.2264301931738,31,10.7740090438745,2.64531869728223,1.41577307990146,12.1107413099427,1
251013_Dupi_NMH_JN_2,O15,Dupi,DupiS2,JN,2,9,73926,1,150,206,328,328,412,824,412,317.199367938735,0.206,49450.4646529833,0.412,53.1502000234908,53.3333333333333,52.844,2.32937589793333,-9.30165505487777,-7.40983115405023,1.16468794896666,49.1806891628734,49.2857142857143,48.204,2.67333449405199,-7.75496230758528,-10.613554197928,1.336667247026,30.1337443570699,NaN,36.784,0.339079935296163,-8.35877326662065,-14.4624773198259,0.169539967648081,40.8732738757344,NaN,42.668,0.448118942184,-10.0830726235409,-14.0618135376044,0.224059471092,46.048768433591,45.9661016949153,45.996,1.66282238680464,-10.1569642762821,-11.9465213680877,0.831411193402321,49.496571998177,49,49.9320388349515,2.63488670286951,-6.75905570332337,-9.51146721748927,0.542786660791119,50.4099342362152,50.4426229508197,50.4426229508197,4.38504074673745,-6.90471848323182,-9.67963342588331,0.534974971101969,46.9874045082619,47.1481481481481,46.1666666666667,2.302317540793,-9.31291466796057,-12.9179043590656,0.193394673426612,40.3621946140838,NaN,41.3203883495146,0.228545549468713,-11.967945112424,-15.8483120133575,0.0941607663811097,5.4149852810279,186,49,1,132,246,2,0.122877122877123,214,56.2078869554093,1,1234,-17.3276418136976,-33.0078721107679,8,2.59222874552188,2.92852531209444,1.79293321264041,16.1566972179185,1
251013_Dupi_NMH_JN_2,O15,Dupi,DupiS2,JN,2,10,74950,1,150,888,1784,1784,1858,3716,1858,352.139639041928,0.888,9100.95663559328,1.858,44.6422624012796,45.8719512195122,44.012,2.5123144912128,-9.64291504336352,-11.9615604415704,1.2561572456064,29.6593906308667,29.8313253012048,29.672,1.75168211234415,-7.46340730518738,-13.5702529878337,0.875841056172073,37.9095233562412,37.9844559585492,37.212,3.00022670525995,-7.64910870612166,-12.1833541617109,1.50011335262998,30.779366452838,29.72,30.996,1.17185544398233,-8.64018900957074,-15.341998802462,0.585927721991166,29.6987487690487,30.125,29.608,1.6337295099436,-7.79253891094101,-14.8629565267402,0.816864754971798,34.9994130064422,35.8135593220339,33.4121621621622,2.40358417216416,-7.55333170120138,-12.7528768947131,2.13438274488178,31.4082034943384,31.6335877862595,31.3325892857143,1.43637354369324,-8.35644544733435,-15.1009773476373,1.28699069514914,28.6818128332518,28.6486486486486,28.6486486486486,2.52110612202202,-6.3172793503396,-12.7164452886553,0.186561853029629,43.8216402839566,44.9864864864865,43.9192680301399,1.7872697885491,-10.1461089328919,-14.3539056115234,3.32074726712423,4.95402109860375,686,39,1,164,342,4,0.170829170829171,224,34.7752793718423,1,1380,-21.9351166761526,12.6266423493505,16,4.8711900855217,3.36892525487705,2.74401211894538,13.681402715169,1
251013_Dupi_NMH_JN_2,O15,Dupi,DupiS2,JN,2,11,77573,1,150,1656,1728,1728,1880,3760,1880,257.290817322898,1.656,5470.84689004794,1.88,51.4537459975668,52.621359223301,50.364,1.68384951983589,-12.4034241646782,-16.0848880738804,0.841924759917944,43.3072408253375,33.7272727272727,45.612,1.6404622085155,-8.86093662180195,-14.0382427283488,0.820231104257752,46.9865943261545,49.5277777777778,44.252,1.0707158459327,-10.7988720851554,-12.1390748373191,0.535357922966352,52.9659889694435,52.4488188976378,53.228,2.06072510608974,-13.354475690007,-13.8338252321181,1.03036255304487,48.4382926115683,47.936,49.976,2.37158913205404,-10.9857478820724,-13.4165660133601,1.18579456602702,48.6246543893925,45.8345864661654,48.0736714975845,1.58798627666763,-10.8531754284593,-13.1885049338694,2.6297052741616,45,45,45,3.20613864247638,-9.35027194906281,-12.3424249060387,0.230841982258299,46.0800066004943,45.948275862069,47.3947368421053,3.29986989294092,-9.00482872927597,-12.8647755970788,0.50158022372702,47.6887040024649,47.7338582677165,47.5957446808511,2.63418898511183,-10.1461973627295,-13.7493499400688,4.95227529201024,5.61583292448549,1764,46,1,880,148,4,0.0739260739260739,108,18.1109548743253,1,1370,-45.6706507304117,11.7225592734581,22,7.55481875465667,2.86145005867433,1.89717717120583,13.0275763944371,1
251013_Dupi_NMH_JN_2,O15,Dupi,DupiS2,JN,2,12,79644,1,150,220,314,314,406,812,406,429.60485078675,0.22,60459.3100027748,0.406,47.587656709103,48.7297297297297,46.72,1.04202828953848,-13.831640165704,-15.5478569277656,0.52101414476924,46.373760012368,46.2085889570552,46.98,2.92702098377914,-10.3819428746144,-10.7764678163704,1.46351049188957,48.911333441617,49,48.808,1.0511387019826,-15.5794625871059,-16.2386659982543,0.5255693509913,48.4122627704019,48.639175257732,48.3,1.85102218593327,-14.3692739785948,-15.2949535802326,0.925511092966634,43.795759193522,NaN,40.596,0.787697573873046,-11.6882468681044,-14.6262446851904,0.393848786936523,46.1018160972432,46.3055555555556,46.3181818181818,3.81112712190365,-9.19885587441218,-10.2490542653279,0.838447966818804,45,45,45,3.620120539859,-8.63178431185606,-9.49777586006087,0.340291330746746,48.5973191376699,49,48.5217391304348,1.4141107895423,-14.5249286304032,-11.7885700379711,0.130098192637891,49,49,49,1.39840212043895,-15.026354766611,-15.1869132270249,0.567751260898212,5.86480366381381,198,45,1,84,230,2,0.114885114885115,192,23.1600401454439,1,1370,6.06146841206603,3.13451446011835,4,1.5702605038865,3.03046350097823,1.82763285174238,17.7246527567975,1
251013_Dupi_NMH_JN_2,O15,Dupi,DupiS2,JN,2,13,81419,1,150,306,824,824,1554,3108,1554,28.5534273687224,0.306,2605.84925052575,1.554,33.564067621374,33.632,33.632,3.52566804611362,-4.82358405557239,-11.8562421870451,1.76283402305681,28.5303862318911,28,29.468,2.2679884121536,-6.04516644170157,-13.6120383881934,1.1339942060768,53.5725551506076,54.188679245283,53.224,1.55335926554848,-14.4880133200526,-13.8597036302328,0.776679632774241,55.1236712999951,58,53.884,1.12960420681973,-15.7649328921819,-15.4239489149955,0.564802103409865,52.5432200372823,58,49.98,1.54377513199435,-12.6772609404173,-13.6786877529411,0.771887565997173,30.5766443207081,32,30.6666666666667,1.2567281019937,-7.91920100033408,-15.0746172113079,0.384558799210072,35.9205838396898,29.3725490196078,41.996138996139,2.30050435385098,-7.73826135634614,-13.2041606990942,1.19166125529481,56.4965145766958,58,55.1808219178082,1.48017388684245,-15.3641042220369,-14.3509951685983,1.08052693739499,43.8763641240403,45.2265625,41.8172458172458,1.62757453096293,-9.66474587658704,-14.2071119678232,2.52925082111639,4.70690560857217,432,27,1,340,228,2,0.113886113886114,162,56.359390816665,1,2002,-11.4722064124455,49.9554285926974,31,14.8624951226025,3.31030793315878,2.32289091915604,15.3231247079845,1
251013_Dupi_NMH_JN_2,O15,Dupi,DupiS2,JN,2,14,89372,1,150,326,946,946,1608,3216,1608,50.0587896401215,0.326,3192.95062244757,1.608,52.169144044261,52.3167701863354,51.836,2.48645800063953,-11.117943715742,-9.111012217906,1.24322900031977,46.1787539164978,45.2764705882353,46.296,2.78024375479695,-6.084305498801,-8.1824672974617,1.39012187739848,35.1856957201195,26.5483870967742,38.624,1.01915197689811,-6.6345425914905,-13.0040856800694,0.509575988449054,48.0255822599343,NaN,48.196,0.359539824652722,-14.2115880231455,-19.2294346469359,0.179769912326361,56.4106560144479,56.8495575221239,53.628,1.61372340112469,-12.6138609430309,-13.3341808215466,0.806861700562345,52.8700040100859,52.6862745098039,52.9693251533742,2.6295330054514,-9.42714558627838,-7.61876756347661,0.857227759777157,35.3010496076991,31.7777777777778,36.2774193548387,1.68118857572693,-5.06467719911319,-11.4859316684685,1.0423369169507,47.935161561271,NaN,48.1480362537764,0.298457888390062,-14.5036539680057,-18.8668585208646,0.197579122114221,51.6357780212765,52.2826855123675,50.6355721393035,1.71541170460941,-10.5580359513754,-13.2572368321415,2.75838202101192,4.81730930594728,328,54,1,0,372,8,0.185814185814186,96,52.3883352016394,1,1074,-57.7609561752988,3.20653589905833,32,12.2255601548555,2.76566914325126,2.06111808334652,10.5244748673526,1
251013_Dupi_NMH_JN_2,O15,Dupi,DupiS2,JN,2,15,91132,1,150,418,978,978,1638,3276,1638,64.8962358759633,0.418,3024.57716043847,1.638,39.6577208827999,34.9473684210526,45.212,2.20488286656907,-5.83896337227503,-11.2820270920796,1.10244143328454,51.1064892729113,50,50.26,1.1711081737461,-12.8173305738083,-13.7416245907066,0.585554086873049,30.8905620802451,NaN,28.804,0.0562833998003594,-13.124905388442,-17.0475296719046,0.0281416999001797,49.4325375801542,50.4492753623188,49.512,1.84963622853767,-12.4767284003995,-11.6146112657288,0.924818114268833,48.5766471258745,46,49.596,1.93946708003542,-10.7891295164222,-12.9688247309461,0.969733540017711,51.4350329478357,50,52.311004784689,1.34799256112163,-12.6588502848188,-13.4190019423263,0.563460890548842,35.4426994378836,NaN,29.8928571428571,0.0834536402370385,-13.1645351359454,-16.9238914888995,0.0467340385327415,48.3089782451988,48.2246376811594,48.530303030303,2.08038373202759,-11.1919489704118,-11.4472638102049,1.37305326313821,51.7759606542239,54.2266666666667,50.4102564102564,1.57364727400576,-10.836980077905,-13.3386725609319,2.57763423482143,6.3141078049416,1470,47,1,0,188,3,0.0939060939060939,142,21.9165701760763,1,1070,-24.6401062416999,-36.5639073956899,15,4.522445699039,1.63572981000468,0.670585872622677,5.06894957933748,0
251013_Dupi_NMH_JN_2,O15,Dupi,DupiS2,JN,2,16,93301,1,150,2444,2598,2598,2658,5316,2658,-487.258867228458,2.444,68992.9681686028,2.658,45.7448486929134,NaN,42.32,0.346630594989717,-12.2600997232128,-13.9489664808388,0.173315297494859,32.0898385062005,30.6379310344828,34.332,1.41935032576609,-5.9970833082923,-10.9628356580444,0.709675162883045,53.4784412602493,54.2287581699346,48.708,2.90146482835223,-6.25483714595085,-6.96101559564409,1.45073241417612,56.6584761934502,56,56.808,0.7809252588109,-9.65972270739879,-11.8865442353144,0.39046262940545,43.8932386556654,40.6153846153846,48.568,1.50423555609603,-8.07697615637173,-12.5806160354229,0.752117778048015,44.5850526432212,43.9715909090909,44.8134206219313,1.65844902727,-6.84495318008361,-10.1157458477747,4.05324942264788,37.8798105372826,38,37.6883116883117,2.04541108564983,-6.89892372000182,-11.5014938227593,0.314993307190074,37.1124137280766,37.1764705882353,37.1,2.16554924850581,-6.13449533237308,-12.3378820059863,0.129932954910349,36.745553913009,36.9166666666667,36.9478390461997,1.11533072544147,-7.75765751281236,-12.1741099932896,1.49677383354245,5.47762860282309,956,56,1,710,374,2,0.186813186813187,296,257.571855796564,1,2002,20.8867387592487,38.4157144452302,27,9.68237834368134,3.26912755427267,2.66112570498943,19.2318577528598,1
251013_Dupi_NMH_JN_2,O15,Dupi,DupiS2,JN,2,17,94439,1,150,232,328,328,382,764,382,599.677005263241,0.232,68992.9681686028,0.382,37.8081789709059,37.3898305084746,38.056,2.39315983878694,-6.56264810765839,-11.8228938512757,1.19657991939347,32.5722852300981,33.0409356725146,33.94,2.77699577700233,-5.28332868466669,-11.2175065958268,1.38849788850117,35.1990538121453,35.7132352941176,34.78,2.20750039471512,-5.95168451376784,-10.1006374570748,1.10375019735756,47.7915203912454,52,45.496,0.818346496525707,-11.9195649311056,-15.7552861468682,0.409173248262853,41.7678054992202,42.3168316831683,41.628,1.96379316538859,-8.51244797549864,-12.3107184470851,0.981896582694297,28.3130216552292,28.4772727272727,29.7758620689655,3.26918723130481,-3.96278228694164,-10.1252026445398,0.758451437662717,38,38,38,3.25070753911379,-6.36441086894343,-11.3483537919412,0.312067923754924,37.9373491225343,37.9259259259259,37.9259259259259,2.54284245726429,-7.07348987218551,-12.4283995074396,0.137313492692271,36.7143825981294,36.5949367088608,36.7486910994764,1.86075667345307,-6.79510784838139,-11.6364806461529,0.710809049259071,4.92099190127112,0,31,1,0,398,6,0.198801198801199,114,61.6081779415869,1,1836,27.2866628723202,-9.15705140134738,27,6.40276187506378,2.91019492554707,2.23712771862277,14.189689485532,1
251013_Dupi_NMH_JN_2,O15,Dupi,DupiS2,JN,2,18,114359,1,150,166,656,656,812,1624,812,201.164821424401,0.166,26345.7535599662,0.812,49.0541526472478,49.1717171717172,48.936,2.59257151557038,-9.4106488562073,-11.3101648244537,1.29628575778519,46.3205459339409,46.3058823529412,46.216,2.40759842959003,-8.95364287279048,-11.593686174529,1.20379921479502,44.8169760772974,44.3545454545455,46.172,1.86671356683729,-9.70247335282832,-10.7933889560344,0.933356783418645,45.0324650079886,NaN,32.756,0.103083610936158,-12.6993589700194,-16.4880498333775,0.051541805468079,38.4973962559302,NaN,37.928,0.720505092329653,-10.5298447220892,-15.4523074060644,0.360252546164826,47,47,47,2.57126947003943,-9.71106262295494,-11.0866659523919,0.426830732026545,45.6498566465011,45.8024691358025,45.5632653061224,2.31137536188652,-8.44732421559238,-11.5792361281024,1.13257392732439,44.071138515278,44.0142857142857,44.1153846153846,3.02504211921924,-9.31390316286671,-8.80387636086282,0.471906570598201,43.6671186712665,44,36.2142857142857,0.240391462770494,-12.189335611388,-15.4822621722505,0.195197867769641,4.62363770843127,770,44,1,100,210,3,0.104895104895105,98,8.59198462384128,1,652,-5.41225573894899,3.98053374027618,3,1.1694557401247,3.21168904162065,2.54506975480771,17.5603973363263,1
251013_Dupi_NMH_JN_2,O15,Dupi,DupiS2,JN,2,19,207139,1,150,254,1034,1034,1472,2944,1472,26.5650591659061,0.254,2548.77497331704,1.472,34.8987860753093,35.5116279069767,34.68,2.57336079469785,-8.77697639043165,-12.9999764370202,1.28668039734893,51,51,51,1.3586645821598,-12.5276882248328,-14.3174597823884,0.679332291079898,35.0230715887692,35,39.132,0.573067843314651,-11.9254504707729,-17.3864304339465,0.286533921657326,51.5202581767146,53,50.556,0.524367406160188,-15.5437576713154,-16.3398964957856,0.262183703080094,38.6046694972055,NaN,39.908,0.656198042904756,-12.0762620688161,-15.7476071965289,0.328099021452378,51,51,51,1.75987405032845,-11.8715125678915,-13.7095640983383,0.447008008783426,42.1769113048159,35,43.3051282051282,0.665202825581791,-12.4437410063498,-16.5911091776269,0.518858203953797,52.4451134086238,53,51.8173515981735,0.574897310504315,-15.7543007055564,-16.1524454014739,0.25180502200089,42.9285241875541,44.9872340425532,40.8858695652174,1.66291033147992,-10.2711522794935,-13.4152242177108,2.44780400793844,2.77952856723155,40,51,0,NaN,0,0,0,0,12.9648389149974,1,1338,1.25417327526376e-14,-10.8202441657051,18,7.88260752257865,2.64306557708587,1.27226742263174,13.3840571465685,1
251013_Dupi_NMH_JN_2,O15,Dupi,DupiS2,JN,2,20,211514,1,150,218,988,988,1092,2184,1092,56.771737603769,0.218,5123.89652491021,1.092,47.0641144029234,48.9365079365079,43.564,2.4619887425354,-8.65150066091791,-13.11853116371,1.2309943712677,44.5764096321976,53,36.452,0.714868660317897,-13.5420318693282,-16.690006452187,0.357434330158949,33.9089517567312,43,33.212,1.33442967511844,-10.710351109893,-15.9037142347671,0.667214837559222,50.7463478517522,58,47.64,1.08481947031494,-11.8925122627891,-16.8087772703366,0.542409735157469,49.7252195166935,50.3953488372093,51.104,2.21741990576082,-10.0798884215557,-13.1120354451096,1.10870995288041,46.512497923934,53,45.3119266055046,1.38517726235024,-12.0415593496148,-14.9140463322131,0.301968643192352,34.0128071001106,43,31.9402597402597,0.916534045542792,-11.9322665742155,-16.7777976580172,0.70573121506795,30,NaN,30,1.00759484049523,-9.50833182703312,-16.6850786909767,0.104789863411504,48.870534977809,49.5400843881857,49.5476190476191,1.8452042641743,-10.7543675785727,-14.1493693542838,2.01496305647834,5.26381066799153,1946,45,1,1668,114,2,0.0569430569430569,96,30.6824870297959,1,1266,-63.5279833048758,10.5706815051922,15,5.64859516475557,2.78150468504357,1.49363376667128,14.0037486831257,1
251013_Dupi_NMH_JN_2,O15,Dupi,DupiS2,JN,2,21,213395,1,150,340,1118,1118,1440,2880,1440,41.3506918686256,0.34,2619.28631219453,1.44,56.1237216648107,56.0140845070423,56.164,1.66326321476632,-11.9247118030471,-12.8138816231052,0.83163160738316,42.5217036106839,42.741935483871,42.748,1.610847414655,-9.47328356619536,-13.096626781612,0.805423707327502,53.9470762837851,53.9237288135593,53.48,2.42810322452378,-10.6055447930456,-12.1323412667451,1.21405161226189,29.9051645978932,28.8674698795181,37.28,1.33715944201686,-8.81391572130099,-14.7049668163555,0.668579721008432,32.6250792091081,30.5,33.668,0.536460530507642,-10.3326659475219,-15.6584021511616,0.268230265253821,42.4354689269454,42.741935483871,42.5235294117647,1.74888885699432,-9.15043693799398,-13.2281247141245,0.594622211378068,52.2213637811484,53.9237288135593,50.73264781491,1.8657555267231,-11.0063017711266,-12.7596128015348,1.45155779979057,29.1195708513477,28.6792452830189,34.3913043478261,1.53096189669229,-8.15287731531565,-14.3078694854188,0.492969730734918,40.1432466124052,41.2213114754098,37.6513888888889,1.01347763720007,-10.2710244967509,-15.4204127719121,1.4594077975681,6.16107118451696,738,54,1,644,248,3,0.123876123876124,152,39.9832197120902,1,1760,-18.8491747296528,25.5475118174712,28,11.2212100442844,2.31057119716041,1.28905726170848,10.1043376283901,1
251013_Dupi_NMH_JN_2,O15,Dupi,DupiS2,JN,2,22,215499,1,150,198,316,316,966,1932,966,178.640515812342,0.198,36264.4580220104,0.966,37.7370885490478,37.7837837837838,37.648,2.99835489369287,-3.49760553710919,-8.47200395157488,1.49917744684644,49.9988385570838,49.2333333333333,50.264,2.50823630048835,-7.55089800039066,-11.2479514949331,1.25411815024418,50.5335800626547,50.4971098265896,51.028,2.67540934576885,-9.19513933928936,-11.6552008735235,1.33770467288442,53.2762652744274,54.1466666666667,51.432,1.51681580180774,-10.8125029002292,-15.1529655631914,0.75840790090387,48.5519851027822,46.575,45.744,0.972438921411579,-11.4564831518438,-14.6454522481175,0.486219460705789,48.4276740117239,48.1505376344086,47.989898989899,3.06883196921277,-6.59419879758975,-9.24398151272244,0.607628729904129,51,51,51,3.1829889356392,-6.23286859382227,-11.7661985800049,0.375592694405426,50.9519497908253,50.4971098265896,51.6338461538462,2.40045906609487,-9.47504672842077,-12.197805180745,1.56029839296167,51.7846333521215,51.5130434782609,48.8985507246377,1.2546964297394,-11.072716697788,-14.9609494207821,1.21203675112826,4.68360811431152,1392,54,1,0,552,6,0.275724275724276,186,41.9670317934731,1,1970,15.744261051034,-9.21939554099826,18,4.87814856767116,3.24047022251351,2.06990174157022,20.7484761998082,1
251013_Dupi_NMH_JN_2,O15,Dupi,DupiS2,JN,2,23,216985,1,150,246,930,930,1302,2604,1302,30.5806504779539,0.246,2900.71559539885,1.302,45.7894910806753,34,50.348,1.13963308434058,-11.7264477287546,-14.8289050957957,0.56981654217029,53.8699856644898,55,52.04,0.932441580688049,-15.5264309051799,-15.0791865708791,0.466220790344024,52.2710362267413,53.6242038216561,48.692,2.45736245814956,-12.4219121225145,-15.9355781511247,1.22868122907478,44.4924401784006,NaN,45.628,1.12332123545593,-13.1116111440144,-15.1045055400689,0.561660617727965,46.4921660336153,42,47.404,1.63976162912777,-12.6191986768291,-13.7949976339492,0.819880814563883,51.0980836190528,NaN,48.9837398373984,0.548861191502659,-15.2826716894145,-14.3642699986017,0.135019853109654,53.4623580699925,53.8324324324324,52.0263157894737,2.18404121618351,-13.5068697747792,-15.8378047334521,1.49388419186952,42.0535220341265,NaN,42.0537634408602,1.29203015623512,-12.0498916992351,-16.5992640043668,0.480635218119463,44.5803785049716,41.2666666666667,46.0399385560676,1.57654038302747,-11.9077983036278,-14.2791161114398,2.05265557870176,5.49561044687647,606,55,1,482,208,2,0.103896103896104,178,22.7166368345903,1,1740,14.4188958451906,-19.1392786689992,15,5.30901935500962,2.49044578109998,1.22157485850169,12.4999298097885,1
251013_Dupi_NMH_JN_2,O15,Dupi,DupiS2,JN,2,24,218820,1,150,510,1172,1172,1332,2664,1332,109.936081005089,0.51,4075.21793382477,1.332,34.5947031811653,33.5957446808511,36.228,2.04969711682632,-7.64688800579655,-13.9325847368622,1.02484855841316,37.0931980186024,37.0505050505051,37.912,2.85328293883645,-7.96940737673398,-13.0731670608085,1.42664146941823,43.2324447451007,43.1538461538462,43.328,2.31894227823919,-10.0778561893929,-13.9924148989833,1.15947113911959,52.9906654756721,52.6859504132231,52.892,2.48847779008583,-13.206227988379,-14.3611880102484,1.24423889504291,47.0448137745946,47.7462686567164,47.816,1.19628604686506,-14.1831377395726,-17.033802916676,0.598143023432531,37.1265101286082,37.0505050505051,37.9921568627451,2.8164570446203,-8.02493524662079,-13.1215539181854,1.43639309275635,45.4775822549653,45.0975609756098,45.2688821752266,2.46505555664814,-10.6204561074532,-13.9617064284486,1.63186677850107,55,55,55,3.34477323233841,-12.6215909516602,-13.2122754263503,0.535163717174145,49.9466893471621,50.4518518518518,49.7192192192192,1.36996573623035,-14.3816052301351,-15.245934145434,1.82479436065882,5.2171839310304,1186,55,1,0,542,6,0.270729270729271,150,17.2444637675338,1,1362,29.1132612407513,5.8719804965199,25,6.77588821868379,2.60588916028288,1.72869488480406,9.15971602260672,1
251013_Dupi_NMH_JN_2,O15,Dupi,DupiS2,JN,2,25,221455,1,150,284,1106,1106,1558,3116,1558,41.7558807261599,0.284,2736.06583977261,1.558,44.6703559573587,44.3942857142857,45.064,2.33450634871345,-8.93046650357211,-12.9341808771376,1.16725317435672,47.5521546056435,46.94,47.832,1.27036420140332,-12.2280097281863,-14.4880631134857,0.635182100701661,47.8804071185342,47.6764705882353,47.94,1.32897106823871,-12.5824952727088,-13.6762569429987,0.664485534119355,47.2882372926673,47.096,46.9,2.39489410870662,-10.7617465227396,-15.295806955107,1.19744705435331,56.9274580051334,56.9928057553957,56.952,2.20325458848601,-12.6643202455688,-13.839903645109,1.101627294243,48.7730806840253,47,49.443661971831,1.22488942523344,-12.2365598468339,-14.5218215975557,0.347868596766297,47.9208930531594,48,47.4914841849148,1.78648744132744,-11.5311915137917,-13.9157097191266,1.46849267677116,46.8433902414496,45.6944444444444,47.5752212389381,1.64662209368156,-12.2332848241656,-15.6185881171758,0.744273186344064,48.514844705347,49.344,48.6456996148909,1.73755410683102,-9.66948121222411,-13.9331980331305,2.70710929844273,5.13017672021769,1036,49,1,490,328,4,0.163836163836164,180,28.4109994256227,1,1458,-6.50844242079304,0.79474820411657,16,5.08291585458653,2.27941543396124,1.09791009359301,11.6462228995237,1
251013_Dupi_NMH_JN_2,O15,Dupi,DupiS2,JN,2,26,223355,1,150,266,790,790,1370,2740,1370,55.4097826126494,0.266,3823.90077792286,1.37,40.7962733226395,42.2,39.988,1.37861170509428,-10.2788293932816,-14.4610750969377,0.689305852547141,44.8437692432561,45.990990990991,46.72,3.09707097291226,-5.86653739958371,-12.081356691936,1.54853548645613,53.3242915017541,56,53.088,1.09727096631612,-15.3919131147557,-15.9026810551548,0.548635483158061,54.4877507928215,55,51.252,1.18974221073122,-13.8642645600456,-14.5566175865543,0.594871105365611,32.6197455855107,32.5693430656934,33.98,2.00969211048492,-8.15074490497373,-12.9476166096144,1.00484605524246,36.5443667467191,36.125,37.5488721804511,3.50117845650756,-3.50854546955146,-10.332239921412,0.931313469431011,54.9136905867022,57.5980392156863,53.2786259541985,1.63069072221599,-14.4332628432851,-15.6657280554759,0.854481938441181,55.3471513682031,55.2058823529412,54.4655172413793,1.55839707622143,-13.5321546877068,-14.3856525401284,0.903870304208428,34.4151354388642,33.9230769230769,36.3445255474453,1.84916597216764,-8.03362463977365,-13.1085128906984,2.53335738186967,4.62112694550005,92,36,1,10,358,5,0.178821178821179,194,22.9361456753723,1,1282,59.987099222159,10.6236274984181,33,11.7670169839475,2.23602758149272,0.975974109469037,10.1831769626694,1
251013_Dupi_NMH_JN_2,O15,Dupi,DupiS2,JN,2,27,225043,1,150,456,892,892,1206,2412,1206,105.486078711352,0.456,3733.51227623112,1.206,38.3135986905585,35.8888888888889,41.724,0.52134730874674,-11.5351860431135,-14.5003024270315,0.26067365437337,41.4401179248799,41.7412587412587,41.324,2.12213138533451,-8.20102754188764,-12.3558757252965,1.06106569266726,49.1205417151052,50.9444444444444,44.12,0.963201081558956,-11.6392966366282,-15.3129855266742,0.481600540779478,28.6206500700823,28.4646464646465,28.78,2.10721617783247,-3.82526433300127,-9.67287595960837,1.05360808891624,41.7735365309256,43.1102362204724,41.332,2.13068135062295,-6.03382447358444,-10.5734278613322,1.06534067531147,40.2041388595885,40.0578512396694,40.390350877193,2.06050026786127,-8.03845595689454,-12.2321161157074,0.939588122144741,50.6497910633736,50.9605263157895,49.4862385321101,1.31954860604349,-12.3282692668457,-15.2004459149526,0.575323192234964,27.05702293137,27.2363636363636,26.4267515923567,1.70340288353019,-5.30323766330798,-10.2155529971055,0.534868505428478,42.311796815233,43.9105058365759,42.3051409618574,1.94769749515235,-6.35044024594274,-11.6166510911628,2.34892317915374,5.51468194645102,1486,30,1,4,346,6,0.172827172827173,106,30.9003398316821,1,1934,37.203187250996,-12.4541258793315,30,10.7196671350813,2.65737815656378,1.69752662440546,12.2165060831881,1
251013_Dupi_NMH_JN_2,O15,Dupi,DupiS2,JN,2,28,226511,1,150,198,326,326,926,1852,926,284.838703968396,0.198,45940.5367205015,0.926,42.7849322322275,42.6134020618557,43.256,2.65298527037727,-8.09038606707414,-13.1147722722791,1.32649263518863,30.0161578628535,27.8681318681319,30.576,1.74716986953231,-6.14822435609668,-12.9096244708825,0.873584934766154,38.4402861554994,37.9444444444444,36.576,2.66079153369001,-7.25349763053429,-11.7553384210963,1.33039576684501,31.005453773513,30,31.416,1.63952473390566,-6.98730275843442,-12.4234173294449,0.819762366952828,35.1814841342679,35.4601769911504,34.816,2.49432798789656,-4.26223043809827,-11.2853173902129,1.24716399394828,37.7374817718532,38,37.4141414141414,1.61543453569598,-8.11503181865904,-12.9477550238682,0.319856038067803,25.0157674975085,25.0181818181818,25.015625,2.58436944749794,-3.7485952977059,-12.4948071964042,0.330799289279736,37.274397440443,36.65,34.6433333333333,2.39931784961292,-7.10956127897214,-11.9057231649428,1.43959070976775,33.3602530325874,33.1479591836735,32.9287257019438,2.20911069297574,-5.26800919907258,-11.7060233207747,2.04563650169553,5.72622240731207,1710,35,1,0,466,6,0.232767232767233,162,20.5774110093375,1,1734,-30.3103775374692,9.07451520452599,20,6.79326098095026,2.79610046591536,1.8018428771665,14.7902623244687,1
251013_Dupi_NMH_JN_2,O15,Dupi,DupiS2,JN,2,29,227659,1,150,240,654,654,1020,2040,1020,165.858362347297,0.24,13242.5449490487,1.02,48.9243194854709,46.2380952380952,50.656,0.952250730972145,-13.9500193338181,-14.4293681344565,0.476125365486073,56.0173195126525,56.5866666666667,55.4,2.15710929624256,-13.0183020999179,-14.0668935595883,1.07855464812128,41.8788091885554,45,40.428,1.1653591512663,-11.4468033123674,-15.5419688924915,0.582679575633152,25.3152590384931,25.296511627907,25.5,2.33882870552852,-4.73702778701472,-11.8773479822722,1.16941435276426,33.044517254229,31.5408805031447,35.124,2.18469344426391,-5.91009833033812,-11.5837940162417,1.09234672213196,55.2471000465554,56.4776119402985,54.025,2.04768579884029,-13.1664137654692,-13.6665320494797,0.491444591721669,53.2675819538179,53.9722222222222,52.6570048309179,2.03529589470527,-13.0550932027597,-14.8623597438204,0.842612500407984,38.7173571863606,45,37.5081967213115,0.926940098364492,-10.7722972738821,-15.4588242617602,0.339260076001404,29.5182601698951,28.2960725075529,30.9137254901961,2.27249525376741,-5.37054924228292,-11.7452677333421,2.31794515884276,4.17624661745845,1394,25,1,204,284,5,0.141858141858142,112,17.380426513617,1,1644,12.8981217985202,-38.1867160457066,32,13.144027171674,2.11428292297816,1.06434599080776,11.21078449564,1
251013_Dupi_NMH_JN_2,O15,Dupi,DupiS2,JN,2,30,232699,1,150,490,1120,1120,1756,3512,1756,124.683255584234,0.49,9853.19812611706,1.756,51.5759633545808,53.1538461538462,51.312,1.1666915653534,-15.1861828949889,-15.5632787413139,0.583345782676699,45.5682136559499,47.1764705882353,43.66,2.25685476012344,-9.8331112546368,-14.3509773819981,1.12842738006172,48.3488283350033,45.8125,49.096,1.75338334053577,-12.8018208745217,-14.5557305614711,0.876691670267887,47.0493014636634,46.4830508474576,47.672,1.94747159309496,-12.9854298944341,-14.2575910545527,0.97373579654748,49.3084646911205,49.7323943661972,48.428,2.43960818428143,-13.2978557381935,-12.464540157727,1.21980409214071,45.9583995822749,47.793893129771,43.9183673469388,2.24284213893875,-9.9038820106345,-14.4103720941846,1.09899264807999,47.0182518742535,45.0496894409938,48.0285714285714,1.98490466160969,-12.3984910477575,-14.9168609757035,1.2504899368141,47.1861767079531,46.8352941176471,47.5251572327044,1.59610193453537,-13.9222314679338,-12.894307363422,1.0151208303645,38.582537162511,38.112426035503,37.9088838268793,3.05345654118361,-7.30375991067132,-12.9945245612194,5.36186968631842,4.54756943867839,2000,57,1,48,426,10,0.212787212787213,152,56.3845269002824,1,1944,-54.2508062986151,18.6830498380913,26,7.00018139905793,3.19107042758575,2.16928145614129,13.884394173222,1
251013_Dupi_NMH_JN_2,O15,Dupi,DupiS2,JN,2,31,234642,1,150,570,992,992,1460,2920,1460,142.917723282995,0.57,4956.94769165391,1.46,37.2045732312168,37.8487394957983,36.34,2.23221849101007,-8.22350922577212,-14.1380953896526,1.11610924550503,33.1822128323996,32,34.1,0.835634747281424,-10.3938579884952,-15.5949518202424,0.417817373640712,39.1156846229729,25.0714285714286,36.736,0.705672213129554,-13.3452462857249,-15.8461829955953,0.352836106564777,49.6421360429728,50,43.764,1.44377258422821,-13.6562658023333,-15.960747463048,0.721886292114105,52.2607786353351,51.7567567567568,52.812,0.868990560944834,-13.7882234616244,-15.8340173651322,0.434495280472417,34.3582883017719,32,35.7719298245614,0.785177828400039,-10.7843494814595,-15.7932028999355,0.447551362188022,38.0326573799639,25.0714285714286,35.1374407582938,0.765644829425276,-12.9878894678309,-15.5754482129414,0.323102118017467,49.6040309268961,50,42.9102564102564,1.39405412167957,-13.7304291397155,-15.9818083985176,0.652417328946038,49.7140065210918,48.788961038961,51.0465753424658,2.14055194340555,-10.4839754966972,-13.5098859250335,3.12520583737211,3.18700185993717,1276,50,1,1250,42,2,0.020979020979021,38,28.9647377702098,1,1756,-12.1730221969266,-11.092046004392,30,9.0328605468834,2.51188586156904,1.01867315700257,14.5221591638417,1
251013_Dupi_NMH_JN_2,O15,Dupi,DupiS2,JN,2,32,248100,1,150,230,972,972,1672,3344,1672,49.867674173261,0.23,9002.92859531936,1.672,42.4953037163572,41.6782178217822,42.724,2.68396683710393,-10.6939452097642,-15.0698897978119,1.34198341855197,46.9820883752044,47.2857142857143,46.86,1.44205820101022,-15.4750021672738,-17.2966421915444,0.721029100505111,54.3097309590585,52.9151515151515,53.556,2.92321404375489,-12.6309646778179,-13.2249706153903,1.46160702187744,44.3568615280061,41.9411764705882,44.844,1.32229228960022,-13.4635860362823,-15.6862764689501,0.661146144800109,47.0250089134386,46.6631578947368,47.384,1.62835209300302,-17.271755613764,-15.4761802740606,0.814176046501508,48,48,48,2.04829035991265,-14.5682055044334,-17.5192306941169,0.47110678277991,52.7217691556035,51.855421686747,50.6361185983828,2.17844565037942,-13.6711174601066,-14.3982931916773,1.61640667258153,45.9654425697599,46.8762886597938,45.6142857142857,1.65378239814208,-13.965260303344,-15.4153907480137,1.15764767869945,43.9074797397067,43.0292598967298,44.6291866028708,2.27269595786668,-10.9798282621939,-15.6266420168649,3.79994764155309,6.70348112193625,942,57,1,10,244,3,0.121878121878122,170,26.836260667592,1,1366,-8.49667994687916,20.2793389660178,17,5.58438796953681,2.01686999287442,1.1407389965716,4.88748028798434,0
251013_Dupi_NMH_JN_2,O15,Dupi,DupiS2,JN,2,33,281580,1,150,608,840,840,1062,2124,1062,57.3178322535721,0.608,3773.55998488221,1.062,38.6891012331898,38.9453125,38.42,2.01018801341626,-9.77249963108677,-14.177846561233,1.00509400670813,37.4760218107817,37.6969696969697,38.608,1.91787725728835,-9.80590490543082,-13.4042372705369,0.958938628644175,53.4525529812008,56,53.232,1.05805148163877,-13.269135805593,-15.8001933363328,0.529025740819387,37.6779174270537,NaN,39.956,0.593122017019501,-12.1372130447403,-17.0269664961178,0.29656100850975,43.849073369154,47.9824561403509,41.472,1.44857141458131,-10.3040962749775,-14.6432933920651,0.724285707290656,38.7256761359061,41.2682926829268,38.8157894736842,1.8315164074386,-9.93029184434459,-13.6705852991137,1.11356197572267,56.0934477306498,56,56.2413793103448,1.40002059526061,-14.2389013346942,-14.6192476560766,0.324804778100462,57.2316652339301,NaN,56.5045045045045,0.263761093312883,-14.7434803678848,-19.3993371176915,0.0585549627154601,43.343860856473,47.1260504201681,40.6666666666667,1.38991113163252,-10.2341773194739,-14.9591916083795,1.47608562179374,5.73994092186561,92,36,1,0,224,3,0.111888111888112,116,30.6480483138841,1,940,-26.9398596091823,33.8620798749395,20,7.96431236115664,3.2073398324672,2.03460516539233,14.8104026727044,1
251013_Dupi_NMH_JN_2,O15,Dupi,DupiS2,JN,2,34,283640,1,150,394,724,724,1182,2364,1182,41.3664512449867,0.394,2816.21979844422,1.182,35.6347292629549,32,37.684,0.706011462758681,-11.3707434492617,-16.2156037339722,0.353005731379341,34.0674737442562,34.106976744186,34.128,2.62716338897503,-6.53823569292044,-13.4712942896596,1.31358169448752,37.0733272087304,42.7692307692308,37.268,0.909209522679271,-11.3389530206054,-16.1327766521455,0.454604761339636,47.1022449413627,47.1612903225806,47.596,2.80323673435052,-11.0947850140157,-13.5971591698931,1.40161836717526,42.4889359711915,48.3846153846154,38.112,1.07103962551784,-11.1965534292771,-16.0439069135171,0.535519812758922,33.5542243395553,33.4876543209877,33.6243654822335,2.63432680024626,-6.52910788182941,-13.5268092601815,1.03792475929703,36.6574596409778,36,37.8484848484849,1.2936513432213,-9.34318271579986,-14.9776915165502,0.426904943263029,41.6889204068164,44,39.2314410480349,2.09696807475054,-10.6097587708693,-13.5700185861922,0.960411378235746,41.0482813822284,42.2061855670103,39.175972927242,1.67043895693738,-10.4035410543059,-15.1409901731283,1.97445884709999,5.70529859684413,1126,44,1,82,370,5,0.184815184815185,132,30.9319088415929,1,1582,9.73287801176246,5.89915137529312,18,7.00044336376589,2.69879048246664,1.54497608906629,12.4302388269554,1
251013_Dupi_NMH_JN_2,O15,Dupi,DupiS2,JN,2,35,286413,1,150,2288,3122,3122,3336,6672,3336,-90.5644085708,2.288,4619.22110438599,3.336,46.6349052277935,46.1520467836257,44.94,2.61206683312821,-10.8461427062172,-13.7013087104766,1.30603341656411,35.6166996408243,38,33.736,1.76809610889427,-9.39542399243951,-15.0076897134972,0.884048054447137,45.8554266866967,46.4782608695652,45.976,1.7250423820678,-12.5821188340348,-14.9929094247165,0.862521191033898,41.4258516731415,41,42.036,1.69291986125824,-10.8758861086849,-14.3229917625032,0.846459930629121,43.1265196310237,40.9130434782609,45.476,1.48834509888725,-11.3666416944274,-15.4170928027333,0.744172549443623,40.985735277751,40.1584699453552,42.3697552447552,1.61772823412618,-10.8321036945448,-14.7200358621159,3.70136219968069,47.0934772788548,44,50.3309352517986,0.881135530424261,-15.3836748061874,-16.0726820588666,0.734867032373834,47.7576312058415,48.225,47.4299065420561,2.70569426372657,-11.8546205318981,-10.9614172602732,0.579018572437485,50.8119000137049,53.6633663366337,49.210843373494,1.84382564609235,-13.3145908020557,-14.3940402726873,1.22430022900532,4.34488799335693,762,46,1,126,240,3,0.11988011988012,92,22.1654638927667,1,1638,-24.6712198823753,21.6567722484833,16,5.1390577472835,2.5196502053283,1.24218962560622,11.1180553072967,1
251013_Dupi_NMH_JN_2,O15,Dupi,DupiS2,JN,2,36,289411,1,150,2336,2452,2452,2840,5680,2840,-966.140566438118,2.336,30937.6624880083,2.84,46.4679062891381,NaN,45.92,1.30811086927098,-9.75499255110972,-12.2751923311663,0.65405543463549,44.2417739522242,44.0931677018634,44.532,2.73819895182371,-6.09600078515307,-10.5815741293366,1.36909947591186,34.8051231826768,26,37.092,1.36838751793069,-8.53413861268819,-14.4288126596616,0.684193758965343,38.4077190179161,NaN,36.084,0.804724763121989,-10.4149138312492,-15.3022417323262,0.402362381560995,38.5270944475682,37.4285714285714,40.404,0.896676162341466,-8.62233770318588,-14.3916476078461,0.448338081170733,42.3387762856605,44.8984962406015,40.7534246575342,1.63367668912594,-7.81388018292449,-12.7355739661781,3.8162687457982,51,51,51,4.02033089291907,-2.82285214636128,-7.95508219170211,0.466358383578612,44.093378971691,41.7216494845361,47.7164948453608,2.45456322521907,-7.91085720503488,-9.51189579736196,0.952370531384999,39.1724146635331,44.2837837837838,38.0327586206897,1.66031731248969,-8.69642603892848,-11.636203719184,1.92596808248804,4.33429184287532,358,44,1,158,276,1,0.137862137862138,276,60.0301054777517,1,1566,-5.77765129956366,-26.3405851044032,20,3.19150008139491,2.61495043005078,1.3232667116493,15.2740363295541,1
251013_Dupi_NMH_JN_2,O15,Dupi,DupiS2,JN,2,37,290466,1,150,226,352,352,730,1460,730,335.649074456688,0.226,30937.6624880083,0.73,41.861128381109,43.1882352941176,40.432,1.71399427293421,-8.55754773025456,-13.6230755390576,0.856997136467104,50.7567672610431,49.9398496240602,51.636,2.76324659740623,-5.3566672434037,-9.78982851556473,1.38162329870312,35.0791794422775,36.6518987341772,34.084,3.17032811489158,-4.48249045952445,-8.51291662957788,1.58516405744579,25.9535809354552,26,25.984,1.29539289687857,-8.09126365286712,-13.600629736824,0.647696448439285,36.7964376428074,36.9926470588235,36.632,2.01601490198825,-8.30959549644049,-12.72743270816,1.00800745099412,49.2984294451667,49.2151898734177,48.8053097345133,3.26382904370177,-5.07621416214986,-9.75420706982186,0.7376253638766,51,51,51,3.8180950569512,-3.04166224777457,-8.1316328882857,0.481079977175852,43.5349713985458,41.16,47.2751322751323,2.61885295084913,-7.45892959383863,-9.47902128241011,0.989926415420973,27.4986766961569,28.1139240506329,26.6931506849315,1.82408099017288,-5.7746345883662,-11.0793049981706,1.3315791228262,6.63931125529494,744,30,1,96,500,4,0.24975024975025,218,127.979240996359,1,1920,21.8558148358945,-44.2664793240779,26,8.17152797505508,2.6395804562287,1.74188825658647,14.6614444083573,1
251013_Dupi_NMH_JN_2,O15,Dupi,DupiS2,JN,2,38,305937,1,150,304,796,796,1308,2616,1308,77.7629725769516,0.304,3708.24102242369,1.308,42.2316906334228,44.8888888888889,39.804,1.59434171888464,-12.704828670491,-17.0909236935857,0.797170859442318,43.8596952077293,NaN,42.88,1.01589618085279,-14.4041593926123,-17.6741058889647,0.507948090426395,55.4645055761863,56,55.212,1.09941662488104,-19.1255785427404,-17.6393829156762,0.549708312440522,47.0335661312164,45.2978723404255,48.404,2.12513071140142,-14.6281313865417,-15.9358928095929,1.06256535570071,31.4098418196654,33.3052631578947,30.572,1.99158271005321,-9.28042580485234,-14.9262288331153,0.995791355026606,38.8311624190261,NaN,38.0263157894737,0.940187156343249,-13.0330080075366,-17.4973606329638,0.285816895528348,53.6211202871401,56,53.369918699187,1.15344690946552,-18.597622846008,-16.9733613622232,0.567495879457033,51.7174995565513,NaN,52.22265625,1.15427302637978,-17.9515265523353,-17.1511397056206,0.590987789506446,37.2578652351246,39.0067567567568,35.6422018348624,2.33695259889002,-9.9097954276003,-14.9453346311411,3.05673399934815,5.02158990270769,1446,46,1,1378,242,2,0.120879120879121,126,30.3843864730186,1,1684,45.0650730411686,15.6418654855399,29,7.99665220105829,2.55697344949765,1.37273458421869,7.92124828356059,1
251013_Dupi_NMH_JN_2,O15,Dupi,DupiS2,JN,2,39,335539,1,150,458,888,888,1312,2624,1312,70.8167257773269,0.458,3472.70744577153,1.312,41.6728413350084,39.0121951219512,44.812,2.03525783097872,-10.8695629105658,-14.0554360847833,1.01762891548936,44.8531849818259,45.4931506849315,44.884,1.30576047044302,-14.4913040222102,-16.1870042864438,0.65288023522151,52.8468284220381,56,51.076,1.14661102665412,-16.3442191425414,-18.6069522975456,0.573305513327062,54.163414484441,54,54.268,1.84711922098006,-17.314732318082,-16.5829369014634,0.923559610490032,47.8696080573728,47.7925531914894,48.076,2.4776244847832,-13.4970082537758,-14.027448367823,1.2388122423916,43.4646048109083,43,43.9694323144105,1.26319693268927,-14.3804395027035,-16.2521517125832,0.578544195171686,53.3505719767209,56,51.693023255814,1.36258706998196,-15.9709187443324,-18.1704419149907,0.585912440092242,53.8676594972321,54,53.2169811320755,1.11352332178838,-18.0207613550108,-17.1124801814501,0.472133888438273,49.295450465823,49.2112068965517,49.1600609756098,2.56610795626045,-13.2821364057352,-14.9359993572914,3.36673363861371,4.18564266965243,1376,54,1,394,284,5,0.141858141858142,80,16.0805707868271,1,1576,8.39119711629673,5.94018684631703,13,4.23579308244591,2.21390925099316,0.820886983806885,9.02021397980497,1
251013_Dupi_NMH_JN_2,O15,Dupi,DupiS2,JN,2,40,340704,1,150,552,1094,1094,1758,3516,1758,100.342204597378,0.552,3448.40449646531,1.758,40.020583021387,40.1058823529412,40.004,2.23429429633118,-7.97936602850107,-7.29321957604323,1.11714714816559,46.2618045701873,45.7472527472527,47.344,1.99280562952394,-12.5176004066964,-12.7286158108561,0.996402814761969,49.8004942355534,NaN,50.392,0.37958650210176,-17.8058919440514,-19.4192632503626,0.18979325105088,56.1319050825069,NaN,56.188,0.739880348225614,-13.896929282687,-17.8103691087805,0.369940174112807,51.4840230042921,NaN,51.636,0.463664142944866,-16.5315620010068,-17.41002291703,0.231832071472433,46.2618045701873,45.7472527472527,47.4057971014493,1.80507756297458,-12.8949181269998,-13.0992879007883,0.996402814761969,51.7233858085974,NaN,51.5940959409594,0.507619706805778,-16.8281431435623,-18.8842938290533,0.275129881088732,55.2781470130012,NaN,54.3463855421687,0.498124002685715,-14.9564658452556,-17.9162995828902,0.330754337783315,50.0544971831469,48.3588709677419,50.3879408418658,1.57104881921397,-12.7118249218585,-15.0343388338744,2.76190382417815,6.31072692404429,184,47,1,78,142,2,0.0709290709290709,104,42.423977622196,1,1130,15.5867956744451,1.62048237614919,6,1.76127104730524,2.09048294773401,0.636902436809176,8.81175691664864,1
251013_Dupi_NMH_JN_2,O15,Dupi,DupiS2,JN,2,41,345289,1,150,282,800,800,1520,3040,1520,46.6553463517535,0.282,3656.00451890381,1.52,35.6337589712043,34.5892857142857,35.768,1.76437145665175,-8.8926802489072,-13.190547382469,0.882185728325875,31.2564718484666,30.8243243243243,32.44,2.6701498006802,-4.41570839494753,-12.109183084508,1.3350749003401,41.9856289883729,41.9767441860465,41.504,1.09723402947402,-12.600678799307,-14.9154613037117,0.54861701473701,36.4027636999275,38.4461538461538,36.192,1.65474977780973,-9.52953174299531,-14.0226391348656,0.827374888904864,54.9566413375974,55.0459183673469,54.728,2.71898566463343,-11.8949891810719,-14.0198223633997,1.35949283231671,31.1027286595171,31.1619047619048,31.5106382978723,3.09414629690158,-3.61334956454014,-11.535882510938,0.872549255726247,32.6697812355925,30,38.5830115830116,0.999668206396866,-8.93893244016449,-15.1770730126152,0.517828130913577,38.9563790357394,40.0091743119266,37.9666666666667,1.88222854237262,-9.75124613017902,-13.5982950140704,1.35520455050829,50.7780966711294,51.646080760095,50.0394736842105,2.21304383662268,-12.5420925887675,-13.7361879822083,3.36382663166648,6.3037833091242,972,43,1,110,464,4,0.231768231768232,236,25.6973551180774,1,1438,10.3612217795485,16.8866081065992,32,11.2847533262349,1.98710005873296,0.980396903276971,7.28575152798896,1
251013_Dupi_NMH_JN_2,O15,Dupi,DupiS2,JN,2,42,347328,1,150,596,1034,1034,1216,2432,1216,87.6272451079242,0.596,2322.1953685424,1.216,46.5738049307622,48.1860465116279,46.04,2.50579026247813,-12.8196891153588,-15.7234339197817,1.25289513123906,33.9183460240049,33.6565656565657,34.968,1.801249344278,-9.71204185317854,-14.457417543166,0.900624672139,51.0356425141867,51.9495798319328,50.104,1.85715385118022,-14.004769610829,-17.6766256989118,0.92857692559011,46.3940747488501,45.9508196721311,47.396,2.30759396042198,-11.1562418605286,-14.8453668146132,1.15379698021099,33.972654346818,34.0422535211268,33.964,2.35980595367202,-7.15026920461186,-14.0099279945444,1.17990297683601,35.9790092852439,34.8518518518519,37.0671140939597,1.77015373981239,-10.1864387509612,-14.8132563247184,1.05501162892818,52.3038525340405,53.0393700787402,51.1780821917808,1.97324431907936,-13.8499702410589,-17.8054856149372,0.86428101175676,57.772176573045,58,57.2857142857143,2.02863324178509,-13.3973931266033,-16.9584911856366,0.369211250004887,37.7097121074896,37.6338028169014,38.4046052631579,2.18424277849081,-8.88541584429235,-14.4215363822582,2.65603921864483,4.51120262877434,192,30,1,0,302,9,0.150849150849151,96,17.8098054427417,1,1762,1.61752988047808,34.4269922209402,29,10.3161661135178,1.82162060267291,0.378051412206659,8.50858975183354,1
251013_Dupi_NMH_JN_2,O15,Dupi,DupiS2,JN,2,43,348846,1,150,458,1222,1222,1424,2848,1424,118.548677917556,0.458,4431.16279255173,1.424,44.1864342794997,43.5555555555556,45.364,2.27608746689152,-10.4400419631892,-14.6266015276179,1.13804373344576,35.5346562301011,38.695652173913,34.516,1.26791880445392,-9.77086348107584,-15.3310940631355,0.633959402226958,51.4884742048054,49.8717948717949,51.088,1.47277746575378,-13.3776384340779,-15.2847431200999,0.736388732876889,53.6724328698718,56,52.384,2.06275713381188,-13.7110446899828,-16.899108712006,1.03137856690594,50.4217034097879,51.1666666666667,50.316,2.13748698645063,-12.3285093563422,-13.9962791803613,1.06874349322532,36.0176807357245,38.695652173913,35.2052401746725,1.31004781340254,-9.77787023079491,-15.3542241099977,0.600001898538363,50.3069657736147,49.8717948717949,49.4973821989529,1.41346211440962,-13.4476907299464,-15.6266041384683,1.07988505540895,54.1791549001478,56,53.4554455445545,1.52193676040317,-14.6763903801127,-18.1570471185801,0.307431225601441,39.1506460576973,38.5949074074074,40.0491573033708,2.57214478524039,-8.50359424160351,-13.1450901351661,3.66273417418232,5.97732175021751,1454,56,1,0,182,4,0.0909090909090909,134,32.0738589995921,1,1748,-13.6558527793588,28.8126698179923,23,7.44865750166566,2.72173818889955,1.40544374822629,16.4878091453404,1
251013_Dupi_NMH_JN_2,O15,Dupi,DupiS2,JN,2,44,351164,1,150,2500,2638,2638,3216,6432,3216,-773.470092125068,2.5,34711.7872628464,3.216,39.4966923630079,38.3863636363636,39.664,1.23288681087493,-9.305996662094,-14.2325015424819,0.616443405437467,49.4670024397471,49.5847457627119,48.628,2.48662469947296,-6.70294703528194,-10.7930856747645,1.24331234973648,43.6772938203505,43.6689189189189,43.672,2.09702377759136,-9.52368305161312,-12.9644836947484,1.04851188879568,32.8255086456525,43,31.284,0.726120806041388,-10.0050283563514,-14.6268890072066,0.363060403020694,35.0994472252802,35.9751552795031,34.872,2.92902587748075,-6.66463483620253,-11.1471748492655,1.46451293874038,41.9154141675353,42.8715083798883,39.6992,2.09447749475678,-7.67053059662003,-11.8829547062402,5.23619373689194,57.5607763080497,57.6545454545455,57.7246376811594,3.37879069679294,-5.3044137223864,-8.9910599444553,0.466273116157425,48.1504148805172,NaN,49.2698961937716,0.563253273470768,-11.480637890556,-14.2820728328865,0.325560392066104,28.2217216329025,28.6,28.2551020408163,1.43898041718688,-8.39348347321106,-14.6648416098178,1.12816064707451,5.96502929567827,1714,28,1,112,618,6,0.308691308691309,190,191.701794517235,1,1956,-13.859229747676,-7.63566829195669,23,6.66623578409328,3.14807587651151,1.95341560886218,20.4409585979082,1
251013_Dupi_NMH_JN_2,O15,Dupi,DupiS2,JN,2,45,352318,1,150,210,336,336,908,1816,908,267.521768720299,0.21,31778.3176411747,0.908,42.214164051286,42.7517730496454,40.26,2.24459991840649,-7.42890538206208,-12.1349604152822,1.12229995920325,47.2369123491821,47.9901960784314,47.032,2.17884417679354,-9.02922308473861,-10.0719701315594,1.08942208839677,51.8087932114749,52,51.5,1.82848632619439,-11.9426256297256,-14.818720370304,0.914243163097193,25.6728241914546,25.7049180327869,25.648,1.27001100202832,-8.04472254825253,-14.3878351910333,0.635005501014158,37.9249852431813,NaN,38.72,0.728845199963504,-9.54292992342844,-14.4974764191237,0.364422599981752,46.0193995031553,47.9814814814815,42.6190476190476,2.94750127920267,-7.24911525176023,-8.72042897629927,0.618975268632562,48,48,48,2.89511466709417,-9.0640979258548,-9.41189012697214,0.364784448053866,51.8285927582857,52,51.7412587412587,1.71713842452362,-11.9774318610971,-14.2997067627058,0.982203178827512,28.467911566328,25.7049180327869,31.2687224669604,0.983649864426769,-8.62201943102962,-14.7365342288713,0.893154076899506,5.49816847122262,144,48,1,104,302,2,0.150849150849151,184,37.3057293874044,1,668,32.5934357806868,2.32180742174414,27,10.6183236469383,2.93870705136597,1.95703661128034,15.1903799767077,1
251013_Dupi_NMH_JN_2,O15,Dupi,DupiS2,JN,2,46,358308,1,150,668,1078,1078,1758,3516,1758,132.492362079581,0.668,2951.68740327276,1.758,32.6738442512693,32.3571428571429,32.752,1.69757550851815,-8.13078781209768,-14.2237110884813,0.848787754259075,47.3915162622617,49,46.648,2.09413137585638,-12.4962878754132,-13.6117502115563,1.04706568792819,50.3803866594219,50.4488188976378,51.232,2.27393514181675,-13.4826725631096,-16.9669298150869,1.13696757090837,48.2442919077894,47.3875968992248,50.264,2.14119269880666,-12.9083620124882,-16.8502734156897,1.07059634940333,49.6166873301903,51,49.164,1.96213764421744,-15.226585750137,-16.1580407744377,0.981068822108722,49.054354477976,50.4685314685315,48.4071856287425,2.15285821711194,-12.8606422471009,-14.1511711795355,1.43810928903077,46.9836183098198,46.7966101694915,48.6780487804878,2.62210623963008,-12.2841430992546,-16.7816502561866,1.07506355824833,50.7993795896536,50.1675675675676,51.4235294117647,2.13128910006554,-14.3590844361072,-16.699288059615,1.44927658804456,38.6868730660547,38.2311688311688,40.4948805460751,2.07694763468338,-9.12904182197004,-14.67426116753,3.65127394177338,5.56824342920407,1002,43,1,180,416,7,0.207792207792208,110,54.6106248376504,1,1934,35.7495731360273,-2.51535340752597,15,4.4757060196649,2.51578187790314,1.19928805326677,11.4542845757576,1
251013_Dupi_NMH_JN_2,O15,Dupi,DupiS2,JN,2,47,361749,1,150,478,856,856,1498,2996,1498,78.3971975617643,0.478,3893.36814106008,1.498,36.672417483777,37,36.468,2.42118928913452,-6.89049361478611,-12.2024794852141,1.21059464456726,31.4256250212297,32.1818181818182,31.236,1.64281375862949,-7.43760601876382,-13.4276491443247,0.821406879314747,39.3586320233264,37,42.044,0.998186565717293,-10.5967895848469,-15.0400332113913,0.499093282858646,38.6274796116944,38.5507246376812,39.752,1.93159200917277,-7.8195165606573,-13.9659636289072,0.965796004586383,27.9218671638438,27.8472222222222,28.276,2.60800449855943,-4.07194722908104,-11.2622919247262,1.30400224927972,31.3858037131553,32.2020202020202,31.2008368200837,1.60701068823264,-7.50599181473321,-13.4756645678943,0.768151108975202,36.0910914572045,32,40.2222222222222,1.00781923720569,-9.58740797082315,-14.3745462014816,0.380955671663753,39.5365555825873,38.9863945578231,41.0280373831776,1.76310681073013,-8.57634835690122,-14.451210700553,1.13191457248875,38.657784930231,37.5492537313433,39.8024032042724,2.15984671073465,-7.13602978518661,-12.3071269120247,3.23545037268051,5.26266983350872,1896,27,1,304,240,4,0.11988011988012,170,16.9620067447522,1,1784,6.56915196357426,26.4274016451409,19,6.43826664868634,2.44517714351859,1.34093514494495,10.910879544493,1
251013_Dupi_NMH_JN_2,O15,Dupi,DupiS2,JN,2,48,376793,1,150,324,1076,1076,1476,2952,1476,62.52531299751,0.324,4794.40483115616,1.476,39.6114399147716,40.5891472868217,37.936,2.36254317793901,-7.36368473779192,-13.3795655288353,1.18127158896951,53.7336987372033,53.7164179104478,53.116,3.17274607010818,-10.9541330917301,-11.7360860603231,1.58637303505409,52.3415032372141,NaN,52.212,0.765634256063181,-15.1613843547448,-17.4163779364337,0.38281712803159,48.2946440964467,48.6928104575163,47.748,2.35276653323043,-12.8974649411339,-16.0024741293777,1.17638326661522,30.1536672567138,31.8358208955224,32.5,2.52724252475391,-7.75651763685546,-14.3793414094522,1.26362126237695,52.8284146344134,52.4807692307692,52.4259259259259,3.81185210918957,-10.2401066744659,-10.5025850379784,1.23504008337742,53.2266823940507,54.6176470588235,52.2952127659574,1.21983049338838,-14.2208790271791,-16.8577388928917,0.917312531028064,48.8075205200769,48.8153846153846,48.845,2.42832466756727,-13.2123555374869,-15.9192662530654,0.971329867026907,34.9350240310438,35.5820895522388,37.4471544715447,1.48058698760869,-9.51471210696955,-14.9438993561269,2.18534639371043,6.94011982046661,238,53,1,0,574,6,0.286713286713287,212,63.2000898116134,1,1776,5.56365016125972,0.0296832545501887,33,10.1188362193239,2.2705739657254,1.01949545465619,10.1840590673257,1
251013_Dupi_NMH_JN_2,O15,Dupi,DupiS2,JN,2,49,398366,1,150,234,834,834,1038,2076,1038,43.4312348071185,0.234,10022.9259576404,1.038,35.4158184247181,35.7697841726619,34.924,1.97533129141915,-6.67832123815978,-13.521936513979,0.987665645709577,54.2728956016875,56.7222222222222,51.9,2.59681121293651,-8.26553952775038,-13.4715823622138,1.29840560646825,55.4984658498058,56,55.248,0.79585747357196,-13.7145676099561,-17.770059334589,0.39792873678598,51.3635340937691,51.4769230769231,51.596,1.77949047918264,-12.6935596892371,-15.2688099650698,0.889745239591318,32.8032818078423,28.7826086956522,34.072,1.19243696916927,-10.3694190214953,-15.1347713081666,0.596218484584636,50.6315240925325,57,46.7606837606838,2.16535923512758,-8.33962313056118,-13.2536469273474,0.506694061019853,56.4136920298259,56.5490196078431,56.02,1.79941802260012,-10.2857690484839,-15.3130992926192,1.07965081356007,54.3443447909117,NaN,54.2745098039216,0.732479118528057,-14.8098426241646,-18.9050596334992,0.149425740179724,42.217302047579,40.6991869918699,41.3391136801541,1.53318409743844,-11.0158779202673,-15.0485406380581,1.5914450931411,5.21184522814375,1344,51,1,166,250,3,0.124875124875125,164,40.6291511342632,1,1804,43.2953898690951,-2.39699259314401,29,10.4379279041914,2.38916694703536,1.03365824567592,15.0694918654306,1
251013_Dupi_NMH_JN_2,O15,Dupi,DupiS2,JN,2,50,400742,1,150,214,324,324,822,1644,822,202.735673008314,0.214,31547.8625320292,0.822,47.3062471353467,47.8452380952381,47.048,1.66521644501065,-12.5375818736529,-13.4665963094465,0.832608222505323,50.784325913383,50.4484304932735,50.256,3.31089139959837,-10.985006565644,-10.1475761287817,1.65544569979919,44.2844172534726,44.2321428571429,44.14,2.36388201845708,-10.3166696848975,-14.5768464346826,1.18194100922854,37.18603931181,37.8285714285714,36.844,1.22944100581498,-8.61492446754951,-14.8960354134223,0.614720502907491,38.5647460261845,46,36.576,1.25394489821523,-9.95543554275126,-14.1085006315057,0.626972449107614,52.2713584685853,51.8617021276596,51.7383177570093,3.10573179193361,-11.9107178975695,-9.21897419405057,0.664626603473792,51.5657086145362,51.5090909090909,51.5090909090909,4.70795675721527,-9.43612633177858,-9.02949328445324,0.517875243293679,45.3871021593206,45.3593073593074,45.4096385542169,2.84537527282707,-10.147657476495,-13.7295395326664,1.41699688586788,39.0924716532715,39.5434782608696,38.4063260340633,1.15547061584696,-9.32066211451734,-14.9346964399567,0.949796846226204,5.14160778702292,202,54,1,136,402,4,0.200799200799201,228,20.2837787715299,1,1762,-8.70802504268642,-11.1387575836528,18,4.4779980217869,2.6602035826062,1.5060342155983,12.9436310014843,1
251013_Dupi_NMH_JN_2,O15,Dupi,DupiS2,JN,2,51,402149,1,150,502,886,886,1262,2524,1262,100.053038117996,0.502,3562.16411766684,1.262,37.1705547594829,37.1317365269461,37.344,2.28850977126305,-6.89264045393374,-13.801921462149,1.14425488563153,49.3260608555309,49.9925925925926,49.312,1.87225668081545,-14.86309963649,-16.1565380064967,0.936128340407724,44.2576054263166,NaN,43.112,0.598761171747415,-14.3391125524397,-15.6012117371335,0.299380585873708,48.6001979799665,50.8636363636364,48.22,1.40051853777721,-15.3657520027391,-15.8070438707189,0.700259268888603,50.664113294503,50.6689655172414,50.936,2.30667404058719,-14.900370171583,-12.7428100391982,1.15333702029359,49.3112197910962,49.9925925925926,49.2788844621514,1.8681273967401,-14.8593570570531,-16.1631912935378,0.937799953163532,43.9951078417356,NaN,42.5104166666667,0.601995387928949,-13.9615230686368,-15.9367502180338,0.231166228964716,46.1902534783533,NaN,46.063829787234,1.03918827507188,-15.2042730586033,-16.6776902174498,0.390734791427028,49.8183461622241,49.6746666666667,49.9524564183835,2.14451328014482,-14.8030598515893,-13.8765419118896,2.70637575954276,3.94391036605626,1786,49,1,62,122,2,0.0609390609390609,100,8.98691617765075,1,806,16.1111743502182,-13.8496110470093,13,4.32813187715657,2.43353987435857,1.19644876159563,10.5293136451471,1
251013_Dupi_NMH_JN_2,O15,Dupi,DupiS2,JN,2,52,404281,1,150,306,614,614,1160,2320,1160,22.969235317977,0.306,3064.51404190113,1.16,36.6890209556882,36.1811594202899,37.332,2.58544636389536,-7.34844756146413,-12.7212510420217,1.29272318194768,48.6720396271184,48.7625570776256,48.484,2.79687635636362,-14.084837225883,-15.0216579633715,1.39843817818181,36.374968071853,36.030303030303,35.696,2.15571458645697,-6.97084195779947,-14.2112143554182,1.07785729322849,40.9912556299437,40.9318181818182,41.832,2.41303827235206,-11.2088395069608,-14.2802004534041,1.20651913617603,53.0745717238986,NaN,52.68,1.04129925478509,-17.2609729019329,-13.8628754633556,0.520649627392543,48.7017373611241,48.8828125,48.5032679738562,2.77528556050413,-14.7206457365142,-14.3491680106481,0.849237381514265,45.9542910903713,46.0540540540541,46.0649350649351,2.98793361240797,-13.2322847168195,-16.3833305028071,0.920283552621654,32.4044747971472,30.1367521367521,34.03663003663,1.91434779209814,-6.84563034463008,-13.4674359465124,1.04523389448558,49.5984789864645,47.6549707602339,50.6758620689655,1.50106991447077,-14.9461863677694,-14.7626213145444,1.74124110078609,4.10862697534135,578,42,1,54,434,7,0.216783216783217,96,19.3267177998773,1,1780,-0.137734775184993,-31.9904529720475,25,7.65673758246337,2.29884539942121,0.773101753639415,13.0598950600458,1
251013_Dupi_NMH_JN_2,O15,Dupi,DupiS2,JN,2,53,406178,1,150,506,1112,1112,1282,2564,1282,97.2849520929921,0.506,2816.88933433162,1.282,39.3873977816018,37.9931972789116,40.584,1.85819124869922,-8.3407668388646,-11.9768150813808,0.929095624349609,52.7126431036229,52,53.036,1.40112841427936,-15.6081123017106,-14.4009605688107,0.700564207139681,48.2123044158612,47.9313725490196,48.1,1.65824498226483,-14.180105175975,-13.539105052248,0.829122491132414,49.6648527140868,52,44.884,0.953641995161388,-13.3050751325226,-16.1618751408878,0.476820997580694,52.8934798067518,53.4545454545455,51.732,2.13124354287879,-13.0056818181086,-13.8349305896994,1.0656217714394,52.7497363870957,52,53.0830039525692,1.39659730078287,-15.6093580616453,-14.4099984164879,0.706678234196134,47.717245171779,47.9313725490196,45.1155115511551,1.39604038397615,-13.1117176328073,-14.0376455870642,0.846000472689547,51.5177384754137,52,49,1.6836528586287,-13.7677765131663,-15.2861994761349,0.286220985966879,46.5535607579702,46.4452296819788,45.795631825273,1.82854082800181,-11.0094472895618,-14.5559030561001,2.34418934149832,4.76606289439853,1846,49,1,128,270,7,0.134865134865135,84,28.5690320955473,1,1818,9.86302409409979,-11.0240257565043,15,4.12164837561174,2.65181566424979,1.37059029102502,12.5474362390039,1
251013_Dupi_NMH_JN_2,O15,Dupi,DupiS2,JN,2,54,408136,1,150,504,1138,1138,1308,2616,1308,93.8305158178236,0.504,4764.82216684514,1.308,51.4909199946648,53.2823529411765,49.54,1.50697942840681,-13.3151276142871,-15.1833371445724,0.753489714203404,54.6159084304889,54.7931034482759,55.196,3.08769209712188,-11.5120104275359,-12.0344665501187,1.54384604856094,48.7305453102136,47.7971014492754,49.744,1.76323950752234,-13.3952538621843,-13.7979057879597,0.881619753761169,38.7067455146651,NaN,40.384,0.704743974015538,-11.3647903235688,-16.2394552586402,0.352371987007769,25.8742323709499,25.746835443038,25.972,2.30505784793386,-6.40236939358076,-13.7345482242005,1.15252892396693,54.5331968606206,54.7170731707317,55.1309523809524,3.09681920111573,-11.4948080480607,-12.0085746043876,1.56079687736233,49.4549827465213,47.8208955223881,51.0504731861199,1.50058045351051,-13.859270662751,-14.5238390333078,0.951368007525661,43.8589658383877,NaN,44.7529411764706,0.634272364669547,-12.6641460926935,-16.3441563426409,0.107826301993823,30.013750913754,29.319587628866,30.7507645259939,1.58166996151601,-7.66211276079359,-13.6751360406386,2.06882430966294,5.05239569466413,476,47,1,50,596,9,0.297702297702298,142,29.2726207104365,1,1582,-14.8901536710302,-5.89701120333494,32,13.6199666329459,2.50540472106017,1.11781118043901,14.191176634152,1
251013_Dupi_NMH_JN_2,O15,Dupi,DupiS2,JN,2,55,410133,1,150,354,766,766,1616,3232,1616,73.8493856533146,0.354,3362.94197235685,1.616,40.2483400363572,40.2530120481928,39.572,2.57938802340258,-8.94162659656261,-12.8617983267037,1.28969401170129,31.9937541527396,26.758064516129,36.788,1.91114533613934,-9.42484269757946,-14.5416813531523,0.955572668069669,37.7036850217151,37.84,39.236,1.44991479611228,-9.33635380071845,-14.7254066886671,0.724957398056142,57.3997548204809,57.5106382978723,57.32,1.98835052492404,-15.1363384449548,-14.9408958222769,0.994175262462019,48.7972615112848,47.7378640776699,50.236,2.09455854579595,-14.0595882534546,-15.2328062663065,1.04727927289797,27.1365887080569,26.758064516129,28.4519774011299,2.26031797244806,-8.14214673582982,-14.1170367717823,0.800152562246612,45.760365787225,30,45.3155339805825,0.961110220154713,-11.6911290309855,-15.6935138571409,0.395977410703742,50.9181424068438,50.8738317757009,51.8070588235294,1.83769039454366,-12.2338551519597,-14.5244059224027,1.56203683536211,43.3147741034634,42.9336283185841,44.3391089108911,2.39684180456888,-8.99239448739165,-13.5111666749906,3.8732963561833,4.90854764183319,1856,48,1,126,352,5,0.175824175824176,182,11.0450683228564,1,1088,74.3073420603301,1.31034354412475,33,13.3814270630084,2.35313096941571,0.913156754092243,12.3248130412072,1
251013_Dupi_NMH_JN_2,O15,Dupi,DupiS2,JN,2,56,412310,1,150,214,328,328,1036,2072,1036,274.057192365955,0.214,40554.0141692657,1.036,34.6849584687785,34.9,34.304,1.37894019124377,-7.05663231887347,-13.6462267198333,0.689470095621884,45.7587172583662,45.6708074534162,44.332,2.92234887756487,-6.02153873822453,-10.5952901803499,1.46117443878244,44.0999588489866,NaN,38.916,0.487406983662555,-11.2890367652945,-14.8928270461035,0.243703491831277,37.3739703933234,NaN,35.612,0.613537552553859,-9.5767146015763,-14.2916837549394,0.306768776276929,46.2298716281214,55.953488372093,44.504,1.37277864386007,-9.28950907135991,-14.1115317966097,0.686389321930034,44.5484748847941,44.2727272727273,41.3551401869159,3.15744244966053,-6.43743577014173,-10.2560529894731,0.675692684227353,47,47,47,4.56457975879026,-3.7442105914477,-8.63945208329451,0.52036209250209,45.2580156055727,46.8518518518519,40.8361581920904,0.727738946140167,-10.2169353891366,-14.5245542457,0.515239173867238,45.4423231732519,55.5189873417722,41.0444015444015,1.14545113391672,-9.43422990144865,-14.2126917507346,1.18668737473772,5.71633450406943,250,47,1,106,260,2,0.12987012987013,198,106.767637991519,1,1884,23.8755454372984,-5.1531618714408,26,6.54273374799696,3.25568226253927,1.98641909374042,19.8703532768023,1
251013_Dupi_NMH_JN_2,O15,Dupi,DupiS2,JN,2,57,433756,1,150,444,990,990,1432,2864,1432,105.57058283316,0.444,4035.71926704666,1.432,49.2865629037354,50.3712121212121,46.32,2.77827031300892,-4.56890582330836,-1.15786230526963,1.38913515650446,42.8914600435223,NaN,44.072,0.44479564308702,-11.6141130405513,-14.4713774508891,0.22239782154351,49.4886158996227,47,50.548,1.10840679096876,-12.6190451664358,-15.4394555308387,0.55420339548438,57.8569507307861,NaN,51.568,0.30148293751452,-15.8344981759034,-15.6743013941555,0.15074146875726,47.5397071265045,NaN,46.64,0.0728997290050351,-11.776699816959,-13.8950919835025,0.0364498645025175,41.0295648637387,NaN,42.3153153153153,0.445940665969102,-11.3865371989306,-14.3193857624064,0.197997655690281,49.6368398696174,47,51.1758241758242,1.03301426066848,-12.760073328733,-15.5153996017624,0.564025786324989,57.9930710228211,NaN,51.0769230769231,0.350847896082169,-15.6413981546075,-15.6320499542756,0.155074770068319,50.9557576646985,47,49.127094972067,0.614075364083757,-12.7374882317327,-13.2182955094954,0.87935592136794,2.26162736223132,582,47,0,NaN,0,0,0,0,4.71695413903429,1,192,55.2771770062607,14.5345591245766,0,0,2.55027073499217,1.35498364930387,12.0135878489058,1
251013_Dupi_NMH_JN_2,O15,Dupi,DupiS2,JN,2,58,449359,1,150,762,1052,1052,1226,2452,1226,219.518516893302,0.762,5274.73570420972,1.226,38.3515363401291,38.4700460829493,38.444,2.83715525062318,-6.23760668440703,-12.6222980783506,1.41857762531159,35.3412631813354,NaN,37.568,0.602937480973746,-12.061504990857,-17.4294271674643,0.301468740486873,26.5564963739246,NaN,29.524,0.272747844810205,-13.580150163141,-18.6598045741501,0.136373922405102,54.8284091591561,53,51.004,0.782475509593239,-13.5698459905328,-17.6794962431412,0.391237754796619,54.6392729781686,54,56.096,1.48895311976581,-11.6864293696521,-15.900908589861,0.744476559882904,32.6050905593533,NaN,33.9002624671916,0.57459667046191,-11.8111355944368,-17.5527013280973,0.437842662891975,NaN,NaN,33.0551724137931,0,-19.5386544610038,-19.8999346305528,0,52.9995708443746,NaN,49.2758620689655,0.249195581099693,-16.1224928361422,-19.8658552808721,0.0433600311113466,51.6709200852849,51.2432432432432,52.5905383360522,1.54974295656776,-11.4070188855269,-14.2262562082783,1.89998486475207,4.25735483827781,1892,54,1,1830,124,2,0.0619380619380619,96,33.207780018175,1,1672,33.1360273192943,-3.23305542114862,1,0.270176858460532,3.12131941265702,1.82437874525112,18.4353238143937,1
251013_Dupi_NMH_JN_2,O15,Dupi,DupiS2,JN,2,59,451739,1,150,226,340,340,1310,2620,1310,236.08689409829,0.226,31060.0703802538,1.31,41.5918194025724,43.4954954954955,40.768,1.83456920480714,-10.2965082619319,-14.2687853081253,0.917284602403571,49.3307211855563,52.5833333333333,44.108,1.3578585984315,-11.4647207536543,-14.1895259399937,0.67892929921575,54.200206547327,55,53.904,1.66560289511572,-12.1724775275179,-13.8363191150335,0.832801447557861,30.0400964127643,30.4320987654321,32.364,2.80625556464474,-5.57382725980918,-10.9783728387502,1.40312778232237,31.581775958826,NaN,37.668,0.599960057756469,-10.9810193923771,-16.4731280153021,0.299980028878235,35.9114635038536,NaN,33.2035398230088,0.639279728553861,-10.3442755553434,-15.8937610430953,0.144477218653173,51.8245646222234,52,51.719298245614,1.8941836794627,-12.9559196579338,-14.7697538881221,0.215936939458748,42.084352796721,39.6714975845411,46.6,2.32659296360091,-8.06346993349958,-11.8512013392967,2.25679517469288,32.863434660072,32.6813186813187,35.9358778625954,1.09868257927236,-9.35576188400608,-15.0246458108364,1.43927417884679,7.34569203226865,1082,27,1,1028,210,3,0.104895104895105,104,128.667476887097,1,1180,71.0601403908177,-3.46996315182195,28,11.5373369946247,3.53328575082595,3.46825115649285,8.45128531392887,1
251013_Dupi_NMH_JN_2,O15,Dupi,DupiS2,JN,2,60,453526,1,150,914,1392,1392,1552,3104,1552,136.069003250564,0.914,3055.19870576975,1.552,47.5319733912251,47.1693548387097,46.788,2.28708482892372,-10.1273201075434,-14.5984495986718,1.14354241446186,46.7289906632065,48.5483870967742,44.596,2.34313242532319,-9.97207117649695,-12.7281587765679,1.17156621266159,49.2874849932602,NaN,48.264,0.950878511412687,-11.402372392906,-15.9475666910358,0.475439255706343,29.1265787640178,29.2352941176471,29.156,3.1665977182839,-4.8707542608294,-11.523971972916,1.58329885914195,39.550005543207,41.0327868852459,39.116,1.58820397289705,-9.76400478824787,-14.1391625579155,0.794101986448525,47.1174905015584,48.5483870967742,45.8884026258206,1.7377123603884,-10.4453984376835,-13.8548285720707,1.588269097395,29.5542782928886,28.2413793103448,32.7991631799163,2.35871226475917,-6.16085757892094,-12.8017177717571,1.12746446255488,31.5728795983352,31.6027397260274,31.725,4.07551662744616,-3.98420222296493,-10.2238959492318,0.652082660391386,41.6025496820752,44.0049019607843,40.9407216494845,1.56904507986299,-10.287449535573,-14.511999641457,2.43515796394736,6.67994864296308,1148,26,1,38,424,3,0.211788211788212,168,31.1371424200616,1,1184,-28.9770442041359,19.314958871478,23,9.29384928856455,2.92009119287792,2.12898453056063,11.2740962084689,1
251013_Dupi_NMH_JN_2,O15,Dupi,DupiS2,JN,2,61,457245,1,150,226,334,334,1062,2124,1062,198.742303033796,0.226,30155.7435798368,1.062,47.6590743495787,48.2359550561798,46.704,1.8530834667769,-8.37705278972035,-0.8211933586831,0.926541733388448,55.5346373306184,56,52.168,2.00889825071163,-5.69165408585391,-3.99541565369043,1.00444912535581,43.1649253091671,43.0169491525424,43.088,0.834373584142704,-10.548827506284,-13.9625926297838,0.417186792071352,44,NaN,42.26,0.0350668150306802,-16.1935786300124,-16.4782292447421,0.0175334075153401,46.5271574379105,NaN,45.288,0.322216463417749,-11.7964062202776,-14.256077643561,0.161108231708874,56,56,56,3.23667795786099,-3.5909450092794,-0.996495005110463,0.731489218476585,54.7616328529142,56,53.7407407407407,2.31943993226231,-5.28230385787315,-9.00277090510511,0.250499512684329,43.4835555344674,43.0169491525424,43.8131868131868,0.6279202437143,-11.4638647211543,-14.1237310644325,0.45712593742401,46.9772254869366,NaN,44.2542372881356,0.218660127893367,-13.1749690186603,-15.3023088804329,0.232217055822756,4.3338504423536,202,56,1,0,178,2,0.0889110889110889,136,567.385971292465,1,1390,-30.4173781066211,-14.0756318159824,13,5.99731427369029,2.72171513673529,1.62200471215481,14.7765202062367,1
251013_Dupi_NMH_JN_2,O15,Dupi,DupiS2,JN,2,62,458483,1,150,228,542,542,680,1360,680,280.783163282289,0.228,19546.5733705801,0.68,47.4198147414251,47,47.088,1.05053607612246,-12.7664098150589,-15.2340278764659,0.525268038061231,53.5914020799127,53.6113537117904,53.224,4.12047798663042,-2.27904206638383,-7.17654894863112,2.06023899331521,35.2539945457814,31.8141592920354,38.028,1.97818521848608,-7.77196608193419,-12.6446180288127,0.989092609243038,33.6769830755135,26,36.888,1.07577119811885,-10.9931019721359,-16.6631983948955,0.537885599059424,34.6537001189325,34.3655913978495,34.388,1.64362176866058,-9.48783456425963,-14.2265878404051,0.82181088433029,50.1712663398099,50.0860215053763,49.8859649122807,3.63372648852849,-4.62760209741684,-7.9393435648868,0.828489639384495,55.9056357471561,56.0191082802548,56.0191082802548,4.49680114461854,-1.44059456313598,-6.80973563273399,1.41199555941022,55.6791607374117,56,55.4782608695652,0.915177065621877,-9.08382941174415,-12.9660560726449,0.126294435055819,28.921107463681,25.7203389830508,31.7382352941176,1.73436163270531,-8.62596774857096,-14.7535218791616,1.17936591023961,5.58774003078715,492,56,1,56,668,4,0.333666333666334,480,217.751986688521,1,1686,22.2929235439196,-50.5167119514646,33,13.1667149842645,2.99020013127676,1.87569045354211,25.1671020523836,1
251013_Dupi_NMH_JN_2,O15,Dupi,DupiS2,JN,2,63,460249,1,150,252,604,604,922,1844,922,60.8733535335841,0.252,5595.81208454398,0.922,41.0413897938179,NaN,40.944,1.24245032169951,-11.2968712643529,-16.602471657867,0.621225160849756,29.9171548407099,29.9941860465116,29.564,2.73387399151348,-5.94899807854677,-13.0619827622572,1.36693699575674,26.0847781275661,26,26.016,1.83326178323778,-7.91287798550691,-15.0208316685497,0.916630891618891,42.1844776707558,47.2941176470588,38.664,1.67114171936483,-10.3277940321454,-13.5971459429759,0.835570859682414,52.4166335720435,52.5277777777778,51.18,1.61592395066662,-13.4408950852217,-13.1759802490517,0.807961975333312,30.8254017663133,30.8086956521739,30.7380952380952,3.42656122289247,-4.74627822302318,-12.2511284377921,0.863493428168903,28.178333410138,28.3508771929825,28.0681818181818,1.79335654255266,-8.04161678571904,-14.5325896254849,0.631261502978538,25.7595825481871,26,25.5849056603774,1.43339011202684,-8.60895223410695,-15.6471419249909,0.455818055624535,41.1194456417431,40.7154471544715,41.9783080260304,1.67669777183315,-10.3531193446901,-13.715425279409,1.54591534563017,5.39947941541347,928,26,1,88,426,8,0.212787212787213,138,20.7056955773923,1,1360,-7.6812749003984,-5.73528864406149,27,10.5062670758778,2.69300618496373,1.43274806893447,13.1246904206007,1
251013_Dupi_NMH_JN_2,O15,Dupi,DupiS2,JN,2,64,463505,1,150,250,360,360,782,1564,782,204.145815176191,0.25,16648.122192602,0.782,35.2551158031574,35.4459459459459,35.08,2.1216226215247,-5.73130534680417,-11.9689911352632,1.06081131076235,44.6959856582596,45.7448275862069,42.516,2.97311584519987,-5.22297233852793,-9.63205187696662,1.48655792259993,46.9651955691041,45,49.32,2.00300605999564,-9.60769459640301,-12.9711422932722,1.00150302999782,56.3539823169445,56.4516129032258,56.344,1.7319129663276,-10.8659146213514,-12.9782049502597,0.8659564831638,56.758425418453,56.8529411764706,56.448,1.23687414276575,-11.6773524640163,-14.6700757461558,0.618437071382875,43.7608012725944,46.1475409836066,40.032,3.03331527361823,-4.37940024463169,-9.25760903786597,0.758328818404558,46.5701150619202,46.2592592592593,46.2545454545455,4.29147748411955,-4.21858129143211,-8.35393197226683,0.472062523253151,44.8105963768941,44.7457627118644,45.0379146919431,2.4916810068245,-8.60934955186911,-12.291366569659,1.05148938487994,55.9552381122898,56.2765957446809,55.7135549872123,1.59052125624411,-10.9919876880103,-13.243416105924,1.24378762238289,5.56351289299188,244,49,1,154,478,6,0.238761238761239,150,51.0481668733636,1,1972,23.2908366533864,12.0832247738862,24,6.00344190826064,2.99205649638464,1.98846419857247,18.1413765746195,1
251013_Dupi_NMH_JN_2,O15,Dupi,DupiS2,JN,2,65,464340,1,150,2426,3082,3082,3190,6380,3190,241.639622295354,2.426,16251.0670680007,3.19,47.202479048821,46.8244680851064,46.876,2.64544323701206,-9.53120889413269,-13.1758940863246,1.32272161850603,45.0823923936025,40.6363636363636,47.348,2.10410713050318,-10.5291024505174,-14.3656501256719,1.05205356525159,43.0481698965524,46.0526315789474,41.232,1.09928580001704,-11.1404502913965,-14.8536156591338,0.549642900008518,33.9909084840407,32.6744186046512,34.412,2.07011671775707,-7.48556562179791,-12.9840634084705,1.03505835887854,33.2109803489245,33.2487804878049,33.284,3.08712579647378,-5.79281909131819,-11.9221738290389,1.54356289823689,36.8068404134427,35.0281124497992,37.4072547403133,1.92931738219268,-7.92795158377246,-13.3492871578395,4.68052396919943,32.1129434585906,30.7348484848485,39.7621951219512,1.78202884727144,-7.16970335596602,-12.6342202046386,1.16901092381006,44,44,44,1.22945266867996,-13.1875630178225,-14.7928180364,0.132780888217436,35.705851803264,34.7837837837838,33.1827160493827,1.77902982435676,-7.82637087043659,-13.5541079063007,1.44101415772898,4.45799510460581,1918,32,1,328,492,6,0.245754245754246,172,23.3756811127386,1,1614,-29.9537089736293,-2.75393605538393,26,7.66075578013403,2.74652270590133,1.60612386499075,14.0046382559731,1
251013_Dupi_NMH_JN_2,O15,Dupi,DupiS2,JN,2,66,465425,1,150,256,878,878,1020,2040,1020,140.398928726671,0.256,9696.00752636359,1.02,32.5636378454084,32.8739495798319,32.004,1.97082005496786,-5.96394644530291,-12.2395577645592,0.98541002748393,28.8949694071181,28.8896551724138,28.892,2.21164697496995,-4.58917143065689,-11.4581213970878,1.10582348748498,51.045868730933,49.3888888888889,51.624,0.932812229492249,-13.3800158625174,-14.8063109391476,0.466406114746125,48.1749427832848,49,45.34,1.30263523026892,-11.5836657730633,-14.6356762434163,0.651317615134462,38.1737993093253,37.7422680412371,38.796,1.71690900897769,-7.9912134252079,-12.95768539649,0.858454504488843,28.6184693048623,28.5789473684211,28.7890625,1.18913778180123,-6.40021263313796,-12.7426176291778,0.304419272141115,34.4532244423615,29,43.2379421221865,1.66983744190323,-6.78138477224392,-12.6314108712814,1.03863888886381,49.1375187065524,49.3888888888889,49.112676056338,1.79070034534384,-12.1644125197175,-14.1877290977262,0.254279449038825,42.7410066455861,42.3023255813954,42.0862745098039,1.61760003297556,-9.36161690718201,-13.5676488510813,1.64995203363507,4.64230423527675,402,29,1,248,338,5,0.168831168831169,146,14.5092505247677,1,1210,0.012521343198634,37.6524174638032,22,9.45662984901418,3.33653828187688,2.56358757691424,14.0377077089564,1
251013_Dupi_NMH_JN_2,O15,Dupi,DupiS2,JN,2,67,467105,1,150,236,934,934,1248,2496,1248,96.9652633795392,0.236,8228.45548236705,1.248,46.9263874438836,46.5153374233129,46.736,2.39037403668926,-10.4064123633703,-13.1811092730825,1.19518701834463,46.0387522904257,44.1267605633803,47.272,1.63899732875759,-11.3020599291761,-12.7871984178,0.819498664378797,37.3507269335529,NaN,40.872,0.709270120398096,-11.486351233873,-16.4306082085219,0.354635060199048,30.9710284653428,30.8883720930233,30.764,3.13213207962156,-5.95761408959712,-13.191339424484,1.56606603981078,44.633373484061,46.6237623762376,41.836,1.84511360906662,-10.6233846029172,-15.5197473603575,0.922556804533309,44.3510919979757,44.1267605633803,44.1949152542373,2.27285469382221,-9.52820157951303,-12.1078257239939,0.536393707742042,44.4906090138724,NaN,45.3896848137536,0.799000086776443,-12.5036866977503,-15.2662728868957,0.557702060569957,29.0587681669219,28.9895833333333,29.140127388535,2.29927293786584,-7.14681682922172,-13.8907388617333,0.721971702489875,35.5577917095131,36.078431372549,35.0336538461538,2.1858767262689,-8.05061308612519,-14.1400539196326,2.72797415438359,4.7938953017691,1358,27,1,0,396,5,0.197802197802198,222,22.6983377422907,1,946,21.3124644280023,-32.7367216287639,26,9.84721180756606,3.06144149223533,2.01839179937925,15.0229301170455,1
251013_Dupi_NMH_JN_2,O15,Dupi,DupiS2,JN,2,68,469111,1,150,298,730,730,1124,2248,1124,130.671689960476,0.298,8488.34511393255,1.124,56.1354697731498,55.728,56.332,2.24140429245,-11.6169160321037,-13.6847582201613,1.120702146225,37.9375971236456,36.1532258064516,39.376,2.29197202291483,-6.3521618224484,-11.9830261283994,1.14598601145742,35.6660656173148,35.9315068493151,35.332,1.71466503811775,-6.85817343515114,-13.0762847982344,0.857332519058874,27.2723067395259,27.3502824858757,27.42,3.16940766328201,-4.35327373535255,-12.0948925070448,1.58470383164101,31.5244337949347,31.5460526315789,31.5,2.55231765368751,-6.71458207551931,-12.1653998844467,1.27615882684376,39.0713175932106,35.3877551020408,40.7046979865772,1.94904762682575,-6.90124267065623,-12.6786677691177,0.580816192794074,38.1179430977053,37.9256198347107,38.6388888888889,2.34871170706052,-6.31684648205432,-12.2926028794092,1.01464345745015,29.8024609269917,28.876404494382,30.7258883248731,2.35863475128763,-5.27366065959441,-11.9876163093881,0.929302092007325,33.7856198549436,35.6968085106383,34.0035587188612,2.63972854253348,-6.54104105242924,-12.4516588926686,2.96705488180763,5.35604186737178,1154,26,1,232,664,5,0.331668331668332,292,23.2861664051395,1,1748,-20.5258964143426,-8.99877172739792,15,4.54576742129293,2.91877355773814,1.65809861937296,16.6333801906989,1
251013_Dupi_NMH_JN_2,O15,Dupi,DupiS2,JN,2,69,474875,1,150,528,974,974,1310,2620,1310,192.552657189161,0.528,4907.68232653136,1.31,32.8373357334887,32.5119047619048,32.532,2.54951252985903,-5.71972867790861,-12.3979331022749,1.27475626492952,44.2215921518877,44.2475247524753,43.172,1.7036075962116,-9.07109373482969,-14.1272698237557,0.851803798105801,51.3305334922957,54.175,51.248,1.16960459269767,-13.3500975575543,-15.4906134240026,0.584802296348836,41.986181221805,42.7894736842105,41.304,2.34641881445959,-7.33534062072514,-13.698125321747,1.1732094072298,29.1908127676109,28.4210526315789,30.688,2.02776677562122,-6.60917051181971,-13.0910140108459,1.01388338781061,44.800115567057,44.7075471698113,43.7462121212121,1.71471293956167,-9.18705086720996,-14.1702592706658,0.905368432088564,52.0999572054643,54.2,51.7982062780269,1.09773496363952,-13.6921379837698,-15.5460424521618,0.489589793783228,47.655093640514,47.3571428571429,47.5416666666667,2.43622629961549,-8.95760768830924,-13.6754320205457,0.818572036670806,33.9881116729414,34.2307692307692,34.6519083969466,1.65933724028699,-8.38583567478763,-13.7717227985764,2.17373178477595,3.90957373228323,1620,28,1,386,336,6,0.167832167832168,140,12.5040233344328,1,936,64.8336179093151,-6.09688465403655,29,12.6455941811971,2.94310057380208,1.75425082308078,16.7927944004748,1
251013_Dupi_NMH_JN_2,O15,Dupi,DupiS2,JN,2,70,478474,1,150,458,942,942,1396,2792,1396,192.339386052793,0.458,6042.21911995361,1.396,34.0586068986363,33.8220338983051,34.04,3.3291617659132,-5.46079791911035,-12.1590212895346,1.6645808829566,47.8233314845056,48.4351851851852,47.656,2.03037953410874,-13.0632544778598,-14.6088574485282,1.01518976705437,48.1365692877525,47.2405063291139,49.3,1.50379100602903,-15.11267684229,-16.8924333653173,0.751895503014517,48.3897266692985,47.94,49.236,1.64643414321257,-14.6550912222077,-16.4295534883187,0.823217071606286,45.3032117337651,44.9631901840491,43.916,2.42322082592563,-11.264759411334,-15.6406474094644,1.21161041296281,47.7324839490398,48.4351851851852,47.5327510917031,2.05770171189465,-12.948380179816,-14.4610230745619,0.942427384047749,48.8068512877926,48,49.8636363636364,1.51231586929087,-15.1580249763981,-16.9591927930093,0.731960880736783,47.6674459972315,47.4107142857143,47.9823788546256,1.91052422767229,-14.1055207317275,-16.0320573989249,0.86737799936322,45.3820608959466,45.6479591836735,44.756446991404,2.31105401968759,-10.7233895753016,-15.5507018308486,3.22623141148387,4.3607180401851,1606,52,1,282,288,6,0.143856143856144,140,14.6268534816441,1,1568,9.40656421931321,-3.2090482748353,27,6.7063967654589,2.52976287484748,1.28812870280288,10.8017997887676,1
251013_Dupi_NMH_JN_2,O15,Dupi,DupiS2,JN,2,71,482143,1,150,264,678,678,1230,2460,1230,134.113129814112,0.264,10936.4971323855,1.23,54.5376555952208,55.8613861386139,52.328,1.94886567491074,-12.2365373889364,-13.2775234420539,0.97443283745537,47.0788921222451,47.3453608247423,47.856,3.19633808174129,-8.59204837030238,-11.2339023028992,1.59816904087064,51.8302989695739,51.6987179487179,52.58,2.20358592000695,-11.7662317780345,-14.2623047626526,1.10179296000347,46.800937931224,NaN,46.62,0.937374013283693,-12.972336981212,-14.8030426400377,0.468687006641846,45.0119404512262,47.4042553191489,44.044,1.10828730496753,-11.9377788694485,-16.5690699559925,0.554143652483763,49.4994826426493,50.5619047619048,51.7348484848485,3.63722372903495,-8.93614315688835,-11.2752922574553,0.960227064465227,45.7908956689113,45.8698224852071,45.7536231884058,2.82631685147212,-9.1408062897315,-11.9687063537763,1.17009517650946,53.3649670377358,55.1184210526316,52.3768115942029,1.41440265817623,-12.9718283754053,-15.1187157766849,0.78075026731328,38.4982742184293,36.2417582417582,40.6926829268293,1.56717357732208,-9.26103522436152,-14.2438036208197,1.92762350010616,6.30988950824364,214,42,1,0,342,5,0.170829170829171,160,26.3967783819567,1,1332,-35.6789982925441,21.1402463989281,16,5.98479830203565,2.72928566418331,1.62521916576172,14.4285276740956,1
251013_Dupi_NMH_JN_2,O15,Dupi,DupiS2,JN,2,72,495916,1,150,388,1010,1010,1502,3004,1502,156.860415071196,0.388,6265.05172356423,1.502,49.802671508435,49.8,47.632,1.40580828852417,-11.7345174086626,-14.4750461881269,0.702904144262086,46.1280721564774,45.5313807531381,45.752,2.6981683958781,-8.94829668857275,-13.8542849015622,1.34908419793905,47.1161993367438,48.0219298245614,48.256,3.35324404388368,-8.71238508456572,-12.0768434274338,1.67662202194184,42.5390164628808,44.0614525139665,45.12,2.71709743027855,-8.8250914980506,-14.3187269823739,1.35854871513927,31.909038142014,37,31.772,0.889270291118268,-10.5965805065354,-15.5552499053566,0.444635145559134,43.6671533152476,42.6236559139785,42.8659793814433,2.77055165420206,-8.39728366226229,-13.6145346167083,1.0749740418304,48.4047390328476,49.5559440559441,49.6977491961415,3.1761729501213,-9.15814940283581,-12.5038661685849,1.97557957497545,42.2885235763548,43.7758620689655,44.8617886178862,2.71692769129492,-8.78008673307398,-14.2889120113871,1.3367284241171,35.6004863293611,34.6774193548387,35.2330226364847,1.05196964121131,-10.1858391738775,-15.6038482566176,1.58005840109938,5.99990906762313,700,43,1,162,572,13,0.285714285714286,166,24.2231787893751,1,1518,68.6450388920508,-7.90914504782819,33,10.4858241636965,2.06811428396701,0.958318721978869,11.042894800921,1
251013_Dupi_NMH_JN_2,O15,Dupi,DupiS2,JN,2,73,511565,1,150,364,1084,1084,1330,2660,1330,87.1383982598799,0.364,5497.96619173689,1.33,38.3847868689995,38.7546012269939,37.4,2.79178419519434,-7.48360238669215,-13.0101348052931,1.39589209759717,48.8116884010399,48.4970414201183,48.764,2.85529879339523,-11.6760815419418,-13.4696877824567,1.42764939669762,52.107906273386,52.9166666666667,51.204,1.22101545190746,-13.9445566644875,-15.8867461218529,0.610507725953731,48.5252821148359,48.1692307692308,48.504,1.58290858658091,-14.0886293067917,-14.634054765002,0.791454293290455,45.3681429247791,45.2931034482759,45.508,2.00027941239208,-12.6384795529891,-15.2902442462402,1.00013970619604,49.8547458155611,49.544,49.7857142857143,2.94028812855691,-11.3486932404193,-13.394548330976,1.07026487879472,49.8859812587125,49.3535353535354,50.1944444444444,1.55763541086581,-13.5509764749337,-14.9167078346601,1.12149749582338,48.8030905203987,49,48.7967479674797,1.50181237194051,-14.5604764423369,-15.4521586580613,0.369445843497365,46.7315723458307,46.121546961326,47.6616541353383,1.51184331367064,-13.6743166907112,-15.2177511050749,2.01075160718195,5.38709916995358,346,44,1,26,274,4,0.136863136863137,108,53.920797142082,1,1930,-20.8138873079112,13.7485577102021,12,4.27053458783099,2.64712190102832,1.34867087387499,14.1845809828684,1
251013_Dupi_NMH_JN_2,O15,Dupi,DupiS2,JN,2,74,513337,1,150,356,1140,1140,1320,2640,1320,73.953387312848,0.356,2982.64169117527,1.32,35.1998000465902,NaN,34.492,0.6278201715548,-10.9213993259899,-16.0906382498194,0.3139100857774,43.0135618203563,43.811320754717,43.396,1.69032816792054,-10.8072797049117,-14.2545058570648,0.845164083960268,55.8262032968146,56.4032258064516,55.164,1.29130285735697,-13.1886849800396,-16.7303798960938,0.645651428678485,36.4458102121467,39.9908256880734,34.324,1.79746490166162,-9.14561338591768,-14.7333650656862,0.898732450830808,26.075712597437,26.1257142857143,26.06,2.52693121926837,-5.148530415134,-12.2532470456103,1.26346560963419,40.85787059037,43.811320754717,39.9157303370786,1.91474272372975,-10.139551014256,-13.7835247662499,0.681648409647792,52.8257300575246,52.3,53.125,1.42669102036655,-12.7592650841539,-16.3755502444503,1.11852575996737,34.5400942808597,36.1153846153846,33.7222222222222,2.02041769032927,-9.09075525190742,-13.8041611612046,0.363675184259268,28.0699662111629,27.6689895470383,28.8318181818182,1.93713752582307,-6.88886560907236,-13.3592738117268,2.55702153408645,4.0107170927104,216,33,1,198,280,5,0.13986013986014,184,28.641485716117,1,1940,56.217036615443,10.9811292663863,33,12.3313474659428,2.83203930410064,1.81613705413817,13.9075235703294,1
251013_Dupi_NMH_JN_2,O15,Dupi,DupiS2,JN,2,75,518566,1,150,248,348,348,850,1700,850,228.693310953659,0.248,23135.9999211368,0.85,39.7778635461398,38.6550218340611,38.692,2.98063564097132,-8.1958585861825,-13.1629226320089,1.49031782048566,40.5842783959907,39.0261780104712,40.472,3.16791724022964,-6.72600908549393,-9.95022340656746,1.58395862011482,26.6094933477447,26.1538461538462,28.148,1.25259158054292,-8.32366837768198,-15.231279537775,0.626295790271462,27.6361534326343,27.4052631578947,27.936,2.73104102906137,-6.10880994630599,-13.5955744818031,1.36552051453068,32.8400543829249,30.1460674157303,33.704,1.74636863055833,-8.64105926259832,-14.1765612755487,0.873184315279165,35.3587552300246,34.0598290598291,34.3306451612903,3.4722970543344,-6.68936816705057,-9.68003825347194,0.861129669474932,47,47,47,4.77080076718964,-4.92476744053926,-8.24947340075308,0.477080076718964,35.7836929270928,46.625,34.1314741035857,1.0775655214982,-9.12139097789596,-14.5474568203981,0.540937891792096,27.8618435854589,27.7415384615385,28.0352941176471,2.56513073133454,-6.2603931615718,-13.5867887195156,2.18036112163436,5.90850339310021,252,47,1,42,508,8,0.253746253746254,170,66.1914063460787,1,1622,41.9218364636691,-36.6188074589645,22,7.25621052415277,2.93101751814739,2.13961094107294,13.4273684636638,1
251013_Dupi_NMH_JN_2,O15,Dupi,DupiS2,JN,2,76,519809,1,150,462,982,982,1150,2300,1150,129.929896847585,0.462,3190.90935966176,1.15,45.7519413435722,45.6133333333333,45.72,1.61842731888308,-13.7059176863838,-16.3999288926588,0.809213659441539,55.9572646763466,55.7611940298507,55.492,2.23925623353287,-14.2065300133333,-16.4383066383257,1.11962811676644,36.2495255446504,38.6379310344828,36.92,2.02734642982085,-9.21355412886601,-15.0069946355695,1.01367321491043,51.7948899642412,53.5755813953488,49.932,2.40376444277466,-12.5271585296716,-16.0858507134369,1.20188222138733,31.0605939838123,30.6774193548387,31.66,2.75030285651752,-6.64565971065676,-14.4637760231419,1.37515142825876,55.8729624201748,55.5811965811966,55.3679653679654,2.24216469137179,-14.2813877845668,-16.4875156666197,1.03588008741377,38.2207560019463,40.984962406015,38.7653846153846,2.04347461401183,-9.45951108306251,-15.0479775295746,1.06260679928615,42.0832457798653,51.0769230769231,39.5714285714286,1.68164715319053,-11.2121879243465,-16.3296220633643,0.282516721736009,42.1874822447573,42.6940298507463,42.5026086956522,2.55866104077868,-9.16819091519249,-15.2715641014438,2.94246019689548,5.1523920851216,1732,25,1,14,482,5,0.240759240759241,140,26.1813605129517,1,1806,-0.636311895276054,-49.6306807607846,33,13.413099204658,2.81466007073692,1.76630207423715,12.6679137858258,1
251013_Dupi_NMH_JN_2,O15,Dupi,DupiS2,JN,2,77,521296,1,150,280,736,736,1162,2324,1162,81.4994974553153,0.28,5148.42692257923,1.162,44.6544817040474,40,45.072,1.01658173820276,-13.2805447833279,-15.239122880786,0.508290869101378,41.3372073692258,40.5483870967742,41.46,1.73889444731179,-9.1438340391298,-14.9840468692655,0.869447223655894,31.5907161150551,33,31.796,0.974136220086895,-8.35065241000742,-14.8260376520923,0.487068110043447,34.3925057473829,29,39.116,0.822619691595843,-11.770899318556,-16.4248952481278,0.411309845797922,30.5083912238859,27,37.82,0.864163200699792,-10.2258634680238,-15.2558201774144,0.432081600349896,43.2212683819664,42,44.6071428571429,2.32623517430653,-9.98229184874774,-15.324681992709,0.65134584880583,34.363622260915,33,35.6447368421053,1.10177328001038,-7.40330584270957,-14.3187207965044,0.502408615684731,29.0689584433034,29,29.5352112676056,1.04545975653741,-10.0138937981979,-15.8535667474364,0.445365856284937,29.8839117688302,26.5114503816794,36.4440619621342,1.05737815811574,-9.74168758696179,-15.5142272817251,1.22867341973049,3.87793394796371,182,42,1,126,106,1,0.0529470529470529,106,23.2288414166452,1,872,-33.4179472585847,-17.4425875609484,15,6.29974811544873,2.15370820310025,0.840767672982083,11.5177761377504,1
251013_Dupi_NMH_JN_2,O15,Dupi,DupiS2,JN,2,78,523028,1,150,214,324,324,986,1972,986,354.194392350103,0.214,48044.3785297946,0.986,39.723622072556,40.0380952380952,39.212,1.87458480965378,-9.60508506141981,-14.7434707864836,0.937292404826888,49.7608960047953,50,51.6,2.80285902221916,-8.10857707803173,-10.8269625237717,1.40142951110958,49.8257471296565,49.1732283464567,51.12,2.48292989065457,-7.41265742738601,-11.4342984068144,1.24146494532728,49.5516447288085,45.2978723404255,51.784,1.42617392885209,-10.4675476240035,-12.0681745225137,0.713086964426047,37.7122261173098,37.8641975308642,37.74,1.92917256462973,-8.09913224463864,-13.5115758799523,0.964586282314867,45.8310950711859,45.921568627451,46.1495327102804,4.07002968813416,-6.0961266621032,-9.05195000943903,0.87098635326071,56.8091849816573,56.7777777777778,56.7636363636364,3.23478715160671,-9.0350833027939,-10.9774802933273,0.355826586676738,50.4253223432092,49.5985401459854,52.1057401812689,2.11475818977723,-8.17101631996242,-12.094774458861,1.39996992163252,43.0582874288924,40.7894736842105,45.0466531440162,1.62955415879968,-9.20244035803249,-12.6629333619251,1.60674040057648,5.97512575321364,122,45,1,24,530,5,0.264735264735265,170,55.2094712251648,1,1312,27.0043634983874,-12.2187069639334,20,6.50618015121617,3.39123110236485,2.45037073034964,20.1183391379699,1
251013_Dupi_NMH_JN_2,O15,Dupi,DupiS2,JN,2,79,524412,1,150,282,848,848,1000,2000,1000,91.4801238904994,0.282,5376.74508664332,1,52.1014491591583,52.578125,51.844,1.53043779825847,-14.321109782458,-14.7294764176598,0.765218899129236,47.0885069498251,48,46.292,1.17586983481239,-12.9593169493899,-15.0519400433006,0.587934917406195,30.75406484538,30.0833333333333,31.3,2.14157475069175,-5.41505235375517,-11.4627201114956,1.07078737534587,28.381053297285,28.8550724637681,28.372,2.17538116592549,-5.69281570062598,-12.3122685539291,1.08769058296275,40.0444365964079,36.4081632653061,41.16,1.64045893953366,-10.3071005303132,-12.6100290818068,0.820229469766832,45.8946858191739,NaN,44.9716312056738,0.902644190301095,-11.812369717399,-15.7268193090812,0.254545661664909,36.2493361716393,32.991935483871,38.1448763250883,1.95318448366581,-7.27196441043126,-12.1307576785638,1.10550241775485,29.6644955517789,29.3333333333333,29.7631578947368,1.96496192981785,-5.35022459941709,-12.2139767801163,0.298674213332313,33.3952312684428,30.8342245989305,34.766,1.90792005272958,-7.41396156621869,-12.458597439266,1.90792005272958,4.80102767820322,1224,25,1,586,284,6,0.141858141858142,100,19.5640056673248,1,1822,-4.43938531587934,-28.4329288718502,23,6.23869616734844,2.67377037367915,1.61354107188536,12.6138230397308,1
251013_Dupi_NMH_JN_2,O15,Dupi,DupiS2,JN,2,80,530563,1,150,380,886,886,1302,2604,1302,126.551832300948,0.38,4751.35759580979,1.302,51.4737805629542,NaN,49.792,0.966096298907269,-13.9168761944207,-13.4175867134345,0.483048149453635,54.1828987337761,54.0680272108844,54.32,2.49167443818067,-10.0591197669106,-12.0877637404558,1.24583721909034,53.3995239770005,53.5354838709677,53.732,2.68655768189515,-8.35870692298964,-13.5071357228498,1.34327884094757,50.9249272152688,54.9195402298851,48.956,1.7821104738198,-11.8062227076092,-13.0033401107667,0.891055236909902,27.410832280609,25.13,29.688,2.20264298327364,-5.07476394072922,-12.4497276454991,1.10132149163682,54.3817339377547,54.3218390804598,54.5157894736842,2.24594735863246,-10.9308702588767,-12.1272554852615,0.853459996280337,52.6363734856692,52.6927374301676,52.7628458498024,2.89136993231989,-7.88771704991504,-13.1292511957983,1.46303318575387,54.8748612455427,57.4392523364486,53.2548076923077,2.14395850291402,-10.8410620029115,-12.6992905591916,0.891886737212232,33.2857441524962,31.8642533936652,35.1336405529954,1.88354916342358,-7.7156923325881,-13.6079010876753,2.4523810107775,5.86920472285719,1568,25,1,294,540,5,0.26973026973027,164,22.6355499791984,1,1842,-3.68089546575604,2.83061004205903,33,11.9966149527348,2.40435463898718,1.29037572018067,16.3560068770793,1
251013_Dupi_NMH_JN_2,O15,Dupi,DupiS2,JN,2,81,532379,1,150,468,1010,1010,1158,2316,1158,93.8083648379193,0.468,4560.91948725006,1.158,36.4544815321327,34.906976744186,36.296,1.72349323920046,-8.21874364729516,-13.1780776758461,0.861746619600232,52.9751328349614,53.2533333333333,52.996,2.18417686554961,-12.1457740815798,-14.4774293699732,1.09208843277481,31.1371540339637,29,34.688,1.24417431583052,-8.15867861856204,-13.9081517568601,0.622087157915261,27.1448314147584,27.1279069767442,28.06,2.51491098096883,-6.51514076392829,-12.3875519242662,1.25745549048441,34.3570135558492,33,34.732,1.51863029735626,-8.3696908501583,-13.5240214741999,0.759315148678131,52.7852343898965,53.2533333333333,52.7820512820513,2.24674334938311,-12.0644463230183,-14.5335865415347,1.0514758875113,32.7414879047958,29,35.8856088560886,1.2474609452916,-8.33096375283773,-13.8847782203553,0.676123832348048,30,30,30,1.96707237565501,-6.58306822135492,-13.0911787971314,0.291126711596942,31.721563379969,30.4109589041096,33.6200345423143,1.85272141897057,-7.85087237918852,-13.1498432046406,2.14545140316793,4.56463840354399,1396,25,1,12,308,6,0.153846153846154,136,18.876875386228,1,1858,19.7951052931132,-33.1207429188224,33,12.3294850416776,2.62182797227095,1.43908786718062,12.4789425306116,1
251013_Dupi_NMH_JN_2,O15,Dupi,DupiS2,JN,2,82,533898,1,150,200,326,326,1126,2252,1126,247.374037869683,0.2,41327.5962826256,1.126,50.7799359953663,51.063829787234,50.708,2.67292558184202,-12.2973361062234,-13.4058744890653,1.33646279092101,44.0745257736192,43.5698324022346,43.12,2.93906310874419,-6.22340490744855,-10.6850855889876,1.4695315543721,28.3839988438931,28.7234042553191,28.34,1.67706171035517,-8.66668857496906,-13.9397049531473,0.838530855177586,26.4715668931498,26.6285714285714,26.4,2.16641036131174,-8.34922804150263,-13.5466436790887,1.08320518065587,32.0228506721606,28,36.208,1.56716132305517,-9.33455691780342,-14.9935890337641,0.783580661527584,48.3554152462948,49.2659574468085,49.42,3.87914887063971,-6.19435480889721,-9.59530279476714,0.775829774127941,43.921254421579,44,43.7936507936508,3.39315008028996,-4.363119942055,-9.88801860437566,0.427536910116534,28.6558014563804,28.6622516556291,29.425,1.63128287007056,-8.74502213083843,-13.8467354660821,1.30502629605645,33.7859358807536,32.7455830388693,35.7513321492007,1.9540775920093,-8.86791718427185,-14.1348684535182,2.20029136860248,6.41928106116796,172,47,1,0,344,7,0.171828171828172,160,41.2129154725614,1,1800,-47.3519256308101,-23.1365615811218,28,9.08320108126863,3.09427456438535,2.02256339396471,14.8952391085159,1
251013_Dupi_NMH_JN_2,O15,Dupi,DupiS2,JN,2,83,535612,1,150,280,1204,1204,1818,3636,1818,59.850271971828,0.28,3282.01591881387,1.818,53.0585672005075,53.0104166666667,52.624,2.63228801968598,-13.504229171012,-14.7588416726033,1.31614400984299,47.017444616113,47.8026905829596,48.224,3.39975967484234,-7.69437034904406,-11.8485469724867,1.69987983742117,56.8944264139696,57.0851063829787,56.704,1.50346629803934,-14.7344605301205,-15.5684393987647,0.751733149019671,30.8002201177088,25.85,33.888,2.0501970603563,-4.93971631260455,-13.0556270561503,1.02509853017815,27.0311754370573,27.0459183673469,27.152,2.74276770063198,-3.02023953426137,-11.5959092612954,1.37138385031599,42.3577544449422,42.503937007874,43.0785714285714,3.79565116902257,-5.7933604245506,-10.7201920602101,1.06278232732632,54.3065767983496,55.0342465753425,53.9025974025974,1.79148936168374,-13.9956579946201,-15.254325232289,1.65533617019578,26.0468420400952,26.1048034934498,26.0065146579805,2.81082608836671,-2.66176381453336,-11.5532514017336,1.72584721825716,32.7130752720712,32.5409836065574,33.3267326732673,2.0066482793058,-6.6265800393636,-13.367252412035,3.64808657177795,5.13533038308144,102,42,1,24,730,8,0.364635364635365,222,28.4145465176943,1,1516,36.5862265224815,10.5374623143633,33,12.4551289537247,2.59335067413025,1.53227592522442,10.8946746223072,1
251013_Dupi_NMH_JN_2,O15,Dupi,DupiS2,JN,2,84,537778,1,150,402,902,902,1456,2912,1456,99.9737272078775,0.402,3833.08187459102,1.456,43.0124285741713,45,40.616,0.791866766288124,-12.0303166376782,-15.8548890816407,0.395933383144062,36.364970639764,36.8203592814371,37.232,2.83592575447737,-6.86888443653874,-12.3720425352385,1.41796287723868,44.7701076107042,44.5193370165746,45.984,2.67947011931538,-9.93957570860127,-14.0964040004261,1.33973505965769,52.5410833461531,52.82,52.292,2.13584194277107,-14.8079249595407,-14.8371848522561,1.06792097138554,50.9025934327134,49.5507246376812,52.392,2.51710913878386,-13.5131765270952,-14.728645268533,1.25855456939193,39.5285087385715,39.6525423728814,38.9950248756219,2.35618982404101,-8.38871307685251,-13.0862575853453,0.947188309264486,39.1381072026984,39.3115577889447,41.084,3.21206428707596,-7.3439876180106,-12.7749366600079,1.60603214353798,53.2016922151936,53.4968553459119,52.8736462093863,2.01983228867239,-14.9879063989736,-15.1460535282112,1.1189870879245,45.6862046402934,44.0168269230769,47.1881868131868,2.41404264411035,-9.45992160141903,-13.9047723887934,3.51484608982467,5.26779813468099,486,30,1,206,734,9,0.366633366633367,172,12.4181969676671,1,1524,-18.2014797951053,25.1859158074962,26,7.91657446745976,2.76163354892064,1.6405410999621,12.8505040697027,1
251013_Dupi_NMH_JN_2,O15,Dupi,DupiS2,JN,2,85,546883,1,150,344,1048,1048,1384,2768,1384,109.679974023823,0.344,6889.16719748858,1.384,36.5891276659021,31,37.264,1.0348537735718,-10.4639573555593,-15.3896767240891,0.517426886785898,53.9289220366591,54.910447761194,50.792,1.96934101095526,-11.7747048087365,-14.0819996403111,0.984670505477632,44.6228087014401,44.7916666666667,44.712,3.0643767490177,-8.3224459297383,-11.5055824125072,1.53218837450885,46.8476128913919,46,47.48,1.50574573556864,-11.862622107118,-15.4437756816189,0.752872867784319,29.3205941960095,29.5174825174825,29.82,2.39456216086997,-6.00207171765684,-12.4856914029687,1.19728108043499,51.3671309817055,53,48.156976744186,1.53802704972394,-12.6162912992417,-14.7512441639786,0.529081305105037,47.4198117260223,47.863813229572,47.5085227272727,2.86610309028972,-8.93648483581141,-11.9492712321524,2.01773657556396,47.4959530404298,46,48.0476190476191,1.25527003080999,-12.6922080416663,-15.6616928859616,0.421770730352157,32.3249669678942,33.179347826087,32.6575144508671,1.95580727942045,-7.39963713938582,-13.5471930220141,2.70683727471791,5.58284338209828,600,40,1,268,544,6,0.271728271728272,134,16.7295648272994,1,1620,40.102067918801,-19.9116015930324,32,10.2354625397157,2.49676193440287,1.38117299692852,13.5993002236444,1
251013_Dupi_NMH_JN_2,O15,Dupi,DupiS2,JN,2,86,548617,1,150,308,926,926,1086,2172,1086,108.642657529035,0.308,5191.57459173925,1.086,55.0443258697708,NaN,51.572,0.123848776438864,-10.2326652953163,-13.0411010466624,0.0619243882194322,56.820897970836,NaN,56.528,0.108812970666619,-12.1566320863313,-13.9887108461279,0.0544064853333096,50.7228912586123,NaN,48.38,0.0716981058479896,-8.64961935481799,-8.85239604156422,0.0358490529239948,53.3687224402826,53.1875,54.74,2.25510039873533,-3.73783869972683,4.49720830304949,1.12755019936766,54,NaN,54,0.00424877998611787,-15.3288320096292,-14.5528123447148,0.00212438999305893,56.3407005276803,NaN,56.2337662337662,0.0479863517282525,-12.7696055003442,-13.4646712112304,0.0147797963323018,56.8602429102205,NaN,51.3656957928803,0.0804730663729801,-10.6957325340955,-12.9008573016532,0.0497323550185017,50.7759775478307,51,48.6,1.7748676588935,-1.88234934023092,4.06394646740993,0.283978825422961,54.0721749710964,54.0434782608696,52.5893186003683,0.802597054129518,-8.36353756159883,-0.101506693967688,0.871620400784657,8.28208772629375,1126,55,1,1050,158,1,0.0789210789210789,158,1197.73332869626,1,1880,5.33333333333335,-23.8025272639297,4,1.97517487566891,1.14625013738497,2.05168758417363,-2.85776811615994,0
251013_Dupi_NMH_JN_2,O15,Dupi,DupiS2,JN,2,87,550051,1,150,268,754,754,1104,2208,1104,64.2052311447414,0.268,4150.6061198005,1.104,50.0901440374952,50.1090909090909,50.072,1.79170195973017,-14.092918986668,-12.9751162149318,0.895850979865086,50.9725098191313,54.5283018867925,48.676,1.37320312063436,-14.245848635794,-17.5247277532041,0.68660156031718,35.0504797172211,31.416,38.264,2.36147410535072,-7.07894888039183,-12.320230882492,1.18073705267536,41.4452925512765,44.1374045801527,37.716,2.37311469952498,-8.76070137001333,-13.9484682621535,1.18655734976249,51.2781981885067,52.9022556390977,49.48,2.46606443713833,-12.9892963756568,-15.4981384259344,1.23303221856916,46.0828291480744,56,44.3731343283582,0.954631573277443,-13.8588167322961,-17.2930772338079,0.255841261638355,48.8611257294042,46.0512820512821,49.2839506172839,1.68618004386033,-12.5522870310586,-15.396817614858,0.819483501316119,30.9002302490328,31,30.7714285714286,2.62449040864648,-5.62694366070654,-11.9671273314624,0.918571643026269,48.2901479268663,49.4605263157895,46.929347826087,2.37164453283818,-11.3362772644326,-14.8438504230303,2.61829556425336,5.89825365897911,856,31,1,808,500,6,0.24975024975025,168,27.1228245977517,1,1518,28.7296528173022,-38.5564074887408,27,9.4127530685398,1.65413467893687,0.247081880628302,9.45171282704904,1
251013_Dupi_NMH_JN_2,O15,Dupi,DupiS2,JN,2,88,552943,1,150,324,936,936,1374,2748,1374,73.2044560128783,0.324,3262.48783158951,1.374,39.7514023205145,39.7266666666667,40.36,2.85911878686443,-7.3510302380111,-12.9321127979466,1.42955939343222,47.3319096628013,47.4,47.12,2.15894917973696,-13.4499846215825,-13.0887364425941,1.07947458986848,51.1072169137404,50.6666666666667,51.096,1.66058969057071,-13.7950256713395,-14.0818257120405,0.830294845285357,56.3626219075978,58,55.568,1.501399336905,-14.1645654123184,-13.2114019842228,0.750699668452499,45.1272576422901,43.9758064516129,45.9,2.17712756498715,-12.1644756295861,-14.7392460044948,1.08856378249358,47.4390622484111,47.4,47.2839506172839,2.8145484904367,-12.6785849407515,-12.649163047274,0.911913710901492,49.9708616087446,50.6666666666667,49.562091503268,1.46680181572533,-13.9487036954219,-14.0198989224031,0.897682711223905,56.9245529947385,58,56.2557077625571,1.59380068902561,-14.1342084285086,-13.164542893212,0.698084701793219,48.8174221029296,47.9310344827586,49.5269286754003,1.85823422828212,-13.7052105651004,-14.6042251461932,2.55321382965963,4.85244394853952,58,48,1,0,350,6,0.174825174825175,102,15.014751252877,1,1528,-2.20982735723773,9.17929057952136,15,5.03524357519899,2.02705065958241,0.735429116013926,11.218536475936,1
251013_Dupi_NMH_JN_2,O15,Dupi,DupiS2,JN,2,89,554499,1,150,344,768,768,1294,2588,1294,74.9232553114401,0.344,3766.79679557913,1.294,38.307460045789,37.8829787234043,39.148,1.44990585201929,-8.12383263931253,-13.8086590091903,0.724952926009645,33.5964224399437,33.4485294117647,34.396,2.13466401557926,-7.02567698242024,-14.1305917808903,1.06733200778963,33.1416406437423,27.3411764705882,39.412,1.69500097762893,-7.11700615414156,-13.8222315278295,0.847500488814464,29.3669599563813,29.5,28.832,2.58542290873977,-4.8483334326037,-11.8371225164244,1.29271145436988,34.9243039495078,36.2156862745098,35.06,2.06713412652023,-7.41209824016529,-13.5014775244371,1.03356706326012,33.6331289230814,33.5083333333333,33.9593023255814,2.68521986524801,-6.08184335324331,-13.4035271177804,0.923715633645314,43.4234298072868,33,44.377358490566,0.838172114929923,-11.7754776020678,-15.7190407518066,0.355384976730288,28.5365590160182,28.6206896551724,28.5893536121673,3.01776960820659,-4.31990186785687,-11.9692995319272,1.58734681391667,39.0038479394194,38.9325396825397,39.5950540958269,1.8587108681678,-8.13382076782049,-13.1179960051557,2.40517186340914,5.75697614671238,1596,25,1,192,684,6,0.341658341658342,198,46.7598270396962,1,1782,3.49079870992222,-8.16289500130272,26,6.69074612128507,2.25834366945147,1.1232766833881,10.4238350491931,1
251013_Dupi_NMH_JN_2,O15,Dupi,DupiS2,JN,2,90,573741,1,150,214,928,928,1508,3016,1508,54.2735732609871,0.214,30753.4097792131,1.508,34.8733188437459,34.4696132596685,35.852,2.96542956876138,-6.9588297271027,-12.3051994899512,1.48271478438069,48.3441203730377,48.2687224669604,48.152,2.89359944781919,-12.4985919648525,-13.1762814933233,1.4467997239096,49.4495781100725,49.2168674698795,49.492,1.74063867051752,-14.0886910533669,-15.5305758824753,0.870319335258762,49.5408484491602,49.6,49.748,2.10455475608441,-14.0988369626681,-15.3443039079896,1.05227737804221,47.9073108707216,47.2661290322581,49.012,1.95251339304263,-11.7510796778618,-16.6353258577643,0.976256696521316,47,47,47,2.64348872170093,-13.3366581490561,-13.4713513192649,0.565706586443998,49.353166114349,49.1435406698565,49.3501400560224,2.27538806118533,-13.0587739487768,-14.2477806396897,1.62462707568632,49.5918594991948,49.7260273972603,49.7413793103448,2.06749869670641,-14.1681885337548,-15.5148576045237,1.19914924408972,42.4395578362754,42.2890173410405,43.0941644562334,1.44765763297449,-11.836978079406,-16.2647067889282,2.18306771052553,4.23246938763896,426,50,1,44,390,7,0.194805194805195,106,10.5933573779375,1,1648,8.47884651868713,0.983920795027352,31,6.89614023503121,3.15079153228519,2.05377283682348,14.5311903712559,1
251013_Dupi_NMH_JN_2,O15,Dupi,DupiS2,JN,2,91,588160,1,150,288,922,922,1294,2588,1294,49.8939449539077,0.288,16554.8429424872,1.294,35.751977616262,35.9567901234568,35.84,2.63606395681439,-7.73286878016537,-12.6195212077783,1.31803197840719,32.7545733950518,32.5696202531646,33.048,2.28189842420102,-8.34211846045325,-14.4113789074094,1.14094921210051,40.3201528540598,35.7547169811321,41.232,1.60710240062318,-11.8060913550812,-15.7598623631022,0.803551200311589,48.7744980517785,50.9714285714286,48.316,1.36109379833049,-13.8313383311592,-17.570768795883,0.680546899165244,54.5719211254399,54.9738562091503,55.412,2.8720077412171,-12.1783746054634,-15.7019655991293,1.43600387060855,34.0284309024912,33.8292682926829,34.4444444444444,2.16655581485759,-8.56652935788744,-14.0922197018131,0.623968074678985,35.9923255833698,33.077519379845,37.3438485804416,1.91252271092962,-10.0216952355468,-15.296951753164,1.21253939872938,46.4566667625982,NaN,46.5967741935484,1.17680073155115,-14.1694106751034,-17.7555102541861,0.437769872137028,49.1592626359185,47.9846743295019,49.6506955177743,1.96227902068873,-12.3248623506768,-16.4656940635424,2.53918905277121,5.97052827059863,1566,52,1,246,344,4,0.171828171828172,144,12.9618545308135,1,806,-14.8218554354013,25.0853277254625,26,11.0012971364013,2.1879027324877,0.952132051653783,9.96290409117771,1
251013_Dupi_NMH_JN_2,O15,Dupi,DupiS2,JN,2,92,594386,1,150,338,922,922,1498,2996,1498,91.7277686286905,0.338,3776.6805016752,1.498,41.9060651468545,40.9223300970874,43.976,1.82586294406935,-10.8626585909868,-15.4864943251791,0.912931472034676,51.1677440923162,51.8421052631579,51.064,1.20751683932567,-15.8241892041367,-16.1838447906061,0.603758419662834,55.3774909275629,55.989010989011,55.032,1.90611036738108,-15.1617098485651,-16.7156982665624,0.953055183690542,45.5042079776259,44.8591549295775,45.744,1.51512269325995,-13.8987164108277,-16.9754534313835,0.757561346629973,48.6979516938075,49.5882352941176,48.34,1.721767391009,-14.263047033505,-14.6283664455987,0.8608836955045,51.2449753045604,51.8421052631579,51.094674556213,1.22312664647258,-15.8476395648523,-15.7112650093777,0.413416806507732,54.436426224815,55.987012987013,53.7842465753425,1.6919808754223,-15.3418557283494,-16.7091105668843,0.98811683124662,47.3133092568745,46.7380952380952,47.1423611111111,1.57608536908106,-14.0435281221062,-17.129633207019,0.907825172590692,44.72586017055,44.2112676056338,45.6275033377837,2.28478263112004,-11.8509726655629,-13.6581422488245,3.42260438141783,3.59817765107419,634,56,1,602,184,4,0.0919080919080919,100,10.5870062394015,1,1368,0.929235439195609,8.83007034652174,13,4.87577366960868,2.01321554603288,0.728080063851128,7.25858596232865,1
251013_Dupi_NMH_JN_2,O15,Dupi,DupiS2,JN,2,93,595721,1,150,284,1196,1196,1446,2892,1446,65.8006938328554,0.284,3215.64894138197,1.446,46.4038396627586,41.75,46.248,1.30314405621123,-13.4101840191688,-14.0360016503625,0.651572028105613,39.2877622408789,39.3880597014925,38.584,3.18000250293831,-9.29737205513288,-13.195744619997,1.59000125146915,33.6976687522344,34.8455882352941,32.616,2.11453251739656,-8.46936624830385,-14.2520266529505,1.05726625869828,51.2576507127596,51.2857142857143,52.136,2.52190772433308,-12.9539519584481,-15.655099020357,1.26095386216654,54.9551965982655,57.5470085470085,53.784,2.04070887390399,-13.6627450126903,-15.9937797942062,1.020354436952,40.2268865551822,40.1478873239437,40.1478873239437,3.72633532532055,-9.12700412597478,-12.6862362768769,1.05827923239104,38.0111430274898,39.1643356643357,36.6030701754386,2.3864096138536,-9.11533523037311,-14.1602957006571,2.17640556783448,55.4442954232972,55.4225352112676,55.44,2.07634105790225,-15.4608104234603,-16.8715673898743,0.519085264475562,47.7168532753266,49.0551181102362,46.0677731673582,1.68226834362459,-12.3505480510319,-16.0835461716574,2.43256002488115,4.97669060724127,278,41,1,52,560,7,0.27972027972028,150,14.5048060753723,1,1698,-11.7123885410738,-1.60633863103435,32,9.67536885143916,2.08986206039508,0.837268561046572,10.0021281099536,1
251013_Dupi_NMH_JN_2,O15,Dupi,DupiS2,JN,2,94,597004,1,150,338,916,916,1640,3280,1640,74.567099431028,0.338,2993.28928816854,1.64,37.0456654991938,39,36.948,0.931770722247205,-11.9239786971015,-16.8032776590185,0.465885361123602,37.6861682687555,37.6950354609929,37.656,2.12984126415982,-9.53834838216407,-15.2200310600659,1.06492063207991,44.7172212509037,47.3559322033898,42.736,1.52496537943418,-12.9165021845993,-16.6676511787819,0.762482689717089,42.0781904242953,43.2011494252874,44.432,2.41297385207081,-10.1011812332013,-15.6428850689839,1.20648692603541,39.5630621241529,38.5125,41.568,2.46126230941086,-10.4181703412125,-14.0111802640911,1.23063115470543,37.3240849140668,37.469696969697,37.2603550295858,1.76581547938112,-9.53179645415034,-15.046916713293,0.596845632030819,42.9463768280061,42.0597014925373,43.1626297577855,1.99173887799508,-12.148608359457,-16.388940282158,1.15122507148116,43.1242470129615,44.4299516908213,44.1657458563536,2.16543278280427,-10.7213264457398,-15.6410955884117,1.56777333475029,43.1195816554375,43.933216168717,43.3512195121951,2.42256815451741,-11.2994534262679,-14.6327364778782,3.97301177340855,4.56508948467496,1100,32,1,312,414,5,0.206793206793207,122,18.7572651563124,1,1762,3.40846139252513,-1.24446346819518,22,7.90002284051603,2.15749367191045,0.663601035215703,10.1101256577081,1
251013_Dupi_NMH_JN_2,O15,Dupi,DupiS2,JN,2,95,598483,1,150,2320,2478,2478,2800,5600,2800,-294.022204109594,2.32,10520.3700596317,2.8,49.4124240204752,49.6331877729258,49.46,2.52094169883575,-13.1887588230977,-15.2447631459439,1.26047084941787,45.601222221117,45.6908212560386,45.808,2.45385293530267,-12.416151988709,-14.3846424426635,1.22692646765133,54.3505185777336,56.3673469387755,50.936,1.72715372464779,-14.0539531015017,-16.614428440785,0.863576862323897,32.1063257485828,32,33.208,0.907744757844548,-11.1923823174396,-16.4109815154624,0.453872378922274,27.7140265773826,27.5294117647059,28.052,2.60695422824688,-7.71376347614175,-14.2349379897271,1.30347711412344,40.2935031962243,41.1622176591376,40.4241379310345,1.76513867771878,-11.1316172793328,-15.5515173626702,4.09512173230757,51.6795634495825,52,51.0126582278481,1.34582567682882,-16.9956420974995,-14.343591917447,0.212640456938954,56.3808745664131,58,54.8571428571429,1.78699018350115,-14.4276112471383,-16.317036763097,0.575410839087369,38.9008949348786,39.4642857142857,37.4116666666667,2.50007711899291,-8.81113859695552,-14.560004297077,3.00009254279149,4.10293311423203,1666,26,1,124,522,5,0.260739260739261,300,8.13937520218102,1,1028,-14.5353822804022,7.72174042505676,31,11.298802224014,2.27184783828301,0.840011407784629,11.4950318414624,1
251013_Dupi_NMH_JN_2,O15,Dupi,DupiS2,JN,2,96,599512,1,150,262,440,440,742,1484,742,174.586675098926,0.262,10520.3700596317,0.742,33.2562965827651,29.8735632183908,34.64,1.91578855150943,-9.01960254233254,-14.4432096079404,0.957894275754713,30.1660308784577,29.2769230769231,34.072,1.14408094166325,-10.0310142610484,-15.7112890321109,0.572040470831623,53.0018510062709,56.4657534246575,51.828,1.40273893984908,-13.140598749867,-16.662197828583,0.701369469924538,32.7338139311424,35,31.156,1.40368199850682,-9.19282453893708,-14.7528777431111,0.70184099925341,38.4231926316411,38.7305389221557,38.572,2.56746652676031,-7.42388860041859,-13.5413220479004,1.28373326338015,34.120536629845,NaN,37.5114503816794,0.321870487959157,-13.1325790664545,-17.7500242168485,0.084330067845299,29.1325102842623,29.06,29.2134831460674,2.15636331869502,-7.82771345736168,-14.1578050193784,0.383832670727713,50.5076118747633,48.2325581395349,51.4966887417219,1.33512549773681,-12.5458212437754,-16.6729068201024,0.403207900316517,39.207141532983,45.1428571428571,36.911051212938,1.39146286591569,-10.1916966758782,-15.2201455505225,1.03246544650944,4.49144492639163,1494,35,1,392,224,3,0.111888111888112,120,45.8067484822321,1,1806,-20.5224815025612,30.132132355678,29,9.29561785449532,2.77308619642059,1.58614452800256,12.4905056795468,1
251013_Dupi_NMH_JN_2,O15,Dupi,DupiS2,JN,2,97,628089,1,150,292,482,482,1376,2752,1376,27.4123329804473,0.292,2704.78570472602,1.376,38.1589914948076,38.0643274853801,37.792,2.34000819078293,-7.81206585825059,-12.0973624760676,1.17000409539147,34.7162401640385,32,34.916,0.818084354972398,-10.5697841681169,-16.1251594304345,0.409042177486199,45.895979932809,51,39.548,0.648411418091227,-12.8828670950478,-16.3050941425502,0.324205709045614,28.5757758879669,NaN,28.236,0.683542025414631,-10.2429678108992,-14.9398787663376,0.341771012707315,46.1319660510233,47,45.208,2.27107766738432,-10.0320507450873,-12.9586173903276,1.13553883369216,31.3234995742018,32,30.7123287671233,1.05960047558485,-9.38784650278994,-15.2379833731739,0.309403338870775,43.7058978684854,NaN,39.8526315789474,0.413289677203101,-12.9789519154301,-17.8083316611162,0.0785250386685891,38.5315346675178,51,34.6957494407159,0.648414478153036,-11.6592693518826,-15.9792847142059,0.579682543468814,44.8023102300685,47,44.3895348837209,1.34001415018281,-10.9243979784131,-14.5800200874278,1.84385947065155,5.06745307844304,1830,47,1,1760,116,1,0.0579420579420579,116,29.5097418431247,1,1320,39.2088787706318,-3.08417389362415,19,5.78454491011848,2.32653486542756,1.08379469890991,10.9155460858196,1
251013_Dupi_NMH_JN_2,O15,Dupi,DupiS2,JN,2,98,655874,1,150,532,994,994,1206,2412,1206,75.7513368326126,0.532,2278.39842343849,1.206,33.5505561739555,32.8461538461538,33.952,2.21674954948164,-6.45011608016322,-12.7669302064289,1.10837477474082,35.7745048018616,36.1153846153846,34.536,2.23440308409554,-8.6257600743204,-12.7546650550371,1.11720154204777,44.92493555552,45.3246753246753,44.18,1.64384409659823,-12.6891684011123,-14.785798063077,0.821922048299117,51.0689969691065,51.433734939759,50.656,2.28300625647763,-12.7624910483634,-14.9326686337111,1.14150312823881,32.6789937935106,27.64,35.688,1.18669494462129,-10.0426217351602,-15.3384466678867,0.593347472310644,35.8029300469026,36.1153846153846,34.7067669172932,2.12919881062432,-8.79033085166782,-12.870304137825,1.13273376725214,45.0271713444709,45.3246753246753,44.6017316017316,1.72541979060747,-12.6760040379869,-14.7402996462804,0.797143943260651,50.5678443317097,51.2,50.2641509433962,1.97337885607166,-13.1687741502477,-15.4495804157544,0.418356317487191,48.0225881963751,48.3130081300813,46.1442786069652,1.78722935821817,-11.3751661572681,-14.7363568459029,2.15539860601111,5.66600113645983,154,39,1,90,288,4,0.143856143856144,130,27.46252222041,1,1476,-22.204135837602,20.6910894405777,27,9.11878223231042,1.53442308353274,0.3893850052015,4.1935677753881,0
251013_Dupi_NMH_JN_2,O15,Dupi,DupiS2,JN,2,99,657949,1,150,698,1262,1262,3576,7152,3576,78.5317689128937,0.698,2099.7834109713,3.576,54.5674874526372,55.6024096385542,53.28,2.07369423174679,-13.5190082585873,-14.8368651153608,1.0368471158734,46.1406668725175,50,45.98,1.23996724379636,-11.5827036529857,-13.9202944323901,0.61998362189818,35.0397442228363,34.8947368421053,35.744,2.20943499248851,-6.61780598130983,-12.6079106471941,1.10471749624425,33.4605050938618,35.76,30.944,1.41864935921225,-8.05838294349858,-14.2623143752266,0.709324679606126,49.3528875500506,45.5151515151515,50.976,1.4960642705374,-11.7093906096505,-13.3207440957302,0.748032135268698,40.5404483407093,35.2970297029703,42.6934097421203,1.69029034720876,-8.5759905475904,-13.1822655392765,1.17982266235172,33.6010551853718,34.6764705882353,33.2269503546099,1.44119910988484,-8.67712170532325,-13.9497638720078,0.812836297975051,41.2620579949509,40.6207584830339,41.3025064822818,1.92398462253937,-8.28498281244315,-12.6905273997392,4.4521004165561,35.01278104732,35.2666666666667,34.1509433962264,2.1293604197209,-7.59670160919241,-14.6050929275644,0.902848817961663,4.23520604772869,722,32,1,640,150,2,0.0749250749250749,118,45.7001773736275,1,1698,-30.5911591728325,-14.0327353258645,32,8.34510383892838,1.26499237778825,0.235135796428119,2.75716817655836,0
251013_Dupi_NMH_JN_2,O15,Dupi,DupiS2,JN,2,100,659517,1,150,242,360,360,1022,2044,1022,171.876062248858,0.242,18559.7099202225,1.022,35.3671571828451,35.0102040816327,36.028,2.11779590541952,-7.51531324244825,-11.7188203583312,1.05889795270976,39.6001622057438,46.3137254901961,37.988,1.28408326266385,-7.56701436924363,-14.1992069095939,0.642041631331926,41.8222192103442,41.8139534883721,40.168,1.89813001137322,-7.87072526785266,-14.1264957825984,0.949065005686611,44.7713712182153,44.9322033898305,44.616,1.52011014704093,-10.974844990594,-14.0251628089608,0.760055073520464,49.10257846442,49.2637362637363,48.9,1.72219967291136,-11.6405816028226,-11.7349017794702,0.861099836455681,47.0056025738329,46.3137254901961,47.900826446281,1.7343437273519,-11.0354755664361,-14.1663655942128,0.419711182019159,25.2926893235966,NaN,31.9830508474576,0.43088325473289,-7.00741774688514,-15.7740491996503,0.050844224058481,39.5715181627903,41.8139534883721,37.3474320241692,1.74900535625428,-7.112657122077,-13.9516563022602,1.15784154584033,47.4484676732203,48.1117647058824,47.0195694716243,1.65919214756593,-11.2967905423368,-12.732205219129,1.69569437481238,4.50913114373724,912,46,1,38,128,2,0.0639360639360639,102,7.34141871094908,1,764,-61.6349838740277,20.966799419362,26,5.48054666912794,1.9071974349398,1.16415254422198,4.83040418721347,0
251013_Dupi_NMH_JN_2,O15,Dupi,DupiS2,JN,2,101,660521,1,150,2500,3120,3120,3530,7060,3530,-432.345014265515,2.5,10492.3278015534,3.53,48.4258891488382,48.1729323308271,48.724,2.16804834850264,-11.6364411211886,-11.7910350376092,1.08402417425132,54.2174481909331,54.0398009950249,54.096,2.90544220163052,-10.5416701427288,-11.7655686898172,1.45272110081526,51.4396035342018,54,50.744,0.930020999377654,-13.4974962924044,-14.4465545135981,0.465010499688827,53.7402954836288,54.2644628099174,53.724,1.90455957999554,-11.5194783297123,-14.7982735536296,0.952279789997768,42.7659567317627,41.8859649122807,45.864,2.13513374424386,-10.5935029933056,-13.659963227183,1.06756687212193,50.2976634995736,50.9017467248908,50.2392,1.76095361539752,-11.7679089434684,-13.8360211838774,4.4023840384938,45.9876333151401,46.4700854700855,44.6677419354839,1.46659875941048,-12.0234674948614,-13.7668299938667,0.9092912308345,55.7014529813212,57,55.3268292682927,1.56899118266651,-11.51785588033,-12.8324831216116,0.643286384893271,35.6690307323016,34.990990990991,38.1234042553192,2.47853455630527,-7.62557742009334,-12.4096301530613,1.16491124146348,5.11811844858814,1844,39,1,18,424,5,0.211788211788212,142,23.3083524381919,1,1580,-3.57199772339217,-10.5774742248855,18,6.07681510048694,1.43723207443878,0.437907428477054,5.80226034520542,0
251013_Dupi_NMH_JN_2,O15,Dupi,DupiS2,JN,2,102,661666,1,150,292,796,796,1240,2480,1240,114.788563477321,0.292,5302.12599252684,1.24,44.3418161718152,42.2142857142857,46.412,2.01897872781635,-10.3751009573399,-14.3815273861814,1.00948936390817,51,51,51,1.06305548642732,-13.4619085301814,-13.602069042493,0.53152774321366,51.5644932422458,51.6220472440945,51.496,1.97944173117654,-12.5166849776507,-14.603175259201,0.989720865588269,48.1830502979733,49.2441860465116,46.512,1.71548695955946,-11.7395425199491,-13.1600408200806,0.85774347977973,33.1535474341646,31,34.424,1.80044350097645,-7.39506665996899,-12.0664980905822,0.900221750488224,51,51,51,1.13684805788427,-13.3257336758034,-13.5026630748129,0.331959632902205,51.1689691146107,51.3142857142857,51.0873015873016,1.50558420550408,-12.8205835279732,-14.2068313639337,0.758814439574058,50.9085183158912,50.5737704918033,51.2027027027027,2.22186591309334,-12.3691172075835,-12.9681289619989,0.986508465413441,40.9037737200134,40.973544973545,41.2209677419355,1.88594872474781,-9.18949231426659,-12.7081092933588,2.33857641868729,4.93264127330952,1656,31,1,678,348,6,0.173826173826174,96,27.853683963014,1,1470,1.25417327526376e-14,1.60512896862322,21,8.24632477287588,1.32860838443088,0.362553122959211,3.41565790527856,0
251013_Dupi_NMH_JN_2,O15,Dupi,DupiS2,JN,2,103,682510,1,150,504,1220,1220,1640,3280,1640,95.3847233255025,0.504,2453.74874564381,1.64,31.8345632649866,30.5954198473282,32.38,2.46412261310312,-6.22457833108345,-12.0256668205974,1.23206130655156,31.6263260040367,32.8918918918919,30.684,1.872233373731,-5.89301946013097,-12.6280958723732,0.936116686865499,39.8331926889523,37.3247863247863,41.98,1.90407605341722,-6.9565312176677,-12.9033200078435,0.952038026708611,55.4712865665033,54.4050632911392,55.508,1.63377919592539,-13.6388727393489,-14.6130908170302,0.816889597962696,32.0964545088663,28.1,33.928,1.12566747553401,-7.94204766506347,-14.5878235433307,0.562833737767007,31.5520639439813,32.6842105263158,30.6388888888889,1.87842613412316,-5.83719101306356,-12.6121653089005,0.94672677159807,45.2192323479633,43.8225806451613,46.0754189944134,2.04283850343747,-8.12216804916045,-13.1037436452119,1.46267236846123,50.0583544702234,50.2857142857143,50.6047619047619,1.184670369077,-14.8193074034419,-15.9513885750201,0.497561555012342,40.1187423230629,38.2131782945736,40.1341463414634,1.55108738660637,-8.9658210049623,-13.749887465796,2.54378331403444,4.39447671481655,26,34,1,0,210,4,0.104895104895105,92,9.99366894194861,1,814,-18.5000948586606,39.872892395876,33,12.5654195826077,0.632151534557722,-0.415581839642318,0.610137458735232,0
251013_Dupi_NMH_JN_2,O15,Dupi,DupiS2,JN,2,104,716485,1,150,752,1002,1002,1288,2576,1288,98.3466463813005,0.752,2772.11888217988,1.288,44.6102444647616,41.6666666666667,45.656,1.57706147257078,-12.4339393259686,-15.4792612353103,0.788530736285388,28.3424737786799,26.4545454545455,30.416,1.66979176542148,-9.20944141810111,-15.0271499861245,0.834895882710739,30.9889843633713,31.552380952381,30.548,1.91534125768063,-9.73977036445812,-15.224874410413,0.957670628840314,45.7973100988516,39.75,49.972,1.82287421242837,-10.9543344454086,-14.2792555350794,0.911437106214186,40.857813253646,NaN,42.708,0.685704142571891,-13.71696518215,-16.8660839604015,0.342852071285945,29.1377171906031,28.4689655172414,30.2446808510638,1.71721623082339,-9.37736281806326,-15.4116661312821,1.29134660557919,31.3476289117547,31.5208333333333,31.2,2.01991867274573,-9.74888454305329,-14.311845426985,0.504979668186432,44.0175996478632,39.75,47.8111888111888,2.52680109179104,-9.1655783189464,-12.8846044599306,0.722665112252239,38.3670807514057,35.360248447205,40.9301242236025,1.30896311872239,-10.8413417650723,-15.4946079872866,1.68594449691444,5.41437443920948,1032,40,1,352,216,4,0.107892107892108,106,26.620068863653,1,956,-11.4433693796244,-0.23076636766293,15,5.04417267126698,2.12163917646588,1.09524338829055,7.48691402258917,1
251013_Dupi_NMH_JN_2,O15,Dupi,DupiS2,JN,2,105,718538,1,150,694,748,748,874,1748,874,89.6005510378008,0.694,5819.59617933126,0.874,54.8348690464908,56.2285714285714,54.152,1.83436969795189,-12.1562610161543,-15.4985409255011,0.917184848975946,47.5534789519661,47.7575757575758,48.112,1.38084348203852,-11.316040059588,-14.5646827461638,0.690421741019262,54.6068871904889,54.8020833333333,54.572,1.66244371464308,-13.3777790602934,-14.6363901120529,0.83122185732154,55.7978907803725,55.5353535353535,55.788,1.75306664276866,-11.5373915792114,-15.4961879059998,0.876533321384328,56.6821000434103,56.8392857142857,56.572,2.20007545890913,-10.1964168245725,-12.8058391252453,1.10003772945456,50.167992819671,51.0774647887324,49.7492795389049,1.67928053368245,-11.6721649225907,-14.3276169586785,1.16542069037562,54,NaN,54,0.49536051204078,-16.394628135325,-15.8884342932149,0.0267494676502021,54.2566056851878,NaN,54.2222222222222,1.24664165026077,-14.6615263650167,-14.3357653496139,0.157076847932857,56.0611434764491,56.0075757575758,55.9885583524027,1.65434077561313,-11.5805682022394,-15.1329788462726,1.44589383788587,3.65617050495418,1836,57,1,504,168,2,0.0839160839160839,134,17.529477536168,1,1910,-5.74084613925252,13.8688725946328,11,3.48350159476345,2.84006190680921,1.68876433685494,17.4614584832737,1
251013_Dupi_NMH_JN_2,O15,Dupi,DupiS2,JN,2,106,720801,1,150,238,912,912,1252,2504,1252,59.5167662404436,0.238,4232.25568630602,1.252,54.1312579142372,54.0994764397906,54.228,3.25575777110322,-10.3857821398703,-12.5812318385706,1.62787888555161,35.2373008263807,30.5675675675676,39.408,1.72822644062915,-8.74696943714874,-14.5954687626679,0.864113220314574,30.9078782653411,30.5106382978723,30.588,1.28041047038134,-9.05049493903738,-15.0453339643623,0.64020523519067,33.4927600655063,35,31.06,1.24279537567702,-9.43120013324257,-14.0295675509512,0.621397687838511,33.3073582919715,33.4133333333333,33.796,2.22265846957136,-7.61017285122777,-12.9820542334119,1.11132923478568,49.2238737398377,53,49.1176470588235,0.927736418431067,-12.4343552003886,-15.6594112578602,0.220801267586594,30.7344809267689,30.3583333333333,30.9139465875371,1.82815402752743,-8.00661711255511,-14.4028929312939,1.23217581455349,34.4547993707669,35,33.2058823529412,1.62229223990169,-9.26870254588749,-13.8776497830265,0.551579361566575,37.0070194483488,34.878640776699,38.0990415335463,1.51087815523564,-9.1986438944997,-13.4217982037703,1.89161945035502,4.25286097012596,286,30,1,256,230,3,0.114885114885115,94,29.3379052604411,1,1984,-60.911781445646,-5.11342911378271,26,4.64586974744672,3.36394055327443,2.6939373353677,10.6300081639623,1
251013_Dupi_NMH_JN_2,O15,Dupi,DupiS2,JN,2,107,723151,1,150,1360,1446,1446,1570,3140,1570,390.930466802771,1.36,6789.22090421929,1.57,44.3078112477528,45.3548387096774,43.424,2.26055114735558,-8.71701409397284,-11.7867557865636,1.13027557367779,47.5386360556424,48,47.712,0.72156714343635,-12.9252186300712,-15.1858843944825,0.360783571718175,42.3290139784633,42.203125,42.54,2.02410573957251,-9.66057846758886,-13.8132605210689,1.01205286978625,36.8344890045779,36.7327586206897,36.928,1.96737516690677,-6.89961873138744,-10.543894679112,0.983687583453384,34.9460887656331,31,41.516,1.06354425698906,-8.63165741249089,-14.9346018466471,0.531772128494528,41.7230566441897,41.0791666666667,43.3308823529412,1.54306937697332,-9.68066277088591,-12.866810823358,2.09857435268371,35.1511795074136,36,34.7209302325581,1.87285528709931,-6.1549233742994,-11.5277057339937,0.161065554690541,31,31,31,1.91154794044391,-5.55955627353277,-11.9104982631446,0.237031944615045,43.4144527470811,41.3918918918919,44.3528662420382,1.39057505883061,-9.07261676692723,-11.4789074772967,2.18320284236406,3.82150232685144,886,42,1,0,160,3,0.0799200799200799,114,25.5966055733051,1,910,-4.48681464617721,-10.3244686790486,17,5.04511369598725,2.94245609459348,2.44959532336709,8.49558018103939,1
251013_Dupi_NMH_JN_2,O15,Dupi,DupiS2,JN,2,108,724677,1,150,510,574,574,670,1340,670,356.998525504766,0.51,14393.5264297445,0.67,44.0328174582548,44.974358974359,41.996,3.06664619262382,-7.90496932827254,-7.96023731282454,1.53332309631191,40.4561214341212,41.8559322033898,36.048,2.3568019862043,-7.12491217503808,-12.0100134568188,1.17840099310215,56.2961494960629,57.2280701754386,54.98,1.5972555290862,-9.58287836346707,-12.0165808158903,0.798627764543101,40.9339308715542,39,43.384,1.07844244848223,-10.7694863729012,-14.9865675561592,0.539221224241117,38.3715981486485,38.187969924812,38.54,1.99471974781297,-7.28970086801836,-13.9989436692101,0.997359873906487,41.3335251436061,42.5121951219512,36.478431372549,2.43223080630481,-7.03907285627902,-11.9793806479148,1.24043771121545,58,58,58,5.08521031580992,-4.8703250198886,-11.0430854681528,0.325453460211835,55.1978082710129,55.8,54.7916666666667,2.04461865198399,-9.08903078300172,-13.1329131714848,0.196283390590463,46.7158534273556,39,49.6626865671642,0.804958950745226,-11.884033195115,-13.2658944503189,0.539322496999302,6.23031052423511,510,58,1,286,250,5,0.124875124875125,148,14.8732726608408,1,1204,59.0794915575792,29.6117914169799,28,9.49535392091484,2.73570761526115,1.6809286087613,16.229790745897,1
251013_Dupi_NMH_JN_2,O15,Dupi,DupiS2,JN,2,109,726010,1,150,202,986,986,1256,2512,1256,43.0386975760892,0.202,5204.8205981211,1.256,40.7919499237413,41,40.78,1.42209247651556,-12.5235327635842,-15.3789211600976,0.711046238257778,46.0150689401889,44.5448275862069,46.228,2.24091831186346,-9.76985995996303,-13.9990448053035,1.12045915593173,34.6543958970314,27,35.4,0.603076710250005,-11.0892499735918,-16.8742781604785,0.301538355125003,35.7956619568893,29.8243243243243,38.44,1.71357496978243,-9.38712725401339,-12.6686475968501,0.856787484891216,55.3736799569012,56.7733333333333,54.008,1.91274333156623,-13.3830076334532,-16.337271395303,0.956371665783114,36.9395249594007,35,38.3663366336634,2.05381938875236,-6.79045080162514,-12.7368222360615,0.414871516527977,47.0064922257841,51.2823529411765,41.6913265306122,1.24258619922023,-12.2165529720207,-16.1651348501861,0.974187580188658,28.522473841963,28.5657894736842,28.6888888888889,2.11432913807832,-7.39478254441179,-13.7136774532678,0.570868867281145,49.9500139295581,48.7324561403509,48.6863057324841,1.96768629686534,-11.1273232837494,-13.7207757363076,2.47141398886287,5.36447786337778,1982,58,1,250,238,4,0.118881118881119,90,30.8278261680036,1,1490,43.9089356858281,-36.4172590910783,31,11.6994326522487,2.33746265649735,1.13520283326054,10.570764449811,1
251013_Dupi_NMH_JN_2,O15,Dupi,DupiS2,JN,2,110,727421,1,150,454,1022,1022,1494,2988,1494,104.047172601165,0.454,3018.67346670849,1.494,32.569665077508,32.5756097560976,32.804,3.20178586764121,-4.56917319984304,-11.2771210310498,1.6008929338206,29.293386434221,28.9252336448598,33.58,2.25874261033814,-6.09162207371877,-11.7318092927505,1.12937130516907,44.4421524820839,41,43.96,1.23662645808559,-12.296540101142,-15.5218613536278,0.618313229042794,48.3788733477158,51,47.408,1.17983436029664,-15.5346074336226,-18.4263939299293,0.589917180148319,52.5174760345271,54.1860465116279,49.916,2.26124708773548,-13.083220306076,-15.5212804948071,1.13062354386774,28.6509614695377,28.9252336448598,32.8281938325991,2.35819130166499,-5.73458118380722,-11.5216488387055,1.07061885095591,44.3743182099874,41,43.9929577464789,1.23355054896525,-12.5445258854185,-15.52742061578,0.700656711812259,48.3639404258881,51,47.2966101694915,1.17876028306524,-15.513620669562,-18.4776225790751,0.556374853606791,48.1811975570747,50.972850678733,46.1164658634538,1.63077024150025,-11.9893977886434,-15.4836196532959,2.43637074080138,7.17394083472344,222,25,1,146,308,4,0.153846153846154,166,57.5106433428472,1,710,46.8563839878581,21.388227193211,30,12.3699743104531,2.75785456714709,1.6673659072529,13.1642169938324,1
251013_Dupi_NMH_JN_2,O15,Dupi,DupiS2,JN,2,111,728936,1,150,444,958,958,1228,2456,1228,137.694015112408,0.444,3445.34530266708,1.228,47,NaN,47,0.0729883074359971,-15.4079549044156,-15.9013605624285,0.0364941537179985,48,NaN,46.476,0.0684477666996592,-15.6760909130168,-15.9544622446638,0.0342238833498296,29.9918965630442,NaN,29.46,0.176939192626769,-7.38877525052059,-13.0777716738542,0.0884695963133847,55,NaN,39.4,0.040070740770558,-13.3197613552788,-16.4682274610382,0.020035370385279,53.3804734076391,NaN,53.356,0.0500983405658163,-16.0951617922892,-15.1397131099283,0.0250491702829081,48,NaN,47.6531531531532,0.0767972577792526,-15.6338022952427,-15.9789802051909,0.0340979824539882,30.017511403039,NaN,30.2529182879377,0.172128899782182,-7.67355583436798,-13.1706532973308,0.0884742544880414,30,NaN,30,0.000449047115498857,-12.5497798837762,-16.3800737713517,0.000121242721184691,54.4086339716649,NaN,49.4218241042345,0.0528962694640722,-11.9844123174258,-15.1264593961608,0.0649566189018807,0.693850701906699,854,30,0,NaN,0,0,0,0,27.5668163639936,1,1696,-11.6892430278885,-30.0625302415603,NaN,NaN,2.45399379956296,1.14094611577214,12.6330450582799,1
251013_Dupi_NMH_JN_2,O15,Dupi,DupiS2,JN,2,112,730479,1,150,222,832,832,1164,2328,1164,80.6148527662953,0.222,5886.86177967418,1.164,52.3846530660576,52.029197080292,53.664,2.96097003012211,-4.76736058518598,1.99569108585515,1.48048501506106,57,57,56.508,0.289197110112444,-11.0914983298427,-8.07914581599002,0.144598555056222,NaN,NaN,56,0,-23.5625510033913,-15.1991440083196,0,44.049086833987,NaN,45.192,0.024006660943541,-9.60701632581806,-14.7799665898466,0.0120033304717705,37.700969681744,NaN,37.62,0.241337236275928,-6.51762338703892,-13.1721824615136,0.120668618137964,57,57,57,0.648700884417616,-8.10428836007979,-4.84163891902448,0.144011596340711,57,NaN,56.0524590163934,0.000962227402477259,-19.9888227728228,-16.3151256341316,0.000586958715511128,53,NaN,54.9518072289157,0.0101060676098724,-19.0275411846711,-15.4387417261071,0.00335521444647763,38.18212954986,NaN,40.2560137457045,0.185059790943039,-7.04908728870297,-12.8467631754098,0.215409596657698,2.79855839343575,0,57,0,NaN,0,0,0,0,72.490112871668,1,168,-2.98766837412253,-0.469814270294429,0,0,2.32414850887112,0.816350585845257,15.7487190918096,1
251013_Dupi_NMH_JN_2,O15,Dupi,DupiS2,JN,2,113,745550,1,150,432,1028,1028,1270,2540,1270,133.572135586237,0.432,3892.47158533203,1.27,45.1349909263106,45.2556818181818,45.664,2.70913115886395,-12.4518000190556,-14.980070866938,1.35456557943197,40.5827618289615,40.5978260869565,41.932,2.95612182530211,-10.326393061405,-15.477428576441,1.47806091265105,43.661921892368,44.2901234567901,39.592,2.56603649403193,-9.33007911640664,-16.0256899261183,1.28301824701596,41.6336175456544,40.8539325842697,38.852,1.61867634605134,-11.7992234535864,-15.8977541453953,0.809338173025669,47.2710580512755,56.6666666666667,39.756,1.50531006632847,-12.5045692309157,-15.8339813617659,0.752655033164234,43.8693593789245,43.7133333333333,44.3055555555556,2.76128601490598,-10.930305282076,-15.728692716387,1.19287555843938,41.6373752985676,42.3809523809524,39.003355704698,2.79771443258842,-9.19722745519636,-15.6955999735019,1.6674378018227,53.5970011410329,58,48.7107438016529,1.43087512089271,-13.700976690056,-15.1571415140549,0.346271779256035,45.2216075470637,47.25,42.259842519685,1.55369279647356,-12.7243920490235,-15.8474664091092,1.97318985152142,5.16261549539469,422,26,1,64,576,6,0.287712287712288,198,27.1102907001843,1,1816,-68.8689053310567,21.1062828004615,33,14.0980095283067,2.94614668912941,1.70636955886444,13.30326183244,1
251013_Dupi_NMH_JN_2,O15,Dupi,DupiS2,JN,2,114,765478,1,150,394,896,896,1284,2568,1284,65.2517234136344,0.394,2987.11564608664,1.284,42.0872884878368,42.4953271028037,42.856,2.59671180644882,-11.2260207394565,-13.9220254424446,1.29835590322441,51.948524653612,51.5534591194969,52.628,2.17783941582321,-13.3246738262463,-14.4975746421795,1.0889197079116,49.5373631145273,55,50.328,0.737592836083574,-16.1783214656704,-18.2467839119313,0.368796418041787,47.7300067269901,47.88,47.188,1.76225579303281,-13.4509311588818,-16.494614195036,0.881127896516403,53.3188001916509,53.7410714285714,52.028,1.8325795724315,-13.3564671523077,-14.1960910523063,0.916289786215751,51.3257535234275,50.8484848484849,52.1167512690355,2.25143005558051,-13.2765594640027,-14.0180585934046,0.887063441898721,54.6272393071075,55,53.5617529880478,0.898971735255213,-15.5224648159604,-18.1612972145932,0.451283811098117,44.4899057795269,46.2727272727273,43.0876288659794,1.68024379082289,-14.1162734262796,-16.7213488230279,0.651934590839283,54.7023069884444,55.1666666666667,53.7461059190031,1.91068486536855,-13.4532223774342,-15.245819977351,2.45331936713322,4.17864141868084,1888,56,1,30,166,6,0.0829170829170829,78,28.6334381774979,1,1544,18.0766457977613,-18.2867458220121,17,4.71006724910943,2.58987622702347,1.30235170076969,12.7729662736837,1
251013_Dupi_NMH_JN_2,O15,Dupi,DupiS2,JN,2,115,767089,1,150,590,1008,1008,1168,2336,1168,150.2063839857,0.59,3291.80041649499,1.168,45.6581445010289,45.2352941176471,46.336,2.24645006021946,-12.2345016490002,-13.906388385182,1.12322503010973,50.4054079885158,50.6581196581197,49.784,2.37286489261643,-11.7986175618275,-13.3535585537774,1.18643244630822,47.3550728251318,NaN,45.988,0.950425473399534,-13.0902755882419,-15.5798048638112,0.475212736699767,47.9160766873697,48.2575757575758,47.864,2.02641334038935,-12.3843868669944,-16.1195956565836,1.01320667019467,37.8743418635321,37.3050847457627,42.428,2.58588364406291,-5.12926739002382,-11.4762319171871,1.29294182203146,50.1843349836481,50.6581196581197,49.5762711864407,2.26018399464875,-11.9819227524507,-13.4299274570348,1.33350855684276,46.8899837145339,NaN,45.4832535885167,0.811456399526164,-13.0875397713336,-16.0732805511637,0.339188775001937,47,47,47,2.58978900553278,-12.1850309380833,-15.3298920221215,0.414366240885244,40.2352845058448,39.8656126482213,42.4486301369863,1.89200798955,-7.58760757121495,-13.2226632192757,2.2098653317944,5.41531900809685,24,52,1,0,444,4,0.221778221778222,228,26.0953353494101,1,1578,-6.87725289318917,-10.978709941564,28,10.3312254609412,2.02177333588154,0.85318042840091,8.1159700219353,1
251013_Dupi_NMH_JN_2,O15,Dupi,DupiS2,JN,2,116,768778,1,150,234,346,346,834,1668,834,230.263808698146,0.234,19217.232498289,0.834,38.3552812170799,38.2266009852217,38.076,2.84228505604734,-8.54985309800727,-12.8602140442629,1.42114252802367,53.9084828719579,53.9395604395604,53.592,2.85708094755108,-8.99967008097855,-11.4994331082011,1.42854047377554,50.2747704582543,50.9550561797753,49.916,1.82473173747619,-12.5585252007877,-14.1624689429667,0.912365868738096,42.8547720201411,42.9899497487437,42.688,2.88362065594296,-10.8173605985367,-14.2661897606585,1.44181032797148,46.0738429214039,45.7758620689655,46.508,2.86716981226222,-10.4121600459669,-14.0469291999437,1.43358490613111,54.4266641349828,54.4324324324324,54.1623931623932,3.66134882043529,-8.09408455640098,-10.2854992681949,0.856755623981857,53.3157745865795,53.5,53.2142857142857,2.13483068847943,-9.84002143383658,-12.6407688207824,0.239101037109697,51.4999493801536,51.6617647058824,51.4139344262295,2.16933188989498,-11.2817729137961,-13.0760597183128,1.05863396226875,43.1355631582606,42.7854406130268,43.7314148681055,2.50767901772058,-11.0749973006816,-14.4860417645249,2.09140430077897,5.42602664190595,16,55,1,12,758,7,0.378621378621379,158,45.9553315944505,1,1906,-3.34926958831343,-7.83479733502065,14,4.82791190111849,3.26212262525428,2.42666454043803,17.5503891389323,1
251013_Dupi_NMH_JN_2,O15,Dupi,DupiS2,JN,2,117,769767,1,150,282,876,876,1032,2064,1032,112.231503372839,0.282,5308.95749842853,1.032,42.3863356566211,42.8674698795181,42.8,2.80089668067939,-10.1522766035635,-13.9704557064019,1.40044834033969,35.813023687802,35.1849315068493,37.008,2.29660671150933,-9.97777235551924,-15.1415073791499,1.14830335575466,35.5029763719407,NaN,31.176,0.444490093236943,-12.26016143817,-17.270631100362,0.222245046618471,51.4527926225162,NaN,47.236,0.440926812164918,-13.1707905077907,-17.1822497328943,0.220463406082459,54.6700358353506,54,54.86,1.36408999704934,-14.0102894292157,-15.0816438777486,0.682044998524672,35.2829220143996,35.2177419354839,35.3617021276596,3.15173504232695,-8.70350636275101,-14.4358314594961,0.8887892819362,38.1465950081461,35,34.2323232323232,0.653490904188436,-12.8582502537806,-16.9821589505629,0.388173597087931,30.4526981772934,NaN,30.6282051282051,0.622625877118162,-10.8995069494354,-17.1817242045982,0.0971296368304333,54.1323758157476,54.2738095238095,51.9147286821705,1.02974458257824,-13.5074033953702,-15.9739512827575,1.06269640922074,4.53311063481831,90,35,1,48,154,3,0.0769230769230769,120,5.61656697881971,1,246,12.9986719787517,-16.2696802769196,19,8.60482203985657,2.10584312812749,0.838931715371763,8.17477641159664,1
251013_Dupi_NMH_JN_2,O15,Dupi,DupiS2,JN,2,118,770953,1,150,460,912,912,1196,2392,1196,188.484525384426,0.46,4612.04670194786,1.196,54.2058827023693,54.7016129032258,53.592,1.84712782885545,-13.8186206034938,-16.7071148028186,0.923563914427723,45.7198431163053,45.0863309352518,46.352,2.5558993642115,-9.73698703556647,-10.2438068686518,1.27794968210575,56.0168508329868,NaN,54.328,0.737797913396185,-15.4606198996424,-17.7148347061843,0.368898956698092,55.277238174815,55.5272727272727,55.476,2.88464821740761,-12.0079607757452,-14.3714693814069,1.4423241087038,41.1826584596189,37.2380952380952,44.372,2.12363467538948,-9.89008895990335,-14.3089975013479,1.06181733769474,45.6917513178924,45.0863309352518,46.095652173913,2.76479408677301,-9.43633993886119,-9.94340560137229,1.27180527991558,55.9223052712442,NaN,53.5575221238938,0.604301375528153,-15.7740151949299,-18.3266999576128,0.273144221738725,56.4326353075051,56.5342465753425,56.2746478873239,2.42588596371941,-12.2241014549926,-14.7129585135474,0.688951613696314,43.9976055767886,42.2,44.680602006689,2.2528044687769,-9.98324658823797,-14.2835985001858,2.69435414465718,5.76446997628368,218,47,1,122,586,5,0.292707292707293,198,56.1449441532439,1,1592,18.1180041737811,15.0429895410727,23,8.39045621532122,3.12662320403984,2.36649962247617,13.265460187016,1
251013_Dupi_NMH_JN_2,O15,Dupi,DupiS2,JN,2,119,787841,1,150,858,1292,1292,1680,3360,1680,165.994149153635,0.858,3262.60383894189,1.68,40.4565629803097,38.7411764705882,42.264,1.82990437635328,-12.1984476980501,-15.7808933007511,0.914952188176641,51.7228368026949,50.8035714285714,51.124,1.89841276557641,-13.3353812346325,-15.7668273823936,0.949206382788206,49.0532164138455,54.1923076923077,46.336,1.31862123810666,-13.2550539361704,-16.8900152867878,0.65931061905333,49.3062350658125,49.0337837837838,49.556,2.21935791337843,-12.6351860665469,-16.0962221918383,1.10967895668922,55.1782000545076,57,54.1,1.08207575239314,-15.0814331729697,-14.4426911431792,0.54103787619657,51.9008413841494,51.8780487804878,50.3916083916084,1.69539051154929,-13.5526484268064,-16.1180812128397,1.45464505890929,45.2365744983307,47.3181818181818,43.8709677419355,1.99246788898004,-11.936253116376,-16.8466922422399,0.864731063817339,55.0804726223969,54.8888888888889,55.3453608247423,1.65608568635408,-14.1419913980912,-14.8376917312251,0.642561246305384,50.1525916163578,49.8965517241379,50.6369047619048,1.89626767900662,-12.7629750662191,-13.86011852941,3.18572970073112,3.99241869154002,482,58,1,62,246,6,0.122877122877123,114,29.5121342058077,1,1622,38.7326882944413,-23.7204563218819,22,7.12371510544238,2.03692111942424,0.681097659910793,8.43643641911273,1
251013_Dupi_NMH_JN_2,O15,Dupi,DupiS2,JN,2,120,800487,1,150,714,1170,1170,1578,3156,1578,95.4942197083528,0.714,17482.1149202691,1.578,51.8041787939346,NaN,53.112,0.855299879750199,-15.050254271076,-16.9830291491355,0.427649939875099,43.1029331038704,43.52,42.384,2.55377052862577,-8.94532996424894,-12.8129256340309,1.27688526431288,53.3755824142905,54,53.848,1.29456651361971,-15.2558533878313,-18.1793219690055,0.647283256809857,34.3719568238525,26.1052631578947,36.152,1.04697419704454,-12.0122459379164,-16.5581849790733,0.523487098522268,32.3476177413185,26.6153846153846,35.552,1.83296212858781,-9.05300173343554,-15.2451212868494,0.916481064293904,44.3558736360961,43.52,45.5994397759104,2.08811978409794,-10.0247091095349,-13.6632774624083,1.49091752584593,53.764024840606,54,53.5263157894737,1.29317752444028,-15.9342781323554,-18.3457627797346,0.589688951144767,25.8114208046917,25.5454545454545,27.3921568627451,1.71771905298691,-9.48204957575324,-15.8883953442124,0.700829373618657,48.657504403196,48.7957559681698,48.3434727503169,2.05364298360777,-11.7676815739536,-13.6842306466002,3.24064862813307,4.77231959345922,1532,25,1,162,312,3,0.155844155844156,138,44.1392994631539,1,1678,37.5974198444318,16.2690289202367,29,11.0770094080289,1.75124393391387,0.359190575541931,8.13260178796289,0
251013_Dupi_NMH_JN_2,O15,Dupi,DupiS2,JN,2,121,802311,1,150,360,1066,1066,1338,2676,1338,36.4476781535204,0.36,2670.60345084988,1.338,41.3305969147768,40.7739130434783,41.876,2.0619342127109,-9.92129473602199,-13.1396447703842,1.03096710635545,35.7770967285408,35.5205479452055,36.308,2.52833127400605,-7.88087124036687,-12.9416276940403,1.26416563700303,50.3386935931936,44.7307692307692,51.556,1.15000625064296,-13.4003369448633,-15.5378416450181,0.575003125321482,28.5783089887955,28.3653846153846,28.72,1.99101973329267,-9.37795909281964,-13.5678079810338,0.995509866646336,33.0395590298325,38.3529411764706,31.984,1.40250820516133,-9.87731329931075,-14.2989669164223,0.701254102580663,34.186918987544,33.5631067961165,34.7222222222222,2.60796745182161,-7.42382891934097,-12.5309217708676,0.938868282655781,45.073898854473,41.9130434782609,47.371104815864,1.41960693473218,-11.7353990775329,-15.0604992052652,1.00224249592092,28.347031308013,28.3653846153846,28.5147058823529,2.89878704086105,-8.41363528452098,-12.474229656823,0.788470075114205,37.582871989707,39.0157480314961,36.4424514200299,1.73716723073637,-8.46269462177176,-14.4954190364964,2.32432975472527,5.10710595192782,1140,28,1,170,292,4,0.145854145854146,124,25.1408280382845,1,1374,16.9702143805729,31.7528008337366,25,5.50441638416993,1.90535561798599,0.581488741425206,8.6885329759969,1
251013_Dupi_NMH_JN_2,O15,Dupi,DupiS2,JN,2,122,803771,1,150,648,924,924,2988,5976,2988,195.531629869975,0.648,3472.90682276201,2.988,40.2124662787616,38.04375,41.084,2.2323934910725,-9.98925298488493,-15.4459611680487,1.11619674553625,35.563354631705,36.2,35.1,1.15035088351777,-12.3616027451195,-16.5003568952617,0.575175441758884,32.3655473647235,33,31.884,0.975408647598531,-11.2613871613544,-17.1113522704558,0.487704323799266,46.2270846100598,46.4787234042553,45.74,1.72693167905638,-12.7598327675249,-18.4410069581986,0.863465839528192,30.7420591144916,29.5776397515528,31.336,2.46781786528391,-9.74987255995762,-15.1062404302113,1.23390893264195,34.9523628044893,36.2,34.0246913580247,1.02394517342491,-12.4650603137996,-16.7386277044696,0.66351647237934,32.7960348773094,33,32.5869565217391,1.14235230164052,-10.781634869519,-17.1814580654489,0.315289235252784,41.4907597905173,41.287784679089,41.827519379845,2.0738662347563,-10.6442793180723,-15.5314969996373,4.28045990853701,36.8257630139867,38.0301003344482,35.0849802371541,2.54941645920695,-10.0044813054282,-13.9538633695511,2.58000945671743,4.05439106199737,1848,27,1,1812,180,2,0.0899100899100899,100,25.9395195358964,1,912,-15.8231834566496,-4.5107380801727,21,8.15415338144699,2.5918399565959,1.33396314747396,11.921664255176,1
251013_Dupi_NMH_JN_2,O15,Dupi,DupiS2,JN,2,123,805663,1,150,214,336,336,410,820,410,258.645573317063,0.214,26625.0490635298,0.41,49.7613265462471,54.5375,47.748,1.5654190276573,-11.547978248232,-14.3355601389141,0.78270951382865,50.3338753004427,50.8495145631068,50.68,3.05361799999662,-10.8640832435919,-12.7923889859829,1.52680899999831,33.4696456704059,34.6342857142857,35.024,2.54184702050525,-7.96981921036382,-13.597969575221,1.27092351025263,52.7633559951241,51.9746835443038,52.98,1.70156530201161,-12.8117550533407,-13.4051723545446,0.850782651005804,49.2489902114845,49.1777777777778,48.7,2.35240275044628,-10.8328865177715,-14.3391110709696,1.17620137522314,55.057524453724,55.52,54.4766355140187,2.36667607706776,-12.1830784518205,-13.9183626255295,0.5064686804925,50.6428129857185,50.6885245901639,50.6885245901639,3.41076297674566,-11.5451293477879,-12.232470296329,0.41611308316297,47.9722863603425,47.8611111111111,47.8108108108108,4.44351147445888,-9.92909473878329,-11.0607342034946,0.328819849109957,37.6501552516395,38.859375,38.3658536585366,2.52792131065011,-8.6072576387322,-13.837400731455,1.03644773736655,5.14528155438514,360,50,1,52,534,7,0.266733266733267,168,11.6541447852643,1,1638,-29.3796243597041,-31.7543826999665,31,9.09052561770993,2.65046625446016,1.40640667040974,15.1690979072203,1
251013_Dupi_NMH_JN_2,O15,Dupi,DupiS2,JN,2,124,806579,1,150,370,890,890,1176,2352,1176,125.933627225646,0.37,5823.07110650163,1.176,52.7608390682137,53.3389830508475,51.208,2.39984878389639,-11.7693722730053,-13.5330197724273,1.19992439194819,41.1596571033603,41.3852813852814,41.708,3.05672662632803,-7.98597127889627,-12.7774388675199,1.52836331316402,46.7124431340026,48,46.264,1.32920209701253,-12.8046096161369,-16.6781865019166,0.664601048506267,31.1409789007639,NaN,30.692,1.00387521690057,-9.63564337695431,-15.5594053150481,0.501937608450283,32.5496213718151,32.6132075471698,34.332,2.0685063991044,-7.3495764392768,-12.8959430607018,1.0342531995522,40.3449868443251,40.4836956521739,40.4756756756757,3.28077764303632,-7.64072485667775,-13.0997588993524,1.21388772792344,47.2972906895461,46.4408602150538,48.5230769230769,1.69144282311749,-11.9963657518427,-14.9345221102537,0.879550268021097,32.1227447529515,NaN,32.2867132867133,0.909677928439836,-10.4129622790074,-17.1012488646663,0.260167887533793,32.4638305565231,32.7150537634409,32.9387755102041,1.73335413116419,-7.98532151355869,-13.5704514707588,2.03842445824908,5.29508148070815,1712,25,1,30,382,7,0.190809190809191,112,6.82889500917128,1,272,6.25535951432365,2.89397774221164,23,6.33188474941906,2.57316332392461,1.3357549256907,13.1136962204493,1
251013_Dupi_NMH_JN_2,O15,Dupi,DupiS2,JN,2,125,807885,1,150,242,862,862,1302,2604,1302,32.3354714998213,0.242,2914.33401751397,1.302,48.2525694762253,48,48.604,1.13329291937548,-15.2854855013538,-13.9742646085924,0.56664645968774,43.0012691231328,42.7637362637363,44.024,2.4392528432582,-12.3612697025132,-14.3884145731976,1.2196264216291,52.7584966262427,53.2846715328467,52.06,2.13099422099244,-13.7360555913611,-14.9886044139722,1.06549711049622,48.1150190852166,48.3391812865497,47.924,2.4035847267083,-12.9058490891335,-13.2236635447927,1.20179236335415,44.1922945622418,45.2777777777778,44.232,1.3341853779576,-13.9219890434261,-14.4576006550647,0.667092688978798,41.9905515549277,41.375,44.6446280991736,1.62317953163808,-14.3447353428013,-15.0567555122517,0.392809446656416,47.2566410528369,47.0295566502463,47.7741935483871,2.5006263122755,-12.480639391911,-14.5742001015811,1.55038831361081,50.4920540074123,50.6645962732919,50.2727272727273,2.46427569629086,-12.7772684498636,-12.977729856562,1.08428130636798,42.7603136289811,42.7182130584192,43.2135176651306,2.03816325356578,-10.9366520638558,-14.030900191585,2.65368855614265,4.3822475804575,384,44,1,280,404,9,0.201798201798202,96,12.3259636018318,1,1328,-8.4890912540315,23.4908996166301,17,5.44501877927663,3.05334361324417,2.07358475364943,12.3206102387542,1
251013_Dupi_NMH_JN_2,O15,Dupi,DupiS2,JN,2,126,809197,1,150,718,1012,1012,1356,2712,1356,160.437644909199,0.718,2454.17355088716,1.356,35.819143853388,35.5673076923077,36.112,2.48050195378583,-6.78393943056242,-13.5759075736767,1.24025097689291,36.1355448899513,35.3859649122807,37.24,1.763764087317,-6.1963162291202,-14.5829747727692,0.881882043658498,50.2411306813879,51,49.944,1.31494763911843,-15.183417427384,-14.8609617775955,0.657473819559217,53.3804051806188,52.8461538461538,54.216,2.42334639723732,-12.7052724764083,-13.4898961321438,1.21167319861866,50.0460089766588,47,51.212,1.70795972561425,-13.4887186962663,-14.7085256131424,0.853979862807125,38.7593598922422,35.3859649122807,40.9387186629526,1.52923232436896,-7.58699880728316,-14.7271915679998,1.09798880889692,50.6421505665377,51,50.3741496598639,1.59253414408025,-14.4068684091646,-14.723489630004,0.468205038359594,53.1706924857925,52.9354838709677,53.2325581395349,3.20846864371995,-11.769432468397,-12.8594965676111,1.10371321343966,41.8451895256501,40.2345132743363,43.6681415929204,1.87441425740621,-9.85762143526241,-13.7885961725312,2.54170573304283,5.29326771440654,1206,54,1,0,350,4,0.174825174825175,218,44.271913912381,1,1886,18.1464617719598,23.979975434548,19,7.44737758487399,3.34024955491586,2.29614716262431,17.1687352762612,1
251013_Dupi_NMH_JN_2,O15,Dupi,DupiS2,JN,2,127,810806,1,150,252,936,936,1268,2536,1268,41.4055660141143,0.252,2976.30258068205,1.268,46.1054299239909,46.1657142857143,45.88,2.37882977641877,-11.2843257091804,-13.4799576724755,1.18941488820939,41.9839527312313,42.02,41.924,2.83575787618459,-9.47373616558285,-13.8796673832358,1.41787893809229,53.768783472495,55,52.56,2.1070954354164,-12.4303842691806,-14.2090787251292,1.0535477177082,52.6753102696836,51.8602150537634,52.888,1.7890399230851,-12.8665794858723,-14.2254914034656,0.89451996154255,43.8648422564771,46.4390243902439,42.672,1.50205554868558,-9.70500417963653,-14.4900334612238,0.751027774342789,41.2637356003454,41.2647058823529,41.2142857142857,2.90173693266756,-9.3740819962501,-14.1473373574194,0.731237707032224,48.6290615225788,48.7105263157895,48.7368421052632,2.2277351195882,-11.3310040345219,-14.0563950358819,1.52377082179833,54.9438419486488,55,54.6144578313253,1.80567533967934,-12.6006420801084,-15.0209765357998,0.599484212773542,45.3441654939963,46.7756653992395,44.205047318612,2.04726198690869,-10.2144403586564,-13.4654919311467,2.59592819940022,4.26061737273803,186,41,1,138,446,6,0.222777222777223,138,14.5817264261518,1,1494,4.7877063175868,22.2863550080024,21,6.20539759481068,3.39180452273081,2.51985175651665,17.1888480018546,1
251013_Dupi_NMH_JN_2,O15,Dupi,DupiS2,JN,2,128,812346,1,150,244,766,766,1230,2460,1230,78.1181481319213,0.244,5112.44871257759,1.23,33.9899530081906,33.65625,34.336,2.37597092896355,-5.09030349151834,-11.7669911392574,1.18798546448177,43.2107659445548,44.9294117647059,41.584,1.64962158984099,-9.19593173052399,-13.5676419572177,0.824810794920493,55.2232033305704,54.2068965517241,55.412,1.21678364188192,-14.2267714620353,-15.4995085061025,0.608391820940961,56.5922913967733,57,56.048,1.41050479881358,-14.0293249057369,-13.3238563394077,0.70525239940679,40.5582131686379,37.7115384615385,43.428,1.75781840536519,-7.52387303420143,-13.0741200731067,0.878909202682595,37.1854193527061,34,37.5901639344262,1.21686042091149,-7.47327510659234,-13.1703774660424,0.296913942702405,49.2370325461192,47.453488372093,50.0344827586207,1.56064057155783,-13.1260110175981,-14.8655976241473,0.814654378353185,56.4826651117431,55.0588235294118,56.5431034482759,1.22419346876948,-13.8762280308812,-13.359700681545,0.568025769509038,42.7414078373761,43.2274881516588,43.8227642276423,1.57254730098529,-7.54235810835569,-13.3981501738375,1.93423318021191,4.0547850084652,408,52,1,404,166,3,0.0829170829170829,92,19.2937152843003,1,794,33.7844811231265,24.0601853575018,25,9.359240295251,3.62730728347679,2.85634143726331,16.1833732537865,1
251013_Dupi_NMH_JN_2,O15,Dupi,DupiS2,JN,2,129,813698,1,150,364,1010,1010,1194,2388,1194,101.539967605207,0.364,3642.15796933109,1.194,36.4848616527559,36.6,36.756,1.90202081942428,-4.85597156034223,-12.0646168314812,0.95101040971214,47.0471802574643,46.728813559322,47.432,1.97502502438725,-11.7136776071657,-12.0722964948014,0.987512512193627,48.3222156410088,48.089552238806,48.964,2.65904170071688,-11.5337522165911,-12.2038517740867,1.32952085035844,54.9463766120765,54.6926829268293,54.76,2.6908378256988,-12.7346151636133,-9.99353915474299,1.3454189128494,56.7836671099595,56.8832487309645,55.96,2.55025864311255,-12.5923115828723,-14.8585685470782,1.27512932155627,46.7863554120807,46.728813559322,46.6923076923077,2.43708862418976,-10.8207896687237,-11.9748564184986,0.887100259205073,48.2987064004285,47.9424460431655,48.9814241486068,2.26284067060552,-12.0788957888726,-12.2336478589954,1.46179507321116,54.045419361031,53.3134328358209,53.5869565217391,2.42319644386283,-12.5709209054016,-11.0536561163091,0.44586814567076,55.3641644121,56.4424242424242,51.7118927973199,1.94080573377149,-13.0063066198328,-12.8589455434609,2.31732204612316,5.25086795278338,728,50,1,68,696,11,0.347652347652348,116,63.0803738746128,1,1942,10.1126920887877,-0.682342650835584,14,4.96525904066457,2.04416745903961,0.959851816347741,10.4712643461254,1
251013_Dupi_NMH_JN_2,O15,Dupi,DupiS2,JN,2,130,815229,1,150,324,886,886,1192,2384,1192,51.7032814470241,0.324,3009.92283201015,1.192,49.2288745850527,48.4210526315789,49.328,1.68679692964456,-13.6726756141893,-14.4537134680749,0.843398464822279,38.4287745273773,38.0642857142857,38.784,2.36705199259717,-7.45439644011031,-13.5838023189982,1.18352599629858,31.756282071057,NaN,31.02,0.827391384057378,-9.34542300153178,-14.4579482909268,0.413695692028689,49.8785815425255,45,50.944,1.43562496244364,-13.2176687321912,-13.4570073027474,0.717812481221822,44.9451075698431,45.2797619047619,44.38,2.24002158345881,-10.7916209342584,-14.3456363680575,1.1200107917294,38.2906326145895,37.8529411764706,38.7530864197531,2.6114451013335,-7.15907089478626,-13.1016160624487,0.846108212832053,35.3868072844572,38.6315789473684,34.2740213523132,1.25932647009306,-8.74411023057659,-14.3595414253303,0.707741476192301,51.017638813032,NaN,44.921568627451,0.648632671665544,-12.453899309623,-15.010177937519,0.198481597529656,49.0331520100066,48.4496402877698,48.4043624161074,2.16336616034123,-11.9733599061498,-14.2697038780719,2.57873246312675,4.67680723900366,242,38,1,160,258,6,0.128871128871129,128,14.9515139663032,1,1542,-3.86985391766268,-16.5741430007072,14,4.25058338736805,2.64597989217196,1.45123012636234,12.5003952823454,1
251013_Dupi_NMH_JN_2,O15,Dupi,DupiS2,JN,2,131,816795,1,150,292,914,914,1532,3064,1532,69.371204446392,0.292,3504.65597011052,1.532,NaN,NaN,36.224,0,-15.9290316851407,-13.1082338856909,0,25,NaN,25,7.60370899979368e-06,-6.08678813739613,-12.8562205688943,3.80185449989684e-06,30,NaN,26.52,0.0081267632184086,-7.14205294296278,-12.2619508689519,0.0040633816092043,53,NaN,32.116,0.00257863120512476,-8.32178629551637,-12.48754195467,0.00128931560256238,55.829402983592,55.9791666666667,56.62,2.22480158309142,-2.12350966325386,3.62576828216982,1.11240079154571,25,NaN,25,1.3020049657181e-05,-4.6740620093039,-11.8196568923835,3.80185449989684e-06,30,NaN,25.5305466237942,0.00485489001866463,-8.4267276204408,-13.249785844813,0.0030197415916094,54.465860923116,NaN,33.1229773462783,0.0171636677574244,-7.57815579620418,-11.9076485354506,0.0106071466740883,55.7252345130202,55.9791666666667,44.8642297650131,0.73026938992837,-4.94026715296286,-1.08205928682362,1.11877270537026,8.0842195971955,1734,54,1,1640,156,1,0.0779220779220779,156,1986.7935282802,1,1892,-8.32207197131453e-15,5.80312279003984,4,1.95194459944391,1.36260237275641,1.08649563283768,4.42467085970118,1
251013_Dupi_NMH_JN_2,O15,Dupi,DupiS2,JN,2,132,818856,1,150,332,992,992,1860,3720,1860,62.9414244335697,0.332,3340.9172043996,1.86,49.3865854880268,49.2546583850932,49.692,2.27543364078944,-13.048244563518,-14.9014525581367,1.13771682039472,48.9239248256017,48.4186046511628,49.136,2.03852583419102,-12.7076560032614,-14.6560583660464,1.01926291709551,31.2268423287951,29.4444444444444,31.34,1.65097573109832,-8.67659333530569,-14.6894036888877,0.82548786554916,51.4683036003865,NaN,49.424,0.35519804716383,-15.847870582461,-17.792511307034,0.177599023581915,54.6385275748223,53.6124031007752,54.144,2.35081061904354,-11.1064909593964,-14.3372077398784,1.17540530952177,48.9256244789514,48.2739726027397,49.5542168674699,2.35888195157308,-12.1140487404811,-14.6068531429785,0.783148807922261,35.1527711310305,32.8289473684211,35.5181818181818,1.60742583659018,-9.49860452216428,-14.6806066422716,1.06090105214952,56.0340107045429,57,52.5161290322581,1.17109191518271,-14.130755963924,-16.6361412800672,1.01650778237859,38.1573104168085,38.8996763754045,37.3387096774194,2.35313251464782,-7.53620984435911,-12.6079229446726,4.37682647724495,4.744806313486,1832,57,1,216,368,3,0.183816183816184,182,13.1213641107837,1,1308,-10.5452475811042,-35.4589273085942,28,11.0488902758881,2.05555421897557,0.741148610081519,10.8017645266813,1
251013_Dupi_NMH_JN_2,O15,Dupi,DupiS2,JN,2,133,820612,1,150,336,824,824,1392,2784,1392,92.0924161019693,0.336,3457.80336188395,1.392,36.8966532657243,35.4339622641509,38.232,2.13640184161463,-5.7882417296974,-11.1610953357666,1.06820092080731,40.147607105106,37,41.408,1.58987890896454,-6.96381706297279,-13.2168984146258,0.794939454482271,40.9765244554725,25,47.8,1.30370053899175,-9.53949849113356,-13.9703308502347,0.651850269495874,28.7902867961584,28.7615894039735,29.008,2.56408003538218,-5.11231713470632,-10.6738437199296,1.28204001769109,35.1074975464862,35.0478723404255,35.06,2.57226457444266,-4.62176536717839,-11.2992564322734,1.28613228722133,37,37,37,1.84317730662812,-5.79638234876133,-12.9271029887304,0.619307575027048,52.9633934992604,NaN,52.6598360655738,1.05875468352847,-12.355002505884,-14.8200882517785,0.516672285561892,28.2103333390878,27.7125748502994,31.2183098591549,2.43721581000557,-5.26615200652097,-11.0360551503162,1.38433858008316,35.5467854555051,34.8527131782946,36.5646551724138,1.53026000252302,-6.48676374632881,-12.4374589067392,2.13012192351204,5.00250843124702,1322,28,1,960,430,4,0.214785214785215,150,29.677240885726,1,1948,39.3044963005122,-3.81899728291211,12,4.08239483478614,2.16316104665602,0.891867311007315,13.3585630552094,1
251013_Dupi_NMH_JN_2,O15,Dupi,DupiS2,JN,2,134,834689,1,150,300,950,950,1618,3236,1618,43.9151334276382,0.3,3206.07357280241,1.618,50.5760181295498,50.7548076923077,50.02,2.7634870024729,-13.5030865089213,-15.5352698406436,1.38174350123645,49.1391039444906,43.8888888888889,48.856,1.19387879382805,-15.0866785345936,-15.7419694811668,0.596939396914026,48.1340567466707,48.0327868852459,48.164,2.49493073718601,-13.3508557236736,-17.729932572147,1.247465368593,44.698542161278,43,46.096,1.17923443142351,-15.4700555401447,-18.2861971156663,0.589617215711754,50.8284069689209,55,49.852,1.22502163499163,-15.6695178007386,-17.1531924580206,0.612510817495817,43.9866081631853,43.8888888888889,44,1.15869030407735,-14.8986410928611,-15.5105865171178,0.347607091223205,49.5388606121983,48.0327868852459,50.6676923076923,2.25549656767892,-13.6819656368049,-17.0223526849462,1.4660727689913,46.2055219025939,43,47.7455089820359,1.0740186164958,-15.8589492577941,-18.2953965722588,0.717444435819193,38.8383874401018,39.1349206349206,37.3856613102596,1.86424383709008,-11.6673876010983,-15.5749868575624,3.01634652841175,5.60519251550395,700,47,1,570,208,1,0.103896103896104,208,41.1756644745069,1,1476,36.4151014987668,-5.3532214240518,12,3.59633821945871,3.02469213971383,1.70390178549796,16.3089035627333,1
251013_Dupi_NMH_JN_2,O15,Dupi,DupiS2,JN,2,135,849917,1,150,2330,2776,2776,2936,5872,2936,249.945622975972,2.33,10566.3844646788,2.936,32.8856050916365,30.2645161290323,34.308,2.16749491723091,-8.44922341627326,-13.6416478584721,1.08374745861545,40.6285005474351,41.1206896551724,40.476,1.59444258642638,-9.64380919509303,-14.8051257576349,0.797221293213188,38.0402479713189,38.1619047619048,37.888,1.94547658051907,-8.44202219047225,-15.2436759456356,0.972738290259536,32.9683410927227,31.1866666666667,33.944,1.89611773905017,-9.03310266443111,-15.340206463178,0.948058869525085,36.0194007116177,35.7966101694915,36.712,2.61014980279757,-9.91208424013564,-14.0638412615639,1.30507490139878,37.6053597578618,37.6517857142857,37.9854077253219,1.84026372097773,-9.69576459468342,-15.2004480421188,4.28781446987811,49.2028102470213,NaN,48.457399103139,1.09084219498266,-13.1595187192667,-17.9944675276039,0.486515618962267,52.674393128543,52.8,53,1.7077908549065,-12.804046168574,-15.7885844233305,0.273246536785039,51.6496594867221,51.1074918566775,52.4210526315789,2.15623743958294,-12.597939843136,-15.6825521834475,2.29423663571625,5.20187436946098,1504,25,1,800,380,6,0.18981018981019,130,12.2176495798623,1,772,-8.88180610889774,-2.48511184724755,29,9.16941736329009,2.45402428001065,1.18525979222949,12.6596568434107,1
251013_Dupi_NMH_JN_2,O15,Dupi,DupiS2,JN,2,136,852942,1,150,314,718,718,1112,2224,1112,21.4091182973886,0.314,2480.36708652481,1.112,40.6955301155881,39.8275862068966,40.66,1.3989650456189,-11.3657098861634,-15.7454426604829,0.699482522809452,56.0112689741988,56.0119760479042,56.256,2.04056907315712,-13.3461394462718,-15.1580549650956,1.02028453657856,52.4557172350701,NaN,53.828,0.360216983083494,-15.3949091932584,-18.1582484749254,0.180108491541747,57.0752632178959,NaN,51.764,0.720922473669048,-14.7391316912624,-16.820233864879,0.360461236834524,35.4702835412065,NaN,34.776,0.479139977879063,-12.9157744115517,-17.5655300638849,0.239569988939532,55.1630699962328,55.2333333333333,55.2484076433121,2.27477467695314,-13.6802503807282,-15.1699343009322,0.714279248563286,57.8523099883542,58,57.7277227722772,0.938406409105218,-13.9419096041206,-16.3088629815006,0.379116189278508,49.2345521865809,NaN,51.0304568527919,0.37023071516577,-15.4058451993646,-18.2815678178828,0.145870901775313,42.4304628151693,33.0294117647059,40.8992805755396,0.881520850339456,-12.7068062419898,-16.2868692636411,0.980251185577475,3.042676506003,176,54,1,170,14,1,0.00699300699300699,14,7.22432245395589,1,628,11.4862454942136,-13.0870584732199,4,2.005979086583,1.83039132628959,0.229709513313426,10.8923591526429,1
251013_Dupi_NMH_JN_2,O15,Dupi,DupiS2,JN,2,137,855037,1,150,408,878,878,1308,2616,1308,42.8703322793271,0.408,2622.78012931557,1.308,50.10342265821,50.3030303030303,49.756,2.59691303389924,-11.3882450397248,-14.9306208412994,1.29845651694962,42.3250080914305,41.1320754716981,43.148,2.08352687091462,-10.3345673894636,-14.4213142170264,1.04176343545731,38.787876297684,28.0851063829787,44.38,1.41125770600906,-11.6703714232881,-16.7100135691609,0.705628853004529,36.9503436696681,39.5943396226415,33.172,2.31750735941469,-9.33919368314005,-15.4648127237557,1.15875367970735,38.7813540460597,38.4468085106383,36.772,1.75172502735822,-9.86491805686655,-14.6716226418249,0.875862513679112,41.7900725160374,41.1320754716981,42.2794117647059,2.2911743156705,-9.90271830084146,-14.1250888911536,0.934799120793566,49.1432969118368,NaN,49.068085106383,0.964355895586665,-14.321656796849,-17.2998431353546,0.453247270925733,28.4329465242325,28.3627450980392,28.5255813953488,2.27111914080567,-8.58843680032986,-15.2651085058194,0.97658123054644,43.3593414983,44.0923694779116,41.3195718654434,1.93649386082926,-10.3389451995527,-14.6385124082937,2.53293396996468,5.68305198899604,1486,55,1,0,402,5,0.200799200799201,122,24.390696486012,1,856,2.77366723581862,-8.07337998287862,30,10.1768738454921,2.28561398718481,0.878110462522196,13.3254836538581,1
251013_Dupi_NMH_JN_2,O15,Dupi,DupiS2,JN,2,138,858762,1,150,1404,1516,1516,1720,3440,1720,233.585346042768,1.404,15480.9167401434,1.72,53.9687525067874,53.3287671232877,54.696,2.37948956667732,-12.2391316313986,-13.8796803239991,1.18974478333866,41.8504214753205,40.9375,41.86,1.18038844769559,-11.4984133107617,-16.6152120265963,0.590194223847795,31.3167808625852,28.5859375,32.996,2.10291769726106,-7.59176416667662,-14.1204943363044,1.05145884863053,48.8588629656563,NaN,47.304,0.804413564836001,-14.1823992368491,-16.6270330135944,0.402206782418001,48.7091346098029,50,48.304,1.12450977410376,-12.6133773460181,-17.0199032381559,0.562254887051879,37.4519458939159,31.05625,40.4273504273504,1.3865712153137,-10.0846483770863,-15.5261268850698,1.94674598630043,45,NaN,45,0.960170156412226,-14.0521300226865,-17.497466079382,0.107539057518169,45.8422335437182,NaN,46.2352941176471,0.794248825657564,-14.0348006169783,-18.2888206749885,0.162026760434143,41.4987186752411,39.6782608695652,42.7604651162791,2.00526617825689,-9.87557588756158,-13.4917252299795,3.44905782660184,4.1920877211534,634,29,1,594,92,1,0.045954045954046,92,11.2963009488055,1,1252,-16.7030923923354,-7.87834518182158,22,7.13582510996451,2.479914528924,1.20093453495229,13.0509038517058,1
251013_Dupi_NMH_JN_2,O15,Dupi,DupiS2,JN,2,139,860712,1,150,454,890,890,1104,2208,1104,178.634197152408,0.454,5026.01222022611,1.104,39.6927195035845,39.2608695652174,39.928,1.72874536695636,-9.60998492433913,-14.8177949183705,0.864372683478182,31.1373107635269,31.8372093023256,30.212,2.41382005412203,-8.46359669909959,-14.3781096581635,1.20691002706102,32.135121735166,33.3089430894309,31.068,1.96158506666042,-8.33841514947727,-14.396359306422,0.980792533330208,36.5763104839434,36.9285714285714,36.224,1.58191188229722,-8.89871695861283,-14.8108738959879,0.790955941148612,42.9700622926744,42.8191489361702,43.104,2.13576317735315,-8.95737489552949,-13.5557781227048,1.06788158867657,31.3299704388321,31.8372093023256,30.7400881057269,2.57748101532824,-8.40304218369981,-14.2226922757889,1.17017638095902,31.1520335461886,32.9605263157895,29.7155963302752,1.70723449341187,-8.85402983572868,-15.0926923270443,0.744354239127576,34.1026104966,33.8775510204082,34.2990654205607,1.85255034437782,-7.75131702974097,-13.6185874063454,0.396445773696854,41.5665590208735,40.6397849462366,41.6268115942029,1.77624375345804,-9.39812904726575,-14.3759165377238,1.96097310381767,5.62765229860732,150,28,1,0,390,7,0.194805194805195,106,21.8730214380104,1,1704,-27.6949345475242,9.61179141697994,22,6.24170680878322,3.3962732525169,2.70807302569844,12.2907069713717,1
251013_Dupi_NMH_JN_2,O15,Dupi,DupiS2,JN,2,140,862446,1,150,270,630,630,1018,2036,1018,77.2233954738168,0.27,4789.20261882473,1.018,44.5704157789396,44.722972972973,44.524,2.190156741282,-9.53389040705312,-14.6761593525493,1.095078370641,47.3452369837558,45.9741379310345,45.44,3.22689820644498,-9.71335130702051,-13.7225484971807,1.61344910322249,52.9645217253338,53.6206896551724,52.124,1.29032668972519,-13.4596636349692,-13.8923760238732,0.645163344862596,52.1415310743271,52.8888888888889,52.164,1.32323005371571,-13.2592166777194,-13.6487139257922,0.661615026857857,45.9197770167047,46.7245508982036,43.908,2.75814710536038,-8.1546113866468,-13.610537162664,1.37907355268019,37.1563670647591,36.8632478632479,37.0888888888889,2.60510613378445,-8.51285600421299,-13.5625522642495,0.703378656121801,55.1442142069066,55.1940298507463,55.0555555555556,3.13135856714509,-12.3334169778989,-14.2564038971286,1.12728908417223,52.0185567173871,53,51.2474226804124,1.15376015617679,-13.3770873036653,-13.3754775750063,0.447658940596596,47.4438113706747,47.5274261603376,47.6031434184676,2.07645822969497,-9.8489267583335,-13.5824542909073,2.11383447782948,6.02665073161455,334,55,1,0,444,6,0.221778221778222,152,59.4810586270272,1,1970,55.1136406753937,1.27703130234115,22,8.3478048014834,2.54656623672906,1.43619515006811,13.6512926347743,1
251013_Dupi_NMH_JN_2,O15,Dupi,DupiS2,JN,2,141,864027,1,150,456,910,910,1050,2100,1050,146.141503219725,0.456,5293.24569539983,1.05,46.9427145237588,47.4900662251656,45.736,2.14814277850704,-8.78712998536244,-13.9173429576891,1.07407138925352,56.9685640126541,57.5850340136054,55.012,2.11816996297577,-11.5935429520888,-15.0597098246348,1.05908498148788,29.3645969764181,26.646017699115,32.52,1.98906974500524,-7.93591665525265,-13.4427600087474,0.994534872502622,44.4666667378657,44.487922705314,45.296,2.84662632174337,-8.93359754844382,-12.6970826252339,1.42331316087169,54.7309941510382,54.72,54.656,1.95927655291471,-15.5481842349146,-14.0404048979385,0.979638276457353,57.3385793959824,57.5850340136054,56.1710526315789,2.2626199065297,-11.4638148406806,-15.0043768095374,1.03175467737754,29.7146323556017,26.1287128712871,34.1938325991189,1.95099392212992,-8.11380711724929,-13.6886299665262,0.885751240646983,32.1339719932527,32.9459459459459,30.8714285714286,2.24109446407569,-7.08118304445647,-11.989337808785,0.313753224970597,50.0720794753684,49.5179153094463,51.1180952380952,2.25283507139614,-12.0862792925912,-13.6954478107919,2.36547682496595,4.63982384523761,1184,49,1,0,556,9,0.277722277722278,144,24.2248559626486,1,1828,-24.3885410738,-49.7782595749432,32,12.2462042047124,2.80597518240432,1.58587735372624,14.7063562799158,1
251013_Dupi_NMH_JN_2,O15,Dupi,DupiS2,JN,2,142,871174,1,150,474,884,884,1294,2588,1294,71.3686935243855,0.474,3453.20857112662,1.294,41.616801700037,39.7169811320755,44.452,2.28008306913175,-10.7151452307123,-13.7385557739332,1.14004153456588,52.3137346156601,52.6535433070866,50.764,2.29698517265936,-13.4333281693229,-15.6481783474627,1.14849258632968,44.2668083549038,44.406015037594,44.044,2.32045324395225,-13.8849470808584,-17.8769165399031,1.16022662197613,46.9467128978193,47,47.244,1.9095420036783,-13.2273690663311,-17.2109563013128,0.954771001839148,52.730577297948,54.4851485148515,51.916,1.81339052493343,-14.3346009417925,-12.7979123495183,0.906695262466715,52.9205591334008,53.5263157894737,51.0801687763713,2.23734630649723,-13.4340112520254,-15.5794892758265,1.06050214927969,44.3582604959647,44.458904109589,44.1170731707317,2.70649632451916,-13.5540001506375,-17.4758814612636,1.10966349305286,45.885758137076,47,46.4487804878049,1.02122960294052,-15.2581412715374,-18.6595095954395,0.418704137205612,49.7676726848023,50.8571428571429,49.3261205564142,1.55152468695347,-14.302235757876,-14.9707727541052,2.00767294491778,4.59515977968378,178,57,1,108,488,5,0.243756243756244,162,20.1696438948202,1,1636,-28.9576930373743,-9.20208806342353,14,5.1203490394394,2.95453842051591,1.70552628039897,15.3023281247081,1
251013_Dupi_NMH_JN_2,O15,Dupi,DupiS2,JN,2,143,872893,1,150,428,972,972,1204,2408,1204,78.6949982659761,0.428,17922.00020286,1.204,43.4876718227248,43.5341614906832,45.108,2.55242318397887,-11.3660713240671,-14.8370052757156,1.27621159198944,30.8784837169949,30.468085106383,32.532,1.42906003764093,-8.78061087181003,-14.5986044963622,0.714530018820466,50.7367230247402,50.6797752808989,50.984,2.72473157205492,-11.5822712690865,-14.8647481568467,1.36236578602746,56.6396260677561,56.8068181818182,56.584,2.80259518682827,-11.1465080076753,-12.1894424759925,1.40129759341414,46.2650106308373,45.2962962962963,46.656,2.368526202267,-8.37583997683255,-13.7825255908336,1.1842631011335,29.3630618431028,30.4565217391304,30.4532710280374,1.48986672421456,-8.47495385595561,-14.596161043784,0.637662957963831,49.9722599748576,50.0359281437126,49.8161764705882,2.52196804891122,-11.5238325474689,-14.8595175047488,1.3719506186077,57.9840678089263,57.9823008849558,57.9741379310345,3.28083060820976,-10.90790615873,-12.6564582837187,0.761152701104664,46.9491818651237,46.3917525773196,47.8205980066445,2.26330248062854,-9.04560388538172,-13.2965540245203,2.72501618667676,5.43760957973114,1460,55,1,376,688,10,0.343656343656344,162,24.726925072625,1,1776,12.2860937203567,38.713198347415,32,9.16552590502923,3.17641959484629,2.30502387383144,15.2086995808854,1
251013_Dupi_NMH_JN_2,O15,Dupi,DupiS2,JN,2,144,874623,1,150,296,658,658,1540,3080,1540,43.2722758366819,0.296,2617.40341053059,1.54,34.49858752204,34.5084033613445,34.548,2.64383773715255,-4.70237846094667,-12.4324818292894,1.32191886857628,35.1630858501973,36.7101449275362,33.564,1.55722617204498,-10.0497632769254,-14.1504438618341,0.778613086022489,49.8971792192118,54,46.78,1.5728852746869,-13.2427390396331,-15.6243898049067,0.786442637343451,30.1442965626829,27.5052631578947,34.016,1.64404572361768,-8.67700314247635,-13.7584784390588,0.822022861808838,41.0885625926713,41.0507246376812,40.752,2.14244061988865,-11.1528735942823,-13.84719381729,1.07122030994432,39.4850435492122,39.8846153846154,38.0878378378378,1.71986472828408,-11.3923540331456,-13.7254940250041,0.509079959572087,27.6285426891338,27,29.0828729281768,1.09222168220035,-9.26853561871828,-15.4254359768131,0.395384248956528,40.725844632336,40.890625,41.9705215419501,1.70846517584874,-10.523400128808,-14.4010032765027,1.50686628509859,38.1186486104927,38.0482573726542,38.1714285714286,2.03526255354606,-9.35047698856006,-14.0652474642106,3.13430433246094,5.14911408453126,1768,42,1,0,380,5,0.18981018981019,134,22.122451311877,1,1008,-37.5177385695314,43.2168645550303,27,9.73897133462471,2.76433207750191,1.51262945337682,12.7115735931427,1
251013_Dupi_NMH_JN_2,O15,Dupi,DupiS2,JN,2,145,876388,1,150,372,824,824,1280,2560,1280,52.0453352160879,0.372,4219.61919504918,1.28,47.520134220377,47.5054945054945,46.916,2.32845709634706,-12.586647466692,-13.1350644731649,1.16422854817353,34.1115864894309,33.2789115646259,34.82,2.26146822934411,-5.9714881004055,-12.7127546849813,1.13073411467206,27.4012278629753,28.3846153846154,26.98,1.15875397804355,-6.16714789124703,-13.7621630102199,0.579376989021774,26.7645075890108,26.5338345864662,26.776,2.45333242164639,-3.29489442706674,-11.7473845864196,1.2266662108232,51.3678488763637,50.8952380952381,52.1,1.72056984153568,-9.89078543870144,-11.0024492075543,0.860284920767838,35.0482107712887,33.6867469879518,35.5322580645161,1.78966227627162,-6.92153163431231,-13.4760901813014,0.665754366773044,30.3522912770479,31.4888888888889,28.8849557522124,2.0091136320487,-5.36318256635019,-12.8314865891745,0.908119361686014,26.0453333787011,25,26.2719298245614,1.41847710722646,-5.09471268354631,-13.0133646738485,0.646825560895265,45.0179989121779,44.0037593984962,48.1875,1.89849843051677,-7.94719976539788,-12.3152550379973,2.43007799106147,4.82018164329346,1436,27,1,366,344,5,0.171828171828172,132,44.5008983415042,1,1868,-22.1768165433504,-12.6459969479287,33,11.5459282485959,2.83869911764433,2.03805255398539,10.2961863673517,1
251013_Dupi_NMH_JN_2,O15,Dupi,DupiS2,JN,2,146,888209,1,150,364,958,958,1430,2860,1430,97.8983789305018,0.364,3858.02590852592,1.43,48.3972053211251,48.7616279069767,50.812,2.82380924182498,-9.03894474465398,-12.9300234875332,1.41190462091249,42.2693589806203,37.3,46.888,2.31026049813227,-9.04639018722058,-13.0029004348259,1.15513024906613,49.1534193776936,49.6849315068493,49.396,1.71229986498725,-12.1392118090893,-14.2341331332644,0.856149932493624,44.4809625882887,49,39.456,1.05986729645292,-13.433901992576,-17.1702793957417,0.529933648226458,28.5997209233035,28.7641025641026,29.028,2.69435541225378,-6.08475679226901,-13.1713960789355,1.34717770612689,39.0419572366258,32.1276595744681,43.4835164835165,2.56947655818386,-8.04148949077215,-12.5391134833369,0.935289467178926,50.7125072000244,51.3434343434343,51.1481481481481,1.74984151772758,-12.5098718905341,-14.496365451629,1.03940586153018,45.1362287811339,49,41.4406779661017,1.15606945362687,-13.4223484530417,-16.1673938469085,0.545664782111882,39.1517752712531,38.1173020527859,39.6167832167832,2.10832160369534,-9.04717906912602,-14.2857526017757,3.01489989328434,4.32344286335935,76,32,1,0,398,6,0.198801198801199,124,20.2215079189545,1,1586,67.4665148928097,-18.697565787025,30,10.6987792472758,2.02855349551726,0.795963508960025,7.71493106207656,1
251013_Dupi_NMH_JN_2,O15,Dupi,DupiS2,JN,2,147,905330,1,150,404,606,606,948,1896,948,66.7103963531349,0.404,2892.74258956351,0.948,39.0342322520018,39.1549295774648,39.088,1.93793437818469,-9.67423852852845,-14.2814111399396,0.968967189092347,37.0387326901037,34,42.588,1.19270274188557,-11.7159643090189,-16.3597379512361,0.596351370942783,57.0568378961897,57.112582781457,57.088,2.23269075833673,-13.7428760138051,-15.9337498202792,1.11634537916836,47.2734170138775,NaN,44.428,0.783764694692421,-14.3032972049589,-18.5793952452302,0.391882347346211,50.6247321265494,55.9333333333333,47.088,1.19971279112384,-13.0521572580066,-15.2443374764295,0.599856395561921,35.2972198136564,34,39.3118811881188,1.36288543098395,-11.0407318857618,-15.6898655192803,0.550605714117517,58,58,57.2277227722772,1.24048773321816,-15.1803474997733,-21.175177374847,0.250578522110069,57.0272146076391,57.1061946902655,57.0701754385965,2.36350243008917,-13.7669997178342,-15.1980552177826,0.808317831090495,50.2130522976692,55.864406779661,46.253164556962,1.06221991371568,-13.8046149536045,-16.6258280295736,1.00698447820246,3.85832480894034,1664,56,1,72,238,5,0.118881118881119,62,37.0806349884496,1,1498,51.4027698728894,18.5208620240444,24,9.89569225848932,3.19149962125225,1.92602681759483,18.0782050172058,1
251013_Dupi_NMH_JN_2,O15,Dupi,DupiS2,JN,2,148,907591,1,150,618,1006,1006,1512,3024,1512,68.3422765634972,0.618,2129.88596567175,1.512,53.8105861964036,54,53.772,1.41700653188716,-13.1931705048796,-15.0657843324742,0.708503265943582,48.4099900206868,49.9727272727273,47.732,1.93373511515211,-12.587930313308,-14.8535988033362,0.966867557576055,52.6259305464049,52.5333333333333,52.576,1.14105031855112,-14.3173500654788,-14.8669055038769,0.570525159275559,55.1882895833802,56,54.604,0.961028424496011,-13.8445798344343,-14.8014822798812,0.480514212248006,56.2544803581053,56.2978723404255,56.168,2.12370937836535,-11.420535839626,-14.2494940930904,1.06185468918268,48.9027155012745,49.9727272727273,48.7378640776699,1.75265332912623,-12.8336709848503,-15.2174853642887,1.08313975740001,52.5249045493022,52.5333333333333,52.4381443298969,1.18252685119403,-14.4189851684265,-14.3662359144411,0.458820418263283,55.2583841943872,56,54.6679841897233,0.99070227626794,-13.7531120042377,-14.771378298828,0.501295351791578,46.2954582989532,46.078431372549,47.3492063492063,2.47277823011562,-9.40925240455366,-13.668358390785,3.73884068393482,3.77872972188712,2000,57,1,370,178,4,0.0889110889110889,94,15.9327227260857,1,1324,19.6566116486435,7.02478877433281,13,3.85804879420185,2.53499370353354,1.13088207733928,15.0285601623938,1
251013_Dupi_NMH_JN_2,O15,Dupi,DupiS2,JN,2,149,909161,1,150,484,888,888,1676,3352,1676,88.4208610476768,0.484,3076.95248055771,1.676,43.1430936604735,44.0616438356164,43.352,2.24072422384013,-8.14774427662358,-12.8901915678659,1.12036211192006,43.4677449690625,43,43.8,1.58160615329612,-12.903932201916,-14.076843394932,0.790803076648058,50.4116266975976,51.0825688073394,48.212,2.32519234344149,-10.8827239964019,-13.7724159375866,1.16259617172074,51.8105708423533,51.7878787878788,51.952,2.67983981826024,-12.2301809743476,-14.7202447789844,1.33991990913012,50.6178941764962,52,50.14,1.05496032739747,-14.7292645862717,-14.7631167273753,0.527480163698733,43.474653920151,43,43.8264462809917,1.61010812524608,-12.8570798573249,-14.0077893492498,0.779292332619103,48.6897740107936,49.5280898876404,45.5148514851485,2.35894587949013,-10.8199499464271,-13.7532669132961,0.953014135314015,52.5399350880984,52.4497354497354,52.7081218274112,2.23433241585703,-12.6553654040258,-14.9409343015975,1.76065394369534,42.2992059705361,39.9475655430712,43.6873508353222,1.71997144797303,-9.76642231943704,-13.7565450186552,2.88267214680279,5.23705256460065,822,58,1,372,286,4,0.142857142857143,148,11.8609545707411,1,786,-5.85771200910643,21.0838575203782,19,6.1240598164206,2.21469955857667,1.0802528219241,10.7502276747307,1
251013_Dupi_NMH_JN_2,O15,Dupi,DupiS2,JN,2,150,921196,1,150,342,542,542,644,1288,644,39.8423784038931,0.342,2538.51087183654,0.644,47.3717259450094,45.8421052631579,47.632,1.71025899731755,-12.9441444773044,-13.9363215695114,0.855129498658774,50.1934138518914,51.6857142857143,48.912,1.60228032365222,-12.6376938082693,-14.0435344090851,0.80114016182611,45.3423664668128,45.6571428571429,44.964,2.19873790700166,-9.3987626022283,-13.8122423355236,1.09936895350083,41.4594211070946,40.9004329004329,40.78,3.00426197946145,-7.23049017905856,-12.6960423971887,1.50213098973073,40.5521730254806,40.9744897959184,40.48,2.48293107403715,-9.36596885808687,-14.1172969088442,1.24146553701857,51.5723121542113,51.6857142857143,51.3801169590643,1.9303122086221,-12.1725731457141,-14.7313477958019,0.660166775348758,43.805515813851,NaN,43.66,0.956281380918827,-13.7633118752571,-12.8835303916122,0.191256276183765,44,NaN,44,0.980693009406117,-13.8111072886598,-16.6876137515521,0.100030686959424,47.6689635330426,47.7992700729927,47.2732919254658,2.88385755824191,-8.37821545794402,-13.139389553149,1.85720426750779,4.24450102601789,1080,51,1,98,508,8,0.253746253746254,92,35.8085703457817,1,1974,-20.6974008726997,-4.29802359772212,26,9.21352989002875,2.10292768105012,0.706208791722842,14.5319585012363,1
