sessID,task,cohort,group,participant,sessNum,breathIdx,onsetSample,goodBreath,nEv,inhalePeakMs,returnCrossMs,exhaleStartMs,exhaleTroughMs,endSymMs,breathLenMs,inhaleVolume,inhaleDuration,peakInspFlow,breathLength,w1_rfreqPW,w1_rfreqGated,w1_rfreqRaw,w1_rpowZ,w1_rpowDb,w1_bandDb,w1_aucZ,w2_rfreqPW,w2_rfreqGated,w2_rfreqRaw,w2_rpowZ,w2_rpowDb,w2_bandDb,w2_aucZ,w3_rfreqPW,w3_rfreqGated,w3_rfreqRaw,w3_rpowZ,w3_rpowDb,w3_bandDb,w3_aucZ,w4_rfreqPW,w4_rfreqGated,w4_rfreqRaw,w4_rpowZ,w4_rpowDb,w4_bandDb,w4_aucZ,w5_rfreqPW,w5_rfreqGated,w5_rfreqRaw,w5_rpowZ,w5_rpowDb,w5_bandDb,w5_aucZ,p1_rfreqPW,p1_rfreqGated,p1_rfreqRaw,p1_rpowZ,p1_rpowDb,p1_bandDb,p1_aucZ,p2_rfreqPW,p2_rfreqGated,p2_rfreqRaw,p2_rpowZ,p2_rpowDb,p2_bandDb,p2_aucZ,p3_rfreqPW,p3_rfreqGated,p3_rfreqRaw,p3_rpowZ,p3_rpowDb,p3_bandDb,p3_aucZ,p4_rfreqPW,p4_rfreqGated,p4_rfreqRaw,p4_rpowZ,p4_rpowDb,p4_bandDb,p4_aucZ,peakZ,peakLatMs,peakFreq,anyBurst,burstLatMs,timeAboveMs,nBursts,dutyCycle,maxBurstMs,peakZ_base,anyBurst_base,timeAboveMs_base,chirpSlope,chirpSlope2,freqSpan,freqJitter,apExp,apOffset,gammaBumpDb,gammaPeakPresent
251120_Dupi_NMH_JL_1,focusedBreathing,Dupi,DupiS1,JL,1,1,151271,1,79,666,1440,1440,1998,3996,4364.00000000003,2347.59554497693,1.456,2.51731146054776,4.36400000000003,42.7306413727243,42.3650793650794,42.02,2.70091465124182,2.07111733804143,-4.01977483186385,1.35045732562091,33.3726737745798,29,35.264,0.919482407522749,-3.6823460402151,-7.9001065521037,0.459741203761375,36.7719936872278,36.530303030303,37.236,2.7162438485109,3.86427551066033,-3.64945696201235,1.35812192425545,41.9580704991779,41.9776785714286,41.944,2.54790917861538,2.80580890314018,-5.04032922084306,1.27395458930769,51.8223241130288,51.8556701030928,51.752,2.44029173545214,-4.92069763341725,-5.44107153297754,1.22014586772607,34.9335885706911,33.7926829268293,36.0630630630631,1.24367449956777,-1.33153492633329,-6.36013283172883,0.828287216712134,39.5728843127897,39.8482142857143,39.7209302325581,2.71909174073467,3.51402582237947,-4.45478363100336,2.10457700732863,50.5725704163354,50.4017857142857,50.594982078853,2.46737582222242,-2.44769351132259,-5.30335364552677,1.37679570880011,42.2592458659383,41.6545961002786,43.6876876876877,1.72719688488454,-3.31050007653127,-6.82755524894848,3.45093937599932,4.67103593341775,708,37,1,624,282,4,0.140859140859141,168,13.2310695178023,1,1000,24.071333712768,2.89853723899208,23,6.74682492586369,2.09679325377661,1.06863310744156,21.0224833170262,1
251120_Dupi_NMH_JL_1,focusedBreathing,Dupi,DupiS1,JL,1,2,153453,1,79,782,1432,1432,2018,4036,4043.99999999998,1924.77461149291,1.494,2.11016376218733,4.04399999999998,40.3203935894787,36.0746268656716,41.336,1.53330472473665,1.49699541664827,-4.50884160671254,0.766652362368326,44.8569801926137,45.0144927536232,48.244,2.23783942465274,0.944350308722868,-4.67871917132947,1.11891971232637,45.7121905738971,41,48.52,1.57081008813045,-0.463379922035105,-6.47177030430212,0.785405044065223,46.7405198113504,46.3725490196078,47.328,1.10942358534458,-2.73264682826267,-8.54372435206161,0.554711792672289,49.2602239373451,48.75,49.532,1.89944028573276,-3.89128249091366,-6.90588648180108,0.949720142866381,43.8663862990234,43.5648148148148,46.4808184143223,2.1824520131824,1.17214739693558,-4.93044958075982,1.70667747430864,49.421746404274,46.3725490196078,49.8523076923077,1.1278766854996,-3.39901541921876,-8.3171169976203,0.733119845574738,49.2572296303605,48.7692307692308,49.419795221843,1.70222475051886,-4.17579975767685,-7.18147161309826,0.997503703804052,49.7335700577924,49.1644100580271,49.2885973763875,2.22053191628323,-1.21686164913007,-3.36308547730513,4.40109425807335,4.56034933942871,92,36,1,40,198,3,0.0989010989010989,124,13.5117368124874,1,1512,60.5042686397268,-4.10838575203781,23,7.01234900851586,1.43786339947534,0.399642160801318,12.9922205839368,1
251120_Dupi_NMH_JL_1,focusedBreathing,Dupi,DupiS1,JL,1,3,155475,1,79,662,1206,1206,1536,3072,4074.00000000001,1162.49066827798,1.188,1.46379722760309,4.07400000000001,48.5940526725599,48.6633165829146,49.044,2.77621314512886,-1.24327696871846,0.445362705980753,1.38810657256443,51.5242923082286,53.9428571428571,46.98,1.41773463792975,-3.64274798970469,-8.06091911619307,0.708867318964877,36.2003608509189,36.169014084507,34.804,1.53390707100279,0.0380965530903623,-5.37527389492145,0.766953535501395,NaN,NaN,31,0,-13.9680675755387,-13.4028339277461,0,56.8735661710975,NaN,50.94,0.201127179888948,-8.77308052350437,-9.71893771568206,0.100563589944474,46.7885911093644,48.9387755102041,44.4894259818731,1.57012786852434,-1.60210153752936,-6.82551468125485,1.03942464896312,35.8726006422439,36,32.7683823529412,0.802198907174919,-3.03390282115805,-7.62444543409786,0.436396205503156,NaN,NaN,31,0,-13.4032718681084,-12.7632872203814,0,52.3415204685013,50.9345794392523,53.0130208333333,1.11110138938681,-5.8978962963429,-7.93549647348425,1.70665173409814,4.8396270561856,82,54,1,42,182,2,0.0909090909090909,98,9.68287480621399,1,162,-44.8138873079112,-20.0506197193583,18,8.92388164573875,1.89819555445343,0.948784406629828,14.5942008865505,1
251120_Dupi_NMH_JL_1,focusedBreathing,Dupi,DupiS1,JL,1,4,157512,1,79,860,1532,1532,2044,4088,11386,1305.54550498834,1.538,1.23917304587925,11.386,52.9584650382199,52.5367647058824,53.972,2.41176721223644,-5.15779098846457,-5.54116566981671,1.20588360611822,42.1729827246552,44.1428571428571,42.248,1.65720183570366,2.66254899254462,-4.99936094746656,0.828600917851832,37.8009660094726,37.8257575757576,37.788,1.89717204592517,3.48348467887069,-4.04158467908294,0.948586022962586,44.685317800171,44.4507042253521,44.948,2.51337258383742,1.99770526384544,-3.53089730958355,1.25668629191871,38.8947783804498,38.6024590163934,38.668,2.92399817697277,2.86360872455105,-3.63614760276936,1.46199908848638,40.4314721349683,40.7592592592593,40.5093023255814,1.70993238831424,3.17266097290777,-4.5810669230312,1.47054185395024,43.0808782911727,43.1375464684015,43.1041666666667,2.43480351701076,2.32941299726812,-3.59755056693421,1.63618796343123,39.4560864935057,39.125,39.23828125,2.95475345736489,2.39059253756714,-3.7986696347815,1.51283377017083,34.0849959795098,31.6803797468354,36.1441717791411,1.59751059657058,-0.655154724113287,-5.26628222029839,3.12473072689206,4.24802782517723,1988,47,1,494,270,7,0.134865134865135,96,28.458038277837,1,1818,-16.8339973439575,-5.77446309599135,14,5.03646769130275,1.86761501084723,0.854246253077625,21.5801984877758,1
251120_Dupi_NMH_JL_1,focusedBreathing,Dupi,DupiS1,JL,1,5,163205,1,79,928,1218,1218,1514,3028,2807.99999999999,715.192625276684,1.216,1.3136054318571,2.80799999999999,36.4622677369436,36.132183908046,36.012,3.05787327191495,-0.729096308057583,-6.10692348449203,1.52893663595747,28.6943925631562,28.4444444444444,29.024,2.57414174097647,-3.3035508272591,-6.77490318708226,1.28707087048824,45.8889748176897,41.8837209302326,49.912,1.62240561323479,-6.728224241136,-8.348318750202,0.811202806617393,51.3142409167246,NaN,50.272,0.620802244322722,-10.4684862379026,-11.0901516082226,0.310401122161361,48.3391120111714,NaN,41.948,0.26670314442286,-10.6272693430542,-14.2292210464762,0.13335157221143,34.7318996907978,33.1048387096774,38.2629310344828,2.19302011026286,-4.40432065432896,-7.29329325181859,2.03512266232394,54.4133700194878,NaN,54.448275862069,0.976811159658583,-12.3266198073022,-10.6932457170665,0.283275236300989,44.6068929697296,NaN,47.6959459459459,0.314985725699358,-9.67489717933619,-11.761288752212,0.0932357748070101,48.785035171151,48.2272727272727,46.9828269484808,1.4600779776871,-7.04778024179586,-11.3015005666157,2.21055805821827,4.41583891482942,236,27,1,0,240,4,0.11988011988012,124,20.6612883576163,1,658,1.64902295579586,48.8878549893922,30,9.03508102026241,1.44198451061836,0.270196845605032,12.5934611597774,1
251120_Dupi_NMH_JL_1,focusedBreathing,Dupi,DupiS1,JL,1,6,164609,1,79,776,1112,1112,1424,2848,2883.99999999996,1088.66324250264,1.088,1.71325981252345,2.88399999999996,36.7731944339603,NaN,40.276,0.728519583485694,-5.92929298790682,-11.2119930203466,0.364259791742847,44.2361418063113,43.3207547169811,44.704,1.61133557090579,-2.86133543465843,-8.42101150832578,0.805667785452894,42.458684267671,43.3774834437086,41.284,2.10838042612375,-2.79940928389159,-8.10651453583679,1.05419021306187,46.0146309831552,45.8662790697674,46.204,2.53219513435202,-1.66506628680668,-7.73544594914172,1.26609756717601,42.3918007929609,42.9714285714286,42.908,3.00142626162383,-1.15782290730329,-6.15962776963524,1.50071313081192,41.764649780212,41.1379310344828,42.2164948453608,1.67383575515105,-3.03468588748096,-8.47675816825518,1.29889654599721,46.8182518465234,47.6865671641791,46.2083333333333,2.56239690942159,-1.97887352086159,-7.76104080703409,0.860965361565655,45.8381559838142,45.4578313253012,46.1217948717949,2.39807985514048,-1.8139041587516,-7.83997936400264,0.748200914803829,41.5232885140816,41.5307125307125,42.435393258427,2.32713992986324,-2.09223296755493,-7.36826135594442,3.31384726012526,4.76509680908866,1728,40,1,862,428,6,0.213786213786214,186,48.3527068503325,1,1974,-10.5160311136407,0.865653031600107,12,3.60232788694094,1.41240582040258,0.337875485061022,12.6830178629976,1
251120_Dupi_NMH_JL_1,focusedBreathing,Dupi,DupiS1,JL,1,7,166051,1,79,620,1232,1232,1710,3420,3352.00000000003,1975.13729083456,1.23,2.4838288603522,3.35200000000003,50.3702206864688,58,50.052,1.06246038833707,-5.69299693200841,-9.81090241069738,0.531230194168535,55.2429479160989,55.0157894736842,55.26,2.66120676008083,-7.32499514725533,-7.84716244330679,1.33060338004042,35.987475024379,30.7428571428571,37.348,1.46407766329449,-4.89868771616918,-10.28162958193,0.732038831647247,38.9954869404582,40.5692307692308,36.716,1.45636498756171,-2.62600119500696,-6.82074593489012,0.728182493780855,38.6299600207417,38.2752293577982,39.34,1.75245276082945,-1.8891475964105,-7.95015016187313,0.876226380414724,55.0691375077632,54.9507389162562,55.0161290322581,2.49503301970691,-7.41197194137763,-8.37462138219412,1.54692047221829,29.656652491963,25.4385964912281,31.9183006535948,1.12554455267672,-4.51951251276421,-8.99242699325137,0.688833266238154,40.6178844201323,40.5692307692308,40.9790794979079,1.53052635305503,-2.04505596100177,-7.36963064094852,0.731591596760303,36.6254612860784,36.8666666666667,36.1543859649123,2.17431552016265,-1.44096614217527,-7.32479060829293,3.71807953947813,4.23829330908661,106,56,1,46,290,4,0.144855144855145,128,8.80148462104113,1,1132,-0.593435780686789,-49.9707820002233,32,10.5765651653445,0.777917947219367,-0.545317453665758,9.81085716116531,1
251120_Dupi_NMH_JL_1,focusedBreathing,Dupi,DupiS1,JL,1,8,167727,1,79,816,1482,1482,2002,4004,4093.99999999999,1867.42000595978,1.486,2.18137704336367,4.09399999999999,30.1586577332938,29.0864197530864,30.92,2.41487823809241,-1.94581014883937,-6.73987548924462,1.20743911904621,46.0986053879897,48.5889570552147,44.24,2.18356007344313,-3.90010933634192,-9.28955769415766,1.09178003672156,46.0377669560184,46.65,42.644,0.826657799034753,-4.35262873914988,-9.1583290167886,0.413328899517377,45.242460885509,45.1538461538462,45.264,2.01248459555399,0.0557076047301087,-5.93030946140551,1.006242297777,53.1638544271521,52.6530612244898,52.632,2.6249640937902,-4.44600243890186,-6.11294492004005,1.3124820468951,46.2881956748944,48.5889570552147,43.2745098039216,1.46679771288052,-4.78808727256837,-10.0428138983291,1.1969069337105,45.2560237082333,45.3374233128834,44.972972972973,1.93827399642406,-0.39503854207008,-6.16594887284397,1.29089048161843,53.0355328409565,52.6700507614213,52.3807692307692,2.58282383846786,-4.26642927909421,-6.08242048960161,1.34306839600329,45.0654043751109,46.3029612756264,43.8408408408408,2.15342374379589,-0.0550396579863073,-4.49157948035757,4.3025406401042,4.50110179258059,1914,56,1,184,270,4,0.134865134865135,140,24.0788043040255,1,1614,40.6913299184216,-12.1658540216623,11,4.04579725370942,1.2766742433346,0.199637341346616,13.9013395905785,1
251120_Dupi_NMH_JL_1,focusedBreathing,Dupi,DupiS1,JL,1,9,169774,1,79,1034,1472,1472,1826,3652,3505.99999999997,1434.65282273535,1.43,1.65239660577767,3.50599999999997,49.5598103001613,49.2135416666667,49.496,2.85077760702258,-5.60614786815064,-3.98351845418162,1.42538880351129,42.2821712452584,42.1324503311258,42.276,2.29568635822767,3.05602890171682,-4.3553361901802,1.14784317911384,35.2179348297954,36.2755905511811,33.128,1.96538242870923,2.93277038683806,-3.06368922809786,0.982691214354613,29.0255680319937,28.5688622754491,29.068,2.56586469386282,0.867115801975357,-4.14681373745488,1.28293234693141,31.7298043798764,31.7352941176471,31.368,1.68670979273349,2.02868058168073,-5.08382227205617,0.843354896366744,38.9300935724148,39.4568345323741,37.5145067698259,2.08835444240239,2.91135747947465,-3.73747171024551,2.15935849344407,29.0847609612762,28.7124183006536,28.972602739726,2.68807166605061,1.05595005702754,-3.99381454123191,1.17737538973017,29.9238665160318,29.4181818181818,29.728813559322,1.6990945375818,0.89429345828634,-5.22545615497826,0.601479466303956,33.7153069580221,33.3125,34.1434830230011,1.80062466263974,2.86694593002479,-3.84363825131857,3.28794063398017,4.34647346116081,1200,32,1,220,536,6,0.267732267732268,176,20.669416286171,1,1750,-3.72490988427245,-23.0758923586556,18,6.39771146535953,1.93359164296294,0.827244165093411,20.9431221967439,1
251120_Dupi_NMH_JL_1,focusedBreathing,Dupi,DupiS1,JL,1,10,171527,1,79,988,1452,1452,1776,3552,3640.00000000004,830.810459565901,1.4,0.982008788267249,3.64000000000004,38.4930204184004,35,40.488,1.77951703999604,0.313971217833796,-3.77239552800324,0.889758519998018,28.9965819053923,29.9076923076923,33.484,1.67045061353481,-1.24119195154157,-4.57486022007512,0.835225306767406,41.6159748261606,38.5679012345679,42.908,1.53880930149287,0.281288203238533,-5.16936256190905,0.769404650746436,49.7156118283317,50.1313131313131,48.884,2.79340590427106,-4.32201929930231,-4.26727941090163,1.39670295213553,51.5492248523434,49.9795918367347,51.7,1.8062317998341,-3.47393185180262,-5.64656046554005,0.90311589991705,34.8684275995936,34.7123287671233,38.0404858299595,1.60609453057681,-0.370599758975611,-4.85595094247299,1.58682139620989,50.1873100660511,50.7570621468927,49.3663793103448,2.78535671347437,-4.44588234629244,-4.27780389941629,1.29240551505211,51.5553569589248,51.3295454545455,51.8086419753086,1.98887694643828,-6.95328129956035,-6.75369504113416,0.644396130646003,48.5142163931883,47.1312849162011,48.4786036036036,1.66169182341654,-2.41523746204974,-4.82673594883695,2.95116467838777,4.95258872027566,1154,52,1,0,292,4,0.145854145854146,122,47.6392672625314,1,1652,43.1682792638968,26.537573975509,31,9.25725395922856,1.20146494703587,0.170877251934809,12.7246214751329,1
251120_Dupi_NMH_JL_1,focusedBreathing,Dupi,DupiS1,JL,1,11,173347,1,79,1120,1682,1682,2036,4072,4473.99999999999,716.505310012214,1.6,0.798632458556318,4.47399999999999,33.7601248375396,NaN,32.944,0.95609859030357,0.802679685868458,-5.90408985025985,0.478049295151785,46.566514159043,46.4366197183099,47.708,1.57166401825452,-4.3797875719991,-3.89316157370902,0.785832009127262,53.0896565441389,51.360824742268,53.98,2.09532992790676,-8.09834895848052,-6.51792393925927,1.04766496395338,45.7251842208193,44.8172043010753,47.328,1.85789921711716,-2.18044851904098,-4.41100631963558,0.92894960855858,42.1461587926856,41.2013888888889,44.484,2.53361105943089,1.45074370905066,-2.39543340787515,1.26680552971545,50.6228810721122,49.5485714285714,51.1785714285714,1.74492210007427,-6.12532534372976,-5.31292136939882,1.95431275208318,40.628370785448,40.2774566473988,42.4839857651246,2.60479658307137,1.77017141208679,-2.55689948867293,1.46389567968611,49.8692842423648,50.2266666666667,49.7344632768362,2.04301118314492,-3.69798997772124,-3.21177663373882,0.723225958833303,42.726610793749,43.8612836438923,41.489816700611,1.95920709121422,-1.95263544512805,-4.87953174609804,3.84788272714473,4.66478108189122,1452,43,1,266,434,5,0.216783216783217,140,67.7658209392143,1,1622,32.7827736672358,7.00459671716232,23,6.19364626283017,1.329860492239,0.115506255916852,18.3237551930559,1
251120_Dupi_NMH_JL_1,focusedBreathing,Dupi,DupiS1,JL,1,12,175584,1,79,1106,1676,1676,2028,4056,4127.99999999999,816.289706120496,1.614,0.812290273766258,4.12799999999999,51.5611045398003,52.0281690140845,51.556,2.36023875577171,-7.27708211906977,-6.300126025967,1.18011937788586,45.3847352059739,45.9367088607595,45.136,1.81768603323663,0.252149106733447,-4.51059399973115,0.908843016618314,54.7064225409144,54.5714285714286,54.772,1.82903805445769,-8.73949439024515,-6.21287067966653,0.914519027228844,51.734027364352,NaN,51.784,1.21177055119483,-6.41061226677132,-5.3136086269665,0.605885275597415,42.5052893419762,42.2976744186047,42.388,3.16239090348687,2.0955083941992,-3.36147754442724,1.58119545174344,50.7343333664028,50.8641304347826,50.6925858951175,1.8093187985881,-2.5113518691469,-5.46641676705613,2.00110659123844,45.5653427983118,42.1369863013699,47.7052631578947,1.56819918145426,-2.03283324906814,-4.99028345148626,0.893873533428929,42.4401636147364,42.1666666666667,42.3352272727273,3.44466336444879,2.45412275889402,-2.43217414775104,1.21252150428598,48.8030184558488,48.7276595744681,48.3407707910751,1.93321091758505,-4.0965933848025,-4.87757900374407,3.81229192947772,5.50241410240791,1750,44,1,428,258,3,0.128871128871129,184,16.7817099364647,1,1654,10.1104154809334,23.280511408047,18,6.11120370933111,1.4786709242964,0.428219435912446,15.644952592482,1
251120_Dupi_NMH_JL_1,focusedBreathing,Dupi,DupiS1,JL,1,13,177648,1,79,1088,1864,1864,2238,4476,3341.99999999998,735.729830494912,1.812,0.665975849611684,3.34199999999998,41.2617830246096,42.367816091954,43.084,2.71218612840093,-1.23153779040844,-6.63114102454238,1.35609306420047,39.7119998497961,39.639751552795,39.66,2.61726444360357,-0.427525612839503,-5.95268977674855,1.30863222180178,52.0389702093871,55.65,50.86,1.20965840074415,-6.78174646480892,-8.75040045119718,0.604829200372076,57.6128807283486,57.2884615384615,57.496,1.00501075312813,-11.2008659745695,-12.4029448216057,0.502505376564064,50.6150449531006,51.1724137931034,51.076,1.32810610650102,-7.63658269320822,-9.15803525682385,0.664053053250508,44.9242265317426,44.2443438914027,46.2150735294118,1.94934204738878,-2.84475598680092,-7.27086142940715,2.120884147559,55.1581031707255,57.3428571428571,55.2835051546392,0.878191305980825,-10.181639736813,-12.1644499683067,0.68147645344112,50.512660671301,50.4049586776859,49.7700534759358,2.86098451108149,-6.02289785163283,-6.64200628444281,1.07000820714448,44.8142427739088,45.5193370165746,40.4120317820658,1.61986328755628,-5.66959813745575,-10.5098341378412,2.85419911267417,4.45110719910686,2000,52,1,256,212,2,0.105894105894106,196,17.0697190816285,1,1116,2.71599317017641,27.9833066587263,20,7.91250166070858,1.7598383206257,0.681130151496092,13.6230673739206,1
251120_Dupi_NMH_JL_1,focusedBreathing,Dupi,DupiS1,JL,1,14,179319,1,79,566,1468,1468,1810,3620,2842.00000000004,1019.32493860322,1.362,1.21750029418473,2.84200000000004,28.5119300083612,27.0761904761905,29.848,1.76158438027597,-6.69472388022076,-13.0754389920888,0.880792190137987,50.2868292292924,48.8152173913044,51.42,2.2280529377081,-3.81390479511131,-9.34786813849698,1.11402646885405,46.391879596923,46.2340425531915,47.7,2.05187103715798,-3.29030137891294,-7.78848151982555,1.02593551857899,41.9058892188396,40.2439024390244,42.216,1.35169108012966,-5.08580133152804,-10.1662642742237,0.675845540064831,33.3624565031023,33.9526627218935,32.932,2.74126187379843,-4.53018596008028,-10.4396244245952,1.37063093689921,49.142987134882,47.528,50.547703180212,2.40528158850909,-3.01356790355315,-8.63859749140042,1.36138937909614,45.1050798587817,45.7067669172932,45.2084257206208,1.48940328818175,-4.84144823721107,-9.23087418101712,1.34344176593994,37.5548966890696,38.9090909090909,36.0994152046784,2.73069059740598,-3.86714692098758,-10.1370117176681,0.933896184312845,36.9253239886862,35.6463414634146,39.5138121546961,1.84719572493076,-7.70921051468903,-11.2095485892586,3.34342426212468,4.53746763982658,1862,25,1,394,500,5,0.24975024975025,168,119.075961890412,1,2000,-24.9212673117056,0.159210183496482,27,7.9398050953348,2.01663500362417,1.00698584074728,17.0373612917869,1
251120_Dupi_NMH_JL_1,focusedBreathing,Dupi,DupiS1,JL,1,15,180740,1,79,576,1248,1248,1700,3400,3113.99999999998,1314.02615794137,1.208,1.86357748439968,3.11399999999998,28.8753658820019,27,30.136,1.14876929367751,-6.98509831997796,-12.3295625410019,0.574384646838754,49.3021804857042,NaN,49.144,0.614122446721741,-10.2706206307148,-14.0139048560849,0.307061223360871,48.6841640570682,47.3846153846154,50.06,2.30285210723457,-5.44052963115697,-10.8441135237992,1.15142605361728,40.5632834429062,41.2771084337349,39.928,1.68285430543278,-5.43914959010017,-9.7576697620909,0.84142715271639,37.8918542420777,37.450495049505,37.948,2.9309685764225,-4.39405313323717,-8.54116141745374,1.46548428821125,50.5185813966536,53,49.6527777777778,0.794416340376033,-9.91391595533425,-13.8920345933798,0.457583812056595,46.4877372198404,45.7931034482759,46.1964285714286,2.02559569652771,-5.12708479228294,-10.3738384563297,1.36120030806662,39.8782455673134,39.8666666666667,39.8805309734513,2.11747778547144,-4.76433639463786,-9.05910173715884,0.957099959033091,35.9616237171716,35.6923076923077,34.8729411764706,1.76964900145981,-6.04899261333125,-10.3752836775642,3.00840330248167,4.32161600063682,1778,38,1,834,462,3,0.230769230769231,256,11.1060851120504,1,968,40.4564598747866,-11.2221312390665,22,5.39518673001357,2.91192117817374,2.12934795825194,16.847659720646,1
251120_Dupi_NMH_JL_1,focusedBreathing,Dupi,DupiS1,JL,1,16,182297,1,79,540,1154,1154,1740,3480,3036,1234.35060818604,1.244,1.56921426822513,3.036,50.2914677643497,50.1090909090909,49.892,1.92870688201365,-6.35153689007967,-8.95731985700068,0.964353441006827,46.9663559966722,NaN,47.612,0.596260701999931,-10.7119843457182,-12.8220880083413,0.298130350999965,56,56,56,1.95047070163623,-10.2052080863464,-11.2873030036782,0.975235350818116,47.8195585201968,49.2283464566929,45.816,2.06362685648179,-8.21115242209211,-10.8345336238901,1.0318134282409,45.3311225477013,48.578313253012,42.568,1.97212420407375,-6.70157118696463,-10.4486065587553,0.986062102036874,48.1389840766807,NaN,48.2333333333333,0.634449015098528,-10.7641346812644,-12.81141332116,0.342602468153205,55.7481734398526,55.7123287671233,55.814332247557,2.11401225431979,-10.1958311713427,-10.9600273824728,1.29800352415235,41.2671984666751,46.3764705882353,39.3139931740614,1.6774708574043,-6.7999196268692,-11.1632104053183,0.982997922438917,47.4959770072738,45.7224669603524,48.5057471264368,2.14174926258164,-4.89217778261055,-8.94775435329679,3.72664371689206,4.68382001497398,1882,54,1,608,266,5,0.132867132867133,92,15.8655851269245,1,1604,69.3690001897173,0.830479770722431,23,7.81410616667461,1.23095053762439,0.397062373240925,2.21630296521913,0
251120_Dupi_NMH_JL_1,focusedBreathing,Dupi,DupiS1,JL,1,17,183815,1,79,530,1118,1118,1636,3272,2798,1518.10823641418,1.17,2.14725363291789,2.798,47.1625945773354,47.7619047619048,46.956,2.89055739290674,-2.25487462622876,-7.6418480327131,1.44527869645337,43.0819772699697,43.4372093023256,42.952,2.48332605614381,-3.11707442605283,-7.64513757087635,1.2416630280719,28.251324762635,28.5376344086022,28.76,3.18223051067114,-2.50956297965629,-6.11270478887774,1.59111525533557,29.1229803635708,30,28.78,1.06876113408536,-6.16291720074738,-12.3518200768273,0.534380567042682,54.3278767924893,55,51.68,1.19647904083289,-11.3555736561623,-11.2859602373422,0.598239520416446,42.6893397897755,43.0933333333333,42.5358490566038,2.47419425357486,-3.21474801996837,-7.52063747934327,1.31132295439468,28.159691236944,28.3280423280423,28.7551020408163,2.84430489980448,-2.92501298875616,-6.81200326155811,1.67245128108503,31.1479492251808,29.0714285714286,32.5482625482625,0.835661901561067,-6.98070109006229,-13.1513638541116,0.432872865008633,51.9364545955879,52.4166666666667,48.8826405867971,1.15100703500634,-9.24823666787907,-11.106026081103,1.88304750927037,6.04905581909112,620,26,1,218,426,6,0.212787212787213,186,33.5134848276467,1,1700,-30.5664959210776,-20.6295827595191,30,9.68173198258402,2.16382409228818,1.49652392626079,14.5873571570477,1
251120_Dupi_NMH_JL_1,focusedBreathing,Dupi,DupiS1,JL,1,18,185214,1,79,550,1228,1228,1636,3272,3033.99999999999,1492.49693464075,1.226,1.77606030498149,3.03399999999999,28.2779795778596,25,36.304,0.79600534396253,-7.83020728225179,-11.7926990108461,0.398002671981265,48.993452268385,53,44.232,1.19568092585424,-9.62101183814578,-12.4455997825012,0.597840462927118,50.5297532359905,50.25,50.992,2.33300395891577,-6.48720713245715,-8.70683859220483,1.16650197945788,54.2245451962451,53.125,55.204,1.9885269979791,-5.04307806659746,-9.83210640835488,0.994263498989549,43.1990963808776,43.3855421686747,43.164,1.65184008078244,-0.944831384094852,-7.30304688138497,0.825920040391219,49.8574092974164,53,45.0290909090909,1.38581454677394,-9.46007186031992,-11.8183316996497,0.762198000725667,51.8598059797044,49.7407407407407,53.0412979351032,1.92269582464215,-6.87252762072606,-9.37975119857398,1.30358776910738,49.9873179117895,51.0931677018634,49.7303921568627,2.35693307658992,-2.85763840030097,-8.56732211966734,0.961628695248686,35.1309835260564,34.5698051948052,35.7872860635697,2.65289283517805,-1.62225118857996,-6.86336059563147,4.34013267835129,5.10731684336406,2000,43,1,432,372,5,0.185814185814186,114,27.4532499668265,1,1218,51.455890722823,-1.18425950050248,16,4.93069366808267,1.6318925046799,0.379392068036344,15.6190653721248,1
251120_Dupi_NMH_JL_1,focusedBreathing,Dupi,DupiS1,JL,1,19,186731,1,79,536,1138,1138,1600,3200,3134.00000000001,1191.50918144644,1.156,1.56814676577863,3.13400000000001,31.6791000671772,31.6073298429319,32.092,2.46134068647915,-2.54701387623008,-7.79518760331356,1.23067034323958,35.9118593337957,34.4132231404959,39.624,2.00300804762238,-2.93740582725161,-9.28004472678081,1.00150402381119,47.7638616165121,52.9090909090909,38.112,0.737026577846621,-9.62928175476448,-12.6939070224864,0.36851328892331,44.1825092971395,NaN,40.108,0.626151758951095,-9.70159669623503,-13.3363374273225,0.313075879475547,49.4178409902629,49.1981132075472,50.124,2.04397855123931,-5.48264740652545,-9.41025591208874,1.02198927561966,36.9391989386826,35.244094488189,40.455223880597,1.99593177314149,-3.169126418084,-9.40056867132386,1.06981943040384,44.9976417874125,54,34.890365448505,0.558585139821139,-9.85102726335826,-13.209420415571,0.336268254172326,47.5877348294578,49,45.7445887445887,1.26114330758683,-7.36256013679431,-11.5149001341248,0.582648208105115,44.8945628542856,43.8073089700997,46.57,1.71332480202801,-7.00210887141971,-10.4610899962949,2.74131968324482,4.88154156018878,1650,49,1,42,308,2,0.153846153846154,162,7.93058605270081,1,460,52.7767027129577,-25.0465254773514,22,8.69935080297085,2.61449099596387,1.67689203682073,15.5596295064473,1
251120_Dupi_NMH_JL_1,focusedBreathing,Dupi,DupiS1,JL,1,20,188298,1,79,660,1480,1480,2000,4000,3901.99999999999,1663.91260971719,1.508,1.71786760682207,3.90199999999999,39.1996649758714,32,43.176,1.66389007115413,-6.34818457157896,-10.3187916728221,0.831945035577065,26.792024080266,27,29.312,1.70514976461763,-5.43928002187068,-10.8975101074528,0.852574882308814,31.4651031124218,30.0487804878049,32.368,1.21932568034934,-6.30135124981276,-11.7863087494319,0.609662840174669,35.6956379853398,37,35.396,1.19189039944845,-6.36073151280292,-10.4614286151554,0.595945199724224,35.7040164781186,35.4647058823529,35.86,2.46158141236421,-3.68346730010557,-9.4354567067323,1.2307907061821,27.773367463302,28.1061946902655,29.5757575757576,1.78635676475596,-5.34996533685486,-10.8678295466084,1.17899546473893,34.6646408311701,37,34.4853658536585,1.03219887663319,-6.6531963416887,-11.1094372632942,0.846403078839212,35.7376417173226,35.4647058823529,35.9038461538462,2.42995208617629,-3.73578580291637,-9.51490788410285,1.26357508481167,46.8299998711826,46.4459016393443,47.258,2.48405205597807,-3.32534695555065,-8.32366381392405,4.96810411195614,4.36893849866948,2000,34,1,124,262,4,0.130869130869131,86,18.5354327244364,1,986,-36.0629861506356,14.2594074515205,10,3.80871445411342,1.34218058533815,-0.0100212030648179,9.85487345073937,1
251120_Dupi_NMH_JL_1,focusedBreathing,Dupi,DupiS1,JL,1,21,190249,1,79,722,1276,1276,1924,3848,3828.00000000003,1345.54994427375,1.458,1.51527959956964,3.82800000000003,53.39375751455,52.6724137931034,53.644,1.96714101098499,-7.39310598886469,-7.07879366764438,0.983570505492495,48.4101678531234,37.7857142857143,50.112,1.31617374664075,-8.33674234742211,-9.18718175383795,0.658086873320376,37.0786433037339,37.285,37.656,2.43919505720829,-0.748657718181925,-8.60587243286431,1.21959752860415,41.4646316961056,40.989010989011,41.476,1.91664666512159,1.41255562515945,-6.08274962023911,0.958323332560794,31.8140148496265,31.5675675675676,33.464,2.02444854462082,-2.048051077938,-7.9263285729354,1.01222427231041,38.3091593714988,29.3658536585366,43.185595567867,1.63849314282993,-6.05403245103789,-9.48665486412288,1.18299204912321,44.5479664012764,45.4820143884892,44.1913357400722,2.13352920644254,0.790303959015652,-6.81528378147104,1.18197518036917,34.3830722915295,34.8571428571429,35.5432098765432,2.17557799142985,-0.113603756376276,-7.14885696922355,1.40977453844655,39.5959533723902,39.0801603206413,41.1943866943867,2.22175260161294,0.190140401483185,-5.86734116326833,4.2746520055033,4.52773691131932,1698,28,1,550,280,3,0.13986013986014,134,12.6767628115635,1,988,-33.7727186492127,-8.47945434920162,29,9.1763908872883,1.59454100163078,0.462091348735967,17.3376624050702,1
251120_Dupi_NMH_JL_1,focusedBreathing,Dupi,DupiS1,JL,1,22,192163,1,79,582,1310,1310,1752,3504,3593.99999999999,1188.26129910384,1.31,1.25082830157778,3.59399999999999,40.9819229289059,41.6760563380282,40.388,2.2849215895079,3.22097452794831,-4.59691508793796,1.14246079475395,54.0073014571221,56.1929824561403,52.56,1.58438246391318,-4.28405792508472,-6.8717619222212,0.79219123195659,38.3872737312345,35.6067415730337,40.896,2.25691729732152,-0.12970390083271,-5.11679650472376,1.12845864866076,45.1539231072517,47.2558139534884,44.504,1.85238377588023,0.19205765101793,-5.84551646430248,0.926191887940113,38.001988400179,39.6041666666667,35.668,1.40736592921,-0.0358237975609249,-6.75680817685622,0.703682964604999,54.3461831926254,56.390625,53.0927835051546,1.5623099346159,-4.48025219761801,-6.90749909854575,0.909264381946451,39.9528293175569,39.9411764705882,41.1098901098901,2.26139533976706,0.480493665966844,-5.14200121823576,1.64629580735042,40.9169570695721,40.7027027027027,40.8371040723982,1.97571204652183,1.22179058258175,-5.76173790158707,0.873264724562649,45.5371812736457,45.8925831202046,45.3926940639269,1.92505943910439,-2.04683649564581,-6.7802616207545,3.37270413731089,4.33980087318648,950,33,1,838,186,2,0.0929070929070929,144,7.4668321469662,1,676,35.2369569341681,-37.3792198607958,25,8.23234021252791,1.68641886875399,0.643770842923378,18.7240352529258,1
251120_Dupi_NMH_JL_1,focusedBreathing,Dupi,DupiS1,JL,1,23,193960,1,79,866,1558,1558,1894,3788,3791.99999999997,1144.05867855165,1.492,1.19526374613538,3.79199999999997,47.8216054147208,48.3211678832117,47.584,2.03595447310745,-3.71030542416776,-5.09963306337968,1.01797723655373,49.9094840634186,49.7384615384615,50.368,2.11522908941336,-6.44824804166596,-7.42143083825635,1.05761454470668,46.2253129846535,46,44.768,1.26156690220046,-2.80883332248842,-6.56551745388462,0.630783451100231,45.2455401768446,45.2560975609756,44.604,1.77481032011663,-2.7281021046875,-5.40987038008636,0.887405160058313,42.2959544703698,43.8018867924528,40.892,1.71936502585369,0.258836218093143,-5.93633525291884,0.859682512926847,49.0827640474783,49.4964028776978,47.810623556582,1.60201262262579,-4.68291676777314,-6.96173004028395,1.38734293119393,45.0943338138283,45.5307692307692,43.9913294797688,1.77069050780425,-2.5618147036676,-5.77330198199591,1.22531783140054,42.5567537638085,43.9550561797753,41.4047619047619,1.85059895501412,0.516662296235988,-5.66150460911116,0.621801248884745,43.2027471192725,45.0436507936508,43.8511087645195,2.35685829366887,-0.274720210132228,-5.28881372590232,4.46388960820883,3.93485856619346,98,48,1,66,108,2,0.0539460539460539,90,13.6408646400828,1,1602,17.3321950294062,-13.1176722373172,20,4.07079595154859,1.54214216767237,0.343223951122935,16.470827633476,1
251120_Dupi_NMH_JL_1,focusedBreathing,Dupi,DupiS1,JL,1,24,195856,1,79,856,1292,1292,1690,3380,3840.00000000003,795.391736135208,1.272,1.05839425791864,3.84000000000003,51.7173849530502,52,51.676,1.91104215877586,-7.26627410646777,-4.07649571846611,0.955521079387932,49.8515207163237,51,49.476,1.12212517344954,-6.09552217067585,-7.69188490549021,0.561062586724772,53.6623708133394,53.9212598425197,53.568,2.17761579440679,-6.22258452811022,-5.36106239260562,1.0888078972034,49.0102861529061,48.381679389313,48.564,2.11158968029101,-3.06685826379279,-5.80895140894056,1.0557948401455,44.1314418939087,44.8093023255814,45.908,3.21834659479844,2.92200465456522,-1.79115633128219,1.60917329739922,50.5179634284815,51,50.4322429906542,1.45124097630746,-6.13463160827862,-6.25067092564654,1.24226227571918,52.7926276443876,52.4137931034483,51.4770642201835,2.22680211787883,-2.97350980161519,-5.59760647209801,0.970885723395168,46.3901355593596,46.3125,46.7537688442211,2.78723443684622,-0.776264160366203,-4.91135533034351,1.1093193058648,50.4903087712211,51.5885286783042,50.992899408284,2.12916527786681,-1.87126972104282,-4.12333761018336,3.59828931959491,4.90813270327837,1744,37,1,496,624,8,0.311688311688312,158,21.2006812381551,1,1788,-3.88389299943083,15.1961514125135,24,7.34102064516108,1.85440182721258,1.00901074002912,16.5753718907176,1
251120_Dupi_NMH_JL_1,focusedBreathing,Dupi,DupiS1,JL,1,25,197776,1,79,830,1192,1192,1628,3256,3887.99999999998,398.720347384548,1.23,0.572025285285762,3.88799999999998,49.7818622057735,50.0849673202614,49.5,2.14207958050696,-7.63964421538435,-4.36432897434217,1.07103979025348,37.9186511876146,36.6146788990826,40.828,1.78577006675475,-0.919549125640094,-4.53056008296051,0.892885033377374,44.0602406820066,43.3793103448276,44.904,2.44005912311279,-1.25179397072032,-5.91171219513017,1.22002956155639,35.6702963005393,35.5957446808511,34.256,1.49078224127104,2.13363510619167,-4.37409913633304,0.745391120635522,46.2505484169524,NaN,46.248,0.585012968162989,-5.01506900998964,-7.69534891652735,0.292506484081494,42.2554663659538,41.5,43.3831325301205,2.09057053109101,-2.03135664080652,-5.44045200732014,1.73517354080553,36.4850829413618,35.406015037594,37.8232044198895,2.44539730034091,3.03693925566676,-2.97239474481362,0.88523382272341,36.6663265939913,37,36.5045871559633,0.593252571068874,-0.295130366234771,-7.01241731650465,0.258658120986029,37.3219952758215,36.3219696969697,38.485257985258,1.55715582282455,0.519899478760231,-5.94477261443398,2.53504967955837,4.2116733422673,676,46,1,136,412,7,0.205794205794206,102,20.6288620750688,1,988,4.57598178713716,8.20969963151821,18,6.1471643544146,1.6568468011553,0.574568805047153,16.2826873084216,1
251120_Dupi_NMH_JL_1,focusedBreathing,Dupi,DupiS1,JL,1,26,199720,1,79,1468,1830,1830,2170,4340,3992.00000000002,758.129441048831,1.8,0.926682428203958,3.99200000000002,34.7612048285385,34.672,34.672,3.74295579353737,2.83193087644948,-3.51697083520781,1.87147789676869,34.0433366745999,NaN,34.496,0.639911528375432,-1.27928608571755,-7.17183233020389,0.319955764187716,44.5327614808998,47.8260869565217,42.148,1.50112110152344,-3.12223062054011,-6.380667389051,0.750560550761718,42.2824408254536,42.3387978142077,42.136,2.26163648136384,2.03865526172797,-3.94267804296862,1.13081824068192,50.0296296260109,51.5897435897436,48.22,1.50910500687647,-3.72109793056907,-6.18413031514205,0.754552503438237,41.8682313451597,43.8412698412698,39.5626702997275,1.47182481025605,-0.288667780659813,-5.61350381436808,2.16063882145588,47.762422323262,51,45.585635359116,1.31115790170934,-2.03353602362681,-6.75549673401194,0.474639160418782,53.3585802693332,53.4782608695652,53.1941176470588,1.69576233770527,-8.30376005112358,-5.3573723990518,0.576559194819792,53.8294146184922,54.1995753715499,53.4349726775956,2.14496419556902,-6.11751224525335,-6.32478672670283,3.92528447789131,4.09239826574418,1018,43,1,834,128,2,0.0639360639360639,108,20.6762812999557,1,1644,3.32384746727376,22.7958089850002,11,4.47167870855076,1.30245242249025,0.32868726689973,14.7956507836706,1
251120_Dupi_NMH_JL_1,focusedBreathing,Dupi,DupiS1,JL,1,27,201716,1,79,644,1240,1240,1686,3372,3380,966.095830519892,1.186,1.26448569416954,3.38,49.9122413838781,50.28,49.5,2.41904029978923,-3.54731004096014,-6.06150034822543,1.20952014989462,42.7721819790682,41.6867469879518,43.26,1.53502951484887,0.13643846927026,-5.84657301142445,0.767514757424433,43.5802986534645,42.6588235294118,44.292,1.73174921347189,-0.22478728722816,-6.65358404662645,0.865874606735947,36.9486476202279,38.7435897435897,36.464,1.23335202855953,0.130757393531125,-6.64320938968699,0.616676014279766,45.3991418742629,50.6153846153846,44.62,1.1246306587166,-7.77971690270393,-7.85137135210712,0.562315329358298,43.5049620598973,41.6867469879518,44.0900621118012,1.44319082485154,-0.653636351050262,-6.51524776148921,0.929414891204391,41.5180809109438,41.5123966942149,41.2248322147651,1.72679190432389,0.781386214301386,-5.8325224477044,1.02916797497704,32.2474203699056,38,34.3183856502242,0.937156838061822,-2.01307233034406,-8.19305569844065,0.417971949775573,45.7058461591168,44.8381201044386,46.9240806642942,2.09817549130148,-1.31158567840277,-5.87760172557745,3.5375238783343,4.0995385600864,928,43,1,126,172,2,0.0859140859140859,126,41.0283890946623,1,1440,13.1212293682413,-1.88456098559573,19,3.95906608588529,1.37109310633553,0.172575544209762,15.8212176472909,1
251120_Dupi_NMH_JL_1,focusedBreathing,Dupi,DupiS1,JL,1,28,203406,1,79,586,1352,1352,1810,3620,3038.00000000001,1132.61175337485,1.336,1.25939537527234,3.03800000000001,51.5117350160704,50.7731958762887,52.028,1.9990293250286,-2.00032689269288,-6.01737244232068,0.999514662514302,40.0314537091367,36,44.864,1.48635873456878,-1.11220324169044,-6.50486908985764,0.74317936728439,29.7980413447509,31,29.064,1.3038787556109,-3.45742159086323,-8.35460581724833,0.65193937780545,37.4125048447089,NaN,37.556,0.978482068135864,-3.96990422191645,-7.55469235707165,0.489241034067932,54.61411215221,54.4660194174757,55.012,1.81682672540708,-9.11573098937558,-5.25567323438983,0.90841336270354,38.3841111899953,35.020618556701,42.8293515358362,1.55115594090158,-1.24112818269482,-6.45880246825046,0.908977381368323,30.5792748710297,NaN,30.509138381201,1.0895946363144,-3.48180746220639,-8.4928377729829,0.83462949141683,53.5452895839675,54.367816091954,52.5065502183406,1.82713004388862,-7.99786590147656,-5.61817934754136,0.836825560100989,44.249749523729,43.625,45.3988950276243,1.95383723731287,0.475758761832266,-5.20460671193143,3.5364453995363,3.95509020311704,1684,55,1,322,144,2,0.0719280719280719,80,12.2183543271704,1,1388,-59.9404287611459,-16.7845312092902,24,9.84726449784163,1.74018030179526,0.798732628212003,13.3085678236974,1
251120_Dupi_NMH_JL_1,focusedBreathing,Dupi,DupiS1,JL,1,29,204925,1,79,650,1534,1534,1910,3820,3699.99999999999,1254.67572472462,1.424,1.32620191172857,3.69999999999999,43.9714984299755,41.9047619047619,45.996,1.8738479244668,1.38274836757853,-4.40562482774513,0.9369239622334,44.1989704491406,44.6706586826347,43.924,2.57295060433526,0.87966551538362,-4.80183129364701,1.28647530216763,48.930127770807,49.0898876404494,49.48,2.81071354720526,-0.852746526822101,-4.39230651216503,1.40535677360263,49.2111321011557,49.1548672566372,49.24,2.85513356904923,-0.922862623965665,-4.93569583890223,1.42756678452461,39.3394327416943,39.640243902439,38.308,2.38152163592439,3.16724952786603,-3.32841625769629,1.1907608179622,45.3379181591047,45.6404958677686,44.8184615384615,2.89025878254733,0.50640078289453,-4.92929216055323,1.87866820865576,49.0646693481246,48.9653179190751,49.2647058823529,2.62982346031675,-0.546459538958745,-4.4497377423924,2.32476393892001,40.253165184867,40.8782608695652,38.9468085106383,2.40334336514322,3.42641520461282,-3.13851974251662,0.903657105293851,47.3105479576547,47.0546875,48.1507853403141,1.84493891857701,-3.10601854016093,-6.39663687093332,3.52383333448209,4.39153270492982,494,50,1,0,832,9,0.415584415584416,298,18.6519979927643,1,1970,41.389489660406,9.09191573305542,20,6.96607624166382,1.3828502598583,0.339368401244717,16.5046523335131,1
251120_Dupi_NMH_JL_1,focusedBreathing,Dupi,DupiS1,JL,1,30,206775,1,79,634,1186,1186,1886,3772,3551.99999999996,2199.70764700283,1.392,2.61206240861292,3.55199999999996,56.9191427101753,56.9777777777778,56.144,2.11224518882338,-7.05183131720113,-6.48947299584783,1.05612259441169,49.4285494339324,52,48.096,1.36660630522569,-3.29739170517687,-6.84444623731193,0.683303152612843,42.3122365194829,45.6224489795918,36.436,2.21289254785203,-0.211907480434576,-4.84596719041944,1.10644627392601,41.1833916891669,40.7307692307692,44.352,3.07344747117252,0.981418868280958,-3.78832628755165,1.53672373558626,54.5049423242106,52.9210526315789,54.628,1.60209510967705,-8.87670888126061,-7.11505251038379,0.801047554838526,45.6922613563451,52,44.6876971608833,1.38380254632333,-2.89097907275096,-6.68565375824476,0.877330814368991,40.8131690489633,41.6073298429319,37.8369565217391,3.26682781516734,2.19190040586123,-3.06395692345302,1.80328895397237,50.5015349335882,46.472972972973,51.9971428571429,1.7246242138317,-6.7982936718539,-7.07447121144587,1.20723694968219,50.000989646402,49.2843137254902,49.7136797454931,1.33869820799006,-4.40802863185409,-6.5552153499572,2.52478482026925,5.99191863037382,1148,35,1,848,438,3,0.218781218781219,378,25.087071861383,1,1670,-25.2251944602542,-8.00712770313023,19,6.52184349401356,1.64047906042211,0.677952323187126,16.4894936653377,1
251120_Dupi_NMH_JL_1,focusedBreathing,Dupi,DupiS1,JL,1,31,208551,1,79,564,918,918,1232,2464,3640.00000000004,1271.73754570905,0.942,2.1172763310403,3.64000000000004,55.2873802138822,55.2515337423313,55.488,2.28345607459662,-9.49565384024275,-6.61354719931228,1.14172803729831,50.0845150275247,50.2720588235294,50.412,2.21980862514824,-5.07889163768703,-7.47430021277641,1.10990431257412,45.5226901004929,46.2611940298507,44.316,2.34643689459627,-0.58170418333716,-4.9508840196996,1.17321844729814,41.0999824068426,38,44.568,1.60380293591497,-1.23050786835345,-6.90854157123768,0.801901467957487,52.7501836237797,52.3021582733813,53.852,2.40783747768505,-4.17946688581669,-5.34379763264176,1.20391873884253,48.5765367061439,48.8383233532934,49.5248226950355,2.44232407679409,-2.79128620356589,-6.44796244283898,1.37747077931187,46.9521121641937,47.378640776699,47.4124293785311,2.4611187478204,-1.08964063573439,-5.01845959435151,0.87123603672842,37.6886827534493,38,35.9554140127389,1.84561054430173,0.216731115974979,-6.53132772860622,0.579521710910742,49.9552815677803,49.6958525345622,50.2824675324675,1.86070837181914,-3.82687902202091,-6.36433865164711,2.29239271408118,4.88221801950364,548,41,1,346,558,8,0.278721278721279,104,16.6912416347507,1,1578,-21.5655473344716,-11.0176982915845,20,6.58624184831503,1.03743550469233,-0.108419003410253,13.3132912388532,1
251120_Dupi_NMH_JL_1,focusedBreathing,Dupi,DupiS1,JL,1,32,210371,1,79,756,1444,1444,1866,3732,4063.99999999996,1571.72709006042,1.4,1.98677941248892,4.06399999999996,34.0054702257667,35.3181818181818,33.388,2.05889360334977,-4.01213150612342,-8.38975009007644,1.02944680167489,40.3237094954754,41.6086956521739,39.976,1.83973187715503,-2.58483098394956,-7.54098837311639,0.919865938577514,51.2195069469181,50.4,52.092,1.8747764436132,-6.92426062962473,-6.57297769796134,0.9373882218066,45.2756701456013,44.28125,45.38,2.41301939976911,-0.00376836720722119,-5.74098654030689,1.20650969988456,44.7471892963348,44.9013452914798,45,2.83403430485463,2.64521952289019,-5.16114025732632,1.41701715242732,43.6988856051966,44.3065326633166,43.3253968253968,2.005167746985,-3.3689876065621,-6.3654532187271,1.51590681672066,47.7868793406276,46.2722772277228,48.625,1.96811240266448,-1.72474625184594,-7.30442023003391,1.35406133303316,43.7717207404016,43.6811594202899,43.6729857819905,3.16214642022497,3.42228311023637,-4.3178787650414,1.33442578933494,39.7750330191821,42.4066852367688,36.6666666666667,1.73385261331109,-4.82299944991692,-8.31343582933873,3.23536897643849,4.2496543391652,1496,46,1,556,388,5,0.193806193806194,118,27.5451064742572,1,1958,41.7328780117625,21.2832657163062,25,5.33513543345879,2.66469130998709,1.59730762193529,23.8367069419759,1
251120_Dupi_NMH_JL_1,focusedBreathing,Dupi,DupiS1,JL,1,33,212403,1,79,896,1476,1476,2366,4732,8024,1204.98266706334,1.568,1.3231605465808,8.024,55.179864471987,55.2545454545455,55.172,2.30462087979231,-7.46346046340295,-6.53511888519141,1.15231043989616,56.5329949108125,57.4736842105263,51.044,1.562616118013,-5.84418812639101,-8.91578159197413,0.781308059006502,49.6514112221679,49.6231884057971,49.98,2.02276288227086,-5.11288226535872,-7.85263720314617,1.01138144113543,43.7899774434396,43.4923076923077,43.996,1.23982692978785,-0.962752220644997,-6.99986961844743,0.619913464893927,37.2650127948316,36.0227272727273,38.3,1.45144838627825,-1.9703121129306,-6.71642699182041,0.725724193139125,52.9551668926364,53.1746031746032,50.7299107142857,1.85995876158712,-5.52102619412379,-8.29863772325827,1.66652305038206,44.6530956375387,43.4,44.8275862068966,1.19767666852708,-1.51779096261813,-7.36592078697163,0.694652467745704,40.9763724547393,36.8367346938776,42.0314606741573,1.34660691597442,-2.54280399158368,-6.93862822644021,1.19848015521724,48.1750409345467,47.957264957265,49.7919216646267,1.91258608166393,-3.6072884521736,-5.75791431908439,3.12516565743886,3.58326373209874,142,58,1,114,138,4,0.0689310689310689,56,26.4090894457475,1,1470,-51.4354012521343,2.10416123869431,28,8.29386546647539,1.62870955215194,0.455739518937684,17.2710633459117,1
251120_Dupi_NMH_JL_1,focusedBreathing,Dupi,DupiS1,JL,1,34,216415,1,79,1210,1538,1538,1878,3756,3664.00000000004,1238.17546558019,1.508,1.697805130256,3.66400000000004,44.8665364723589,48.6,41.892,1.2276274135061,-5.79649093504788,-9.38132301272894,0.61381370675305,51.4756914099284,52.2109375,49.648,1.68754810556425,-6.98171077126346,-11.4869327747934,0.843774052782127,43.0153444657775,41.895652173913,47.076,2.18599367049197,-2.12696355570156,-5.8846929973679,1.09299683524599,47.0768725282815,40.0625,47.488,1.07561487708536,-7.78211939517525,-8.88971155530583,0.537807438542681,43.2024170662923,NaN,37.732,0.228319157758931,-7.95054191495017,-11.8851993550912,0.114159578879465,46.678559727301,46.8803088803089,48.7322314049587,1.82739435021134,-4.25391270799842,-7.60359411458513,2.21114716375572,46.8465324172033,NaN,43.5365853658537,0.84183216263325,-8.83907516107076,-11.8306484320017,0.276120949343706,36.3659835797527,NaN,34.1176470588235,0.167683884353515,-7.47860793721423,-11.5014954451765,0.057012520680195,53.2237964850317,52.6089965397924,53.3301384451544,1.65231223329073,-8.20948146531569,-9.85935242988187,3.10304237412,5.82660235641879,946,41,1,322,222,3,0.110889110889111,158,29.5431014200158,1,542,68.3638778220452,-27.2531358171735,27,9.38688049810044,1.54138090839075,0.374275767661245,14.7101174711717,1
251120_Dupi_NMH_JL_1,focusedBreathing,Dupi,DupiS1,JL,1,35,218247,1,79,958,1542,1542,1876,3752,4065.99999999997,1653.69357975328,1.492,1.89884524395271,4.06599999999997,45.8086699024941,44.8456790123457,46.36,2.23619241891163,-3.43387694321826,-7.74094376173113,1.11809620945582,51.7022966185855,50.3069306930693,52.864,2.23742833523041,-5.27229813678121,-8.08187491289918,1.11871416761521,39.3737199650219,37.8387096774194,42.064,2.25479308677068,-3.98332115463848,-8.34004839434684,1.12739654338534,45.2685392234993,44.0161290322581,45.752,2.37533132880172,-3.58132070460425,-6.77295459057949,1.18766566440086,44.3742357509563,44,44.26,1.65017845783684,-1.25559296136806,-7.25847534565456,0.825089228918418,46.4686108983546,43.9872340425532,48.2734864300626,2.21648244590039,-4.69521858399701,-8.20182427799787,2.12339018317258,43.8496431791956,41.8413793103448,44.6369863013699,2.31837513787395,-3.45234514384103,-7.02186411935249,1.35393108051839,44.4299102282398,44,44.0119760479042,1.24063794263807,-2.14748320926406,-7.29662687847472,0.414373072841114,49.5041312857718,48.7953488372093,50.2036247334755,1.9034453370807,-3.2067126877174,-7.82397540354247,3.57086345236339,5.0049523807953,78,50,1,0,438,7,0.218781218781219,124,75.7125295752342,1,1990,17.6748245114779,-38.5669222466223,28,9.75162547602892,1.43586108746045,0.416110242409348,12.6975715420186,1
251120_Dupi_NMH_JL_1,focusedBreathing,Dupi,DupiS1,JL,1,36,220280,1,79,876,1478,1478,1872,3744,4000,1609.54837558624,1.442,1.82258722470869,4,42.5684676710352,42.84,43.612,1.71105678138222,-3.1282505357361,-7.70234949842398,0.855528390691108,40.571705122339,27.2121212121212,43.716,1.5276329781483,-3.74508452184148,-5.9583676010591,0.763816489074151,51.0014421259451,51.5691489361702,50.68,2.45027556958514,-4.8828277080705,-6.06775666047273,1.22513778479257,43.0889649645864,41.7446808510638,44.14,1.90682333243099,0.876433428378953,-5.79008763607379,0.953411666215497,51.7167315239228,53.0851063829787,50.356,2.42388729966263,-2.72505101266285,-6.66967645744337,1.21194364983131,46.5884863349176,47.0874316939891,47.0068493150685,1.94926350766548,-4.72191491312388,-6.18301470849322,1.70755483271496,44.4611184433793,44.6969696969697,44.8338870431894,2.02083845747568,0.572852135679102,-5.5207151202675,1.21654475140036,54.8540425500943,56.6880733944954,53.0812182741117,2.383493948626,-5.9541787254798,-7.63465576858634,0.939096615758643,38.3720422314285,38.063829787234,37.8878205128205,2.06638533806748,-1.17633663403496,-6.51631528732517,3.86827335286232,4.21537075154654,1088,42,1,118,458,10,0.228771228771229,134,26.3430019877382,1,1852,44.3604629102637,-0.664662969442068,31,8.21462048027289,0.919484548663438,-0.178087069668007,12.8446586721716,1
251120_Dupi_NMH_JL_1,focusedBreathing,Dupi,DupiS1,JL,1,37,222280,1,79,1040,1466,1466,1868,3736,4341.99999999998,847.534958164599,1.45,0.826663649936077,4.34199999999998,52.1415975306576,45,52.604,1.15376358865842,-7.85232307537376,-7.4539099113447,0.576881794329212,50.1456976203058,50.2941176470588,50.072,2.67878040511136,-5.33954139761526,-5.41783511925151,1.33939020255568,48.9527443382239,48,50.356,0.845476779450427,-7.22353236687231,-6.86242893493079,0.422738389725214,45.3690339306905,45,45.74,1.48414102482134,-4.37674024596429,-6.24766754411997,0.742070512410671,46.5527389814504,47.0909090909091,47.244,2.02582283825874,0.389055145184382,-4.01429064812668,1.01291141912937,49.6684701214648,50.1776649746193,49.975,1.7514565600321,-5.96463852526159,-6.1497087512892,1.82151482243339,45.4118295757491,45,45.7230046948357,1.55530445894844,-4.35337779831252,-6.03491407039619,0.662559699512036,45.8746438105803,46.8125,46.3333333333333,2.35640312236579,1.14201134641766,-3.37637269672452,0.947274055191047,40.0810803985693,40.0432330827068,40.9047109207709,2.18107743375778,-0.512934336298951,-5.19768048483899,4.07425264625954,4.41361148979089,1716,40,1,0,344,6,0.171828171828172,102,16.7086274884605,1,1408,26.7649402390438,-6.3250455949678,16,6.04565633280495,1.97772390471724,0.885593196087212,20.1417020047252,1
251120_Dupi_NMH_JL_1,focusedBreathing,Dupi,DupiS1,JL,1,38,224451,1,79,714,1176,1176,1916,3832,3222.00000000004,532.731452926463,1.494,0.613545927558419,3.22200000000004,35.0393530914666,35.5260115606936,36.164,2.49092865391447,1.12541782237838,-5.5446983764374,1.24546432695724,43.224802954312,42.8899082568807,43.436,1.91886226666824,-3.02125840233066,-6.75226068963814,0.959431133334121,48.7162498455471,46.2156862745098,49.56,1.33336869084119,-9.29548686833271,-8.13876887020811,0.666684345420593,45.2707756477012,46.2307692307692,44.956,1.50341160500791,-4.67724689012798,-8.52217853417932,0.751705802503956,39.1724974520245,37.7708333333333,39.968,1.86900607947334,-1.43224825967016,-7.90169681329535,0.934503039736669,44.4374036535771,43.7248322147651,45.5350140056022,1.77462362260333,-4.13713009799537,-6.88974108300302,1.26708126653878,46.5326451099709,45.0952380952381,46.8095238095238,1.37340130721305,-5.48234188679475,-8.5754356001176,0.634511403932429,43.6368598426195,43.9266055045872,43.5297297297297,1.63388331132839,-2.93074525678809,-8.33594004558745,1.20907365038301,38.7579410581868,34.6666666666667,43.2348643006263,1.71161911441737,-3.46197109575323,-7.40590400868789,3.27946222322368,3.48765048490666,402,46,1,386,118,4,0.0589410589410589,38,9.92380852620731,1,1018,18.4909884272434,5.70169724941378,19,5.47467739983707,1.60633098846756,0.473860043332166,14.7092877691754,1
251120_Dupi_NMH_JL_1,focusedBreathing,Dupi,DupiS1,JL,1,39,226062,1,79,742,1114,1114,1514,3028,3395.99999999996,896.325571548081,1.114,1.32183023808533,3.39599999999996,28.7416474522359,25,29.332,1.06798515296249,-5.73364187852487,-10.1217200128222,0.533992576481246,29.1020221522704,27.7272727272727,29.752,1.29004944839821,-4.49165972002527,-8.26269021435695,0.645024724199106,28.1215548183878,NaN,31.888,0.374769957370547,-8.52715324885049,-12.9884477713471,0.187384978685274,40.4214046703349,40.280701754386,37.972,1.40444317880095,-7.67865120728725,-12.1163112831903,0.702221589400475,48.4768286296585,48.2081218274112,46.864,3.11025747570005,-1.65433024132875,-7.65977123482926,1.55512873785002,29.3229378472105,27.7272727272727,32.3288409703504,0.984084050361671,-5.37031398184588,-9.15427553594554,0.73019036536836,25.2854091128083,25,26.0268817204301,0.699529928135532,-8.04806306690054,-13.9842786721264,0.260225133266418,45.9796049340708,48.2765957446809,42.33,1.49541459636635,-8.12179562054454,-11.7397931513806,0.598165838546538,50.8919444618737,49.9111111111111,51.6103038309115,2.11861793390757,-4.56603909447261,-9.57498146654886,3.20758755193606,4.87030625818171,1682,54,1,1464,354,2,0.176823176823177,248,148.786259147091,1,1216,-9.00360462910264,-4.24237912680984,32,11.4961727987054,1.35857544967035,-0.0509558708359222,11.8867575473155,1
251120_Dupi_NMH_JL_1,focusedBreathing,Dupi,DupiS1,JL,1,40,227760,1,79,810,1742,1742,2086,4172,3728.00000000001,1196.39805062781,1.642,1.29021170705706,3.72800000000001,48.6367542292756,48.8028169014084,49.064,2.85113665939998,-2.10711678507824,-7.70747266134713,1.42556832969999,41.9659370359674,42.9153439153439,43.492,2.84169250402587,-0.858916951990799,-6.2813952355825,1.42084625201294,45.3929839912903,43.8484848484849,45.668,2.04871488348905,-2.78781817496117,-7.80448627448018,1.02435744174452,38.4685766792321,40.1587301587302,36.896,1.95191778464774,-7.35358214700747,-9.94594602846337,0.975958892323868,30.6744725466141,31.0540540540541,30.316,1.75003019307235,-5.53086299437137,-9.43448997422935,0.875015096536176,42.5129542853105,43.0143884892086,43.637037037037,2.5440625061918,-1.28694888608782,-6.73596657466442,2.06069063001536,38.5639634023805,39.3663366336634,36.8454935622318,1.81961495689682,-6.34482050387688,-9.63575574192776,1.69588113982784,32.4619161082409,32,33.25,1.65977059779247,-5.41525747521763,-9.35017869902989,0.570961085640609,42.305145524607,42.0241379310345,44.7701149425287,1.4627584985678,-7.3645237612088,-10.4865582583325,2.79971976625877,5.4851249779749,222,38,1,156,268,5,0.133866133866134,148,21.6223605827863,1,1440,0.378675773098067,9.83269438344438,32,9.094629733064,1.64007038780388,0.624014272269721,13.9189684635949,1
251120_Dupi_NMH_JL_1,focusedBreathing,Dupi,DupiS1,JL,1,41,229624,1,79,490,1408,1408,1836,3672,3126.00000000003,1389.52306450116,1.38,1.57470713270456,3.12600000000003,37.6992358608524,39.6333333333333,39.304,2.07354844553849,-6.70917002269433,-11.5714216170129,1.03677422276925,47.7404131225976,41.1621621621622,49.044,1.48955942506131,-6.38983356919569,-9.61828643601576,0.744779712530653,57.2494109120709,57.2447916666667,57.248,2.36815652276131,-9.97034908823792,-10.6627800522129,1.18407826138065,36.7552609178283,39.8571428571429,35.872,1.3689447828959,-6.31439450146417,-10.8225555103372,0.68447239144795,27.5666495247776,28,26.436,0.617181069145555,-8.96611619675817,-12.1209090601735,0.308590534572778,47.6171920198206,41.1621621621622,48.9061224489796,1.49673993646791,-6.33642898682165,-9.60335057686501,0.733402568869278,50.8208436007773,53.7095435684647,48.4204793028322,1.94999332354963,-7.86214753581829,-10.5755791199224,1.79009387101856,27.5721549041069,NaN,26.518691588785,0.389885810472585,-9.40180444102862,-14.1976004052707,0.166871126882266,40.8409456893731,40.5989110707804,40.1437908496732,2.3939299520355,-2.32288626038091,-7.44193476083093,4.39525539193717,3.3618199550072,898,57,1,882,88,2,0.043956043956044,80,11.3623063285275,1,1032,-19.974198444318,24.0155208992444,30,12.1016554948613,1.28972295324122,-0.0386785969379926,10.5341013282764,1
251120_Dupi_NMH_JL_1,focusedBreathing,Dupi,DupiS1,JL,1,42,231187,1,79,534,1238,1238,1876,3752,3630,2019.33156514438,1.34,2.59815059382408,3.63,51.5602940794899,51.5981308411215,51.632,2.76393239271196,-6.08452786505954,-6.83945277663486,1.38196619635598,42.6341136552112,35.8095238095238,45.84,0.842860653760382,-5.2991174372745,-9.22406236975481,0.421430326880191,40.9731073278219,40,41.376,2.00578017736787,0.259823741506511,-5.97977126149522,1.00289008868394,39.2882086457488,39.1005917159763,39.836,2.7582170777699,0.791647374604865,-5.26150273811517,1.37910853888495,36.3272711748945,35.5590062111801,37.164,2.44030949804651,-0.720697561831155,-6.6913693650171,1.22015474902325,42.7281469377537,35.8095238095238,45.7228464419476,0.847543800035938,-4.99645646320752,-9.2133349811523,0.452588389219191,40.8103266187378,40,41.0596590909091,2.08266184075641,0.284029097322438,-5.80278965367563,1.46619393589251,37.0309159523717,37.1,37.0752351097179,3.02798410554611,0.568504885394976,-5.72647124092379,1.93185385933842,45.4974782766881,44.8997050147493,44.3272921108742,1.60992927128783,-6.76337795088558,-9.24963410051298,3.02022731293597,4.62748049466345,1390,38,1,778,438,6,0.218781218781219,152,40.2943894316825,1,1640,-35.2498577120091,0.47474597089364,18,2.39057185293166,1.49922135456362,0.449022803848122,15.2784495795448,1
251120_Dupi_NMH_JL_1,focusedBreathing,Dupi,DupiS1,JL,1,43,233002,1,79,880,1390,1390,2146,4292,3967.99999999996,1738.570465018,1.588,1.77433842700436,3.96799999999996,32.1821994325015,29,32.704,0.98828029738995,-6.55089759065217,-10.3902533449808,0.494140148694975,31.161148958851,30.28125,33.88,1.00344605780532,-5.72460317329744,-10.4508806229959,0.50172302890266,32.5519166457867,38,31.336,1.09316216892229,-5.24973537929481,-10.2611138677004,0.546581084461147,38.7254506791409,37,40.512,0.839888154756983,-6.170117503219,-10.5972286569487,0.419944077378491,44.1351244889543,45.0215053763441,43.836,1.90307962186201,-2.58257014141115,-7.50495941400168,0.951539810931007,32.2503975339622,31.746835443038,32.9636363636364,0.998512742803383,-5.4952869574992,-10.3445705028483,0.878691213666977,35.6076223304433,NaN,38.7960784313725,0.651583279732929,-7.4588405206806,-11.7323841280147,0.332307472663794,45.5326704337312,45.8131313131313,44.5952380952381,2.16931506537689,-3.05742251613957,-7.27740394713419,1.64000218942493,47.2744752735572,47.7678207739308,46.7001078748652,2.41456567804797,-2.27423280903177,-7.09196894198715,4.47660476710094,3.29415698363746,1774,45,1,1444,66,2,0.032967032967033,54,28.4073412045305,1,1486,-3.0400303547714,-8.0157814419176,17,6.26793276057323,1.38009808354006,-0.0479059273074566,13.1158671009122,1
251120_Dupi_NMH_JL_1,focusedBreathing,Dupi,DupiS1,JL,1,44,234986,1,79,548,1284,1284,1800,3600,3554.00000000003,1266.5153405383,1.328,1.42805802660568,3.55400000000003,40.9116422236511,40.83,40.932,1.62509243438128,0.20909657859351,-6.36153455128465,0.812546217190641,31.1359164259303,26.35,33.028,1.54880769042499,-2.27990141484155,-6.77215426054999,0.774403845212493,53.1383114968029,54.6290322580645,52.124,1.62972912142161,-7.63485521781794,-7.74685654129173,0.814864560710806,48.3330825074594,48.7314814814815,48.724,2.01568424702881,-2.11909544892086,-5.11545053411441,1.00784212351441,49.3124091786673,48.030303030303,49.556,1.24346127154297,-6.96890240836151,-8.97428623585479,0.621730635771485,32.0211619243857,26.35,34.3394160583942,1.48752312937409,-2.54311198464859,-6.87963545742282,0.815162674897004,52.7144637613355,53.6206896551724,52.1739130434783,1.73204917339174,-5.68055451877808,-7.26163606964593,1.27478819161632,46.7228488145392,45,48,1.41753731349234,-3.48838296298423,-5.9179901640153,0.731449253762049,45.104473597048,44.8027079303675,45.2022222222222,2.18970616642468,-1.12729882961182,-6.44975078607532,3.94147109956443,3.68531865793686,1294,45,1,142,164,3,0.0819180819180819,92,68.0608647495757,1,1896,6.74596850692468,38.4882941898984,32,11.1944284931875,1.44100493840834,0.553642684798298,10.746883639014,1
251120_Dupi_NMH_JL_1,focusedBreathing,Dupi,DupiS1,JL,1,45,236763,1,79,550,1214,1214,1590,3180,3723.99999999999,1111.16858187978,1.164,1.33485558889125,3.72399999999999,41.7771532742444,42,41.352,1.25765334297674,-0.22191467580508,-6.47533541565082,0.62882667148837,48.2045614500888,47.4,48.18,1.28997788871758,-5.03778633805648,-6.08132367293822,0.644988944358788,46.6235837436384,46.3741007194245,46.62,2.25785442374934,-2.94607673871746,-5.23179640214904,1.12892721187467,43.4670642685329,41.990990990991,45.232,1.92072121866834,0.473084659721138,-3.98919491952665,0.96036060933417,52.0897630672304,51.8470588235294,52.444,2.24744522671709,-7.26272925008553,-6.68810883242336,1.12372261335854,47.966275934729,47.4,47.8909090909091,1.26691254519842,-4.86440610375277,-6.13344877838089,0.696801899859134,46.1111848373091,45.8265895953757,45.9036144578313,2.06029463825324,-2.45619276374233,-5.21009992687015,1.36803563980015,44.9472762987331,41.2857142857143,47.8882978723404,2.12776343135056,0.499137966901804,-3.75959111916882,0.800039050187809,40.7761437174389,40.8388520971302,42.7106918238994,2.17325337520407,0.640675114814308,-4.70810682023627,3.45547286657446,4.56092538605877,1304,38,1,744,264,4,0.131868131868132,82,27.3090613153406,1,1704,16.7285145133751,-5.44869170357687,19,5.31862955187034,1.60944942470545,0.520635851353118,16.9303426484548,1
251120_Dupi_NMH_JL_1,focusedBreathing,Dupi,DupiS1,JL,1,46,238625,1,79,690,1206,1206,1812,3624,4588.00000000002,612.267481707324,1.36,0.709384875267752,4.58800000000002,45.5727565687529,46.3536585365854,44.868,2.7814259481096,-2.67603962778082,-3.43452088444665,1.3907129740548,51.927778537442,52.8279569892473,50.916,1.61046839354636,-9.61005117024411,-7.31808074965923,0.805234196773182,36.5133543417032,33.5172413793103,40.2,2.08859859193116,2.5303171672174,-4.08556680715022,1.04429929596558,37.8136793109297,38.0561797752809,37.068,2.58744584031628,2.59074954875912,-3.14958698623688,1.29372292015814,34.9332787180858,33.6451612903226,37.332,1.41853029752891,-1.65012952281942,-5.79424600262949,0.709265148764457,51.377033147288,51.63,50.8144927536232,1.45814528606664,-8.07732747308074,-7.41799989002421,1.00612024738598,36.1683107733031,36.2268041237113,36.0193798449612,2.86621682719864,3.46611408346518,-2.8587180926872,1.4789678828345,34.2158472662171,35.2903225806452,33.4752475247525,2.03651264830311,1.76973080689323,-4.09469208224631,1.23412666487168,49.1878259426323,51.1644444444444,47.9944812362031,1.44165527144718,-6.24438662785772,-9.7909070323458,2.61227935186228,4.49954212684958,1118,40,1,354,372,5,0.185814185814186,154,8.67805448651333,1,690,15.088218554354,-33.934566568653,25,7.57107522107539,1.32787825435332,0.155738698769042,17.630349677484,1
251120_Dupi_NMH_JL_1,focusedBreathing,Dupi,DupiS1,JL,1,47,240919,0,79,1024,1428,1428,6790,13580,8190,441.857138260548,1.474,0.524761993807531,8.19,49.8171517935106,49.9034090909091,50.236,2.30204159304511,-9.57625805952094,-5.98921475646861,1.15102079652256,41.2208942218659,40.4113475177305,43.396,2.19730795035674,-2.96868169585233,-6.18325610963832,1.09865397517837,31.6720865649532,31.7765957446809,34.68,1.52301608731156,-2.24477204662596,-7.32014069045312,0.761508043655779,51.5289162258508,51.1007194244604,50.628,2.0797866082977,-6.09122866127985,-6.9308565159524,1.03989330414885,55.6431369032459,55.6666666666667,55.416,2.09393274516662,-8.77424562219083,-10.0433697034683,1.04696637258331,37.3638716575884,36.9574468085106,39.29296875,1.82409072300456,-2.68346942703595,-6.77046437605694,1.86786890035667,51.0908951147231,51.029197080292,49.7376237623762,2.31999199321026,-5.4663001348535,-6.37571775244472,0.937276765256945,49.0332617461556,49.1411042944785,48.9090202177294,2.11488926151024,-4.63104721676833,-8.19919799239624,5.43949518060435,NaN,NaN,NaN,NaN,NaN,NaN,NaN,4.08637105095078,470,38,1,168,472,8,0.235764235764236,104,10.1919255722867,1,1170,-35.8649212673117,-4.54879592064614,32,10.4332865186226,1.18146930471771,-0.091652976472592,15.4003625098075,1
251120_Dupi_NMH_JL_1,focusedBreathing,Dupi,DupiS1,JL,1,48,245014,1,79,652,1406,1406,1762,3524,3358,928.652255785483,1.344,0.966541510103164,3.358,41.4950521504691,30,47.128,0.898466060262159,-9.20246843518626,-13.1360035413429,0.449233030131079,47.9430492171524,51.5903614457831,48.408,1.71016569295344,-7.04003364021007,-10.2998941197682,0.855082846476719,48.4688398802042,48.7029288702929,48.84,3.09851506462454,-2.33647957005754,-7.2888085719812,1.54925753231227,51.9764166741366,52,52.432,1.41311764946563,-10.2900286210488,-11.1134212085123,0.706558824732816,44.8849304302589,44.7727272727273,46.804,2.17586765806664,-5.7458354299633,-9.20007187975759,1.08793382903332,50.173144410453,53.2012987012987,49.9539877300613,1.90282716738122,-7.65986833822811,-9.83259581830422,1.24064331313256,48.3734928637084,47.5044642857143,49.2201591511936,2.46768726205965,-3.71680624937575,-8.44683346323544,1.86063619559297,50.0598189010511,49,52.5674157303371,1.33059797222209,-8.36436371501918,-11.4332397795257,0.473692878111062,42.8189157030317,42.3198090692124,45.0862656072645,1.95874914557969,-5.73564327864376,-9.67764046659987,3.45131599451141,4.67690070921382,672,54,1,444,432,8,0.215784215784216,184,37.6191118731028,1,1698,56.4078922405616,-18.1454014218186,26,6.53574405010471,1.1394129172839,0.0066214933188499,12.2127985796721,1
251120_Dupi_NMH_JL_1,focusedBreathing,Dupi,DupiS1,JL,1,49,246693,1,79,544,1272,1272,1876,3752,3205.99999999996,1204.52868106441,1.352,1.37330030639358,3.20599999999996,50.3096248620557,50.3431952662722,50.432,2.25522403350257,-6.28221789060771,-8.84207970601054,1.12761201675128,41.643707026456,43.7037037037037,41.604,1.51484760296725,-3.30822470950964,-8.31701975016756,0.757423801483623,34.9285045310173,34.9438202247191,35.316,2.75166624439622,-1.80540828716514,-5.45715094055731,1.37583312219811,39.5202390717075,38.9807692307692,39.388,2.3654146825594,0.0642966817751461,-6.81327511777029,1.1827073412797,35.7640386589861,38,35.312,1.14614050909762,-3.93389677614632,-9.5273224691152,0.573070254548812,40.9652297901549,40.2448979591837,41.1507352941176,1.58257811997368,-3.26670892052126,-8.30667094257833,0.860922497265682,37.1398685056249,37.2025862068966,37.532967032967,2.62160956388893,-0.739178774306092,-5.64282284322516,1.90853176251114,36.4553920472764,36.2947368421053,36.0264900662252,1.70420867961116,-2.15241149623566,-8.38952036207715,1.02934204248514,46.9839307260128,46.7051792828685,46.5405117270789,1.55984488170731,-4.85450416078976,-9.06323014462713,2.92626899808292,4.75774758239967,784,33,1,0,362,5,0.180819180819181,138,73.9860635714106,1,1994,-21.7503320053121,-9.10568727435144,16,4.73050085063647,1.33894914961421,0.161377955092561,14.9793245396891,1
251120_Dupi_NMH_JL_1,focusedBreathing,Dupi,DupiS1,JL,1,50,248296,1,79,650,1164,1164,1764,3528,3350.00000000002,2309.94607818916,1.234,2.91934182620392,3.35000000000002,49.1293801006797,NaN,49.54,0.433343604714549,-8.93559589497658,-10.2299065838341,0.216671802357274,57.2544516277248,58,56.392,1.00616306285035,-9.30109611263235,-9.99104407189707,0.503081531425174,52.5525760713165,56.0348837209302,51.44,1.9310344921415,-5.60150445732584,-7.64113403974595,0.965517246070748,34.2020901818778,31,37.336,1.44656286855535,-4.1745769458677,-9.56725057806877,0.723281434277674,42.7131965436357,54,43.052,0.749317605763893,-3.42087848348938,-8.96229795000542,0.374658802881946,55.9568928892866,58,55.6338461538462,1.04862416995882,-9.30781689678509,-9.67504371777865,0.681605710473234,48.9118726099461,54.9222222222222,45.2217898832685,1.91336367344346,-4.06727590995558,-7.55862511567446,0.983468928149937,35.1935792359351,31,41.8833333333333,0.971268879169406,-5.26165012892825,-10.8265779962592,0.582761327501644,36.5080107803629,36.4288577154309,35.3866213151927,2.52942356328793,-2.22324479237906,-6.68917463305645,4.46190316563991,4.10496493749586,778,57,1,734,92,2,0.045954045954046,80,44.1531042339658,1,1566,10.1373553405426,-17.7522611381993,27,12.4206624914976,1.66358328618425,0.851879486126044,9.81481389559116,1
251120_Dupi_NMH_JL_1,focusedBreathing,Dupi,DupiS1,JL,1,51,249971,1,79,702,1378,1378,2148,4296,3723.99999999999,1690.1733356333,1.584,1.72438156135674,3.72399999999999,48.207188890236,48.4285714285714,48.22,1.51390911226632,-5.54583274578275,-6.17965497292389,0.75695455613316,51.7375232701782,53.183908045977,50.052,1.73195707415432,-5.86192833328915,-6.3527272273059,0.865978537077159,43.9359897337714,37.5789473684211,45.868,1.42856729531549,-5.98075592876127,-9.5761921714268,0.714283647657747,39.4980115695301,38.3384615384615,41.62,2.06782149437343,-0.704684397523291,-6.53874437157785,1.03391074718672,44.4415905396733,43.9797297297297,44.632,2.07888376541672,0.129177601254267,-5.59995062256909,1.03944188270836,52.682432656835,53.5980392156863,51.7635327635328,1.58493804332379,-6.7601724973087,-7.0041851372783,1.1126265064133,37.8689385886094,33.2631578947368,40.2159763313609,1.77553172136944,-3.0199768229254,-8.50361496652391,1.20025944364574,46.474747096975,46.1149425287356,46.3532467532468,2.21192016147733,-0.22296943240958,-5.2858003565576,1.70317852433754,45.9641783024306,46.1836441893831,45.0334773218143,2.58952911899547,-0.552972704982393,-5.59122169483319,4.79580792837961,4.33621142853006,466,56,1,0,234,4,0.116883116883117,112,20.3040039852538,1,1452,19.0749383418706,-24.852235083932,25,8.17058379139641,1.32641835515378,0.264280210909999,14.675329052214,1
251120_Dupi_NMH_JL_1,focusedBreathing,Dupi,DupiS1,JL,1,52,251833,1,79,548,1234,1234,1782,3564,3220.00000000003,1330.28238503544,1.322,1.39176882199896,3.22000000000003,50.4173559148228,51.5030674846626,49.948,2.33664207350377,-3.56867984071103,-5.90788972873228,1.16832103675188,36.3661429987291,36.5606060606061,35.8,2.13939804505702,0.270393775737848,-5.30830627614526,1.06969902252851,33.6122039507697,33.1949685534591,32.716,2.45448369095318,-0.0082570752264224,-5.40734691965244,1.22724184547659,39.6910737128551,28,43.572,0.77802163296119,-7.81285801560522,-8.96348083115294,0.389010816480595,52.421681318621,48,53.384,1.56012757290767,-8.15321538885036,-9.32374464533308,0.780063786453833,37.2261668715988,37.3974358974359,36.3430656934307,2.30366660178108,0.741544226233372,-5.09844798958157,1.26240929777603,31.930512648976,31.3333333333333,33.463556851312,1.80874150719529,-1.93716187047323,-6.18491737445756,1.24079667393597,49.0934804529503,48,49.6715328467153,1.2238310078043,-8.87126355226764,-11.0096127156201,0.670659392276754,46.9112845620182,45.2825552825553,46.7946127946128,1.93224393979704,-0.578733277973051,-5.73149028008764,3.44325870071832,4.69030649660596,960,29,1,0,300,3,0.14985014985015,118,26.9678326158716,1,1698,6.46822234870044,-12.452730115011,21,6.98022778770939,1.70306309050016,0.716833605670767,16.0414883772596,1
251120_Dupi_NMH_JL_1,focusedBreathing,Dupi,DupiS1,JL,1,53,253443,1,79,552,1324,1324,1772,3544,3709.99999999998,1141.29165286585,1.32,1.38088734960382,3.70999999999998,52.3343091469903,53.4304635761589,51.076,2.42795237024656,-5.06011263965958,-5.08602755935471,1.21397618512328,39.1309333701607,39.0151515151515,39.616,2.43768242264879,2.93677264245253,-4.57487494753383,1.2188412113244,49.4990859659512,47.8321167883212,50.876,2.15800978170417,-2.830128404404,-5.74920400076597,1.07900489085209,50.2178072084569,49.25,49.764,1.90619036026301,-5.23515326267702,-8.17866308749556,0.953095180131507,44.5510921958907,41.9811320754717,45.32,1.16507861383855,-0.933680382150788,-6.2255554050905,0.582539306919273,39.1172007561808,39.0133928571429,39.5579710144928,2.46676617809493,3.0283514931356,-4.55986965248477,1.3616549303084,50.7839507396774,49.6060606060606,51.0569948186528,1.93865808233638,-4.9367910839845,-6.8604992540194,1.49664403956368,50.1125786081848,49.6052631578947,48.78125,1.26890642724977,-5.23352256471416,-7.23794554261306,0.568470079407895,37.5052960489504,37.6950549450549,38.8453724604966,1.87748247018033,-1.26059021469624,-6.22157921301588,3.32689893715954,4.46898205585798,1314,49,1,234,356,6,0.177822177822178,124,14.8064550418802,1,1590,-12.9189907038513,31.3930658428556,15,5.34332375971256,1.22285585904536,0.0937808931937919,17.2961571587142,1
251120_Dupi_NMH_JL_1,focusedBreathing,Dupi,DupiS1,JL,1,54,255298,1,79,746,1312,1312,1808,3616,4080.00000000004,831.574545398561,1.33,1.01508804271564,4.08000000000004,54.7562669497269,53.744,55.152,2.07789024319298,-7.79993368782882,-5.99898332677709,1.03894512159649,51.1908444145698,53.8076923076923,49.54,1.27744734611776,-3.00117207053788,-6.70112037998373,0.638723673058881,48.0550925882919,54,45.576,1.56219105819277,-0.112549605864381,-5.1160715618233,0.781095529096385,42.9426536750119,37.0430107526882,46.9,1.52072066578296,0.974784077571719,-4.0780347792605,0.760360332891479,53.4611921630451,NaN,50.36,0.665909216914307,-9.28135603200346,-7.10723216461809,0.332954608457154,51.3968370667862,53.9047619047619,49.7882037533512,1.54959203359518,-3.9577086336201,-6.32933192496734,1.155995657062,39.9533729511924,37.0430107526882,41.5689045936396,1.55536986482033,2.62241522149289,-3.44544460306414,0.88033934348831,55.7024858269735,NaN,50.6935483870968,0.441164255194126,-9.09964253556565,-7.55237440421586,0.218817470576287,48.2117583963791,45.948087431694,49.8772123893805,1.91081931784896,-0.905992710757182,-4.91277774573939,3.45476132667092,3.74433437453978,586,54,1,450,112,4,0.0559440559440559,46,15.1123936996938,1,1186,33.0510339594005,-21.9295045967172,19,8.50468803101239,0.796857036812679,-0.508422020749847,13.5898773419682,1
251120_Dupi_NMH_JL_1,focusedBreathing,Dupi,DupiS1,JL,1,55,257338,1,79,814,1234,1234,1658,3316,3557.99999999999,552.500629810537,1.222,0.786959206657311,3.55799999999999,51.4871152010451,50.9059829059829,51.98,2.06610468427283,-9.42773364138247,-3.83003079365184,1.03305234213642,34.7238934190716,32.5855855855856,35.924,2.04717088241256,1.41998836701716,-4.43439795095695,1.02358544120628,51.3364275748658,55.8961038961039,48.116,2.20008797608818,-6.56306445538836,-4.30420857122084,1.10004398804409,53.1718297762604,55,52.844,0.990060228545866,-11.260753748862,-6.74014049101751,0.495030114272933,52.3917880691737,51.7375886524823,51.608,2.50975082956768,-6.38633529865233,-4.74093712026149,1.25487541478384,39.9791989664033,41.88,39.1867321867322,2.00456368582479,-0.163505833770566,-5.47494872641546,1.63171484026138,53.8360453391915,54.4953271028037,53.2809523809524,1.87450432682428,-10.4112021859477,-2.92242436808058,0.787291817266197,50.6761638276843,47.03125,51.6792452830189,1.16654503087101,-8.45739260338427,-8.95251027522473,0.494615093089308,49.060658327983,48.824427480916,48.562123039807,2.01602140266564,-2.89335327698731,-5.34417006077566,3.34256348561964,4.8299665022177,1974,57,1,136,296,7,0.147852147852148,96,15.4319467181423,1,1148,-43.2699677480554,42.9055160605948,29,10.1081179651751,1.4176243069529,0.26330759669177,15.9938339645163,1
251120_Dupi_NMH_JL_1,focusedBreathing,Dupi,DupiS1,JL,1,56,259117,1,79,944,1412,1412,1974,3948,4415.99999999994,492.239995713713,1.548,0.536892988386812,4.41599999999994,47.4173507321308,NaN,49.256,0.446603652803764,-4.95324403895321,-8.1567165411906,0.223301826401882,43.2164587116039,42.8068965517241,41.58,2.64035745009491,0.322607663489145,-3.30417331640114,1.32017872504746,45.2672053963504,39,44.156,0.985077299613715,-0.391621972326116,-6.65130221207449,0.492538649806857,46.9712999929416,46.55,45.312,2.17317823840989,0.185807619353066,-5.43332204903336,1.08658911920495,38.3015774390922,38.7388535031847,39.668,2.49611658067361,-0.483556010868132,-4.33407012724534,1.24805829033681,44.093656421674,42.8068965517241,43.0974576271186,1.79962128416713,-0.298735462322614,-4.61268821638061,1.69884249225377,44.1249780768738,42.9026548672566,43.1111111111111,1.96098424636678,1.24734759554252,-5.38200805984851,0.917740627299651,41.6869575497562,42.4840425531915,42.0711743772242,2.51702558989644,-1.62367773511966,-4.73025754010883,1.4145683815218,45.8478957247521,45.6605166051661,47.096251266464,2.25868543165676,-2.59924668216048,-5.4108328313282,4.45864504209044,5.0284485871708,250,45,1,120,480,7,0.23976023976024,168,49.6478002045169,1,1778,-45.0787326882944,2.60458927308593,25,8.58026200578419,1.63004898200531,0.489298906153181,18.1904229394402,1
251120_Dupi_NMH_JL_1,focusedBreathing,Dupi,DupiS1,JL,1,57,261325,1,79,766,1268,1268,1906,3812,3682.00000000002,528.925691593892,1.422,0.644786311563903,3.68200000000002,38.144873436623,31,41.548,1.57401960365103,-2.36691021526124,-5.78603325825806,0.787009801825515,56.4229950899103,56.4523809523809,56.46,2.1023190914998,-8.48776010631863,-2.21087650383194,1.0511595457499,55.8435690890987,55.8652173913043,55.904,2.86727459029492,-7.20161531103447,-3.66318323678811,1.43363729514746,54.6764239960274,54.2325581395349,54.808,2.05676969142933,-8.3303460607139,-4.69925927897549,1.02838484571467,44.666945715402,47,42.592,2.473679602782,-2.48284242719175,-5.53748692601788,1.236839801391,56.9803145518311,57.1115702479339,56.8955613577023,2.31750851960122,-7.62143634497428,-2.70808929289849,1.77521152601453,54.4064068654579,54.3676470588235,54.4980079681275,2.66398848840475,-8.29344737163553,-4.3855137094968,1.33732222117918,49.256574499178,50.2422360248447,48.8808777429467,2.27122507012745,-4.50088692288529,-5.08288062681344,1.44904159474131,40.9735664781316,40.1225806451613,42.0786988457503,2.06789740037337,0.941283172491294,-4.60502440453169,3.94141244511164,4.62676481554427,1662,49,1,212,604,11,0.301698301698302,112,46.8072538233739,1,1696,2.97097324985772,-3.85556630811033,29,5.1503830931679,1.35823774052819,0.409615343327457,15.8755159869929,1
251120_Dupi_NMH_JL_1,focusedBreathing,Dupi,DupiS1,JL,1,58,263166,1,79,572,1192,1192,1814,3628,3457.99999999997,1016.94406435759,1.322,1.2017074062478,3.45799999999997,42.4290797590982,42.5354838709677,42.16,2.21153837367993,0.508483452396515,-4.3229029947077,1.10576918683996,49.0437806151151,48.7567567567568,50.056,2.74364725099776,-2.26223836952827,-6.84984878991688,1.37182362549888,51.915522768083,51.4126984126984,52.04,1.46178324146237,-9.51610716417376,-10.0462506519341,0.730891620731187,48.4724205327782,48.7093023255814,48.288,1.74507441924922,-6.49306284268992,-6.3335756482063,0.872537209624613,52.1804258682361,52.75,51.868,2.81454941999529,-7.57232237588454,-3.8962868251865,1.40727470999765,49.536533749262,49.2087378640777,50.493006993007,2.70524522967263,-2.7280006769859,-7.25572874734593,1.54740027137275,50.1992734728662,49.5045045045045,50.8483870967742,1.70751215975991,-7.99583325772233,-8.59171879855111,1.05865753905114,51.837546551273,53.9181818181818,50.4051446945338,1.88816462084459,-7.63985186444085,-5.82443464267174,1.17443839416533,43.5333812114865,46.2328042328042,41.3076074972437,1.92087466811653,-1.42742968763258,-4.99161910887289,3.48446664796339,4.744463940093,1880,50,1,0,574,9,0.286713286713287,142,14.5476131821791,1,1458,26.4348321001707,-6.1747683031228,11,3.78107002038268,1.4620108437719,0.379569372240282,15.2937891901765,1
251120_Dupi_NMH_JL_1,focusedBreathing,Dupi,DupiS1,JL,1,59,264895,1,79,516,1094,1094,1758,3516,3642.00000000005,1252.8097277823,1.238,1.5969257570747,3.64200000000005,56.7524592853138,56,56.676,1.28089390261686,-9.43907567416139,-8.23956610983833,0.64044695130843,48.6279744488679,47,49.104,1.60707049801656,-3.21793668545864,-6.82844789553548,0.803535249008278,45.9284210557094,45.8506493506493,45.992,2.3313175149782,-2.15007172870693,-5.4600285151649,1.1656587574891,52.4275877268045,NaN,53.1,0.593385323860235,-10.9394828394247,-8.53130612046326,0.296692661930118,55.9907073468631,56.7070063694268,54.776,2.53856417512202,-5.79891254065465,-4.52138465551118,1.26928208756101,48.5675751485876,47,49.0387596899225,1.61723989338988,-3.22179666683982,-6.88663601850043,0.834495784989178,46.1591800197394,45.8506493506493,46.7162629757785,2.07730498490564,-2.74717279446997,-5.72261627613813,1.20068228127546,56.4665985137544,57.4363636363636,55.1174698795181,1.51596578303483,-8.4424687889627,-5.89565020737242,1.00660127993513,45.0857583066895,44.6450216450216,44.6905574516496,2.21252443164541,1.0347798193282,-4.40950348811668,3.88961795083262,4.21011428889909,1610,58,1,670,352,7,0.175824175824176,98,77.8032155929486,1,1754,-26.1172453044963,1.1022816094093,13,5.26689972222584,1.95362676334254,1.03884789760403,16.5101305686771,1
251120_Dupi_NMH_JL_1,focusedBreathing,Dupi,DupiS1,JL,1,60,266716,1,79,656,1326,1326,1956,3912,3841.99999999998,1169.55786064141,1.444,1.40314688933397,3.84199999999998,50.6357117568994,51.686170212766,49.568,2.79150040930101,-2.073858192071,-4.64551798926365,1.3957502046505,40.1564070593342,34.0196078431373,45.756,1.12966940310368,-1.52293872179003,-4.90993648232543,0.564834701551839,37.9860414068758,38.5307692307692,36.496,2.1310685474152,4.46377042955187,-2.56717117863695,1.0655342737076,37.1364477382497,36.4871794871795,37.688,1.88702102800923,3.32394585857337,-3.15533690486289,0.943510514004616,42.9332062218235,43.2263157894737,43.652,2.70913963174721,-0.509266339630244,-5.41190037199462,1.35456981587361,39.1530124918802,36.3360655737705,43.9115853658537,1.6103276998415,2.07933496358383,-3.59795078967724,1.05637497109603,37.9293835248892,39.1694915254237,37.0238805970149,1.52606476774211,2.53719958480251,-3.77396786658946,1.02246339438722,40.4266530367019,40.7276422764228,41.4349206349206,2.60217261774645,1.87446060770238,-4.12267230042184,1.63936874918026,50.584597877523,48.3920704845815,50.8650306748466,1.56094399546613,-4.00327129099823,-5.85196729494267,3.05320645513175,5.23516348885048,2000,47,1,368,438,5,0.218781218781219,154,14.3758459444275,1,1604,-24.4735344336938,-22.6547437376708,15,5.4392780865157,1.53560692820926,0.504433667811614,19.3854439450806,1
251120_Dupi_NMH_JL_1,focusedBreathing,Dupi,DupiS1,JL,1,61,268637,1,79,678,1380,1380,1816,3632,3313.99999999996,1412.11104094079,1.346,1.72605217282655,3.31399999999996,50.5440105341938,52.0185185185185,49.984,1.94656678372961,-7.84819002936951,-7.60038196333825,0.973283391864805,35.4473626574291,34.953125,36.48,1.26334254656308,-2.11181592400201,-7.68917604200545,0.631671273281542,45.1451643253056,44.9405405405405,45.3,2.73593391836461,-1.96235865357073,-6.98715023481669,1.36796695918231,37.2558792502529,37.5607476635514,37.584,2.84870870879724,2.16386276386125,-4.56749209769784,1.42435435439862,43.7672813005692,42.0444444444444,44.54,2.20578353980282,-0.620010511761873,-5.93482735128874,1.10289176990141,38.647341847159,39.1095890410959,38.0147492625369,1.73406338716025,-1.03933557483901,-7.20953649725798,1.17569497649465,42.5659951798146,42.1750972762646,42.4900284900285,2.55002582874698,-0.713078361017891,-5.76433582415097,1.79011813178038,37.2410557312635,37.92,37.4908256880734,2.82035751569522,2.26897663082538,-5.15402688914385,1.22967587684311,44.4369048379077,42.9806094182825,46.3898678414097,1.6340277591938,-2.16369615554999,-7.1265405037895,2.96739441069594,4.32089463654513,1472,34,1,482,504,7,0.251748251748252,142,26.5467370952045,1,1832,4.21589831151584,22.5203781590799,24,6.11776685185897,1.38482371133373,0.344020754909952,14.5338706851632,1
251120_Dupi_NMH_JL_1,focusedBreathing,Dupi,DupiS1,JL,1,62,270294,1,79,458,1142,1142,1804,3608,3182.00000000002,1214.0991584596,1.242,1.52723748659502,3.18200000000002,32.3480446131414,NaN,32.524,0.71973017497356,-4.80622332302107,-10.6306947802893,0.35986508748678,53.4406771550476,NaN,42.848,0.146815654717226,-13.5160187078094,-14.4623979376359,0.0734078273586132,49.4867822788826,NaN,45.488,0.609137522780356,-9.47651338962124,-13.479064011538,0.304568761390178,54.5794447264806,54.5227272727273,54.736,2.08829581211923,-9.01584050077703,-7.93455073680589,1.04414790605961,52.4091049983808,52,52.468,1.64270360507453,-8.22075699996199,-11.6229242997223,0.821351802537266,53.7957148418594,NaN,41.9170305676856,0.0887646348431065,-13.6110444638114,-14.4927787222632,0.0406542027581428,51.8725559037535,55,47.9239766081871,0.815577866595164,-9.53527774756015,-12.4788517696162,0.557855260751092,54.1338898948315,53.8039215686275,54.5438066465257,1.96966190424076,-9.07003003151216,-9.06665075279885,1.30391618060738,48.7207464802041,48.4426966292135,48.2527716186253,2.06019684570133,-3.93570500382507,-8.11240598303782,3.7165951096452,4.01499219596707,1326,54,1,1126,212,5,0.105894105894106,66,40.4743354130057,1,1606,64.3130335799659,-6.91694271783228,3,1.2920266072141,1.77617778682769,0.810456769262027,11.2047481036916,1
251120_Dupi_NMH_JL_1,focusedBreathing,Dupi,DupiS1,JL,1,63,271885,1,79,494,1192,1192,1728,3456,3166.00000000005,1406.29746267387,1.246,1.82555599742406,3.16600000000005,50.7729231264647,50.3987341772152,49.868,2.63687625641306,-3.90365100198578,-7.00193269992163,1.31843812820653,43.9539699533643,43,45.452,1.67681172695489,-2.74076277094165,-8.32328389111597,0.838405863477443,51.2298111519845,52,50.38,1.30610262536027,-7.85481045771814,-7.83558486267331,0.653051312680136,52,52,52,1.22893662615384,-10.048883938604,-8.61770473461505,0.614468313076922,34.9927530321559,34.109375,37.136,1.81444498359914,-3.61694304154653,-8.68526550196952,0.907222491799569,43.9240276506898,43,45.4210526315789,1.68471030536502,-2.71271075203971,-8.335799448844,0.83224689085032,51.4641083525492,52,50.8051575931232,1.41052101562294,-8.18401402733063,-7.3211553206576,0.984543668904814,46.6061124896374,40,47.9962686567164,1.05837337399392,-5.98492570952357,-10.3768696047052,0.567288128460743,42.4572108646354,40.6096654275093,44.2511574074074,1.68851098793496,-5.52062042999695,-9.9088486651442,2.91774698715161,3.577865970045,1966,30,1,1944,44,1,0.021978021978022,44,11.8725064275204,1,856,-18.1339404287611,15.7184464212603,22,7.68737507021763,1.29035537990596,0.350172410791774,10.4870399570288,1
251120_Dupi_NMH_JL_1,focusedBreathing,Dupi,DupiS1,JL,1,64,273468,1,79,530,1068,1068,1740,3480,3257.99999999992,1752.51468357694,1.238,2.46296672125234,3.25799999999992,56.3481816673242,56.8059701492537,55.58,1.34305339104521,-10.7516644836653,-14.1557586707799,0.671526695522605,49.3874845977108,49.2659574468085,49.78,3.10020536952208,-3.75434089109463,-8.21516162333781,1.55010268476104,45.4620418599407,46.0210526315789,45.092,1.62858519307558,-2.11504879254674,-7.45483463708054,0.814292596537792,39.3562252630655,39.2631578947368,39.248,3.997989181583,1.40972571116089,-4.45628939144226,1.9989945907915,32.1622084310885,31,32.232,1.15814501883343,-5.59247887385228,-11.562019293373,0.579072509416716,49.2829895944263,49.0985221674877,49.622641509434,3.05858986662683,-3.67179444926396,-8.14774810022744,1.62105262931222,45.2038608279451,45.5701754385965,44.9665427509294,1.96005030378329,-1.47755058315376,-6.82620460287998,1.05450706343541,37.7193215978356,38.0190476190476,36.8869047619048,2.99993535640362,0.145602838022861,-5.90752293868244,2.01595655950323,43.2638069206885,43.3723404255319,41.5218390804598,1.5913484097377,-6.59661490794459,-10.2484551689233,2.7689462329436,5.88798842554122,1394,34,1,104,690,4,0.344655344655345,264,105.319877966852,1,1642,-11.8281161070006,-8.40194290393419,23,6.44727040460313,1.66090484667675,0.700424431058775,15.311024439119,1
251120_Dupi_NMH_JL_1,focusedBreathing,Dupi,DupiS1,JL,1,65,275097,1,79,686,1282,1282,1852,3704,3682.00000000002,1505.03780783134,1.35,1.84188844681891,3.68200000000002,31.2120979757714,27,31.256,1.15310805670817,-5.96779345964709,-9.65748254675099,0.576554028354085,43.8885283726471,42,45.108,1.14224447292953,-1.98092992600335,-8.79973358832913,0.571122236464766,48.718063910732,49.0120481927711,48.36,1.23978787609641,-6.51502723553041,-10.4501952610094,0.619893938048206,48.5118639292963,48.5601659751037,48.576,2.95675796292075,-3.99516944508498,-9.00766726053211,1.47837898146037,51.0818154480574,50.6565656565657,50.88,2.53465784488494,-2.45228967305719,-6.79638068534597,1.26732892244247,43.9738115688394,42,45.5131195335277,0.877181417402953,-3.15046041843198,-9.55550959148469,0.601746452338426,48.0656697489196,48.009009009009,48.4463087248322,2.53277832548643,-3.86050161000562,-9.01769439590445,1.50953588198991,53.3585477840153,53.3157894736842,53.0315789473684,2.48655014293995,-6.46090372200212,-8.49750549591994,1.41733358147577,38.7155227981393,39.0433436532508,38.866090712743,2.61881789950734,0.102351882404079,-5.90970587118748,4.8500507498876,4.24722551840944,1258,49,1,1020,340,5,0.16983016983017,126,23.3949889630633,1,1492,19.3849364446974,5.0801168719991,20,5.5662419800269,1.21485733408842,0.195776981482339,11.4744055422191,1
251120_Dupi_NMH_JL_1,focusedBreathing,Dupi,DupiS1,JL,1,66,276938,1,79,598,1246,1246,1926,3852,4135.99999999997,883.774498970872,1.354,1.06085606677081,4.13599999999997,31.784463798455,33.125,31.22,1.85845195480876,-0.884353157041033,-6.54077142701686,0.92922597740438,41.2677298245378,41.0266666666667,41.456,2.07361707851415,1.90454705183402,-5.45195544722889,1.03680853925708,53.5365061253852,52.8507462686567,53.096,2.77951135344329,-5.51783231754311,-6.13383121763439,1.38975567672164,36.4629044605364,33.375,40.708,2.09304354744723,0.218338453961681,-5.67762657650184,1.04652177372361,40.4853612224368,39.8216216216216,40.772,2.94785625992817,2.12657926692191,-4.13707957388367,1.47392812996409,41.7550098421889,41.6902654867257,42.056856187291,2.07968669272057,1.53228632098463,-5.54244432905447,1.2436526422469,53.6242376839519,55.1472392638037,51.9753086419753,2.17374250432622,-5.92740316629458,-6.68601661526832,1.40858514280339,37.0264448592501,36.3483606557377,37.9147058823529,2.95010789988069,2.4162582200051,-4.16259278462433,2.00607337191887,40.5575978791435,39.3074074074074,42.2658359293873,2.01433569159812,-1.79525307003737,-6.34195374806325,3.87961054201799,5.38611231161171,744,54,1,0,688,6,0.343656343656344,196,22.6064144774249,1,1878,4.16201859229747,23.1209290207318,25,8.35930452317777,1.82489511576608,0.851940841613445,16.1266050335077,1
251120_Dupi_NMH_JL_1,focusedBreathing,Dupi,DupiS1,JL,1,67,279006,1,79,728,1232,1232,1774,3548,4596,850.597172204567,1.324,1.08794619323526,4.596,49.5576395029821,48.9912280701754,50.464,1.85022594355856,-8.32992546683258,-8.25672412395578,0.925112971779278,49.8735343770802,49.0151515151515,50.88,2.12873739133341,-8.42694302859452,-6.84776469867981,1.0643686956667,54.9387681209108,54.978021978022,54.904,2.34898720960462,-9.5400680551356,-7.24023218468364,1.17449360480231,48.8422582488377,48.38125,48.94,2.10179189288273,-4.25508146761181,-7.781077924829,1.05089594644136,34.0871237107043,31.5322580645161,35.408,1.59763533698127,-0.812967053069598,-6.75604665488116,0.798817668490633,51.6301910757609,51.5044247787611,52.1703296703297,2.22419821038628,-8.6913167450436,-6.50583560127727,1.61921629716121,54.3259130313265,54.3148148148148,54.2698412698413,2.19945516320849,-10.4561681075739,-9.46413889692554,1.10852540225708,42.7490304467311,43.8636363636364,41.690036900369,1.56070568698792,-1.33681876934688,-7.3224097897137,0.845902482347451,45.9231479497042,44.6006289308176,46.5941375422773,1.80383710212571,-3.36389594718296,-4.88151932895826,3.20000701917101,4.05094364695967,110,47,1,0,278,9,0.138861138861139,66,8.68739725664696,1,1584,19.2183646366913,3.76391111772806,24,7.83903686061862,1.24731178926997,0.0542614314577913,13.0145494616082,1
251120_Dupi_NMH_JL_1,focusedBreathing,Dupi,DupiS1,JL,1,68,281304,1,79,960,1358,1358,1916,3832,4016.00000000008,793.245824410773,1.444,0.890296470921283,4.01600000000008,45.8821327860625,44,45.956,0.820323274730096,-7.41404953262721,-9.26332513332331,0.410161637365048,37.9261518673433,43,36.236,0.765713204999535,-4.27942723272624,-10.0679117072759,0.382856602499767,42.6292557447962,43,42.776,1.72267934629043,-1.26595440414299,-7.05321625798484,0.861339673145217,49.2990565267293,50.6,48.936,1.1548381113314,-9.56603194053886,-7.26222127743528,0.5774190556657,38.809482838103,39.2994011976048,39.276,2.55261096002486,2.26524921066289,-4.28795033566331,1.27630548001243,41.00186164007,43,39.0833333333333,1.26944523133897,-2.36443041169277,-8.2367722631805,1.21866742208542,47.6745232160845,50,48.2562814070352,0.760046185717817,-10.3257027163584,-7.3434155263189,0.302498381915691,41.3799268446738,41.3578431372549,42.5985663082437,2.68333964388203,1.4484721263827,-4.62679755336811,1.49730352128617,52.7420538111492,53.8568019093079,51.1680584551148,1.88946189231335,-4.87877957832469,-6.410485089281,3.62020898567237,4.48568820385563,1808,36,1,544,266,2,0.132867132867133,162,16.2766360391715,1,1148,18.5661164864352,16.9094055905014,16,4.59076265782216,2.27406525723567,1.3611340309319,17.4339047407516,1
251120_Dupi_NMH_JL_1,focusedBreathing,Dupi,DupiS1,JL,1,69,283312,1,79,640,1256,1256,1922,3844,3439.99999999994,863.587707446212,1.392,1.0106659475537,3.43999999999994,56.0163846177255,NaN,54.128,1.05940126622384,-7.54934330157574,-10.0909960547953,0.529700633111921,41.0741879227668,41.0572916666667,41.404,2.88550024578494,3.85283749157546,-3.80989776122823,1.44275012289247,40.1448247403338,41.2758620689655,39.432,1.75430234076352,0.535113801633812,-6.32547322843289,0.877151170381759,30.169481614387,29.1590909090909,32.224,2.45108663973952,0.110044375272935,-4.89934504872534,1.22554331986976,37.2602234287837,38.507614213198,38.584,2.62205376250956,-1.97956271694005,-5.70786410060889,1.31102688125478,41.4686281999444,41.5020080321285,41.74375,2.83686917832476,3.03471814007638,-4.08717224212632,1.81559627412784,33.5808686046848,32.1759259259259,35.9448051948052,2.01995086324856,1.21085622831203,-5.43065784702702,1.24428973176111,35.0203381900002,36.1725663716814,36.1531531531532,2.46671266192003,-2.03482781740324,-5.95690674772951,1.64283063283874,45.8324203099036,45.4817658349328,46.8699271592092,2.15048595189797,-1.94519632805094,-6.51440003555576,4.13323399954789,5.57088729602548,1188,29,1,152,684,7,0.341658341658342,204,73.34712009948,1,1824,-1.24720166951244,-5.01386459225071,21,7.22601745023963,0.922832491578048,-0.214986515780523,14.1138376111404,1
251120_Dupi_NMH_JL_1,focusedBreathing,Dupi,DupiS1,JL,1,70,285032,1,79,676,1388,1388,1968,3936,3396.00000000007,1031.19284392643,1.48,1.10660299887973,3.39600000000007,32.0169382336107,31.869387755102,31.908,3.59649233630555,-0.309866067179936,-5.69203672830947,1.79824616815278,40.2217941545521,40.3691275167785,39.932,2.45040482731092,-2.13447491324887,-8.56862781767469,1.22520241365546,32.9043404416211,25,36.04,0.407121162939112,-10.242176653562,-14.7882997764927,0.203560581469556,46.9250308253733,47.4403669724771,47.64,3.00437816790816,-5.06321861324735,-9.61746593436511,1.50218908395408,43.2988964654333,52,41.8,1.24050111854745,-9.31086193940034,-11.8907737257209,0.620250559273726,38.9283979272824,39.8701298701299,37.7130177514793,2.02780126715941,-2.9908249343374,-9.35999863163977,1.37079365659976,47.0717365424952,47.7134146341463,43.6544943820225,1.64038691202808,-7.86028656176365,-12.385798077215,1.16795548136399,45.2616346505092,49.2285714285714,43.5896551724138,1.67018479457754,-7.37938914999918,-10.4399140380185,0.968707180854975,37.7770668676237,36.738255033557,39.8689024390244,1.08067428174231,-8.93118146406093,-13.6887645900531,2.12676698646887,5.44539532047451,1378,44,1,88,396,4,0.197802197802198,174,14.8588486102883,1,896,2.73572377158032,3.73311125172144,27,5.05041638451254,1.39168226413526,0.527301814406627,7.3667428834147,0
251120_Dupi_NMH_JL_1,focusedBreathing,Dupi,DupiS1,JL,1,71,286730,1,79,478,1294,1294,1820,3640,3247.99999999993,1352.09579155485,1.312,1.77865567296874,3.24799999999993,32.2420202286142,29,34.436,1.18987797475009,-6.83545624175213,-12.6885787838136,0.594938987375045,28.0215769797789,27.974358974359,28.036,0.844471600231002,-7.72409665776249,-13.537509599189,0.422235800115501,55.9975074309326,56.4285714285714,52.472,1.43618849795837,-8.71843330775294,-10.8534212568064,0.718094248979183,46.8779518777533,47.010152284264,45.176,3.44269689798478,-2.57659814317619,-6.75312755871153,1.72134844899239,32.7188581690088,32.9478260869565,31.996,2.0004279693063,-5.44078233942517,-9.72361962448767,1.00021398465315,28.0141360975227,27.974358974359,27.9832635983264,0.876301509403877,-7.67248392456821,-13.521505156699,0.418872121495053,51.468885669599,51.7399103139013,50.7009803921569,2.5039747117725,-4.81500920826339,-8.34422864301707,2.04324336480636,34.6791067796558,35.0916030534351,34.425855513308,1.9022473903993,-4.97696181480605,-9.83619541008448,1.00058212735003,38.6135224813505,39.4512711864407,38.0395604395604,2.12117559925879,-5.09523824155385,-9.81920894178726,3.86053959065099,5.29857404413387,1212,45,1,0,484,4,0.241758241758242,248,103.824744840109,1,1664,9.4046670461013,52.6309226932668,30,10.2119922301258,1.38439682845383,0.291003459253281,10.3837606041196,1
251120_Dupi_NMH_JL_1,focusedBreathing,Dupi,DupiS1,JL,1,72,288354,1,79,496,1118,1118,1652,3304,2930.00000000006,1467.18418786227,1.204,2.12815097774289,2.93000000000006,32.8330740171115,36,33.184,1.18916275597597,-5.9885355182094,-13.0021465536703,0.594581377987984,43.23068752647,44.0595238095238,42.148,2.83010350079809,-4.68008040505395,-8.48290590345846,1.41505175039904,31.8822717092717,32.3084112149533,31.3,1.76369809110729,-6.01837884939879,-11.5005422703619,0.881849045553643,37.4116469407255,36.2867132867133,36.248,2.46926612020498,-1.8428590092875,-8.05443037970109,1.23463306010249,32.6527353970121,32.40625,32.476,2.22915393908669,-5.97826226027452,-9.53687694422412,1.11457696954335,43.284558959586,44.144578313253,42.1895161290323,2.8284715386638,-4.67266410631077,-8.47104117821998,1.40292188317725,31.5954283231661,32.0294117647059,31.0225080385852,1.7733493136427,-5.904261144976,-11.2413358993659,1.10302327308576,37.8690600262745,37.0961538461538,37.2397003745318,2.6149378596675,-2.10348492421443,-7.8121964745477,1.39637681706244,34.4338653046406,33.3099547511312,36.7941888619855,2.0379513032444,-4.9463506513406,-10.0764359413864,3.36669555295975,5.27626469467899,166,40,1,16,468,8,0.233766233766234,128,39.6358768210586,1,1962,-37.6827926389679,-12.0453530353222,27,7.40631844168333,0.97403092468255,-0.430929991846792,13.6242365102414,1
251120_Dupi_NMH_JL_1,focusedBreathing,Dupi,DupiS1,JL,1,73,289819,1,79,508,1224,1224,1802,3604,3250,1562.40901399458,1.25,2.18290940978729,3.25,51.8286116009628,53,50.532,0.829072606533493,-9.05166125627954,-11.9278983990722,0.414536303266747,33.2074605690376,31.1052631578947,36.58,1.88839077302631,-5.07173518226948,-9.16164318167552,0.944195386513153,53.1596062716152,NaN,53.852,0.680967924968649,-7.60047473321372,-11.6000209639292,0.340483962484325,46.5298647914833,45.4070796460177,48.028,2.35206206084052,-1.19671705672889,-7.07302979693713,1.17603103042026,53.9740401545815,54.0603015075377,54.272,2.86255142488326,-4.8332700681475,-8.82709340448289,1.43127571244163,33.2111106066686,31.1052631578947,36.9133858267717,1.85892601273995,-5.12879955275469,-9.20582903037348,0.944334414471893,47.4366565783403,45.4181818181818,51.1731843575419,1.79232123232033,-2.55619507026107,-8.65826738246985,1.28330200234136,55.7166728033173,56.9905660377358,53.5432525951557,1.67226431816289,-6.6111184597525,-9.43130246642524,0.966568775898151,43.5699467845352,43.8853974121996,43.0954495005549,2.43613281725289,-0.832045908920522,-7.01740937015867,4.3899113366897,5.38752403686185,1154,45,1,200,602,7,0.300699300699301,188,93.6424611712233,1,1582,-39.1967368620755,35.2312316224364,30,10.6377918307546,1.12914652036895,0.168186592627019,9.18194161264292,1
251120_Dupi_NMH_JL_1,focusedBreathing,Dupi,DupiS1,JL,1,74,291444,1,79,616,1144,1144,1870,3740,3683.99999999997,1453.15512172121,1.312,1.89755194481131,3.68399999999997,57.0089899485989,57,56.96,1.71819366812746,-10.7832893290975,-7.46824604723204,0.859096834063728,53.2571868334532,54,52.892,2.03745340134018,-8.31403309907325,-6.57247971083082,1.01872670067009,53.111878498082,52.0540540540541,53.812,1.99449781671019,-6.09090395283862,-6.30413571602557,0.997248908355096,56.6095827341043,56.9677419354839,56.296,2.1709795868251,-8.01763324690819,-5.49311985465894,1.08548979341255,42.3469088603561,43.96,40.344,2.29132034761988,0.450901519187842,-6.12575780081251,1.14566017380994,53.0148372563144,53.9310344827586,52.6948051948052,1.99451711026942,-7.72986882765291,-6.471370141972,1.22862253992596,53.4641307436893,52.6666666666667,54.1666666666667,2.04522080499896,-6.79724855282974,-5.25523441603974,1.07987658503945,49.9598960212738,50.9699570815451,50.1763085399449,2.44543700723367,-1.16566294679646,-6.37122954166505,1.77538726725164,31.1939114006374,31.0255591054313,31.3272727272727,1.69365836810134,-1.33281448680858,-5.96414829259209,3.16714114834951,4.58042486569365,960,52,1,96,414,5,0.206793206793207,194,37.7317416155353,1,1510,-8.94820717131473,2.89732757658093,15,5.30507868857868,1.28497232340458,0.0501008199699701,17.1718023182059,1
251120_Dupi_NMH_JL_1,focusedBreathing,Dupi,DupiS1,JL,1,75,293286,1,79,630,1124,1124,1854,3708,3981.99999999997,1079.73101000438,1.31,1.44004351644164,3.98199999999997,32.274830880471,32.8842975206612,32.236,2.1948600782064,0.884002908309647,-5.28500920885368,1.0974300391032,37.7063318188288,36,37.584,1.18629585699221,1.17205573294068,-5.03746917334208,0.593147928496107,48.6155834845978,48.4228571428571,49.032,2.66665786100535,-4.23246312882167,-5.10271262820188,1.33332893050267,49.2814286750658,NaN,46.2,0.926165836619395,-6.58968240074854,-7.78209917122998,0.463082918309698,40.6684222663042,40.3392070484581,40.344,2.84493524407651,3.59417190670638,-3.86760498868525,1.42246762203826,41.2986856033557,40.7042253521127,40.0476190476191,1.37160908675055,0.385882113564736,-5.25860516507275,0.864113724652844,48.8599742368265,48.3489932885906,49.3846153846154,2.54486921873032,-4.3798865634085,-4.84193486055147,1.25716539405278,42.7013913828832,41.1987951807229,43.0219178082192,1.89294990059054,0.635412630090348,-5.71431438382758,1.38185342743109,48.5736488562257,48.2179487179487,48.4800431499461,2.40710790773675,-1.42943913781663,-4.58939619993614,4.46277806094394,4.4334173881975,658,47,1,594,432,7,0.215784215784216,176,33.9204274953966,1,1704,21.982166571808,19.4001004950311,15,4.89888927526964,1.40511154680068,0.489114627554472,14.4054597350383,1
251120_Dupi_NMH_JL_1,focusedBreathing,Dupi,DupiS1,JL,1,76,295277,1,79,696,1194,1194,1772,3544,3992.00000000008,826.184635205235,1.28,1.0803753303129,3.99200000000008,37.0221226346446,37.4646464646465,36.764,1.79958671273756,2.80740277627085,-4.50506746230998,0.89979335636878,39.7122754989287,40,39.496,2.13487291057412,3.11685580120005,-4.82286349421079,1.06743645528706,49.6858808230104,NaN,48.82,0.736395510450878,-2.66513744866,-6.34040029061499,0.368197755225439,48.7332423452429,48.0083333333333,48.016,2.40795132570584,-1.57132078434647,-5.46695181171176,1.20397566285292,36.7116689252104,36.962962962963,36.716,1.67181300400523,3.09295956688526,-4.90515001417326,0.835906502002613,39.6164038903197,40,39.9224137931034,1.70360005935379,2.60511328956301,-5.10670400774288,1.18570564131024,53.4761923102335,52,52.9277108433735,0.826373319731703,-9.96815873206653,-7.15119133839665,0.411533913226388,45.1006015280946,46.8195488721804,41.6712802768166,2.52231173944688,1.73632431520002,-4.71299393090979,1.45789618540029,37.7954985747193,38.0707762557078,36.461625282167,1.88958597066997,0.650490864117539,-5.37740522194108,3.34834634002718,6.09358996804806,1312,51,1,1204,170,1,0.0849150849150849,170,48.1082002663577,1,1390,-3.50218174919371,27.2381546134663,20,5.79610002487793,1.26600539120277,0.104717300254212,17.4092065059019,1
251120_Dupi_NMH_JL_1,focusedBreathing,Dupi,DupiS1,JL,1,77,297273,1,79,634,1346,1346,1804,3608,3581.99999999999,783.630749159359,1.356,0.930935167846576,3.58199999999999,52.5648731245336,52.2316384180791,52.292,2.67269813674917,-5.1658844480327,-5.52509285106694,1.33634906837459,48.1037295367732,45.8421052631579,49.116,1.6437402807102,-5.48755163636502,-5.69005596098024,0.821870140355099,45.7576425809386,44.2336448598131,46.976,1.81285044086825,-2.00514046072948,-5.03337833770625,0.906425220434125,48.7870413261574,49.0538116591928,49.044,2.72305676903741,-2.98934982783685,-5.91463800872261,1.3615283845187,49.0668985987937,49.25,49.984,1.4448349462466,-6.66230411336908,-5.22679291996551,0.722417473123302,48.0737620585277,45.8421052631579,48.8927444794953,1.50113771075508,-5.76002795258813,-5.82674188531608,0.951721308618719,46.8248213446648,46.4347826086956,47.3623595505618,2.47010840265521,-1.53721083479941,-5.32036925583862,1.75871718269051,49.5625627461267,50.0295857988166,49.1965065502183,2.22331356560618,-5.41719313218121,-5.13729652171841,1.01827761304763,41.9640211001856,40.4309523809524,45.1773835920177,1.92822763748606,-0.228099126892022,-4.91155409985844,3.47852265802485,4.47149451720598,1290,51,1,0,298,7,0.148851148851149,102,40.4835461854844,1,1952,4.0311136406754,-10.4136114936539,11,3.61351265586871,1.85327539735098,0.948169181662512,17.5464091353906,1
251120_Dupi_NMH_JL_1,focusedBreathing,Dupi,DupiS1,JL,1,78,299064,1,79,716,1342,1342,1624,3248,1791.99999999992,770.130414539225,1.432,0.866650209907027,1.79199999999992,37.6254930007285,34.825,40.288,2.0305992210261,0.588518063113068,-4.63640308979549,1.01529961051305,38.2602717171547,36.0720720720721,38.464,1.9172141000208,1.35504589011956,-5.04616373447634,0.958607050010401,50.5769967189901,51.0564516129032,50.156,1.91000104847573,-3.77493895260649,-7.96168664565005,0.955000524237866,46.513525303374,45.281045751634,47.232,2.12510182769935,-2.55329977205412,-7.23819278584838,1.06255091384968,51.883682333791,51.7835820895522,53.432,2.39598978112227,-6.90185200509228,-5.50887189179213,1.19799489056113,44.2403670092589,44.7616822429907,43.2011173184358,2.20835502796548,0.0422652847576089,-5.694023604428,1.58118220002328,44.2833813579847,40.8196721311475,45.9712460063898,1.67478759143143,-1.68525218642633,-6.97371359516705,1.04841703223608,52.4393624555865,52,52.6737588652482,1.69935718461389,-9.64346487423475,-10.6538846385666,0.479218726061118,46.4117961513673,46.3038793103448,47.0726600985222,2.0796430539805,-2.00766645781618,-6.00675643088954,3.37734031966434,5.9376974455408,1872,49,1,256,362,7,0.180819180819181,112,32.4522794114619,1,1348,-14.720546385885,16.9128484758254,24,8.680336059436,1.65601295090175,0.740795599330824,12.6541385553311,1
251120_Dupi_NMH_JL_1,focusedBreathing,Dupi,DupiS1,JL,1,79,299960,0,79,332,588,588,2486,4972,3735.99999999999,156.895906733412,0.408,0.583768109775194,3.73599999999999,53.4464607470053,52,53.936,1.13207033944488,-9.46797830680555,-9.96366750618296,0.566035169722442,50.9194270581896,50.2713178294574,52.356,2.24491562209297,-6.23083842099106,-5.37391589089744,1.12245781104649,42.8056865761119,42.3008849557522,44.744,1.48738192050155,-2.14489983711462,-6.94361736395978,0.743690960250776,37.3794086661255,37.3162790697674,37.828,2.55524497434524,1.15447985070506,-5.28727685340648,1.27762248717262,41.3735063102379,41.2210526315789,41.244,1.94714324778562,1.91322609830551,-5.57406422188709,0.973571623892812,50.3779026751188,50.2713178294574,51.3915662650602,2.89958414998192,-4.90353814086433,-4.19589730936274,0.962661937793996,54.0646847212561,NaN,53.7109375,0.692832531258395,-12.0101468340453,-10.0526382212105,0.177365128002149,40.3736646049943,40.0616666666667,41.4815595363541,2.19191742604555,0.628962237711728,-5.66696302951049,4.16025927463446,53.2783833391473,54.6344086021505,53.1624834874505,1.86199908177534,-6.24083825405723,-7.29657287402852,2.81906660980786,5.49227167297006,82,48,1,26,444,5,0.221778221778222,132,110.525791385596,1,1982,12.4890912540315,-22.7933896601779,21,5.72108579325398,1.82692598562227,0.834164275701425,16.349242962248,1
