sessID,task,cohort,group,participant,sessNum,breathIdx,onsetSample,goodBreath,nEv,inhalePeakMs,returnCrossMs,exhaleStartMs,exhaleTroughMs,endSymMs,breathLenMs,inhaleVolume,inhaleDuration,peakInspFlow,breathLength,w1_rfreqPW,w1_rfreqGated,w1_rfreqRaw,w1_rpowZ,w1_rpowDb,w1_bandDb,w1_aucZ,w2_rfreqPW,w2_rfreqGated,w2_rfreqRaw,w2_rpowZ,w2_rpowDb,w2_bandDb,w2_aucZ,w3_rfreqPW,w3_rfreqGated,w3_rfreqRaw,w3_rpowZ,w3_rpowDb,w3_bandDb,w3_aucZ,w4_rfreqPW,w4_rfreqGated,w4_rfreqRaw,w4_rpowZ,w4_rpowDb,w4_bandDb,w4_aucZ,w5_rfreqPW,w5_rfreqGated,w5_rfreqRaw,w5_rpowZ,w5_rpowDb,w5_bandDb,w5_aucZ,p1_rfreqPW,p1_rfreqGated,p1_rfreqRaw,p1_rpowZ,p1_rpowDb,p1_bandDb,p1_aucZ,p2_rfreqPW,p2_rfreqGated,p2_rfreqRaw,p2_rpowZ,p2_rpowDb,p2_bandDb,p2_aucZ,p3_rfreqPW,p3_rfreqGated,p3_rfreqRaw,p3_rpowZ,p3_rpowDb,p3_bandDb,p3_aucZ,p4_rfreqPW,p4_rfreqGated,p4_rfreqRaw,p4_rpowZ,p4_rpowDb,p4_bandDb,p4_aucZ,peakZ,peakLatMs,peakFreq,anyBurst,burstLatMs,timeAboveMs,nBursts,dutyCycle,maxBurstMs,peakZ_base,anyBurst_base,timeAboveMs_base,chirpSlope,chirpSlope2,freqSpan,freqJitter,apExp,apOffset,gammaBumpDb,gammaPeakPresent
251120_Dupi_NMH_JL_2,audiobook,Dupi,DupiS2,JL,2,1,3437,1,92,458,732,3598,1042,2084,3598,723.136427268786,0.754,1.6936753069202,3.598,50.8056072945609,49.3235294117647,52.372,1.68939227477515,-2.74623656815647,-6.17247594934976,0.844696137387575,36.9403595260552,37.589928057554,34.996,2.39981970812267,2.69329170616292,-4.39447309565824,1.19990985406133,34.8614258832667,34.6304347826087,35.308,2.16460282416795,-1.16759524444483,-7.24260888552244,1.08230141208397,42.4589881901473,42.67,42.476,1.73215384246232,-1.47576199546245,-7.16731743130637,0.866076921231161,48.1787855135629,48.289592760181,48.328,2.83079080209853,-3.68818299395673,-6.38865933768674,1.41539540104927,37.1249267699538,37.7573529411765,35.117903930131,2.49423290528976,2.9806184571142,-4.16730026905149,1.14235867062271,35.6515721602861,36.031746031746,35.3795620437956,1.74044054941945,-1.79555707714768,-7.44098495306106,0.476880710540929,NaN,NaN,NaN,NaN,NaN,NaN,NaN,45.405010907895,45.9770773638968,45.253358925144,2.40281370660521,-1.88687334462139,-6.33762044853541,2.50373188228262,4.23643709751778,118,40,1,0,498,6,0.248751248751249,168,29.9970030527877,1,1546,-26.3836084234491,5.59682882346372,20,6.73068869312838,1.86593248187025,0.540183928932986,19.0953279606371,1
251120_Dupi_NMH_JL_2,audiobook,Dupi,DupiS2,JL,2,2,5236,1,92,760,1234,3410,1626,3252,3410,894.720931613362,1.192,1.37807433380652,3.41,37.7348912802581,34.1016949152542,40.532,1.30495763754673,-6.59989688630744,-9.83216685836573,0.652478818773365,35.9733305568717,35.1047619047619,36.056,1.86825619544394,-1.12103532544265,-6.6244322271668,0.934128097721971,40.6583951615684,40.1584158415842,40.96,2.62586792741828,0.993599986690644,-4.78846490784122,1.31293396370914,48.1490696233982,48.1382978723404,48.236,2.5846662472345,-4.68138872211488,-7.26244100924366,1.29233312361725,45.6021296162423,45.3314606741573,46.032,2.28607577807052,-1.37699177449221,-7.11173182685035,1.14303788903526,37.3312772194284,36.9816513761468,37.1315789473684,2.18974047480537,-0.109276338728494,-5.75535847092839,1.66420276085208,45.4474028552785,44.8742857142857,45.7088607594937,2.50108655553651,-1.58126271723317,-6.2536528863076,1.1855150273243,NaN,NaN,NaN,NaN,NaN,NaN,NaN,34.7016170090968,35.6417910447761,34.8154981549815,2.15570820480506,-0.615882777493029,-6.46397551301604,3.50518154101303,3.98257667283106,756,43,1,506,412,8,0.205794205794206,98,16.7106830015773,1,1972,-18.7930184025802,17.1077902259277,18,5.39530520925978,1.3968293338298,0.174299564064555,16.3280790227144,1
251120_Dupi_NMH_JL_2,audiobook,Dupi,DupiS2,JL,2,3,6941,1,92,560,966,3254,1340,2680,3254,856.125542353842,0.948,1.47158637664551,3.254,37.508914475032,36.566265060241,38.364,1.72595165884897,1.80396268456107,-5.37236239197077,0.862975829424487,47.8154694845086,50,46.952,1.2162496054677,-4.65759367224491,-7.84696725156211,0.608124802733848,38.294249911181,NaN,38.396,1.17076238526087,0.167153856936295,-6.99253682226756,0.585381192630433,32.1434612542336,30.6923076923077,33.316,1.93631228338871,0.496350660484126,-6.26151991337629,0.968156141694354,36.3572472387668,36.689497716895,37.524,3.14130956929572,2.04609801443451,-3.89301515057098,1.57065478464786,46.7807332430565,50,45.9928571428571,1.21390579131364,-3.89881043196952,-7.89360478648447,0.679787243135641,38.6446795697723,NaN,38.8226600985222,1.18103422776441,0.269057395089225,-6.75889263031214,0.479499896472351,NaN,NaN,NaN,NaN,NaN,NaN,NaN,41.2242331040139,41.3979797979798,43.8074626865672,2.72144815396068,0.19842976504257,-4.66223107468766,3.64674052630732,5.30815166312883,1512,30,1,396,414,4,0.206793206793207,194,29.4044508705872,1,1064,-0.370707645608044,-19.5593106785275,20,6.72972001170479,2.07180672968697,0.739250239259741,19.9022642868572,1
251120_Dupi_NMH_JL_2,audiobook,Dupi,DupiS2,JL,2,4,8568,1,92,2048,3082,6188,3514,7028,6188,2703.22561637096,2.93,2.43881635022418,6.188,29.6566756801653,30.5196078431373,29.116,1.84888389720748,-3.47484178161529,-7.31125502063815,0.92444194860374,30.0092295596712,25.5824175824176,31.844,2.02290224207786,-2.43565227630257,-7.76700836530835,1.01145112103893,43.0476838147561,42.9508196721311,42.832,2.93870898247854,1.85427111651606,-4.90495173693677,1.46935449123927,41.7715506385053,42.0373831775701,41.496,1.75800682785475,0.696951629067427,-6.350649034182,0.879003413927375,36.0430706131638,35.9806763285024,36.212,2.8141026093905,0.90866864969874,-5.85256580019763,1.40705130469525,37.9809252120219,38.1417565485362,38.0888671875,2.34807145424104,0.471179468560003,-6.13931075206979,4.80885033828566,43.7900381891868,46.1620111731844,42.3771760154739,1.68661711352189,-2.91086664269048,-7.37612645295303,1.74396209538164,NaN,NaN,NaN,NaN,NaN,NaN,NaN,48.3446662846208,50.5774647887324,44.917695473251,2.40634629430908,-5.59606384689395,-9.52691202274052,1.16948429903421,3.88472829726825,846,45,1,18,648,4,0.323676323676324,236,21.3758876961552,1,1532,35.5348131284386,16.883537425094,21,6.2109220799021,1.72148838332353,0.606979943873331,20.378394191682,1
251120_Dupi_NMH_JL_2,audiobook,Dupi,DupiS2,JL,2,5,11662,1,92,674,1182,3498,1628,3256,3498,1337.48010874313,1.194,1.74615182966454,3.498,49.7740216408274,50.18,48.724,1.23192041544322,-6.14296512418384,-8.7460112438828,0.615960207721609,38.9227538238457,34.9375,42.22,1.23608824026955,-6.87596762933508,-9.8049921635326,0.618044120134774,47.5551331147714,46.9078947368421,48.396,2.43090946075478,-0.812888754012555,-5.81901711446584,1.21545473037739,45.5554249583546,46.5027322404372,48.524,3.23439163517824,-4.82937740134463,-7.6007926134838,1.61719581758912,28.3810877337221,25.9464285714286,31.052,1.33825537758239,-2.84617992176559,-8.27042336982826,0.669127688791194,42.703115789298,40.4594594594595,43.8011869436202,1.53030726367895,-5.67861771987089,-8.97075513115317,1.03142709571961,52.2249927695369,51.8010204081633,51.8543307086614,2.9683372306028,-1.62252161387683,-6.41310365461182,1.50791531314622,NaN,NaN,NaN,NaN,NaN,NaN,NaN,42.8095446177272,43.4987468671679,41.480343980344,2.06997327505499,-2.15325051596743,-7.05374098832388,3.36991649178952,5.16232571238883,1432,29,1,272,632,6,0.315684315684316,210,32.4486297288331,1,1684,-44.4188958451907,28.6915174749693,33,12.3500335486882,1.89610802166934,0.611130700065755,19.8588360841358,1
251120_Dupi_NMH_JL_2,audiobook,Dupi,DupiS2,JL,2,6,13411,1,92,628,1052,3346,1440,2880,3346,1072.55294824568,1.046,1.60040681977412,3.346,49.1220635051405,NaN,49.208,0.758580441012774,-9.22255632624476,-9.32680542435299,0.379290220506387,41.5098920354477,41.1724137931034,40.256,2.4673698724662,-2.93022097634588,-5.51801911969597,1.2336849362331,44.1804649953138,44.1387559808612,44.236,2.51408399500246,0.572808366657427,-4.59752433588846,1.25704199750123,47.5532049587422,47.8203883495146,47.828,2.67233455188658,1.01645109934997,-5.82200303926113,1.33616727594329,37.900108299094,41.9818181818182,37.148,1.5229723514548,1.02602442566646,-6.76627017548057,0.761486175727401,42.3584025347455,42.4497607655502,41.2929936305732,2.52473875080579,-1.86939943745933,-4.93521970532687,1.58553593550604,43.6746783666655,43.5730994152047,43.7971698113208,2.54283556356746,0.670582460435988,-5.22895656708543,1.0781622789526,NaN,NaN,NaN,NaN,NaN,NaN,NaN,45.1701144186059,48.6344410876133,42.8736111111111,1.91207350795072,-0.473828344406154,-6.28209992564836,2.75338585144904,5.52685246862939,418,47,1,126,416,6,0.207792207792208,140,39.0645452037771,1,1956,43.1663820906849,-5.11166114564335,26,6.13972698505999,1.67248149924674,0.506798771979763,21.3112922980022,1
251120_Dupi_NMH_JL_2,audiobook,Dupi,DupiS2,JL,2,7,15084,1,92,776,1218,3274,1600,3200,3274,1016.76800585893,1.214,1.50671390815627,3.274,34.8155410064144,34.9406779661017,34.792,2.14613719170896,1.74331939907285,-4.74300388504381,1.07306859585448,31.3789045389104,31.3986486486486,32.164,2.41294293014416,0.418148646241118,-5.48068788496874,1.20647146507208,42.5562506484009,42.0588235294118,43.272,1.84036866229718,0.0589949597811353,-4.99472719368948,0.920184331148589,55.3060409851824,55.0661157024793,55.484,2.20397006809017,-9.93599412001935,-5.77581028822547,1.10198503404509,49.4815462067817,49.5176991150442,49.924,2.96288412849128,-4.96482326368158,-6.06747854600138,1.48144206424564,34.3327294076338,34.3906976744186,34.9329896907216,2.28901990473179,0.81471306188755,-5.12976441827834,1.77627944607187,50.5081302514843,46.3023255813954,51.6244343891403,1.4782234938144,-5.08088733427334,-6.03249907011715,0.653374784265966,NaN,NaN,NaN,NaN,NaN,NaN,NaN,45.555971494691,46.5782881002088,44.53875,2.25643034216838,-1.69268928808716,-6.39318892557712,3.61028854746941,4.46120571939134,1946,48,1,156,666,8,0.332667332667333,150,14.2266755448609,1,1456,1.69265793966988,29.1340678155358,26,8.91581417682654,1.6454914205634,0.34582060003485,19.6475488744743,1
251120_Dupi_NMH_JL_2,audiobook,Dupi,DupiS2,JL,2,8,16721,1,92,654,1022,2684,1406,2812,2684,841.990714750549,1.036,1.25070203649386,2.684,33.8055906436527,31.280701754386,33.82,1.34950830258922,-4.23167268330918,-6.90766814182705,0.674754151294611,32.3305643091229,33.3684210526316,31.228,2.22892244199778,-1.33658970675278,-6.06494325821956,1.11446122099889,36.1223025852465,34,38.284,2.12685482089386,-2.03923068813933,-6.48122167329821,1.06342741044693,42.0935312006547,39.5,43.08,1.83359367812539,0.233520811887544,-6.11151238869691,0.916796839062696,35.7050270979771,39,33.852,1.00695086573491,-1.4949101440474,-7.74068158248353,0.503475432867453,30.7475704979414,31.2270742358079,30.2324159021407,2.42387706141379,-1.75526971558302,-6.16477545377708,1.58521559816462,43.8262085417044,41.3835616438356,43.7663043478261,1.71337986574132,-1.7429050168369,-6.5946536129018,0.630523790592806,NaN,NaN,NaN,NaN,NaN,NaN,NaN,44.843250562593,46.0346153846154,42.9061166429588,1.7091288425774,-1.93769910140147,-6.87518227769707,2.40303515266383,4.06096615048293,586,27,1,0,360,6,0.17982017982018,148,8.38283822695869,1,1602,-20.0671599317018,29.1710090445528,24,5.91254348195979,1.39249700370828,0.333565028093877,16.066374866715,1
251120_Dupi_NMH_JL_2,audiobook,Dupi,DupiS2,JL,2,9,18063,1,92,974,1556,4074,1944,3888,4074.00000000001,1449.20062706851,1.522,1.77609094319918,4.07400000000001,53.0609063118089,58,49.964,1.33517040044018,-4.28377480587936,-8.40400774234327,0.667585200220089,55.4300016040741,55.9133858267717,54.008,1.87259712915509,-9.04567236522058,-7.05642834255247,0.936298564577546,47.6215927522677,47.5228758169935,46.696,2.16696473258097,-1.50294118837253,-6.93077996300895,1.08348236629049,50.0950340487183,48,50.808,1.54119353921912,-5.61458372690645,-7.75177250559106,0.770596769609562,46.0348162933605,46.5714285714286,45.5,1.52202366937899,-2.12442836950089,-7.41763494221744,0.761011834689496,51.177292353659,51.2996389891697,50.2546201232033,2.02667892681088,-3.71797719193355,-7.03878338768217,1.97398527471379,49.9686472128267,48.2903225806452,50.5841924398625,1.5659607231497,-5.24627131450706,-7.61074570754777,0.911389140873123,NaN,NaN,NaN,NaN,NaN,NaN,NaN,45.0938512793155,44.8465753424658,46.0802469135802,1.78669521682715,-1.56834416760175,-6.30675372855783,3.47333550151198,4.00014127778443,894,55,1,0,186,5,0.0929070929070929,46,43.984484322893,1,1988,-24.459874786568,-3.67104626493467,14,5.15247769494171,1.64199952860675,0.352968625184277,16.9774718758486,1
251120_Dupi_NMH_JL_2,audiobook,Dupi,DupiS2,JL,2,10,20100,1,92,602,1078,3408,1506,3012,3407.99999999999,1053.61729744487,1.088,1.39402502757698,3.40799999999999,39.6168264348935,39.8888888888889,42.048,3.09156718226067,0.0208013569592447,-4.29499743906624,1.54578359113033,41.5269664265715,37.6301369863014,45.936,1.71945260373038,-5.42883373544807,-7.10328352527503,0.85972630186519,52.1337847519856,54.2528735632184,49.948,2.44689371878324,-5.14001254839711,-6.95797140880568,1.22344685939162,54.0294971933953,57.2727272727273,50.736,1.16775477024929,-9.90824162926907,-7.76010895653491,0.583877385124644,52.4399484795243,52.3008130081301,51.864,2.29266394596462,-6.88808935864876,-7.50670345590826,1.14633197298231,39.9607641955407,36.9036144578313,43.5415282392027,1.70114038115739,-4.13737303995949,-6.94582868771911,1.02408650945675,55.3749618945524,55.6666666666667,54.827731092437,2.51208725950779,-8.20374131535557,-7.08926431948468,1.19575353552571,NaN,NaN,NaN,NaN,NaN,NaN,NaN,47.5823233307087,47.5895953757225,46.3970783532537,1.29616225613752,-5.18701894483104,-8.38656946807325,1.9520203577431,4.80863059232925,1744,54,1,408,338,5,0.168831168831169,126,34.8263167922718,1,1942,-28.7812559286663,15.8982208657461,30,9.40021729048717,1.70663121086628,0.44348035256985,17.0381027190005,1
251120_Dupi_NMH_JL_2,audiobook,Dupi,DupiS2,JL,2,11,21804,1,92,1124,1550,3672,1948,3896,3672,1153.16602703832,1.538,1.38299584593352,3.672,36.1618147906679,34.3522727272727,37.688,2.8962032764059,0.504313349024207,-5.53163130897284,1.44810163820295,47.923445507396,47,49.232,2.18247742551205,-5.24864329307088,-6.78493421852602,1.09123871275602,53.1524662638842,55,50.356,1.26498039445101,-9.07292878154358,-8.81260010696404,0.632490197225505,32.9838052655397,32,33.284,1.70204421053665,-3.68479496513629,-7.95253645887703,0.851022105268323,35.2244157177741,39,34.288,1.36381509399952,-0.683928930262509,-7.33953893327937,0.681907546999759,49.0873598221327,48.0923076923077,49.4857651245552,1.73446164855094,-6.156886291304,-7.55529188848201,1.94953489297126,29.1829273379298,30.3913043478261,28.6338028169014,1.52677557248586,-4.26885728308998,-8.57083118232235,0.650406393878975,NaN,NaN,NaN,NaN,NaN,NaN,NaN,47.3737706596788,46.3571428571429,48.7135523613963,1.92527985204455,-3.43283207991709,-7.75307001969737,3.75044515178278,4.74328089496112,196,47,1,130,268,5,0.133866133866134,118,26.8496471828765,1,1428,15.5427812559287,4.34920162280866,30,9.06995500490104,1.48011119469092,0.177493000927135,14.3063077350655,1
251120_Dupi_NMH_JL_2,audiobook,Dupi,DupiS2,JL,2,12,23640,1,92,590,1264,3196,1696,3392,3196,1158.77538783477,1.228,1.43680248398216,3.196,50,50,50,1.22527109511352,-8.07825019359415,-8.4322758913851,0.612635547556758,46.2080346320171,45.9868421052632,46.412,2.22313990502102,-3.9533717865096,-8.31701176602436,1.11156995251051,50.9213606647152,NaN,50.6,0.883442373267768,-8.98313233924999,-7.94988979141864,0.441721186633884,45.6689342272187,48,45.28,1.40492840738416,-3.96817424356585,-7.35274871621511,0.702464203692078,54.1946734567121,54.35960591133,53.92,2.77706850628665,-9.24538190895948,-7.7687637429128,1.38853425314333,46.7306943649628,45.9868421052632,47.1593220338983,2.09812792030013,-4.47552520249101,-7.96913235226005,1.23789547297708,48.3124129641301,48,48.3086053412463,0.972888829796909,-6.5876952602691,-7.94727550150242,0.655727071283116,NaN,NaN,NaN,NaN,NaN,NaN,NaN,47.9895014754766,48.926213592233,47.5188679245283,2.37603234956236,-2.23840960715302,-6.39458308300531,4.02975086485776,4.73886989115014,1844,55,1,262,276,4,0.137862137862138,94,29.8227115395451,1,1988,3.75792069815974,4.66585402166226,11,4.19067119533201,1.51917241434634,0.333810396100592,14.341149064189,1
251120_Dupi_NMH_JL_2,audiobook,Dupi,DupiS2,JL,2,13,25238,1,92,626,1406,3738,1866,3732,3738,1253.36410153923,1.388,1.37201154409995,3.738,49.5878578043337,51.1688311688312,48.58,2.2967411875681,-3.11197601654005,-6.86226010169257,1.14837059378405,44.4274792216008,40.1014492753623,47.728,1.6231201941641,-0.930802227975525,-5.92004230576689,0.811560097082051,37.2504107956058,35.0375939849624,38.784,2.66354540033651,0.167309800519371,-5.5382200528135,1.33177270016826,48.2536778247586,48.9671361502347,47.696,3.07805561988499,-1.57263724786499,-6.21943339626862,1.53902780994249,35.7001521498218,35.12,35.32,1.7805996228066,-1.61445285882413,-6.58934803627989,0.890299811403301,45.6245659822341,39.9305555555556,48.3642172523962,1.59129861381423,-1.50046742433172,-6.23003615976188,0.99615293224771,42.0292127407758,43.1616161616162,41.5435897435897,3.03900749061316,0.0477103326070836,-5.51959716948013,2.37042584267827,NaN,NaN,NaN,NaN,NaN,NaN,NaN,47.19416904618,50.2708333333333,44.5798499464094,1.29846611306711,-4.15978921308099,-8.26697806511621,2.42293776698322,5.86429653152651,700,36,1,0,654,7,0.326673326673327,152,14.728025305213,1,1558,50.0072092582053,-31.8934938772472,24,7.80535661294459,1.59679119005838,0.164212219598339,18.8976780135084,1
251120_Dupi_NMH_JL_2,audiobook,Dupi,DupiS2,JL,2,14,27107,1,92,714,1428,3710,2024,4048,3710,2193.01489457518,1.486,2.34359504774088,3.71,49.8554814480869,NaN,47.108,0.868392693791373,-4.32463268186038,-9.15474339175499,0.434196346895686,47.0581375880809,39.5394736842105,50.1,1.60607739174352,-1.84915069682397,-7.27550736084763,0.803038695871761,38.5457453855107,37.7878787878788,39.968,2.60960483752861,2.12486792086996,-6.00070310629456,1.3048024187643,43.7307954999054,43.9097222222222,44.996,2.16290696845665,-1.67827786760901,-6.77738722332396,1.08145348422833,49.9277035834841,51.2916666666667,49.02,2.34415671556376,-3.7221199427915,-6.62751423362705,1.17207835778188,42.7932021672769,38.7650273224044,46.5378151260504,2.16582081587344,0.879142623495312,-6.48340314338233,1.54639606253364,41.997203050658,41.9257425742574,43.406162464986,2.22941575684166,-0.824495826576981,-6.60859909594264,1.59180285038494,NaN,NaN,NaN,NaN,NaN,NaN,NaN,47.5792842897682,47.9505582137161,47.3755060728745,2.38018368897057,-3.79086481854156,-7.53471432190135,4.70324296940585,4.21322648694068,624,38,1,334,604,5,0.301698301698302,274,13.6951426555638,1,1588,-54.7865680136597,-8.51946625972381,18,6.34726147586964,2.11770859924328,0.99954402527376,21.1246104738701,1
251120_Dupi_NMH_JL_2,audiobook,Dupi,DupiS2,JL,2,15,28962,1,92,476,1028,3498,1814,3628,3498,1690.60762456407,1.284,1.98292524761362,3.498,40.6221446734522,41.7975460122699,38.948,2.42207480768172,-2.2924563583495,-7.11705935556552,1.21103740384086,32.9830712985245,33.78125,32.704,1.76202022166771,-1.07843669810362,-7.38820008218566,0.881010110833855,38.5140181440868,39.0852713178295,38.544,2.24757068606004,0.683247899812687,-5.50881876364595,1.12378534303002,28.536970857517,28.7647058823529,31.12,0.934731895491236,-8.2576959101394,-9.59662570131057,0.467365947745618,28.3482362626301,25.5185185185185,36.392,1.46963286271278,-6.10963395871886,-9.60780050470675,0.73481643135639,32.6833382340098,33.4494382022472,32.436974789916,1.74651707758143,-1.18123964321211,-7.42088509010806,0.831342128928762,37.9971983395094,38.1533333333333,38.0688405797101,2.25161402898203,0.499880012738959,-5.64077902353904,1.24289094399808,NaN,NaN,NaN,NaN,NaN,NaN,NaN,43.9865557097861,44.9693094629156,43.3373759647189,1.96959925199696,-5.51929597104955,-7.2731654830118,3.57285304312248,4.19253579686694,1872,25,1,512,292,4,0.145854145854146,116,17.8502461169365,1,1088,-6.09789413773478,12.563553802062,16,5.66180682679939,1.45538412466667,0.125353859330082,16.2153756188941,1
251120_Dupi_NMH_JL_2,audiobook,Dupi,DupiS2,JL,2,16,30711,1,92,606,1258,4094,2104,4208,4094.00000000001,1549.47308008288,1.444,1.78439501178571,4.09400000000001,52.9058238034278,52.3193717277487,52.92,2.67661573702086,-5.70414659642138,-6.19578353889619,1.33830786851043,42.5074941721391,42.4108108108108,43.58,3.14061020036025,1.40368351636772,-3.77436600304057,1.57030510018012,36.3288055099819,36.345971563981,36.884,2.65066540542735,2.00298380443593,-5.45235225231298,1.32533270271367,33.9434140659302,33.1451612903226,34.292,1.95966620918242,-0.184969181541888,-6.01179134167958,0.979833104591212,50.5100529231359,53,50.384,1.11018282075539,-6.88905239808608,-8.86211872719142,0.555091410377693,40.7546717884765,40.2731092436975,41.6963696369637,3.16509917207042,1.30673787570357,-3.94662475425873,1.91805009827467,37.6986520301023,37.3175355450237,38.3251533742331,2.24424388427737,1.98698020403915,-5.5261021556811,1.46324701254884,NaN,NaN,NaN,NaN,NaN,NaN,NaN,40.3424156285092,41.1081081081081,40.0094936708861,1.83263599639502,-5.77616514269793,-7.72035998653171,3.47467784916495,4.7109470440699,370,43,1,0,522,6,0.260739260739261,176,8.61602528223986,1,1320,-29.5761715044584,-4.49008076822869,26,7.0987531152154,2.21709577014717,0.970940247421279,24.6185286068268,1
251120_Dupi_NMH_JL_2,audiobook,Dupi,DupiS2,JL,2,17,32758,1,92,666,1378,4958,2342,4684,4958,1422.39889387597,1.606,1.37123604273399,4.958,39.9288520038155,38.1720430107527,41.76,2.00230989794074,0.356511307632452,-4.46622884166307,1.00115494897037,46.9788522070397,44.7604166666667,51.036,1.63644222328436,-4.7357033024907,-6.8997452365594,0.818221111642178,49.1813674624885,NaN,48.736,0.775515099059248,-5.96414844096311,-6.72262688736723,0.387757549529624,47.1718184888422,47,48.032,1.78659614251928,-4.38775032008275,-9.98783974733608,0.893298071259642,46.4124201928545,46.3097345132743,46.284,1.94648758017839,-2.80960417108419,-8.06896428461654,0.973243790089196,47.5588831915508,44.7604166666667,51.03003003003,1.48100676161449,-5.2398567654864,-6.62147856109206,0.986350503235248,47.5413423486798,47,48.0084269662921,1.11761437837862,-5.18758494539174,-8.37479193324057,0.795741437405578,NaN,NaN,NaN,NaN,NaN,NaN,NaN,52.769423077658,51.7403189066059,53.6441495778046,2.03665781688542,-5.38980966065332,-5.01082967687777,3.37677866039603,4.53854621150631,2,33,1,2,82,3,0.040959040959041,52,36.4363202040139,1,1494,45.5078732688295,-16.5973126884282,23,6.0355898928688,1.74834953728596,0.355477309385488,18.583159091766,1
251120_Dupi_NMH_JL_2,audiobook,Dupi,DupiS2,JL,2,18,35237,1,92,852,1408,3926,1836,3672,3926,1157.18150871217,1.398,1.29764187689334,3.926,28.8165639107072,28.7201834862385,28.624,3.42013301649744,-1.55753853548676,-7.01123335949774,1.71006650824872,33.7887301392696,35.2966101694915,32.868,2.01146851611027,-1.64995530361041,-6.55762035845069,1.00573425805514,47.2338587458404,47.9447004608295,47.276,2.87437877089992,-2.8331587693839,-8.48395030270643,1.43718938544996,53.0367120960317,49.0806451612903,53.96,1.4514975273395,-8.5615025408964,-11.6349082871317,0.725748763669752,48.5113600090426,48.3958333333333,48.464,2.33986474847028,-5.79689781123405,-8.46009966326766,1.16993237423514,39.6049177870476,40.9310344827586,37.9107981220657,2.40179319454071,-1.65380013687369,-6.94781991821205,2.04632780174869,54.0444265848385,52.4065934065934,54.5611510791367,1.6188962915932,-9.88355739156624,-12.2097782953387,0.900106338125817,NaN,NaN,NaN,NaN,NaN,NaN,NaN,46.4128115448226,45.2153284671533,47.3322440087146,1.74584569760197,-5.05188351119189,-8.45971393320109,3.20537270079722,4.24397126211764,1838,49,1,300,418,4,0.208791208791209,208,13.24669343867,1,1660,19.0092961487384,32.2979863773402,29,6.45483595734675,2.00511327732549,0.823609132651296,16.6289212359706,1
251120_Dupi_NMH_JL_2,audiobook,Dupi,DupiS2,JL,2,19,37200,1,92,600,1204,3700,1776,3552,3699.99999999999,1297.07545406486,1.28,1.59523725150077,3.69999999999999,49.6635973426906,54.030303030303,48.836,1.3406559053622,-6.30020208951748,-8.37848580397552,0.670327952681098,57.0613658215097,57,56.536,1.08879467829721,-12.9846314914237,-10.1631201311109,0.544397339148603,50.9209553172807,53,49.812,0.840519793059361,-8.89425003735845,-8.56082618624734,0.420259896529681,51.9910245652197,52.1733333333333,51.768,2.25813450848738,-7.03739599712689,-6.10906989276459,1.12906725424369,48.0511739377805,47.9583333333333,47.996,3.11275513925013,-0.513905462181206,-5.40565120452166,1.55637756962507,57.0654519710424,57,55.6633333333333,0.911296037176413,-13.080434079579,-10.4398547682679,0.546777622305848,52.1262450143106,53,50.6423841059603,1.67815036716137,-7.75886030949793,-6.33567466265404,1.01360282176547,NaN,NaN,NaN,NaN,NaN,NaN,NaN,42.5150262336735,41.6731141199226,45.6531531531532,2.36886923334947,-0.531185163325286,-5.84940353767413,4.20711175842866,4.79453787743964,1574,49,1,974,400,6,0.1998001998002,116,33.8006764932838,1,1648,-7.12692088787708,-10.982152826888,17,5.61489781720609,1.7074207275756,0.345098897933295,17.1867029382,1
251120_Dupi_NMH_JL_2,audiobook,Dupi,DupiS2,JL,2,20,39050,1,92,620,1226,3242,1718,3436,3242,1308.30095720458,1.25,1.60575709726212,3.242,43.8250155150367,43.2047244094488,45.676,2.07443878063603,-1.75912981078928,-4.87628495024371,1.03721939031802,33.6972074959927,34.6461538461538,33.676,1.96676226378165,-1.63774140418328,-6.92039321631148,0.983381131890824,39.6174116772024,40.1138613861386,40.56,2.6355754046661,2.00420045145747,-3.80773786611436,1.31778770233305,32.1752007267522,26.2727272727273,33.368,1.09642869173164,-3.07317350612131,-8.5117770119345,0.548214345865819,36.3279995265921,36.2397260273973,36.504,1.96864108164913,1.11384995223968,-4.86171705201525,0.984320540824563,36.0699633460861,37.192513368984,35.4806451612903,2.1291584593171,-0.501057854156477,-6.15918855165387,1.3200782447766,38.8671102804106,39.0748299319728,40.019801980198,2.02740785058761,0.91198451196012,-4.95463524232961,1.22860915745609,NaN,NaN,NaN,NaN,NaN,NaN,NaN,43.1660091432515,42.7875457875458,41.9790454016298,1.59732848431021,-1.48855939458879,-6.88050547176842,2.74421033604494,4.55378969716516,126,25,1,94,318,4,0.158841158841159,128,25.077898567145,1,1390,31.0457218744071,10.918599024826,21,6.92316537290402,1.69608963155184,0.339388365322444,20.3960701142865,1
251120_Dupi_NMH_JL_2,audiobook,Dupi,DupiS2,JL,2,21,40671,1,92,532,920,2170,1302,2604,2170,1197.42965047382,0.93,2.01484907128335,2.17,47.7018140103421,47.2247191011236,47.584,2.32899326285644,-3.07752700188332,-7.99786749632947,1.16449663142822,31.3010942062306,31.5096153846154,31.312,3.2037453969605,-1.36096734557533,-6.27870896195149,1.60187269848025,36.1254829972203,35.8372093023256,36.552,1.63150093251978,-0.240876462318736,-7.24631214860912,0.815750466259888,38.4197309620808,36.144,41.468,1.85702906991431,-0.749817618729497,-6.83176904790045,0.928514534957155,55.3280437318353,55.7241379310345,54.768,2.34923785866507,-9.46547071775129,-8.35530225075788,1.17461892933253,31.4254758860336,31.6160714285714,31.4135338345865,3.2489000319857,-1.21518394710249,-6.16002992708514,1.72841481701639,36.5919816951308,35.8,36.7525773195876,1.30893649042135,-0.652374778339505,-7.62556982541714,0.507867358283483,NaN,NaN,NaN,NaN,NaN,NaN,NaN,50.4999652802342,51.1077441077441,50.0552995391705,2.0865732274967,-5.25341304496421,-8.34692486616537,2.71671834220071,5.21067871083221,256,30,1,66,516,6,0.257742257742258,124,25.6885816307195,1,1852,1.97875166002656,10.4977295567053,28,9.92611030820986,1.85076303194941,0.909674713804409,16.6366806631709,1
251120_Dupi_NMH_JL_2,audiobook,Dupi,DupiS2,JL,2,22,41756,1,92,618,1228,2956,1602,3204,2956,1343.13012684078,1.178,1.87787120407821,2.956,49.8770181331613,50.3756097560976,50.776,3.2962251614839,-3.08412431593727,-7.0032017254408,1.64811258074195,47.6808320169861,46.0897435897436,48.204,1.74916390557801,-4.69199073761936,-10.3703172586677,0.874581952789003,51.3611806656078,53.2959183673469,50.152,1.72682559472711,-7.22120907875513,-11.1275695967666,0.863412797363554,39.0325349045938,39.6118421052632,38.428,2.57850768980732,0.394316228529302,-7.36905372636465,1.28925384490366,34.0952673743967,34,34.472,1.2431997283156,-5.00367422459392,-10.3416424338782,0.621599864157801,49.6906280321732,49.7761194029851,49.4854368932039,1.95821680984213,-5.30433757008952,-10.6136521870319,1.21017798848244,43.9051089638372,43.4347826086956,45.0622950819672,1.78045805500842,-2.09917463190147,-9.39413428816306,1.08607941355514,NaN,NaN,NaN,NaN,NaN,NaN,NaN,35.3123622708534,31.8066298342541,36.7677902621723,1.49259915461121,-5.99529220896792,-10.5723401989482,2.39114384568716,4.53261636496622,1256,39,1,0,310,5,0.154845154845155,180,13.7404925446939,1,526,17.6827926389679,-7.3271113261622,21,7.02021383261501,1.4212880260847,0.0264196162212918,16.1937766582647,1
251120_Dupi_NMH_JL_2,audiobook,Dupi,DupiS2,JL,2,23,43234,1,92,594,1218,3174,1620,3240,3173.99999999999,1429.66089932228,1.188,1.85986311829289,3.17399999999999,47.3261902965712,48.3655913978495,46.864,1.59099134294291,-7.98915160547584,-10.8207900667466,0.795495671471453,31.1241571622613,NaN,31.532,0.622577066878739,-7.71986996038503,-11.5177847861461,0.311288533439369,26.1737323759774,26.1415094339623,26.352,2.11444495154731,-6.4741178689544,-10.2875952356774,1.05722247577366,40.4987204330216,41.9019607843137,39.284,2.45576880859879,1.97863432854831,-5.41426641418235,1.22788440429939,37.1979756135375,37.1656804733728,37.156,2.20193210103522,-0.175365513275744,-6.6999664683518,1.10096605051761,30.2800053888183,28,30.973063973064,0.718081400795947,-7.60658052901111,-11.3597592446123,0.426540352072793,28.5290830712576,27.6371681415929,29.4038461538462,2.01205844991324,-4.9452187388033,-9.3073843927016,1.25552447274586,NaN,NaN,NaN,NaN,NaN,NaN,NaN,39.3278751315454,37.8710691823899,40.1851851851852,1.72758941895147,-3.8306392974618,-8.33298908832943,2.79869485870138,4.8332170756453,808,25,1,766,384,4,0.191808191808192,196,96.9899079843103,1,1724,-3.26845000948587,-9.19836602523542,18,6.76433896249364,1.47969916992513,0.182979894672327,20.7244858453221,1
251120_Dupi_NMH_JL_2,audiobook,Dupi,DupiS2,JL,2,24,44821,1,92,626,1306,3186,1754,3508,3186.00000000001,1482.58040108683,1.284,1.73384644909359,3.18600000000001,37.599434476266,36,37.108,1.22140596713613,-4.68349514959004,-10.3870883479352,0.610702983568065,47.9842086912313,48.0701754385965,47.984,2.35467950433452,-4.90195243026872,-8.68697879328501,1.17733975216726,31.9344262291156,31.5436893203883,32.208,1.82831383921917,-3.46436293573108,-8.15158372063721,0.914156919609585,44.6583042327109,45.6269841269841,41.768,2.17059210082964,-2.66867005099902,-7.89421577488547,1.08529605041482,50.1032678841995,49.314465408805,51.176,2.223623878414,-4.46888429360997,-7.33090622447879,1.111811939207,46.6556736474871,46.9852941176471,46.4760383386581,2.31107717940026,-3.35283778634986,-8.007265787613,1.44673431430456,34.3034044298952,33.4646464646465,34.1852941176471,1.49780386174237,-6.77132414456639,-9.45083386337241,1.01850662598481,NaN,NaN,NaN,NaN,NaN,NaN,NaN,43.9260700179826,43.2585751978892,44.369441277081,1.9204526320603,-2.93628065404238,-8.10109565830029,3.36847391663377,4.40496817445778,1372,45,1,2,452,7,0.225774225774226,180,88.4202805100298,1,1998,-5.27945361411497,-35.9501432984702,28,7.69903329322632,1.78517070776125,0.529946209667028,18.1559693000902,1
251120_Dupi_NMH_JL_2,audiobook,Dupi,DupiS2,JL,2,25,46414,1,92,622,1242,3124,1686,3372,3124,1297.25593179937,1.244,1.57292848953317,3.124,34.1418534925013,36.0535714285714,34.652,1.47876381758496,-1.85951969345014,-7.92988635818074,0.739381908792479,37.8956829765226,37,38.536,1.79103743955802,0.128558753291096,-6.93589587843741,0.895518719779009,41.4081259481687,42.8245614035088,42.04,1.38888996877826,-5.29914146331791,-9.51840580395783,0.694444984389128,48.4174181592403,47,49.836,1.5618910582507,-3.78992025647042,-7.67687048681577,0.780945529125348,45.0961952954057,26,43.536,1.13423352383903,-8.80924958849456,-9.20717886528018,0.567116761919515,36.953254343511,36.5294117647059,37.4501607717042,1.78296498469241,-0.293037469044018,-7.09805729676813,1.10900422047868,48.9330986113537,45.5714285714286,49.2064516129032,1.22102556792106,-7.88397643408175,-10.2495557447976,0.757035852111059,NaN,NaN,NaN,NaN,NaN,NaN,NaN,37.9851034301426,36.4336099585062,37.4709371293001,2.30464765501792,-0.669107997758552,-6.87659287809443,3.88563594636022,3.31561757873079,90,37,1,70,46,1,0.022977022977023,46,13.6603448940677,1,1438,4.56915196357427,15.291807793948,23,6.08548963351364,1.35657916091893,-0.0156156554445765,16.6212304576251,1
251120_Dupi_NMH_JL_2,audiobook,Dupi,DupiS2,JL,2,26,47976,1,92,606,1264,3074,1706,3412,3074,1196.90906782998,1.26,1.40422557716213,3.074,54.0324792550989,54.2348484848485,53.876,2.29435406321194,-9.35056146639397,-4.75699246705811,1.14717703160597,56.6757860283231,56.7538461538462,56.636,2.03718448044967,-11.0849205387822,-6.89731432656483,1.01859224022484,53.823643403703,53,54.148,1.39705078832599,-11.4822205277669,-6.92062282205065,0.698525394162997,49.5134221484821,49.2198581560284,49.732,2.40423373590614,-5.86086283431537,-6.88966377700076,1.20211686795307,43.5987212116674,42.6103896103896,44.008,1.6399255176985,-0.275448926891334,-5.4579973455662,0.81996275884925,56.6222323941102,56.7538461538462,56.5478547854785,1.89149642989984,-11.2485808523248,-7.0301326993133,1.14624683651931,51.6798225989235,51.0365853658537,52.3191489361702,1.73999130170688,-9.26796241981133,-6.82863593256883,1.14491427652313,NaN,NaN,NaN,NaN,NaN,NaN,NaN,45.8381047816788,45.0799031476998,45.5627198124267,1.92109835650033,0.0342093783294309,-5.31803918049033,3.27739379618956,4.21911580794556,1266,49,1,842,214,4,0.106893106893107,124,12.4128532370376,1,1408,3.54771390627966,-7.85052294636546,15,5.2220571482064,1.54639786115785,0.511373982758314,14.6238664141924,1
251120_Dupi_NMH_JL_2,audiobook,Dupi,DupiS2,JL,2,27,49513,1,92,612,1288,3164,1724,3448,3164,1293.98168594972,1.27,1.55264990480085,3.164,44.2616263861687,44.8897637795276,44.448,2.22333474134264,0.0351010930310291,-5.87384498370639,1.11166737067132,57.4000508011071,57.3503184713376,57.28,2.57626428953251,-10.5770112464529,-7.9531263110148,1.28813214476626,47.6739389832067,46.9806451612903,50.144,2.47997020010804,-3.07101874676093,-7.0143018079036,1.23998510005402,50.8240479713164,50.9653179190751,50.344,2.34904918966977,-6.57192046587241,-6.88132679698947,1.17452459483489,47.7664637845428,48.7517730496454,47.852,2.10467214953868,-3.45164637286574,-5.95349488436404,1.05233607476934,57.40506989432,57.3503184713376,57.3529411764706,2.22593275449523,-11.0212587124119,-8.15027139304123,1.36227084575108,47.8526630296409,47.9099099099099,48.6065088757396,2.43618101421864,-3.4140799502768,-6.72946687182678,1.6468583656118,NaN,NaN,NaN,NaN,NaN,NaN,NaN,45.0524290165611,46.1794871794872,45.0626450116009,1.84202363145322,-3.28943997302279,-7.25036701127816,3.17564874062535,4.96960163921964,730,46,1,0,594,5,0.296703296703297,200,16.8242195736703,1,1498,-5.52456839309427,-18.0675177727323,14,4.66106424220504,2.21048601659667,0.837645307486996,22.0796474635967,1
251120_Dupi_NMH_JL_2,audiobook,Dupi,DupiS2,JL,2,28,51095,1,92,576,1286,2914,1670,3340,2914,1441.4921819765,1.248,1.72132197884155,2.914,30.7173874745259,30.3010752688172,30.34,2.79009256304463,-0.767022823172732,-6.21275808679017,1.39504628152231,43.4084975977906,NaN,42.556,0.825984230608583,-4.14099078783192,-7.89367192934648,0.412992115304291,55.2871188055442,56,54.128,1.10639444320212,-10.805723988645,-10.7184762731551,0.553197221601058,51.7130858034782,51.752380952381,51.368,3.16535516045455,-3.34617880856023,-8.25495423067121,1.58267758022727,43.6233801485937,45.9296875,41.98,2.08054650706444,-3.23330470629255,-6.85457116246483,1.04027325353222,44.4518276185542,NaN,43.9583333333333,0.803738075919634,-4.61823866228431,-8.08229192292487,0.462953131729709,55.8215707854229,56.0185185185185,54.9549295774648,2.04030603847507,-9.25526309691629,-10.2195274928851,1.4486172873173,NaN,NaN,NaN,NaN,NaN,NaN,NaN,45.0781770324735,44.3021582733813,46.1233532934132,2.1438216316878,-1.71813150528767,-6.17340781461571,3.58018212491863,5.05189579999583,1068,57,1,966,500,5,0.24975024975025,172,19.5821320126035,1,1056,59.974198444318,18.3851937320877,20,6.69487974102164,1.77090215202996,0.575391961211791,15.265704766273,1
251120_Dupi_NMH_JL_2,audiobook,Dupi,DupiS2,JL,2,29,52552,1,92,614,1278,3006,1752,3504,3006,1336.85778859507,1.264,1.66501270475048,3.006,52.1134092440799,53.2281879194631,50.888,2.21004030724711,-5.92299755212403,-7.17984350840839,1.10502015362355,42.3590540249872,42.5652173913044,42.456,2.45847412346169,1.24831224325148,-4.99668003994316,1.22923706173085,44.9902722937675,44,46,1.67705202962886,-2.18216662556197,-8.24305610946878,0.83852601481443,42.3392277084264,42.2649006622517,41.584,2.31077841871259,0.894595350546323,-4.63112531282471,1.1553892093563,47.3905267366187,48.0645161290323,45.124,1.41793390572115,-3.91734726321578,-8.30408937063586,0.708966952860573,43.030191789113,42.5652173913044,44.1074918566775,2.16822960361569,0.487241386447965,-5.41500311268197,1.33129297662003,44.6416910020829,44.5204081632653,44.3855421686747,2.18242627372194,-0.518992324749782,-6.76234223720562,1.44913104575137,NaN,NaN,NaN,NaN,NaN,NaN,NaN,43.5416868609948,42.7933673469388,45.4292237442922,1.87347695507037,-1.81800736558393,-6.44387251649013,3.28233162528328,3.99933453228745,1102,48,1,208,242,3,0.120879120879121,90,30.0803023658947,1,1478,-6.83323847467274,2.88346298433023,17,4.98113710624276,1.20504314748789,-0.117781315383834,16.148121254453,1
251120_Dupi_NMH_JL_2,audiobook,Dupi,DupiS2,JL,2,30,54055,1,92,618,1322,2920,1756,3512,2920,1364.16880938907,1.294,1.69581399481455,2.92,37.3849883434917,37.4632768361582,38.816,2.24454912873448,-0.889321714284416,-7.0132102804379,1.12227456436724,34.837946996923,34.8869565217391,34.904,1.84409851541867,1.75012157407571,-4.55023268345744,0.922049257709335,38.3669369021917,36.1045751633987,42.48,2.50459598764504,1.33590524004219,-5.19540845815235,1.25229799382252,44.500511293746,42.9326923076923,45.92,2.10716477074534,-2.19662685482721,-6.27906819602947,1.05358238537267,53.2431917235389,NaN,52.8,1.02481714228364,-12.3207423504777,-7.17818070033681,0.512408571141818,34.5668439429888,34.5862068965517,34.7313915857605,2.20555903082697,2.13815975881687,-4.33926413514925,1.36303548105107,41.892435709052,39.7336956521739,44.8551136363636,2.24118563745338,-0.104839178223165,-5.67824258961355,1.57779468876718,NaN,NaN,NaN,NaN,NaN,NaN,NaN,48.5629603341284,47.6640159045726,48.9179954441913,2.20874382652891,-3.1989280639198,-6.37758246701854,3.87855415938476,4.56061207507244,552,34,1,498,390,3,0.194805194805195,220,23.3448250242321,1,1508,0.808954657560231,12.8044627237876,14,4.60750824734689,2.17434735205823,1.18271279029851,18.214494575834,1
251120_Dupi_NMH_JL_2,audiobook,Dupi,DupiS2,JL,2,31,55515,1,92,598,1278,2772,1720,3440,2772.00000000001,1340.25196418329,1.246,1.72703670201123,2.77200000000001,45.2780104475757,46.4558823529412,44.94,1.59873565312745,-0.403263944935993,-6.42466961445901,0.799367826563724,51.8375729107766,52.2613065326633,51.184,2.97908319722706,-6.83093824587101,-5.45864788249903,1.48954159861353,28.6118144511694,28.8474576271186,28.268,2.53801061102292,-3.00338272636645,-5.06007657315876,1.26900530551146,43.5688791785525,43.9085714285714,43.468,2.29447842682429,-1.99185956542387,-7.32536765850778,1.14723921341215,47.1744879247752,46.8918918918919,47.212,1.50789743123137,-5.99389448314408,-6.50465403690901,0.753948715615687,49.000736852397,48.9708333333333,48.2040133779264,2.93248916201292,-5.35297211645857,-5.49685038506932,1.75362851888372,33.1776540351665,33.5089285714286,33.1441176470588,2.42107141133068,-2.47017641984202,-5.57729509196601,1.64632855970486,NaN,NaN,NaN,NaN,NaN,NaN,NaN,43.286490164333,41.4074074074074,44.4674418604651,1.94458667010277,-2.14886976216069,-7.09345868827778,3.34468907257676,4.80340796382243,424,50,1,12,492,8,0.245754245754246,124,24.0505191091179,1,1876,-24.1711250237147,-40.2158782149105,30,9.75936152523266,1.31904424939077,0.0981995944583351,17.1619607189487,1
251120_Dupi_NMH_JL_2,audiobook,Dupi,DupiS2,JL,2,32,56901,1,92,590,1284,2688,1718,3436,2687.99999999999,1331.83578697765,1.238,1.76328207262032,2.68799999999999,49.7333876510995,49.4505494505495,50.176,1.80778848294994,-8.11265751695381,-8.39207935021028,0.903894241474971,45.6906426534425,44.4233576642336,45.54,2.22854607615164,-0.199941096263273,-6.88937274280755,1.11427303807582,42.4500724213941,43.4093264248705,42.596,2.61261006614925,2.16998191062137,-4.59166010810973,1.30630503307463,42.695784824566,43.8354430379747,42.784,1.39246283095614,-9.13105171180346,-8.23773195365709,0.696231415478071,31.7149951200528,31.4710743801653,31.964,2.21563685692832,-2.17235242558404,-5.96856861009671,1.10781842846416,44.7099593717021,43.9863945578231,44.3898305084746,2.16462341603377,0.193675629992237,-6.77752400344041,1.27712781545993,46.3848838474695,46.2597402597403,48.5331412103746,2.21984770686621,0.021487505545031,-5.61079891924894,1.54057430856515,NaN,NaN,NaN,NaN,NaN,NaN,NaN,46.1494510396239,47.3532467532468,45.9138533178114,2.01066701275951,-2.78494140507929,-6.75585091057501,3.45432592792083,4.524517830575,1942,35,1,0,444,6,0.221778221778222,152,22.0522120162243,1,1714,-47.4642382849554,9.93067703874641,31,9.69185614171497,1.79976052355009,0.476739242569493,21.1176864492318,1
251120_Dupi_NMH_JL_2,audiobook,Dupi,DupiS2,JL,2,33,58245,1,92,584,1278,2962,1724,3448,2962,1308.33156666156,1.242,1.81146736039529,2.962,46.2549438723212,46.906976744186,45.984,1.22910286163495,-4.99584418658619,-7.86084587696036,0.614551430817473,49.6358976348339,50.0519480519481,49.844,2.05963968922142,-1.0881646720443,-6.8924175760145,1.02981984461071,46.060359052296,NaN,46.312,1.00939920223499,-3.13883745032298,-7.65512634762084,0.504699601117497,46.7895877705084,48.2596153846154,46.32,1.95242196237014,-2.85969782367908,-7.40857142512469,0.976210981185069,54.8095821368134,54.8010471204189,55,2.80401952222068,-9.9691237130479,-8.16013575919569,1.40200976111034,49.9847460554155,50.0519480519481,50.5376712328767,1.89492533037114,-1.71497003970494,-7.16391297632483,1.10663639293675,45.0550429230494,48,44.5043227665706,1.43997411069262,-1.86881362329047,-7.17584797490029,0.99934203282068,NaN,NaN,NaN,NaN,NaN,NaN,NaN,44.7248956350103,46.7149220489978,42.1368909512761,2.25887908332158,-1.82065076370315,-5.84576444089067,3.8943075396464,5.31819599104768,1806,55,1,1170,350,5,0.174825174825175,140,13.0272614434848,1,1252,52.4094099791311,-23.6490862396248,18,5.98946695684366,1.855706359061,0.603273713167972,19.3706459209034,1
251120_Dupi_NMH_JL_2,audiobook,Dupi,DupiS2,JL,2,34,59726,1,92,584,1190,2956,1700,3400,2956,1425.01440368344,1.222,1.87565139724038,2.956,46.8171095183841,50,44.628,1.57984399845374,-1.4937797588193,-6.82783065674296,0.789921999226871,37.9376435522114,38.6422018348624,37.34,1.73806754608352,-1.13209047867911,-5.1128257093335,0.869033773041761,35.408711123796,34.1884057971015,37.144,2.41813736576834,1.13167531865429,-4.53505860812683,1.20906868288417,40.461652508292,34.25,41.676,1.3827545631455,-0.832835121758173,-5.81568771509506,0.691377281572749,31.2263133833336,27.5217391304348,31.804,1.13603538005838,-2.17663337164455,-6.64237438934397,0.568017690029192,38.7739874813339,39.5866666666667,38.0239726027397,1.86244888194049,-0.7122933561415,-5.25852844858018,1.08767014705325,34.9401095311777,31.6899224806202,37.003300330033,2.1769322568232,0.743527562251613,-4.4445343784839,1.31922094763486,NaN,NaN,NaN,NaN,NaN,NaN,NaN,36.8504683909259,39.0788043478261,35.7576470588235,1.97627025137782,0.486933818546125,-5.40617643037582,3.35965942734229,4.70942532079963,2000,27,1,372,224,3,0.111888111888112,120,26.1533899178394,1,1584,-0.0671599317017635,-2.9259872706294,23,5.97160680747577,1.92086755892354,0.488422913428656,23.4425536132905,1
251120_Dupi_NMH_JL_2,audiobook,Dupi,DupiS2,JL,2,35,61204,1,92,592,1302,3018,1786,3572,3018,1343.93821310821,1.288,1.72876963351948,3.018,38.281168960679,43.15625,36.48,1.81571435132266,-2.00880887426089,-6.99501027022877,0.90785717566133,50.302970398665,50.390243902439,50.38,3.22540152210482,-4.97133983870174,-4.36384649811004,1.61270076105241,48.9372284611325,48.8827586206897,49.176,1.95588644819809,-6.72846084084387,-3.89355263947994,0.977943224099045,46.3200934308313,46.3138686131387,46.568,2.038892591866,-2.74534107551195,-6.09427031835464,1.019446295933,40.286759554982,45,34.312,0.71895727590976,-2.98795691552011,-8.23981225348146,0.35947863795488,50.4543521359236,50.5223880597015,50.6317567567568,2.99096233410716,-5.48513074732665,-4.44296128583059,1.77064970179144,48.3622629245535,48.5146198830409,48.2,1.75185495518837,-5.78481970896584,-4.50778588365035,1.24381701818374,NaN,NaN,NaN,NaN,NaN,NaN,NaN,48.3381605660312,49.1570247933884,45.7782754759239,1.51970322365352,-2.62881819161436,-6.42292091519575,2.71418995744518,4.04215619341462,292,53,1,0,578,11,0.288711288711289,138,30.0492140597919,1,1572,15.4050464807437,-7.46705996203522,9,2.98002486694932,1.53879241640738,0.427497914934425,18.5173194953649,1
251120_Dupi_NMH_JL_2,audiobook,Dupi,DupiS2,JL,2,36,62713,1,92,574,1234,3038,1708,3416,3038,1285.16191894948,1.238,1.6820566473458,3.038,52.8566467197577,55.7142857142857,52.524,1.16964865010819,-10.0625448493932,-7.24362633807383,0.584824325054096,45.4470129421578,43.752808988764,46.308,1.79098915025151,-1.44248083995698,-5.49760159563453,0.895494575125755,39.6750712531303,40.3954802259887,40.24,2.72660281697179,3.60326627873126,-3.46637287237001,1.3633014084859,48.8381057295333,48.962962962963,48.564,1.50669820455115,-6.86011326103998,-6.68031366084028,0.753349102275575,51.8739463247912,51.4484848484848,52.6,2.59186054894389,-8.34919467068435,-8.49457856064698,1.29593027447195,45.1240920197845,43.7310924369748,45.8885017421603,1.85884771543938,-1.28525539113022,-5.2393323035176,1.06697858866221,41.8653798925511,42.17,43.1151515151515,2.47757681799898,2.30714339667262,-4.21497833293011,1.63520069987933,NaN,NaN,NaN,NaN,NaN,NaN,NaN,39.267402851798,37.2962962962963,42.4508196721311,2.0348145680057,-2.70564596896346,-6.37303558192278,3.47546328215373,5.34797260130318,698,37,1,62,452,4,0.225774225774226,184,20.8375490531664,1,1830,16.4731549990514,-10.9871775784419,18,5.68573098636227,1.76470213783328,0.752515596881327,17.9496969246516,1
251120_Dupi_NMH_JL_2,audiobook,Dupi,DupiS2,JL,2,37,64232,1,92,572,1210,2996,1716,3432,2996.00000000001,1201.39503206296,1.236,1.5340755039835,2.99600000000001,32.5606818537422,29.5132743362832,35.316,2.08900316168146,-0.863171137906981,-5.21141590715184,1.04450158084073,37.0873710227717,33.7835051546392,39.744,1.9812609153379,-1.86041165990206,-6.53837882556521,0.990630457668952,48.431017616678,52.6486486486486,45.988,1.52098598454723,-4.0350609456878,-7.74215098190055,0.760492992273613,40.693159616625,39.3669064748201,42.168,1.93954168114214,-1.07658832604349,-7.10338699550423,0.969770840571072,44.5531407193378,42.4205607476636,45.788,1.77053783307314,-4.12605002925756,-6.68512464042592,0.885268916536571,39.5117641053557,37.7372881355932,41.7902097902098,1.98652190516439,-2.36634800017923,-6.71657005567218,1.13629052975403,41.6478752632508,41.4133333333333,41.5830721003135,1.81888639142164,-1.15052766285198,-6.9672769892876,1.160449517727,NaN,NaN,NaN,NaN,NaN,NaN,NaN,47.8226411212257,47.3765765765766,48.1037296037296,2.37987867325312,-0.882760041323759,-5.59025536859886,4.08387180330236,4.40884210579442,64,29,1,14,136,3,0.0679320679320679,92,14.6536738704583,1,1162,70.173401631569,-8.07170506569398,27,8.49559401091113,2.37986152508507,1.41590687061671,18.0287862201189,1
251120_Dupi_NMH_JL_2,audiobook,Dupi,DupiS2,JL,2,38,65730,1,92,582,1306,2820,1734,3468,2819.99999999999,1211.59406073894,1.26,1.53279135956421,2.81999999999999,47.5728673169226,47.0108695652174,48.16,2.26660589381972,-2.18002905610257,-5.97740853864445,1.13330294690986,37.0223678745373,38.1021505376344,35.976,2.67590824608795,2.6929526544861,-4.98608707382004,1.33795412304397,37.7538152036789,39.4041450777202,40.144,2.68821837625814,-0.892474109115447,-6.42708765495729,1.34410918812907,46.4443468861675,54,45.872,1.1335636478806,-3.71207054992015,-8.20684760536022,0.566781823940301,42.8156067686091,42.9562841530055,42.14,2.45229093343451,0.0635620371549768,-5.57913772301746,1.22614546671726,34.8321782786799,36.1013215859031,34.7147766323024,2.94408802923085,2.21942806213017,-5.09755681896113,1.71345923301235,42.422450447137,42.7434210526316,43.328729281768,1.73704287445347,-1.30656690480172,-7.12437480092035,1.25761904110431,NaN,NaN,NaN,NaN,NaN,NaN,NaN,48.1499694289467,48.1272727272727,48.2145328719723,2.17776950123975,-2.76416485286565,-7.83807824558172,3.77625231514973,5.33490979489683,582,28,1,22,528,5,0.263736263736264,212,10.0828052329174,1,1308,-34.3760197306014,18.0436036773737,27,7.32490629161957,1.54100410309509,0.203715235964147,18.1640181113497,1
251120_Dupi_NMH_JL_2,audiobook,Dupi,DupiS2,JL,2,39,67140,1,92,572,1306,2810,1722,3444,2810,1288.88615726234,1.232,1.72133411106189,2.81,48.631629165659,48.3921568627451,48.888,2.49175980189638,-6.72816502323869,-9.42508389655325,1.24587990094819,44.8344354844814,44.6846846846847,45.688,2.15640578468447,-1.58122410339174,-8.07112901457188,1.07820289234223,56.2601956362812,56.4015151515151,56.28,1.8142768293152,-11.2595792172962,-6.4109703273503,0.907138414657599,50.2566335010591,NaN,48.608,0.932422003220596,-6.28061538526366,-9.06104458852658,0.466211001610298,28.5317560144649,28.2571428571429,28.6,1.45174722889878,-4.62669705676283,-8.34690575293228,0.725873614449389,46.0416648294675,46.7028985507246,46.8601398601399,2.13898952319535,-2.09503609209198,-8.30885818720569,1.22350200726774,54.2604974911283,56.7619047619048,52.3869209809264,1.40293641200181,-7.98734045668688,-7.04880164127309,1.02975532640933,NaN,NaN,NaN,NaN,NaN,NaN,NaN,38.9976382488062,40.5441860465116,38.8420441347271,2.21650744027913,-1.76483620073296,-6.57900931313935,3.81682581216067,4.13391112210409,288,45,1,220,116,1,0.0579420579420579,116,15.0622006713055,1,1542,26.5547334471637,17.9186362452079,33,9.65113621829741,2.05492452000272,0.980516616531107,16.9520948418245,1
251120_Dupi_NMH_JL_2,audiobook,Dupi,DupiS2,JL,2,40,68545,1,92,638,1334,3072,1848,3696,3072,1740.72421400533,1.342,2.00942721780171,3.072,48.1998878562274,50.4367816091954,46.672,1.9079553757571,-1.87873141702616,-6.77468584861739,0.95397768787855,35.0691499714894,35.54,35.296,1.7922439096793,-0.57835436400026,-7.22780011842238,0.896121954839651,50.2239532674937,52.2235294117647,46.556,1.43275384327546,-3.94707774065283,-8.07030097234522,0.716376921637731,44.9376928843679,45.2253521126761,44.012,2.16913674658634,-1.81960763084949,-7.59607088623936,1.08456837329317,53.5897047110627,54,53.164,1.95026649129309,-9.13007577234405,-8.65234623231538,0.975133245646545,40.5622003089009,42.0335570469799,39.141065830721,1.96354446794839,-1.32700262767923,-7.53464520402593,1.25274137055107,44.6750690825858,45.6210526315789,43.5689655172414,1.20307738556637,-2.44643512155204,-7.69757441758406,0.837341860354194,NaN,NaN,NaN,NaN,NaN,NaN,NaN,47.8943156023494,48.3684210526316,47.0075757575758,2.10733382869871,-3.49130366927588,-6.84839915683663,3.89435291543521,4.05378580863948,1390,46,1,314,292,4,0.145854145854146,158,15.6795425281774,1,1726,-1.57351546196169,19.0216622622548,27,8.18662751299889,1.68965919134722,0.481262124380281,17.2357345073427,1
251120_Dupi_NMH_JL_2,audiobook,Dupi,DupiS2,JL,2,41,70081,1,92,612,1312,2894,1766,3532,2894.00000000001,1451.07507847098,1.296,1.87199190766598,2.89400000000001,51.2659201589979,52.4210526315789,51.228,1.43156865292026,-8.39743607289706,-7.37413851483863,0.715784326460131,52.5240378237301,52.7051282051282,52.24,1.89496295072529,-7.54373630835748,-7.00854601408512,0.947481475362646,33.8199349410236,34.2608695652174,34.028,3.19458202978433,0.728236789781033,-5.00382081165625,1.59729101489216,33.9858444268589,32.2823529411765,37.2,1.37740225191196,-2.76566921347497,-8.8383269799749,0.688701125955978,50.6628656624804,51,49.38,1.83145478214322,-6.88071362905989,-9.12892113371164,0.915727391071608,48.183486395877,46.8059701492537,49.7418300653595,2.24846466573391,-2.16009532101547,-6.16226777202186,1.37606037542915,32.5777409888876,32.5265957446809,34.8885714285714,2.14361097105139,-1.63831575895223,-6.66030439649085,1.50052767973597,NaN,NaN,NaN,NaN,NaN,NaN,NaN,48.3386408636166,49.1921052631579,47.4869762174405,1.9527114656909,-3.49814581530777,-7.61691995436177,3.44848844841012,5.27725772185851,690,27,1,2,590,6,0.294705294705295,130,16.9582927555293,1,1398,-10.2921646746348,-33.0546767409834,27,9.37602568711313,1.94462113334241,0.876230682877143,18.4825387745638,1
251120_Dupi_NMH_JL_2,audiobook,Dupi,DupiS2,JL,2,42,71528,1,92,592,1234,3202,1680,3360,3202,1387.79940261836,1.226,1.80877563739331,3.202,57.0107728214492,57.6166666666667,56.528,1.22720885846722,-12.2528726562408,-6.59674338215126,0.613604429233609,48.1238653082707,48.0630630630631,48.14,1.76175951696022,-5.14541652413066,-8.29958407367122,0.880879758480109,45.7099407509831,45.8166666666667,45.704,2.62955503901835,-2.05418653157286,-5.4491649815568,1.31477751950918,52.2759739402348,52.703125,51.192,1.82724391228088,-6.69925626883263,-7.55659959557285,0.913621956140441,41.0904375410304,43,40.756,1.53626955200337,-0.423156484761815,-5.91349695579308,0.768134776001685,47.8514865840338,47.7515923566879,47.9628378378378,1.9639543086399,-4.71999684997646,-8.37109710878492,1.16266095071482,45.9892076661796,46.1092896174863,46.0311526479751,2.17083144704369,-2.7259645648987,-5.68524717417151,1.39367378900205,NaN,NaN,NaN,NaN,NaN,NaN,NaN,33.5004056126502,32.1128526645768,33.8904761904762,2.11011290487398,-0.0888490164365646,-5.36891634986746,3.54498968018828,4.12378642021419,780,43,1,532,250,2,0.124875124875125,134,12.3351614794987,1,1150,-5.14854866249288,-4.95691740797261,13,4.08915215604137,2.16200555279761,0.925366590690376,20.7012849911726,1
251120_Dupi_NMH_JL_2,audiobook,Dupi,DupiS2,JL,2,43,73129,1,92,572,1146,2988,1598,3196,2988,1248.72450137221,1.14,1.69868983944561,2.988,45.5825691305547,46.2540540540541,46.616,2.77328172587887,-0.444230397868446,-4.61828053066062,1.38664086293944,38.9432845698504,39.3928571428571,39.012,2.29884284038727,2.87813671353968,-4.14859028376866,1.14942142019363,39.1846007909412,39.0272727272727,39.272,1.79675457263889,2.07117899674154,-6.0901355205772,0.898377286319445,44.8810103757259,45,45.66,1.3287455056279,-3.62289756156143,-7.7204419973961,0.664372752813949,49.9771800274462,50,49.952,1.5693913345553,-9.31030904655178,-6.32848944444664,0.784695667277649,39.0241547495725,39.4055944055944,39.1363636363636,2.17600732899326,2.71789554006632,-4.38248221661624,1.24467619218415,39.8689878053159,39.1636363636364,40.0940766550523,1.72476237246767,1.51582556311917,-6.22468535782998,0.990013601796441,NaN,NaN,NaN,NaN,NaN,NaN,NaN,53.4717834479664,53.0653950953678,53.738423028786,1.88038580979649,-9.18653052241666,-6.16297203344056,3.0048565240548,5.30614160898822,0,37,1,0,124,4,0.0619380619380619,74,28.5120089920047,1,1774,9.41225573894896,-1.49263036438754,13,4.6121677598797,1.50821067717768,0.0667130198419717,21.3837918866805,1
251120_Dupi_NMH_JL_2,audiobook,Dupi,DupiS2,JL,2,44,74623,1,92,638,1336,3552,1784,3568,3551.99999999999,1170.60735222875,1.312,1.37211200859672,3.55199999999999,55.7414830237097,55.88,55.76,2.45811908450103,-9.30559532403437,-5.20468059261711,1.22905954225052,46.7670321522402,46,47.72,1.21372062193848,-5.81004267400411,-6.50737033396226,0.606860310969242,41.7864658025545,40.5952380952381,42.096,1.58482420225798,0.466035874679118,-5.68096734178439,0.792412101128992,40.0464264188297,40.3939393939394,39.16,2.13647889302338,1.20465972920965,-5.58427028404411,1.06823944651169,50.2332354913523,49.4736842105263,50.632,2.11320898293871,-8.64564100146583,-5.06284975606715,1.05660449146936,47.98121760672,47.3488372093023,48.6739811912226,1.26570233173428,-5.80796076604421,-6.31688054965416,0.807518087646472,36.8351046016262,36.6913580246914,36.8853868194842,1.75966676637122,2.17237252654005,-5.34522073754994,1.22824740292711,NaN,NaN,NaN,NaN,NaN,NaN,NaN,39.5465857482909,38.9515011547344,39.5381165919283,1.93453519625399,-0.524370364969085,-4.98669353408863,3.45121079011711,3.4529830277933,1512,47,1,1110,112,3,0.0559440559440559,66,40.6657758214992,1,1480,6.74672737620944,-18.6137268768378,19,6.23105691527635,1.29356376699672,0.0658537881556705,16.6483603587356,1
251120_Dupi_NMH_JL_2,audiobook,Dupi,DupiS2,JL,2,45,76399,1,92,534,1192,2980,1816,3632,2979.99999999999,1102.52400332793,1.268,1.37750484271238,2.97999999999999,30.8727169391634,29,36.492,1.05337826543558,-4.95261888039646,-7.93283242848353,0.526689132717791,40.6897477097679,34.2,44.512,1.86161858181378,-5.31531846053941,-5.33422657305025,0.930809290906891,45.034283138447,43.2258064516129,46.332,1.8406649143056,-1.10799904385465,-6.41572159803865,0.920332457152799,42.5036379445098,42.8201058201058,42.856,2.77327182724859,2.50271976008923,-3.72190137315234,1.38663591362429,52.4168966254026,52.0529411764706,53.396,2.35880027823389,-8.64581977012114,-5.75843204185003,1.17940013911695,41.1591732993581,34.2,44.8614232209738,1.83564216390739,-5.48480541220052,-5.28917323517953,0.980232915526547,43.5976687654861,42.5060240963855,44.8510638297872,2.11688134487468,0.568116883621962,-5.32938839551899,1.39290792492754,NaN,NaN,NaN,NaN,NaN,NaN,NaN,48.5651535876082,46.3169934640523,49.1993392070485,1.60018160133429,-5.35508146114695,-7.10867572144702,2.90592978802307,4.62549293003987,1204,41,1,16,520,8,0.25974025974026,168,29.2067239440241,1,1938,53.2756592676911,-13.9643428741579,30,8.04253555820535,1.81014450377342,0.71074119765642,20.4566223966648,1
251120_Dupi_NMH_JL_2,audiobook,Dupi,DupiS2,JL,2,46,77889,1,92,574,1270,2984,1752,3504,2984.00000000001,1207.27747176016,1.264,1.59367946225253,2.98400000000001,30.2113697681578,30.112676056338,30.604,2.36276302991119,-2.71306726668051,-7.053842006815,1.18138151495559,29.6721925115996,30.0555555555556,30.152,1.54752066267685,-3.55163403046959,-8.2472413705469,0.773760331338426,36.735148801795,37.5700483091787,36.872,2.90522991129392,-0.524690583858525,-6.00940827737935,1.45261495564696,37.4926929165917,37.8181818181818,37.472,2.08289762527885,1.59647561789989,-6.94240237926061,1.04144881263942,38.9710065591107,39.1125,42.104,1.21848792126925,-1.15320245592559,-8.10775621041354,0.609243960634624,31.7859724685809,33.7912087912088,31.3240418118467,1.72903525460747,-2.27777358836663,-7.74781332694001,0.992466236144688,36.850669501634,37.5652173913044,37.1120689655172,2.64662993718117,0.192711007848405,-6.30463470492278,1.84205443627809,NaN,NaN,NaN,NaN,NaN,NaN,NaN,46.1116609794666,44.1275510204082,47.7602739726027,1.90020719126132,-2.94190162121135,-8.43662748371282,3.32916299908983,4.87331152238437,402,26,1,374,438,6,0.218781218781219,116,9.20115807182233,1,1058,1.0354771390628,15.9007332415231,20,5.01538520191239,1.81163284449707,0.73023375167182,17.7346902161175,1
251120_Dupi_NMH_JL_2,audiobook,Dupi,DupiS2,JL,2,47,79381,1,92,564,1216,2784,1690,3380,2783.99999999999,1254.37891842588,1.22,1.65641765176079,2.78399999999999,50.7988465194389,49.8879310344828,51.192,1.78051263663656,-8.64751156120825,-10.8469583688852,0.890256318318278,43.6216587485766,41.4117647058824,43.66,1.71379442334498,-3.08947816775894,-8.81481881110941,0.856897211672492,51.8944342871653,51.4810126582278,52.98,2.07838068311099,-6.45136199926946,-7.94406056771998,1.03919034155549,53.5548602700073,NaN,52.004,0.633292674602868,-10.5582674624835,-8.75005798409358,0.316646337301434,39.1740140569357,38.4154929577465,40.62,2.44678687247805,-3.19354684098474,-8.03724566241942,1.22339343623902,43.3277710870996,41.5726495726496,43.4716312056738,1.85560651048196,-2.54646354395684,-8.55172161897323,1.04656207191182,54.422094152494,53.8888888888889,55.0644171779141,1.56117833060698,-10.7047996512317,-7.84281827940491,1.01788827155575,NaN,NaN,NaN,NaN,NaN,NaN,NaN,40.8951401174988,39.5686274509804,43.9112426035503,1.75818406730109,-5.61633581932197,-8.93671180038195,2.97133107373885,4.2564626952086,1766,32,1,528,222,4,0.110889110889111,130,17.9881206664928,1,1206,-30.610510339594,32.347210332378,26,8.46666496233408,1.90363406155809,0.692599868403922,17.8280667052361,1
251120_Dupi_NMH_JL_2,audiobook,Dupi,DupiS2,JL,2,48,80773,1,92,572,1278,2700,1756,3512,2700.00000000002,1280.3052124174,1.252,1.73244116000109,2.70000000000002,40.5737718807979,39.71875,42.784,1.82990691449919,-5.40443385495281,-8.83675166718975,0.914953457249595,52.0557127784577,55.4166666666667,50.188,1.28487738646589,-9.26875953196322,-9.89878264916243,0.642438693232943,35.7218108735645,25,40.764,1.0025872522428,-7.25039760080094,-12.305861843239,0.501293626121399,52.5430885502263,53.2201257861635,52.012,2.66551984496559,-6.31698900964381,-9.32349369199529,1.33275992248279,52.5843137568828,56,50.44,0.782851272905694,-10.5815452297371,-11.8056889445913,0.391425636452847,52.0079727606282,55.4166666666667,50.2902097902098,1.1763394006559,-9.52173881654529,-10.2338391011454,0.672866137175176,46.6518160124455,45.3049645390071,44.7450424929178,1.84580378412395,-6.61104953622956,-11.0668921138433,1.30313747159151,NaN,NaN,NaN,NaN,NaN,NaN,NaN,46.5904638640903,46.4387755102041,46.9886104783599,2.35654393541531,-3.02381603807783,-7.68686054394033,4.13809115058928,4.34932060503547,1280,53,1,0,266,3,0.132867132867133,224,10.9088211282752,1,806,-17.5215329159552,-24.7971489187479,31,10.7907350450276,1.54488791905824,0.175946163660963,13.4029373356501,1
251120_Dupi_NMH_JL_2,audiobook,Dupi,DupiS2,JL,2,49,82123,1,92,584,1310,2762,1708,3416,2762,1384.00783359686,1.254,1.86142811897628,2.762,55.2918065899254,54.9946524064171,55.332,2.67549040520174,-10.3823411529415,-7.77499686931903,1.33774520260087,38.7392423093044,38.6933333333333,39.62,2.86851435023095,0.541161704303238,-5.66537999205994,1.43425717511548,47.0908380500905,43.5079365079365,49.152,1.36116195965054,-4.09185667557866,-9.5114446601078,0.680580979825271,48.9513839463112,49.4557823129252,49.56,2.27253015607064,-3.63857200345747,-7.26232448771008,1.13626507803532,54.3533569894107,53.8,54.448,1.51373721359201,-12.6557051125412,-10.5427073558614,0.756868606796007,39.231679706889,39.4114583333333,39.958904109589,2.89581131861503,0.625363574466557,-5.80177442601398,1.69115381007118,51.0525975689814,50.84,50.633608815427,1.207073987673,-7.21458997734933,-9.90329874129681,0.876335715050601,NaN,NaN,NaN,NaN,NaN,NaN,NaN,45.7097354175138,45.8789808917197,45.8793911007026,1.89690266565646,-3.81720473126702,-8.41262128615724,3.23990975294124,5.1586159893341,184,35,1,94,480,5,0.23976023976024,160,48.0328214366215,1,1524,1.03547713906279,26.7102765474374,20,6.92680628886131,1.29525137360868,0.0312649269242522,15.2097501890122,1
251120_Dupi_NMH_JL_2,audiobook,Dupi,DupiS2,JL,2,50,83504,1,92,580,1270,2758,1730,3460,2757.99999999998,1477.22789003411,1.24,1.97539141935307,2.75799999999998,35.4986731713011,34.8202247191011,37.268,1.5027125782333,-3.52481322997416,-9.78929291209383,0.75135628911665,48.006316224834,48.0230414746544,48.048,3.28940883802887,-3.01218776513308,-6.83903632064975,1.64470441901444,43.3088239554579,38.0657894736842,49.352,1.76286245950412,-3.47649701695794,-7.98695878461539,0.881431229752059,53.6198832590671,53.8072289156626,53.448,1.70939095843767,-13.8152177818832,-11.481598732506,0.854695479218837,34.1535431895115,33.5470085470085,33.376,1.71299162136763,-6.13352702744507,-9.9530796360667,0.856495810683813,46.4129824875272,46.591439688716,46.7758620689655,3.43110170229251,-1.91667626414129,-6.57860002815719,1.99003898732966,48.9218213962552,44.768115942029,51.9304347826087,1.32137200842397,-7.89737654032971,-9.93856336909504,0.911746685812536,NaN,NaN,NaN,NaN,NaN,NaN,NaN,43.3177615153407,41.6407766990291,45.3410404624277,1.86153749058608,-6.23875061525201,-9.0575415364791,3.22045985871392,4.64594421522474,544,39,1,6,568,6,0.283716283716284,152,20.6537364942745,1,1486,3.7806867767027,11.4672274537537,24,8.24678518304603,1.70150560814183,0.292584530872061,17.431620923709,1
251120_Dupi_NMH_JL_2,audiobook,Dupi,DupiS2,JL,2,51,84883,1,92,580,1340,2814,1782,3564,2814.00000000002,1379.50839562465,1.294,1.8259355382675,2.81400000000002,44.6961577082596,43.8585858585859,47.192,1.58817046647608,-3.89548342000618,-9.22316673291557,0.794085233238038,37.4113916181851,32.7011494252874,45.088,2.08563291333507,-5.07442983721518,-8.72537304197527,1.04281645666754,41.9218453011704,41.9090909090909,41.268,2.98993816238278,-0.253409700249483,-6.28002866369283,1.49496908119139,44.1618095834643,45.8,43.836,1.44458024752506,-1.98163917276943,-7.86319013919566,0.722290123762531,49.0374379603418,49.8650793650794,46.612,2.03816904126867,-5.21094559819354,-8.57913902473965,1.01908452063434,37.4031878233376,32.8651685393258,44.051724137931,1.99895965798026,-4.84899444728989,-8.63797823067118,1.15939660162855,43.0992260882148,42.5546558704453,43.3078947368421,2.51985812195902,-0.681481114446338,-6.75033237881701,1.91509217268885,NaN,NaN,NaN,NaN,NaN,NaN,NaN,45.1441108748737,45.8051181102362,42.2076318742985,2.00977164753974,-3.21100181495442,-8.47304124356041,3.58141307591582,5.48786402119763,356,33,1,270,490,3,0.244755244755245,210,21.4393498579017,1,1620,-74.5790172642762,7.0903896973983,19,6.01823886925815,1.0984573536356,-0.151407047180745,14.6400602395897,1
251120_Dupi_NMH_JL_2,audiobook,Dupi,DupiS2,JL,2,52,86290,1,92,560,1288,2776,1724,3448,2775.99999999998,1414.20027554286,1.242,1.88999731487738,2.77599999999998,46.4439681905769,NaN,41.94,0.201836179449373,-4.09125926374534,-9.33980498670657,0.100918089724687,43.3794402968136,NaN,41.712,0.23125459271813,-1.66004262139866,-8.32607990089547,0.115627296359065,36.9900160925617,NaN,36.984,0.0861037726069879,-2.14945500793653,-7.94284870057491,0.043051886303494,55.8797678777198,NaN,55.236,0.33948273206875,-6.8982077859138,-7.73871106520224,0.169741366034375,50.349887186641,50.14,52.6,2.06666664787848,0.54288952711778,4.84460154036628,1.03333332393924,43.3794402968136,NaN,41.1,0.206477314926902,-1.92272749464292,-8.46800455368062,0.115627296359065,49.9372035005667,NaN,44.1675824175824,0.185425544673413,-3.26150459569921,-7.88820206079485,0.134989796522245,NaN,NaN,NaN,NaN,NaN,NaN,NaN,48.3191253119366,49.7297297297297,45.2610208816705,0.868411765762363,-0.677247571400387,0.237873932281315,1.49714188417431,8.40423064105055,1904,50,1,1834,148,1,0.0739260739260739,148,324.964704599648,1,1656,-11.6152532726238,-4.91374176499052,8,3.42784174224846,1.76170656814816,0.843777365346441,12.2887597995092,1
251120_Dupi_NMH_JL_2,audiobook,Dupi,DupiS2,JL,2,53,87678,1,92,566,1250,2848,1692,3384,2848.00000000001,1362.83531449842,1.226,1.83328294779238,2.84800000000001,48.9399651027811,NaN,50.132,0.124332085940074,-6.90239312867377,-9.21008430650071,0.0621660429700369,41.3831160653444,NaN,40.828,0.302641595274234,-1.13150657946554,-6.97055573518743,0.151320797637117,38.1441382931054,NaN,37.616,0.176610461906943,-1.92431223134805,-7.947340489408,0.0883052309534717,40.428231459986,NaN,44.572,0.0860746068526889,-4.54900475705955,-9.06046429239177,0.0430373034263445,47,NaN,47,0.532946808422725,-3.63010756632572,-8.85603323821079,0.266473404211363,41.1228746200281,NaN,40.6148409893993,0.300125599235469,-1.1679904961503,-7.11461229068473,0.169871089167276,38.8749042076954,NaN,39.1198830409357,0.16490093983868,-2.03562693839452,-7.74368036626621,0.112792242849657,NaN,NaN,NaN,NaN,NaN,NaN,NaN,47.0850783311648,NaN,47.1052009456265,0.242594306195586,-6.02911678650361,-9.37162698551515,0.410469566082932,1.31885723395908,1856,47,0,NaN,0,0,0,0,0.0770999393947868,0,0,-14.5285524568393,-4.24945099936725,NaN,NaN,2.24345347737657,0.981286834653525,19.7262015659954,1
251120_Dupi_NMH_JL_2,audiobook,Dupi,DupiS2,JL,2,54,89102,1,92,600,1220,3060,1654,3308,3060,1314.94231373163,1.21,1.7322360342232,3.06,31.3337022656931,28.0322580645161,34.488,1.00043006877348,-6.44291963995385,-11.3570064808039,0.500215034386742,42.045434165147,42.79375,41.704,2.31181491472903,-4.05768182715556,-8.28444725390984,1.15590745736451,48.9381223688153,44.9240506329114,50.504,1.69626149502833,-4.20813088303944,-8.33771390495638,0.848130747514166,50.1314158836576,50.1463414634146,50.26,2.46901575103867,-5.08505108039905,-8.14013641210607,1.23450787551934,48.1087237190579,45,49.148,1.12993233650156,-5.3441337739457,-9.8745585228376,0.564966168250782,42.2262990161697,42.8428571428571,41.92,2.37686520182815,-3.06758004340276,-7.90687824005988,1.42611912109689,50.5295875166245,49.231884057971,51.3548387096774,1.98676919839929,-5.46259912324546,-8.42309757472083,1.23179690300756,NaN,NaN,NaN,NaN,NaN,NaN,NaN,39.9933527660648,37.9527777777778,43.0399032648126,1.81030343838438,-3.12339165596481,-7.73797675871375,2.99424188708776,4.21097677675948,364,52,1,138,276,7,0.137862137862138,86,31.3209205137412,1,1934,18.513375071144,18.7382290542301,26,6.76922917850722,2.00475627403655,0.664978076574069,19.2302527585344,1
251120_Dupi_NMH_JL_2,audiobook,Dupi,DupiS2,JL,2,55,90632,1,92,570,1226,3046,1704,3408,3045.99999999999,1201.58157150533,1.234,1.50559791429617,3.04599999999999,33.6889818130833,35.031914893617,36.668,1.53263047981716,-3.60857995291748,-7.49049019619178,0.766315239908579,45.949254534027,46.1188811188811,45.808,2.0964183383658,-6.07460930505003,-7.69997537152377,1.0482091691829,31.3798959910899,31.5238095238095,31.156,2.53549602305501,-2.82541835754795,-7.68497018547675,1.26774801152751,47.1421131172439,49.0983606557377,45.764,2.55853550532731,-2.64819605079333,-7.54836170816258,1.27926775266366,43.7271163681993,42,45.332,1.28326303850507,-1.98182341882127,-7.38392437450215,0.641631519252536,42.0947852264822,42.752808988764,43.7438596491228,2.38026505463911,-5.61263596107742,-7.57761356636541,1.35675108114429,36.7121431403463,39.0361445783133,35.7164634146341,2.10013847371739,-3.55747343536829,-8.10741885174614,1.37769083875861,NaN,NaN,NaN,NaN,NaN,NaN,NaN,40.7880074579359,39.9259259259259,41.9201877934272,1.72210431260044,-3.03020164697737,-7.88385710347023,2.93446574867115,4.80391966916325,518,29,1,200,484,7,0.241758241758242,144,28.7156444704934,1,1696,-35.182318345665,-31.4943052815722,28,9.12897043838873,2.00735294633764,0.837891024063109,16.8933402334798,1
251120_Dupi_NMH_JL_2,audiobook,Dupi,DupiS2,JL,2,56,92155,1,92,596,1232,3074,1682,3364,3073.99999999998,1279.88909231664,1.216,1.65319265174682,3.07399999999998,44.7311228716085,45.7768595041322,41.448,2.03466886245983,-3.53381545096116,-7.18548421945528,1.01733443122992,47.8090667820701,48.0588235294118,47.72,2.18455599128631,-3.46710840342054,-7.96361511741272,1.09227799564316,43.772258495602,43.8089887640449,43.724,1.4755629561255,-1.27811386590654,-7.26935864922643,0.73778147806275,48.8203346444704,49.4285714285714,48.252,1.78639907002585,-4.16564257551308,-8.26881622287337,0.893199535012923,37.5785480560236,41.3716814159292,35.872,2.4819457767357,-4.08268626785923,-7.25900712600068,1.24097288836785,47.6483266483439,47.8153846153846,47.5939597315436,2.24935045579326,-3.24313071312437,-7.58532364170141,1.34061287165279,43.9942276570817,41.0212765957447,44.4937106918239,1.15280604380438,-2.00214143036444,-8.30351813550546,0.733184643859588,NaN,NaN,NaN,NaN,NaN,NaN,NaN,39.7852315506588,38.1731343283582,42.1070154577883,2.07512428436896,-2.64087521931958,-7.20138467361842,3.4903590463086,6.83548452716024,1686,25,1,390,432,6,0.215784215784216,144,12.3204863139096,1,1700,1.72794536141149,-9.24089031153459,26,7.10899506666037,1.61705690599923,0.420684866386393,18.3509598862236,1
251120_Dupi_NMH_JL_2,audiobook,Dupi,DupiS2,JL,2,57,93692,1,92,560,1234,2884,1712,3424,2884.00000000001,1327.09298812963,1.23,1.68800873212612,2.88400000000001,56.0559252991215,56,56.2,1.91455417965101,-11.1681949598669,-8.88021457066384,0.957277089825505,31.7182944629529,31.109243697479,32.672,2.00701933865182,-6.13147494170116,-10.5891637888432,1.00350966932591,37.9995652047183,39.5757575757576,34.92,1.19422211550665,-7.99387119923341,-11.4226286721245,0.597111057753325,53.7935858316791,53.5645161290323,52.648,2.6185063671646,-7.84116422927574,-6.49803527617038,1.3092531835823,36.1449260695818,36.1048951048951,36.072,1.94638259133759,-1.41945612592777,-7.08893960232704,0.973191295668793,31.2424914779869,31.109243697479,31.9571428571429,1.95461990384632,-6.19097134185658,-10.818660653475,1.09458714615394,49.9989769936043,52.2312925170068,42.9851632047478,1.91802879616203,-8.42389195581442,-8.02412056678696,1.29275140861321,NaN,NaN,NaN,NaN,NaN,NaN,NaN,47.2596994858209,48.9134948096886,46.0467289719626,1.61811952578566,-4.49450028277298,-8.20477555769476,2.77022062814505,4.75224567129321,1066,58,1,294,280,6,0.13986013986014,112,24.7524053450791,1,1714,-60.6021627774616,33.1280939442439,33,11.8299227264016,1.75260255446721,0.427330624046473,15.812317019381,1
251120_Dupi_NMH_JL_2,audiobook,Dupi,DupiS2,JL,2,58,95134,1,92,594,1286,2996,1708,3416,2996.00000000001,1356.07072327463,1.24,1.7686100188756,2.99600000000001,47.6017773857238,47.3620689655172,47.716,2.40863649353059,-3.6554967990414,-7.31924532876786,1.2043182467653,45.0048992941313,43.9761904761905,47.28,1.0853127074316,-6.11203524607929,-10.2445041209101,0.542656353715799,52.1027332369237,51,52.308,1.56020849250018,-10.3903345413042,-10.4392772964499,0.780104246250093,50.3544203983693,52,49.944,1.66618884486586,-6.08145351271076,-9.28946192163064,0.833094422432929,43.6856167599913,43.66875,45.232,2.4420883556821,-3.22138714571727,-8.04281419979262,1.22104417784105,47.0775449430739,43.9761904761905,48.3434343434343,1.18709187485266,-6.62310228316844,-10.1838089098508,0.705132573662477,50.3155177469304,51.4268292682927,50.3757225433526,1.63599191708424,-7.34291568565774,-9.47287096220749,1.13210640662229,NaN,NaN,NaN,NaN,NaN,NaN,NaN,41.5473636952451,41.5428571428571,41.7540983606557,2.06140142011264,-4.5129051201975,-8.63680236560372,3.5208736255524,4.19478760432727,1840,37,1,0,228,4,0.113886113886114,118,14.4862504963342,1,1558,29.7112502371467,0.8417389362415,17,6.7688762186588,2.09291890454154,0.659742820028256,19.4253960520454,1
251120_Dupi_NMH_JL_2,audiobook,Dupi,DupiS2,JL,2,59,96632,1,92,598,1232,3222,1764,3528,3221.99999999998,1436.94332152308,1.27,1.83157660951077,3.22199999999998,53.331698330747,53.8325358851675,53.916,3.0113011056316,-8.53500360670408,-9.16467629156309,1.5056505528158,50.9412194293458,48.5538461538462,52.996,2.10483696023647,-8.59161594274042,-8.4659961543243,1.05241848011823,52.1176250614886,53.5036496350365,50.724,2.00819061065611,-8.7809586214139,-10.2635896472952,1.00409530532806,42.2534160846794,42.3877551020408,42.028,2.17554425934202,1.21852118271256,-6.90914830465416,1.08777212967101,39.4127041805473,40.0833333333333,39.088,1.90142402705493,0.605863853547847,-6.66153215696175,0.950712013527467,52.3582775781165,51.1396648044693,53.8160535117057,2.20193882220376,-8.95454148299169,-8.92700558238908,1.31675941567785,47.6868734042781,51,46.3091482649842,1.63249678559268,-3.21241444532856,-9.21771512836342,1.03500296206576,NaN,NaN,NaN,NaN,NaN,NaN,NaN,41.8078884061915,41.4989384288747,41.7369614512472,2.17263099901748,-0.696237203123087,-6.74605908722638,3.83252108226683,4.40584010996857,1454,43,1,0,554,7,0.276723276723277,182,43.7360216143109,1,1900,29.583760197306,-16.287080805449,19,6.2796864527405,2.08045146104485,1.07516364226749,18.1461385445377,1
251120_Dupi_NMH_JL_2,audiobook,Dupi,DupiS2,JL,2,60,98243,1,92,592,1264,3438,1766,3532,3438.00000000002,1348.89468718232,1.276,1.69427648330634,3.43800000000002,48.0819900985536,49.2133333333333,46.412,2.2049534953673,-0.178861025903662,-6.64807879117352,1.10247674768365,38.6320333032024,34.5352112676056,43.532,1.33977386526754,-2.58407073499102,-6.44858070711375,0.669886932633772,45.3631230094728,45.8118811881188,45.528,1.8726526405847,-3.15518280836382,-6.19414890031655,0.936326320292349,53.9317295343754,52.6666666666667,54.54,1.73319293986449,-10.7914009274564,-7.31557847454774,0.866596469932246,48.716491790559,48.0656565656566,48.544,2.52378957263639,-6.29918446779258,-8.22730116303706,1.26189478631819,39.2021968137225,34.5352112676056,43.2939189189189,1.36216722786213,-2.12499293892993,-6.49144867545546,0.806402998894381,49.7588203346397,47.3879310344828,50.8660714285714,1.74523903549822,-5.91629432863226,-6.66812708977614,1.1728006318548,NaN,NaN,NaN,NaN,NaN,NaN,NaN,40.5652914392625,38.0253807106599,42.2412231030578,1.89603496496712,-0.865542767327257,-6.05767046124271,3.34839774813194,4.30735387594192,1692,58,1,266,256,4,0.127872127872128,98,49.821033389446,1,1864,-45.959400493265,20.9882011389437,30,10.3444559758446,1.73156106404683,0.619664445213675,16.260997391357,1
251120_Dupi_NMH_JL_2,audiobook,Dupi,DupiS2,JL,2,61,99962,1,92,544,1248,3388,1806,3612,3388.00000000001,1273.83191718816,1.282,1.57610376444997,3.38800000000001,45.7924654138913,46.5671641791045,46.104,2.78561234933783,-5.96383389156147,-5.82316335744614,1.39280617466891,46.8541547378326,48.2761904761905,43.236,2.04098931907902,-3.93939371033794,-7.24493504027341,1.02049465953951,48.4012241956291,47.0579710144928,49.204,1.67972277183617,-4.53909529318695,-7.64174029076641,0.839861385918086,40.2709357320293,35.7083333333333,43.096,1.90374447512201,-1.48038792067213,-6.40894391950543,0.951872237561004,46.671437299417,46.1158536585366,47.42,2.39481752383627,-2.14925032799736,-5.02601742025328,1.19740876191813,47.1034963102034,48.4015748031496,43.7022058823529,2.12254323925508,-4.08367266288915,-7.30985416448056,1.15466352215476,43.8805198925754,40.109756097561,45.6022727272727,1.60301026011453,-2.20153524906051,-7.23981627057348,1.12851922312063,NaN,NaN,NaN,NaN,NaN,NaN,NaN,44.5705289303646,44.2643504531722,45.641196013289,2.47618905732042,0.743148229253562,-4.50329870780377,4.47199743752067,4.79454366093359,1272,32,1,314,450,4,0.224775224775225,208,40.0374882403419,1,1916,43.7791690381332,-4.94603044627238,19,5.74710749466367,1.59679537787546,0.353953081233078,16.5616623759289,1
251120_Dupi_NMH_JL_2,audiobook,Dupi,DupiS2,JL,2,62,101656,1,92,636,1258,3022,1848,3696,3021.99999999999,1296.21208913846,1.344,1.41203651012794,3.02199999999999,48.9643516675086,48.3795620437956,49.832,2.06649897489508,-2.65357633195676,-6.53500780613087,1.03324948744754,35.4145046551054,36.1,37.264,1.42268394660726,-4.28611003727226,-9.25788739488528,0.711341973303629,53.9903988394048,52.2542372881356,54.828,1.61569576027807,-10.8218735694769,-11.0561680087226,0.807847880139033,30.3014234395767,28.2181818181818,33.648,2.15277331074333,-5.00054842493309,-9.22719095066956,1.07638665537166,57.5533605121256,57.4757281553398,57.532,2.23524648946869,-12.3454998254373,-12.1034398715649,1.11762324473434,38.0339991253979,36.1,41.2610062893082,1.27755419109083,-5.07350656783823,-9.35607130639807,0.812524465533765,48.2184637881621,47.6478873239437,47.411575562701,1.66238435533686,-8.25592835397778,-10.2969015318978,1.03400306901953,NaN,NaN,NaN,NaN,NaN,NaN,NaN,46.5646337973148,46.2144702842377,46.0811688311688,1.84240950314377,-3.67959262725781,-7.70614677210897,3.40477276180969,5.63547761099173,1386,25,1,24,416,6,0.207792207792208,132,15.4656870216384,1,910,7.68620755074939,30.9782446867905,33,14.9872714425951,1.56958037224988,0.344603383955189,13.120407837651,1
251120_Dupi_NMH_JL_2,audiobook,Dupi,DupiS2,JL,2,63,103167,1,92,612,1328,3046,1820,3640,3045.99999999999,1397.92024640036,1.32,1.72265859750754,3.04599999999999,50.1694607391978,NaN,52.08,0.5555850966181,-6.53314709359489,-10.2517886120292,0.27779254830905,43.7127135682548,41.5794392523364,45.904,2.17887085344451,-2.14997350645104,-6.86966277742967,1.08943542672225,32.9757326205784,32.9263157894737,32.6,2.64142312692371,-1.4081732036377,-7.23694115103947,1.32071156346186,56.4996678063511,55.8823529411765,55.036,1.38722611488576,-11.9896275951174,-9.80033510162532,0.693613057442882,54.1061136488952,54.1818181818182,53.956,1.46949527842468,-11.8280223152504,-9.50612701981051,0.73474763921234,40.7800123612278,38.9631901840491,43.718954248366,2.53127159477276,-1.49430252333623,-6.33305007249351,1.54913821600093,40.5994227080558,38.9405405405405,42.0139664804469,1.83951691473263,-4.43925462474224,-9.17395574075042,1.31709411094856,NaN,NaN,NaN,NaN,NaN,NaN,NaN,44.3305001045061,44.6433408577878,43.5549450549451,2.10450485083171,-0.908740797874169,-6.67070865657519,3.83019882851372,4.76779480900175,518,32,1,184,298,4,0.148851148851149,158,19.3454313103321,1,1684,-39.0058812369569,-21.9634681951837,28,9.77783597316713,1.86155967643123,0.590053414146,17.9973726060013,1
251120_Dupi_NMH_JL_2,audiobook,Dupi,DupiS2,JL,2,64,104690,1,92,584,1244,3060,1742,3484,3060,1478.89528192862,1.254,1.91992407225714,3.06,42.665474236638,42.7619047619048,42.58,1.80165241884282,1.038918777738,-5.91490013882483,0.900826209421409,38.8054885288276,37,40.348,1.04160063273268,-1.76882373375134,-8.00511276409554,0.520800316366338,55.3448620156874,55.2947368421053,54.996,2.69350909162755,-11.2755969160032,-7.17505304701001,1.34675454581378,42.4338445874546,43.1864406779661,43.176,1.93555193041915,-3.78566309660233,-8.5805800945283,0.967775965209573,37.4497775731428,39.5066666666667,35.052,1.68946399818519,0.38880707507354,-5.35690282749132,0.844731999092595,44.9506996313815,48.9354838709677,42.7431506849315,1.34659488552562,-2.37874819731652,-8.20035710436623,0.786411413146965,54.0108908384126,54.0892018779343,53.4666666666667,2.31150560415132,-10.6436113774415,-7.62167715544624,1.52559369873987,NaN,NaN,NaN,NaN,NaN,NaN,NaN,39.7855347132228,41.3428571428571,39.3272101033295,1.94848741895712,-2.46357303846891,-7.10190703059833,3.3942650838233,4.32909135608479,586,57,1,528,324,6,0.161838161838162,98,19.0409750413337,1,1802,19.4498197685449,24.4160122082852,23,8.82345867229275,1.75432115074771,0.664968364502089,17.7451475185107,1
251120_Dupi_NMH_JL_2,audiobook,Dupi,DupiS2,JL,2,65,106220,1,92,570,1180,3342,1762,3524,3342.00000000001,1475.98931693256,1.246,1.91229816557857,3.34200000000001,40.551190942953,49.4,39.568,1.21715258217729,-5.26773553182347,-7.95517467489488,0.608576291088643,49.0939427303863,48.1263157894737,50.992,1.53775901432217,-7.21649510418684,-8.38157255852608,0.768879507161086,42.4675786758748,40.5,43.076,1.09275341330892,-2.53370949445618,-7.05297644212083,0.546376706654461,50.5509479161242,50.8736263736264,49.544,2.51870525690122,-3.78062594527752,-6.12995737231474,1.25935262845061,40.0490328448604,39.7916666666667,40.708,1.91062586955197,-0.369776816844564,-6.54692309499771,0.955312934775987,48.9690330627837,48.1165048543689,50.6175438596491,1.52239881473862,-7.07202820305403,-8.40735495231539,0.867767324401012,44.1385600628532,45.280701754386,43.8819672131148,1.22947856776636,-2.73794652298206,-6.79827911318253,0.74998192633748,NaN,NaN,NaN,NaN,NaN,NaN,NaN,50.3037884932928,49.9390243902439,50.1657207718502,2.0502625805199,-5.00467122949135,-6.12725001391034,3.61256266687606,3.91836630994455,1318,52,1,276,334,5,0.166833166833167,98,69.4272492547684,1,2002,-21.928666287232,-7.38982766963189,19,6.02330661573186,2.14523471354497,0.947425379460266,20.6615987789565,1
251120_Dupi_NMH_JL_2,audiobook,Dupi,DupiS2,JL,2,66,107891,1,92,590,1194,3190,1784,3568,3190,1452.27033443418,1.268,1.80298407062415,3.19,56.1051451195698,56.58,55.216,2.65131862217198,-7.72768798298143,-5.38544274122659,1.32565931108599,50.696481784149,52.5846153846154,50.696,1.73344373237689,-4.88307298421518,-8.2263119478492,0.866721866188445,38.91344445296,39.1889400921659,38.46,2.84473089553239,3.55778669424833,-4.19589130392267,1.42236544776619,35.193660329936,NaN,35.192,0.671244116531255,-2.23420116685512,-7.42543563102463,0.335622058265628,42.6228381561951,NaN,42.54,0.834693305708706,-2.16770093046724,-5.6540719319744,0.417346652854353,48.4850471431092,48.3469387755102,49.064406779661,1.85188680811086,-2.05361995940454,-7.60257341191246,1.09261321678541,37.7400973404823,39.0434782608696,35.0331125827815,2.19246505237815,2.25549005262788,-4.76477598240015,1.3242488916364,NaN,NaN,NaN,NaN,NaN,NaN,NaN,50.1045328009947,52,49.6625560538117,1.38666660010024,-5.52558309337445,-5.32742837597758,2.47381321457883,4.14375130594617,642,40,1,0,244,4,0.121878121878122,138,34.3621509866747,1,1724,-28.7368620755075,-23.6810027170879,28,6.72236018434714,1.78034356160913,0.543784728535648,21.3661051112016,1
251120_Dupi_NMH_JL_2,audiobook,Dupi,DupiS2,JL,2,67,109486,1,92,552,1204,3416,1802,3604,3416,1353.35005542164,1.29,1.67549959659154,3.416,33.576311652412,33.7463414634146,33.128,2.80516719534978,3.74700062950499,-3.38420690183445,1.40258359767489,27.3076912687308,26,29.244,1.83875299078515,-2.44409908285054,-6.76493823677875,0.919376495392575,47.5203879509457,49.0413793103448,46.628,2.23559982021471,-3.29685741430976,-4.04037703605914,1.11779991010736,52.375962890805,52.3262032085562,52.44,2.50804960960662,-8.66701974566421,-5.74531623798852,1.25402480480331,43.874992183178,44.0280373831776,44.068,3.09268106800205,2.91186700331044,-3.56135640488881,1.54634053400103,28.0616068427768,26,30.0688405797101,1.79188294410468,-1.7030847013473,-6.59958861812243,0.989119385145781,48.826455110482,49.4326530612245,48.3711656441718,2.52864437333997,-5.58126009417418,-4.38233424797124,1.64867613141766,NaN,NaN,NaN,NaN,NaN,NaN,NaN,44.0190926973841,44.8207547169811,43.4617092119867,1.94274118428577,-0.0885176493947754,-6.77567660682564,3.50081961408295,5.80605021338149,108,26,1,12,672,10,0.335664335664336,176,38.6823887596021,1,1984,25.1929425156517,34.5605203409387,30,8.97823867872934,2.51861975789035,1.21149076866579,27.1934275580112,1
251120_Dupi_NMH_JL_2,audiobook,Dupi,DupiS2,JL,2,68,111194,1,92,560,1186,3150,1694,3388,3150.00000000001,1322.31500229721,1.218,1.69285206615885,3.15000000000001,40.7661404101033,40.2647058823529,40.9,1.4433927610633,1.86478366594457,-6.66386979698868,0.721696380531652,35.9820965854118,36.3135593220339,33.836,1.99525052363069,0.87418549507987,-5.47136358824829,0.997625261815346,36.438840891799,35.8584474885845,35.216,3.43857982269404,-0.0482178101728817,-4.4461970252998,1.71928991134702,36.5270933374686,37.3942857142857,37.06,2.82187193609298,1.29192008453088,-3.82607084710705,1.41093596804649,50.3445728722099,54.32,48.788,1.68459670750817,-5.82826354273582,-5.58507151968239,0.842298353754086,34.785338153177,35.0375939849624,32.8892857142857,1.99935002059065,0.587594089944171,-5.74386076427015,1.11963601153076,35.8880271513267,35.4296577946768,35.2523961661342,3.37587648169922,0.14802720931023,-3.96021011309088,2.11329867754371,NaN,NaN,NaN,NaN,NaN,NaN,NaN,51.6496511991574,51.8807339449541,51.2219598583235,1.3055974472649,-9.00529714958189,-7.5400557933028,2.21168207566674,5.36327528531475,760,45,1,0,794,8,0.396603396603397,194,20.1346049111713,1,1868,-34.9853917662683,14.3800014888153,30,8.91461389167957,1.29895490343877,0.132818103519141,16.5718840118508,1
251120_Dupi_NMH_JL_2,audiobook,Dupi,DupiS2,JL,2,69,112769,1,92,592,1172,2960,1732,3464,2959.99999999998,1200.97527307834,1.228,1.52444516849511,2.95999999999998,36.1187565807267,35.9052631578947,36.136,1.81560643664886,-0.822004584564186,-7.37303731347694,0.907803218324431,49.4516624259309,47.5849056603774,50.228,1.56300048841516,-6.70846413942871,-10.0804232866072,0.781500244207581,33.237427678221,33.0081967213115,34.976,1.99496705897998,-3.04893493563072,-7.15348823815855,0.99748352948999,42.7546810728486,47,40.508,1.0379814719039,-7.45347387236682,-10.7278974847349,0.51899073595195,44.4736740552928,44.5621890547264,44.66,2.85501958550764,-2.97312070321133,-7.39445347631569,1.42750979275382,48.3403923810887,47.5849056603774,48.3108108108108,1.44207370611252,-5.74981040133312,-10.0456476974027,0.853707634018611,36.4089343864912,34.978102189781,39.2448275862069,1.96967639713634,-4.35214023488946,-7.5034695250002,1.14241231033907,NaN,NaN,NaN,NaN,NaN,NaN,NaN,44.8068659972517,46.2209631728045,39.4607390300231,1.80747854217225,-3.91609746176892,-7.78753223263087,3.13055283504234,4.24981664191393,1840,45,1,728,388,7,0.193806193806194,142,16.8115512422744,1,1328,61.5921077594384,-35.7065358990583,33,8.57709314333914,2.01550950336662,0.636257270466207,17.1422723028564,1
251120_Dupi_NMH_JL_2,audiobook,Dupi,DupiS2,JL,2,70,114249,1,92,584,1288,2860,1780,3560,2860.00000000001,1277.41953450073,1.278,1.61862010506148,2.86000000000001,46.447560907147,NaN,39.248,0.61673350405463,-9.57703069749904,-11.3494726394497,0.308366752027315,52.0843009321654,52.2584269662921,51.548,2.98485911122995,-8.41413045857359,-5.52138661792815,1.49242955561497,42.2207837620747,42.3681318681319,43.136,2.51432687631291,-0.475483182819549,-6.0425052556699,1.25716343815646,35.3592411389615,35.5423728813559,35.308,2.23962896367686,0.300459034873984,-7.80857280277781,1.11981448183843,35.3291105980558,33.8611111111111,36.376,2.01137422121873,-2.54962351691553,-7.08903815244606,1.00568711060937,52.0745383904504,52.2243902439024,51.6130136986301,2.8902363602965,-8.39907284877709,-5.92797060995221,1.68789803441315,38.817022968905,38.9961240310078,39.1903409090909,2.42377669797416,0.373856810916478,-6.23424752064671,1.70633879537381,NaN,NaN,NaN,NaN,NaN,NaN,NaN,40.5559875975435,41.0141843971631,40.8460674157303,1.80270769196874,-4.06636881278948,-8.56532245756535,3.20881969170436,5.0446696220591,218,50,1,168,512,9,0.255744255744256,128,18.0120829475086,1,1874,10.9030544488712,-25.4727919008449,28,8.44097297477583,1.64560471357207,0.348194688461616,17.0780045640747,1
251120_Dupi_NMH_JL_2,audiobook,Dupi,DupiS2,JL,2,71,115679,1,92,596,1280,2928,1792,3584,2928,1330.98212200385,1.292,1.69183230489565,2.928,49.1303129992287,50.4709677419355,47.424,2.26283511984515,-4.69586116060676,-8.55951134091762,1.13141755992257,49.1709872579671,48,46.684,0.878136701489761,-6.75020699433313,-9.3592765788635,0.43906835074488,46.862209500459,46,47.64,0.796950826210805,-4.52220020183712,-8.15793198420381,0.398475413105402,51.3084638203575,48,52.776,1.06910422640123,-10.8216490709696,-8.26879244605546,0.534552113200613,52.4737068081116,52.4318181818182,52.44,2.05153930473548,-10.3448328099124,-7.61634315778143,1.02576965236774,49.4420066655803,48,47.8624161073826,0.780495743539208,-7.37601473803213,-9.75422634324971,0.465175463149368,49.1549016059577,46,49.8187134502924,0.820287611778198,-5.63485163345436,-8.03402211857343,0.561076726456288,NaN,NaN,NaN,NaN,NaN,NaN,NaN,45.1212513074063,45.7038167938931,45.2154017857143,2.64015489243379,-1.19875736599594,-6.1832576128404,4.73115756724135,3.27733751115099,2000,53,1,1578,32,2,0.015984015984016,26,12.0214434573001,1,1090,-15.5674445076836,6.99203483827744,8,2.90174356798841,1.87278274066103,0.493518207495191,17.9709912631603,1
251120_Dupi_NMH_JL_2,audiobook,Dupi,DupiS2,JL,2,72,117143,1,92,574,1306,3052,1750,3500,3051.99999999999,1499.37290787651,1.266,1.95402210063136,3.05199999999999,45.9000336387908,46.2843137254902,44.876,1.51382897219655,-4.13918348630253,-8.52306115975994,0.756914486098277,40.137722781244,40.3831775700935,40.672,3.10579223817172,2.60508065217476,-4.22457720871891,1.55289611908586,29.8526293616065,29.4791666666667,30.42,2.73297942748292,-2.04384926455436,-5.34503075362681,1.36648971374146,41.9539140777486,41.3208955223881,42.1,2.01855964037877,-0.671229331121449,-5.58188551491002,1.00927982018938,42.3884780729077,44.3148148148148,42.536,2.01429430188183,-2.3223343332999,-6.932168347482,1.00714715094092,38.4276458402963,38.570281124498,38.98606271777,3.12443639021146,2.24927654295757,-4.14933283981337,1.79342648798138,35.5707493254677,35.1893939393939,36.7377049180328,2.44611164304666,-2.25486399870294,-5.66507819105607,1.79055372271016,NaN,NaN,NaN,NaN,NaN,NaN,NaN,49.1553649311937,49.0493827160494,49.1314285714286,1.75200557904649,-6.09730787341203,-7.27694078689503,3.06600976333136,4.74687734269256,418,38,1,100,628,7,0.313686313686314,166,28.4957796964799,1,1858,-21.2840068298236,-13.5163955782186,25,8.07585736083198,1.71843808351484,0.515232098781133,20.3883460249049,1
251120_Dupi_NMH_JL_2,audiobook,Dupi,DupiS2,JL,2,73,118669,1,92,582,1168,3214,1730,3460,3214,1509.05700160124,1.234,1.9472965733134,3.214,52.885824676206,54.0897435897436,51.924,1.69791799330671,-11.0894727088435,-6.27426341199019,0.848958996653356,55.5992729772371,56.2432432432432,54.508,1.89883086434085,-11.2457737835661,-7.51015874363294,0.949415432170424,48.2904892527255,48.5571428571429,47.624,2.46155570528938,-5.19639292450908,-7.90358833254641,1.23077785264469,49.4260637754028,49.8169934640523,49.088,2.11451035084327,-5.91521416744859,-8.69312194121598,1.05725517542164,41.8753343387789,NaN,42.312,1.0874822028425,-1.62548985208425,-7.74883106956745,0.543741101421251,54.978933146826,55.974358974359,53.9278350515464,1.85456170806043,-10.8603586552551,-7.897515654044,1.07935491409117,47.1814845156948,47.5204678362573,46.2627986348123,2.42180707571651,-4.12570581336921,-7.59489959926339,1.41917894636987,NaN,NaN,NaN,NaN,NaN,NaN,NaN,37.3643597335689,37.6697247706422,37.8104046242775,2.16164529076768,-1.2789316673375,-6.69098774464526,3.73964635302809,4.51622492923389,664,51,1,186,360,6,0.17982017982018,138,12.3731448340493,1,1088,-10.6852589641434,-17.2925894219675,13,4.48664510256197,1.98933705272486,0.63399902354789,18.6469299442204,1
251120_Dupi_NMH_JL_2,audiobook,Dupi,DupiS2,JL,2,74,120276,1,92,544,1180,3270,1752,3504,3270.00000000001,1395.59399589982,1.242,1.7875409003763,3.27000000000001,32.556192054467,33.6222222222222,32.072,1.92518801729347,-2.0018987192946,-6.67400513855262,0.962594008646735,33.6539395339025,34.1481481481481,34.004,2.68747312615845,0.359707700060234,-6.07157312314582,1.34373656307923,46.0587589839296,44.5469613259668,46.608,2.50325606976929,-2.08702931143548,-6.68265925374642,1.25162803488464,58,58,58,1.36078353349786,-12.1301836106518,-7.67924421843627,0.680391766748928,50.2661701517933,50.9772727272727,49.76,2.0149374960931,-4.2395275492152,-7.57117097612704,1.00746874804655,33.8104021733381,34.3333333333333,34.1654411764706,2.64661081375921,0.45083303048644,-6.13334913953485,1.43975628268501,48.2635795503632,45.66875,50.5660377358491,2.0724814346862,-3.91859087517108,-7.29197777965875,1.31809819246042,NaN,NaN,NaN,NaN,NaN,NaN,NaN,51.3959933676384,52.0671506352087,51.3150684931507,2.43736287864415,-4.14511662905191,-6.04525698622304,4.27025976338454,4.9709272942271,58,32,1,0,412,5,0.205794205794206,122,63.9660958859956,1,1868,12.9592107759438,31.7972791900845,27,9.31745819541094,1.80150983096063,0.693475186546688,16.8737709524126,1
251120_Dupi_NMH_JL_2,audiobook,Dupi,DupiS2,JL,2,75,121911,1,92,544,1152,3476,1754,3508,3476,1290.53638531068,1.232,1.6897070314033,3.476,53.1418058306706,53.21608040201,53.212,2.82457542922942,-8.3303915943377,-5.12079929535354,1.41228771461471,48.717619685228,49.0222222222222,48.684,1.49418008262892,-7.93243585829504,-7.19456551528962,0.74709004131446,30.6088186273509,30.6363636363636,30.44,1.52918214582132,-3.22920832018944,-8.06125774957017,0.76459107291066,31.9096290429422,32.1344537815126,31.768,2.17068140734113,-0.418066237366784,-5.46766983510177,1.08534070367056,39.8479720884584,39.0491803278689,40.644,2.53610906679311,1.31806481542817,-4.66970146388894,1.26805453339656,48.6274895142539,49.0222222222222,48.2977941176471,1.43426111493795,-7.95871047760515,-7.35940518033723,0.780238046526245,30.0219980002687,30.4454545454545,29.4539473684211,1.75277704763019,-2.62634944389671,-7.48261219753111,1.06568844495916,NaN,NaN,NaN,NaN,NaN,NaN,NaN,47.3936908070124,47.3057324840764,47.1927023945268,1.69044479081288,-4.91830295153515,-8.20398216421086,2.96504016308579,4.51714852122898,1488,33,1,860,352,5,0.175824175824176,146,15.4359176921986,1,1232,-3.11364067539367,-33.2800461532735,20,6.54211406059218,1.61719231451258,0.470975133500374,18.2046270829302,1
251120_Dupi_NMH_JL_2,audiobook,Dupi,DupiS2,JL,2,76,123649,1,92,570,1240,3190,1744,3488,3190,1415.81356260757,1.252,1.77377556209685,3.19,49.9195401518566,51,49.448,1.55049296566661,-8.4810231661831,-9.35124040410924,0.775246482833303,34.0593662786153,34.6024096385542,34.248,2.32691026049846,-2.22126930217435,-7.78394453619139,1.16345513024923,39.6477508066032,39.7534246575342,39.548,1.4578708397243,-0.658526035481065,-7.51055057169193,0.728935419862152,41.5108963285034,41.6976744186046,41.116,2.44343353293533,-0.0903838738494063,-5.45725055718533,1.22171676646767,44.9348947007401,44.7191011235955,44.648,2.03339884521849,-2.92271120290272,-7.77766666487847,1.01669942260924,34.003342758974,34.6024096385542,34.0561403508772,2.08711207543174,-2.46689564352332,-8.00955204473089,1.18965388299609,38.5772427863756,38.2702702702703,39.3134328358209,1.89064264780281,0.594905026653611,-6.28502945824177,1.26673057402788,NaN,NaN,NaN,NaN,NaN,NaN,NaN,45.1069403698521,43.3658536585366,45.4655963302752,1.54220800499986,-2.75146816579469,-7.49000910397328,2.68961076071976,3.79382228824013,744,40,1,152,350,6,0.174825174825175,86,15.8688097259303,1,1854,-34.7550749383419,20.5463952060148,18,6.15520824922227,1.45392693987184,0.326272712935817,14.5428016465081,1
251120_Dupi_NMH_JL_2,audiobook,Dupi,DupiS2,JL,2,77,125244,1,92,548,1138,3246,1702,3404,3246.00000000001,1244.04135741187,1.2,1.64613914975475,3.24600000000001,43.8492228486165,46,41.612,1.82889736232023,-2.80859260591327,-8.21263449462119,0.914448681160115,34.0930755530224,34.2568306010929,34.22,2.60514196031925,0.54531438568773,-6.04841947468755,1.30257098015963,35.6754486140935,36.955223880597,35.088,1.56060905529347,-0.398907362244505,-7.42549582277911,0.780304527646736,30.7900094555545,30.1764705882353,32.24,2.21375058762668,-0.542262893914269,-6.37001630783585,1.10687529381334,45.378137592009,48,44.244,1.30640750837256,-6.07474375546142,-8.77460219250463,0.65320375418628,33.8263846158856,33.975,33.9087591240876,2.58174006500822,0.350645048332661,-6.12027695847499,1.4147935556245,37.2158094148938,39,36.3627118644068,1.58281162211334,0.205438384667537,-7.40057351665697,0.93385885704687,NaN,NaN,NaN,NaN,NaN,NaN,NaN,46.1188781342578,45.8056872037915,45.9494712103408,2.18173136374011,-2.15392454655811,-6.94329831862044,3.71330678108567,5.13537643127924,1338,25,1,78,270,4,0.134865134865135,102,30.853755805523,1,1766,-17.363688104724,10.1140804704656,23,7.0573776105775,1.40592382333612,0.14553216436394,16.8696718361172,1
251120_Dupi_NMH_JL_2,audiobook,Dupi,DupiS2,JL,2,78,126867,1,92,550,1156,3370,1782,3564,3369.99999999998,1297.01829973399,1.248,1.68261069697163,3.36999999999998,39.6250685818715,38,42.944,1.09950367369127,-1.11888886485472,-7.57330306489353,0.549751836845634,35.7461427868504,34.4523809523809,37.232,1.69596892636313,-0.974148344759998,-6.15560142759829,0.847984463181567,34.8130200558758,30,38.88,1.3036293579921,-5.46390782565199,-7.9177688973115,0.651814678996051,43.8972603930338,43,43.94,1.35472064894599,-3.84579470184517,-7.59567551931269,0.677360324472993,41.8824524136413,42.3333333333333,41.22,2.30253462923274,-0.110483158582688,-7.019025564079,1.15126731461637,35.2423507454536,34.1555555555556,36.5636363636364,1.68841489419521,-1.207959736843,-6.29188597386662,0.928628191807367,38.1837222501288,30,41.4554455445545,1.26610048119908,-5.81888701877807,-8.21977174300092,0.767256891606644,NaN,NaN,NaN,NaN,NaN,NaN,NaN,42.539144605856,43.2062868369352,41.1032547699214,2.25168294693478,-0.758252895164948,-6.08155578588821,4.01249901143778,3.407677965152,264,41,1,240,36,1,0.017982017982018,36,8.83988318910676,1,1034,-40.9941187630431,18.6077716157368,13,5.68926636849263,1.39713752123688,-0.0301677771134349,19.6058934971083,1
251120_Dupi_NMH_JL_2,audiobook,Dupi,DupiS2,JL,2,79,128552,1,92,548,1264,3308,1772,3544,3307.99999999999,1440.23258090744,1.276,1.81903458575228,3.30799999999999,45.7314152403813,45.6153846153846,45.36,3.11137004315262,-3.15816558555986,-6.42312026833357,1.55568502157631,50.8510941432231,47,52.156,1.42528387038538,-8.11611962918381,-5.97059445749656,0.712641935192688,35.1504530580609,34.3284671532847,40.016,1.82645169880783,0.83790176191868,-5.35903606954382,0.913225849403914,40.9710358004417,40.421686746988,42.728,1.40301037077826,-0.209286417647709,-5.29547566756599,0.701505185389131,49.6463212376599,51.1415094339623,44.352,1.6682264629134,-7.47345126267831,-7.01670093654004,0.834113231456698,51.0285337575064,47,52.6678832116788,1.33354067043664,-8.35532472710911,-6.22905244844525,0.730780287399281,37.1261744343302,36.6272727272727,39.1759776536313,2.14235884615762,1.61106428564155,-4.34565639859039,1.53392893384886,NaN,NaN,NaN,NaN,NaN,NaN,NaN,48.0899655892319,47.9890510948905,46.216704288939,1.61310437259254,-3.68761616577745,-5.53917587652307,2.85842094823397,4.85803878166468,1962,52,1,0,430,4,0.214785214785215,268,16.7888752850629,1,1284,30.403339024853,-37.4918115159862,20,7.16261635743385,1.55944590538475,0.361410980113131,16.914446328992,1
251120_Dupi_NMH_JL_2,audiobook,Dupi,DupiS2,JL,2,80,130206,1,92,564,1158,2944,1808,3616,2944.00000000002,1235.68389884056,1.278,1.56493068276997,2.94400000000002,39.1629225504042,38.8851351351351,41.924,2.31623631784677,1.35295473985598,-4.72543663552272,1.15811815892339,55.0681603197644,57,49.916,1.39829550591719,-8.91034688005871,-7.31169907710278,0.699147752958594,56.2160870835472,56.3030303030303,56.036,2.16690830041421,-9.73798824156696,-5.15607155015137,1.0834541502071,53.4497212842044,53.0322580645161,53.312,2.33588531088217,-9.32155825269967,-9.43558079028526,1.16794265544109,46.2994001010428,47,46.172,1.36721280110041,-7.62673351984779,-11.8721152030505,0.683606400550207,55.5461842859458,57,50.7198581560284,1.64721992042029,-8.82649464348013,-7.03306898152664,0.929032035117041,55.6703788142241,55.687898089172,55.6565656565657,2.1541818903693,-9.65659264879262,-5.80232200576124,1.27958404287937,NaN,NaN,NaN,NaN,NaN,NaN,NaN,47.4514897788393,47.5112107623318,48.391592920354,1.26265576592636,-7.75306591782994,-11.2884121764497,2.28288162479486,4.72065822649138,490,57,1,398,302,4,0.150849150849151,190,22.4947686648985,1,1112,53.0719028647316,-3.92740164514088,14,3.57819461902252,1.57605845527097,0.207297363290945,16.5396180956895,1
251120_Dupi_NMH_JL_2,audiobook,Dupi,DupiS2,JL,2,81,131678,1,92,562,1240,2914,1814,3628,2913.99999999999,1363.34081749804,1.29,1.73667260275245,2.91399999999999,55.8121689073337,56,54.244,0.663315479937879,-13.3422806682951,-14.3892173970907,0.33165773996894,47.3502115630894,48.304347826087,42.74,2.35674444523791,-6.59054190952966,-8.65279229885173,1.17837222261895,49.9699464885005,57.6388888888889,45.044,1.55361240534847,-6.9571068076732,-9.20335674088299,0.776806202674237,32.9723320145926,28.9090909090909,39.452,1.39475360319717,-6.68825700724064,-9.51462406406767,0.697376801598587,33.7942990164623,31.2426035502959,35.172,2.68380994926534,-3.29047203846588,-7.71463977973356,1.34190497463267,46.74398073252,48.304347826087,41.0106761565836,2.16142842085995,-6.74931866509032,-8.72326572741253,1.21472277252329,51.2825406554165,57.6388888888889,48.8230088495575,1.27410549430337,-7.82013242752516,-9.47857395230995,0.863843525137686,NaN,NaN,NaN,NaN,NaN,NaN,NaN,46.1801809031492,44.3358395989975,47.4553472987872,2.03839181313437,-1.82752539205741,-7.13507931008435,3.69764274902574,4.99796022828073,44,56,1,6,432,8,0.215784215784216,112,59.3661366446638,1,2000,-73.9430848036426,32.5224252800834,30,11.9166743607576,2.1385060467432,0.852655494237678,20.444712374999,1
251120_Dupi_NMH_JL_2,audiobook,Dupi,DupiS2,JL,2,82,133135,1,92,560,1228,3120,1722,3444,3120,1395.27489016563,1.236,1.82582278406527,3.12,47.4253838283468,46.7828282828283,48.2,2.81023691077521,0.763451575169851,-4.78790547224567,1.4051184553876,46.3527538925352,44,46.904,1.2445671930962,-2.99053577646837,-9.30852787466273,0.622283596548102,44.7413396979397,44.7012195121951,45.452,2.66391946390333,0.603322377342397,-4.72202194895348,1.33195973195166,34.4212038511079,34.7655172413793,33.284,2.2009383381931,-1.39349582934878,-6.14471763966165,1.10046916909655,36.529531192545,36.2978723404255,36.296,1.45931122478715,-1.61901451051638,-8.58127008250781,0.729655612393576,46.4481538171779,44,46.9142857142857,1.30332201300729,-3.0973730813254,-9.11636985567624,0.729860327284084,40.9672435486004,41.1653225806452,41.1526946107784,2.79440635002931,0.610911407727718,-4.4654586956985,1.86666344181958,NaN,NaN,NaN,NaN,NaN,NaN,NaN,32.1455811822867,31.8229508196721,32.3135888501742,1.72043440000088,-2.52367373747081,-7.7283025989812,2.96258803680151,4.44862973158593,926,42,1,662,422,4,0.210789210789211,202,19.4082892703387,1,1382,3.31891481692279,-6.35742732720438,17,5.48826966320933,1.05809792316569,-0.32232451326064,16.3118044915954,1
251120_Dupi_NMH_JL_2,audiobook,Dupi,DupiS2,JL,2,83,134695,1,92,538,1096,3438,1784,3568,3437.99999999999,1352.13995193528,1.236,1.79998376221486,3.43799999999999,41.8114859930154,42.6506849315069,40.024,2.60023907783868,-1.94070103184904,-6.60704811880622,1.30011953891934,31.2632780063234,30.3411764705882,32.696,1.79450751184113,-3.69605998927896,-8.08525857680705,0.897253755920566,39.5334953178737,36.5285714285714,36.988,1.55650045701398,-3.9758046518975,-7.98855825029938,0.778250228506988,28.6730466118351,27,29.076,1.79610863275105,-2.85641114699689,-6.46716651479409,0.898054316375525,37.9474348473925,38.3312101910828,37.456,2.73510572740975,2.7879710417712,-4.42675481001393,1.36755286370488,32.0431795468783,30.3411764705882,33.8475836431227,1.74446373926235,-3.9560560841805,-8.25692468245969,0.938521491723143,38.4182988640303,36.5285714285714,34.6164874551971,1.39454764362385,-4.14635590509314,-8.07835647001379,0.778157585142108,NaN,NaN,NaN,NaN,NaN,NaN,NaN,45.6000738862056,46.8847926267281,45.8957399103139,1.50442225768006,-3.6920427143765,-7.62296021412058,2.68388930770123,4.99405721216938,1704,39,1,224,406,6,0.202797202797203,182,27.519732342584,1,1358,15.6217036615443,-5.45985781814121,15,5.62377004635766,1.76491018188194,0.441585063141835,19.3672710145266,1
251120_Dupi_NMH_JL_2,audiobook,Dupi,DupiS2,JL,2,84,136414,1,92,656,1406,3002,1914,3828,3002.00000000001,1319.3280384195,1.398,1.62665611443839,3.00200000000001,34.0562228891515,34.3203883495146,35.304,2.18625907684426,-2.93883126427003,-7.44198799272695,1.09312953842213,39.8045074820959,39.7239819004525,39.224,3.08240233841827,-1.0127146785549,-6.22037437718327,1.54120116920913,41.0226433317644,39.9047619047619,42.976,1.81949035206819,-0.539227748306392,-6.49836951067801,0.909745176034096,38.3849305727663,37.8071428571429,42.48,1.69297742237356,-2.53906337431863,-6.54545667993423,0.846488711186779,27.6352137868958,26,39.352,0.64452105473916,-10.0475720817995,-11.2644205373505,0.32226052736958,39.1691227178804,39.2480620155039,38.5030487804878,2.87247149101007,-0.202070794326881,-6.16085566655861,1.88434129810261,42.2379896539488,40.6941176470588,45.5306666666667,1.59540235721287,-2.18617936342467,-6.70310786482001,1.19655176790965,NaN,NaN,NaN,NaN,NaN,NaN,NaN,42.9457868596057,42.3257328990228,44.4952978056426,1.60177603446139,-5.81963732581207,-9.09175197366575,3.0657993299591,4.21759119568919,282,46,1,42,370,5,0.184815184815185,144,15.7490404605039,1,1328,20.6571808006071,9.12290170097144,23,7.25775391247348,1.92463563071605,0.775960700006796,18.8525108754602,1
251120_Dupi_NMH_JL_2,audiobook,Dupi,DupiS2,JL,2,85,137915,1,92,554,1356,2864,1774,3548,2864.00000000003,1401.20680709352,1.296,1.77465207090894,2.86400000000003,33.8110264250775,29.2967032967033,35.376,2.03602851539207,-6.41430733084908,-7.56110913200079,1.01801425769604,45.4812941106887,37,45.916,0.561633461646752,-9.13967033101535,-10.9948923488487,0.280816730823376,41.9266321616002,41.9597701149425,41.828,2.46927210404583,0.274950754111321,-6.33633250540388,1.23463605202292,31.3121862497182,31.4836956521739,31.44,2.66954921654467,-3.69644921335997,-7.89604940409273,1.33477460827234,33.9311462629402,34.2513966480447,34,2.49795536425693,-1.60675887780729,-7.07934147356116,1.24897768212846,42.1955883730685,37,45.0469314079422,0.827447792943383,-6.75990021626106,-10.0457580529476,0.458406077290634,37.3894092688481,37.6436363636364,37.5785536159601,2.50317596571206,-1.02870558586325,-6.96419724843852,2.00754712450107,NaN,NaN,NaN,NaN,NaN,NaN,NaN,44.4448399498885,42.6413994169096,46.3889515219842,1.72680140237768,-5.01221453757374,-8.99113534272493,3.06334568781801,4.42712833218744,1772,32,1,492,526,8,0.262737262737263,100,37.6182357253653,1,1564,1.76171504458358,-3.11702088063423,18,5.34713053060121,1.59370211332246,0.362311240007722,18.5718070997616,1
251120_Dupi_NMH_JL_2,audiobook,Dupi,DupiS2,JL,2,86,139347,1,92,588,1216,3138,1728,3456,3137.99999999998,1405.24922516383,1.24,1.85544755963517,3.13799999999998,52.1771968169818,51.5157894736842,52.344,1.84040707132581,-10.0866718350775,-9.13967125497553,0.920203535662905,53.28823205395,52.1379310344828,52.48,1.06195846703294,-11.8630422034902,-11.736474952517,0.530979233516472,46.9895534813586,47.0096153846154,47.06,2.67327391276657,-3.76404147437826,-6.73647608610449,1.33663695638329,50.3891348860644,50.9183673469388,51.184,2.66449347341108,-5.75813903908838,-5.77460142896392,1.33224673670554,55.8867211441926,56,55.92,1.78590717225683,-14.0939797670586,-5.57710828554376,0.892953586128417,51.5815706811065,49.6438356164384,51.8095238095238,1.33332857953605,-10.4830181041797,-11.0228656090436,0.783997204767199,47.1829800047458,47.3724696356275,47.7006369426752,2.7259123220891,-3.37759085360485,-6.32650663033473,1.71187293827195,NaN,NaN,NaN,NaN,NaN,NaN,NaN,41.3446542887784,41.2095435684647,43.0601851851852,2.34262037334451,-0.9792997484831,-6.36433060440657,4.04804800513932,4.72617956467112,1034,44,1,504,364,7,0.181818181818182,104,25.8958816796617,1,1930,-22.8852210206792,-8.65559980645402,12,4.00797634414221,1.55356212810722,0.21942843906019,19.5049808750323,1
251120_Dupi_NMH_JL_2,audiobook,Dupi,DupiS2,JL,2,87,140916,1,92,504,1076,3350,1672,3344,3350.00000000002,1352.46342230155,1.156,1.88554805620337,3.35000000000002,40.8197289793312,40.7428571428571,40.84,3.14725333922938,2.47797927321606,-4.85898682960786,1.57362666961469,47.3627045538649,48.6194029850746,47.668,2.55228406890645,-4.19178630957358,-6.71289786489901,1.27614203445322,49.3992266713248,57,46.98,1.18999107742332,-6.12657201821773,-8.76010859743488,0.594995538711659,40.326281076316,39.9378881987578,41.216,2.33027664240455,0.977954747744732,-5.54279395853922,1.16513832120228,31.0048054205939,31.1164383561644,31.172,1.90766229381911,0.553316257798519,-6.61634721482324,0.953831146909554,47.4393569064055,48.7426470588235,47.7420634920635,2.55232835199293,-4.22047864147651,-6.71096593719897,1.28637348940444,48.9935109229967,57,46.7342657342657,1.09762125636031,-6.21996768769218,-8.64987975700777,0.627839358638095,NaN,NaN,NaN,NaN,NaN,NaN,NaN,36.9760642046813,36.7845188284519,37.1638755980861,2.17592291457074,-0.0146328051871408,-5.57035837427455,3.63814311316227,5.66220655451546,252,45,1,170,314,4,0.156843156843157,146,24.7509168360694,1,1596,31.4035287421742,-9.58341087579558,32,9.89950417297776,1.55425188782422,0.368828103387748,17.5880164414631,1
251120_Dupi_NMH_JL_2,audiobook,Dupi,DupiS2,JL,2,88,142591,1,92,544,1182,2930,1820,3640,2930.00000000001,1238.77398588644,1.3,1.52137093906255,2.93000000000001,35.6590872130917,35.6728971962617,35.212,1.73705323581859,0.364251060161872,-5.82042719032646,0.868526617909297,49.2010242824645,NaN,44.288,0.998483064390828,-8.81111154230812,-10.5813706780408,0.499241532195414,45.4686537756326,42,46.836,1.48121414726366,-3.57991525117829,-7.17132779405456,0.74060707363183,45.2581499725396,44.4761904761905,45.848,2.16170387407626,-2.37900039915177,-5.97040682312493,1.08085193703813,54.8086644649642,54.871921182266,54.468,2.77462663499415,-9.00568997646864,-7.24918988757536,1.38731331749708,49.4853810683979,NaN,44.9117647058824,1.02150090937693,-8.88654346539638,-10.4923548797647,0.555696494701052,46.0856800745874,42.5714285714286,47.0971786833856,1.4976877295801,-4.29815853993459,-7.20736597727571,0.955524771472101,NaN,NaN,NaN,NaN,NaN,NaN,NaN,53.3104515531972,54.2537313432836,43.8791208791209,1.15035393498514,-10.5388090670643,-10.9684050577856,2.09364416167295,4.8414435043232,2000,55,1,1188,374,6,0.186813186813187,146,21.1453853735424,1,1610,62.983115158414,-16.5847508095433,16,6.47300074205618,1.45266744063384,0.0542785282345686,18.4038045917889,1
251120_Dupi_NMH_JL_2,audiobook,Dupi,DupiS2,JL,2,89,144056,1,92,588,1262,2728,1702,3404,2727.99999999995,1233.04333669744,1.246,1.57928214117072,2.72799999999995,30.9708551599496,NaN,30.068,0.300531068941777,-8.14138124904457,-12.5482714767873,0.150265534470889,32.5401334592301,NaN,28.956,0.298082541487283,-11.338845159354,-14.5802621798489,0.149041270743642,51.3030666741391,51.5323741007194,50.252,2.42135185244016,-7.13239584409166,-7.00750405390861,1.21067592622008,51.0473623432263,51,51.044,1.47167007023558,-9.30176086036887,-11.4870271462839,0.735835035117791,54.8081722545496,55.890243902439,54.48,2.00281881014001,-10.1997790419653,-7.70629808180695,1.00140940507,36.8003826864637,NaN,31.656462585034,0.359343361233465,-10.5705330957267,-14.0314369513931,0.211293896405277,51.4578613217188,51.5323741007194,51,2.10881399464005,-7.92562717430422,-7.7126874212677,1.42134063238739,NaN,NaN,NaN,NaN,NaN,NaN,NaN,43.291810029414,41.0819672131148,46.4242068155112,1.89648110573057,-3.56588215114455,-7.79136837482728,3.22781084195342,4.46978942622806,884,53,1,676,328,4,0.163836163836164,108,32.2879201426621,1,1472,39.0514133940429,41.8225890497636,9,2.71043032218027,2.20966703309083,0.754616169505009,22.5524335864434,1
251120_Dupi_NMH_JL_2,audiobook,Dupi,DupiS2,JL,2,90,145420,1,92,604,1340,3094,1748,3496,3094.00000000005,1333.73371191159,1.274,1.74821214413245,3.09400000000005,52.6480693623889,40,54.34,0.767737169926689,-7.47153095539983,-9.16207052739158,0.383868584963344,37.7700016875661,37.5897435897436,37.896,2.46721977134488,1.28667876690761,-5.51671337761586,1.23360988567244,31.551011332745,31.4210526315789,31.608,1.41681472950779,-3.93606223369538,-7.89447196210223,0.708407364753893,49.2364495673125,50.1008403361345,47.424,2.01492713553751,-6.86855107248358,-9.28921399832428,1.00746356776875,39.8933897384236,33,41.724,1.3012558235396,-2.71946717666981,-7.18928846990692,0.650627911769801,36.8963115010298,36.7111111111111,36.7980132450331,2.36094154491078,0.756284314578338,-5.81378534339028,1.42600869312611,40.3666302345743,43.1192660550459,37.633152173913,1.61265930693496,-4.80865724401784,-8.68089890949339,1.18691724990413,NaN,NaN,NaN,NaN,NaN,NaN,NaN,42.2699285777542,42.5114235500879,40.7654462242563,2.19877407136963,-3.52295997705347,-6.85195407589708,3.84345707675411,4.98032668059352,82,39,1,20,288,5,0.143856143856144,126,19.7452217700746,1,1914,-13.4490608992601,-11.4806267912309,24,7.63114930507274,1.63007370377781,0.189367998813788,16.783134410897,1
251120_Dupi_NMH_JL_2,audiobook,Dupi,DupiS2,JL,2,91,146967,1,92,534,1060,3222,1718,3436,3221.99999999998,1381.7517678736,1.174,1.92433999137456,3.22199999999998,53.1590189877789,52.8888888888889,53.336,1.88488646831358,-11.1656696744356,-6.61890216845605,0.942443234156788,50.0181484428731,NaN,47.94,0.755799846657185,-6.59505154660895,-7.33904417293825,0.377899923328592,42.8798879440716,43.09375,42.34,2.11697999109801,0.533444007948588,-4.90955090748899,1.05848999554901,35.9432100867985,34.7363636363636,38.244,2.50839972038705,2.32292606141311,-3.67519922151993,1.25419986019353,37.1146564369454,35.1616766467066,38.752,2.63132585735384,-2.93753289069712,-4.94240945668959,1.31566292867692,49.0742371669667,44,47.689138576779,0.839320209816354,-5.99797448475807,-7.2312398474974,0.448196992041933,42.7464048819099,42.9913043478261,42.1939163498099,2.01411203834171,0.584017782046008,-5.10262142184807,1.05942293216774,NaN,NaN,NaN,NaN,NaN,NaN,NaN,45.9239325823148,44.7871621621622,46.2479627473807,1.73030779805745,-1.01070394176804,-5.80661764088576,2.97266879706269,5.10316573793501,1444,32,1,552,462,5,0.230769230769231,190,29.7351285877516,1,1514,-33.836463669133,-7.826236647188,22,7.249122282475,1.73219255772414,0.553145661491176,19.5993099155474,1
251120_Dupi_NMH_JL_2,audiobook,Dupi,DupiS2,JL,2,92,148578,1,92,522,1058,2982,1778,3556,2981.99999999997,1309.33281017486,1.214,1.80595652793133,2.98199999999997,37.0912058258403,37.25,37.896,2.24386315639546,-0.340431559156618,-4.80267426369271,1.12193157819773,39.101564116776,38.5508982035928,39.5,2.66296074115597,1.98634096345332,-4.74531475138633,1.33148037057799,44.0099266363873,40.7310344827586,45.9,2.41466081199189,0.64968298142523,-5.06553945001993,1.20733040599595,55.4755685269616,55.4313725490196,55.108,1.4062094665926,-11.3811582453747,-7.95343669316135,0.703104733296302,54.6093579147101,57,54.324,1.35990960549128,-11.9990973937682,-9.76889940166178,0.679954802745642,39.2554376500285,38.7640449438202,39.6053639846743,2.69373495283731,1.99768391124781,-4.74364633373914,1.40612964538108,45.1906523944292,40.6268656716418,47.3694029850746,2.28614713098557,0.114756428335811,-5.41821279040771,1.22537486220827,NaN,NaN,NaN,NaN,NaN,NaN,NaN,49.6273967331953,52.0771428571429,48.6085489313836,1.9806441520811,-4.83543725802387,-7.86787774615625,3.52158530240019,4.18892387693334,442,42,1,68,366,3,0.182817182817183,136,18.5580780099429,1,1840,17.4084613925251,17.3004057021625,21,6.92746495036503,1.32822316872477,0.0346503539525287,17.4214624255738,1
