sessID,task,cohort,group,participant,sessNum,breathIdx,onsetSample,goodBreath,nEv,inhalePeakMs,returnCrossMs,exhaleStartMs,exhaleTroughMs,endSymMs,breathLenMs,inhaleVolume,inhaleDuration,peakInspFlow,breathLength,w1_rfreqPW,w1_rfreqGated,w1_rfreqRaw,w1_rpowZ,w1_rpowDb,w1_bandDb,w1_aucZ,w2_rfreqPW,w2_rfreqGated,w2_rfreqRaw,w2_rpowZ,w2_rpowDb,w2_bandDb,w2_aucZ,w3_rfreqPW,w3_rfreqGated,w3_rfreqRaw,w3_rpowZ,w3_rpowDb,w3_bandDb,w3_aucZ,w4_rfreqPW,w4_rfreqGated,w4_rfreqRaw,w4_rpowZ,w4_rpowDb,w4_bandDb,w4_aucZ,w5_rfreqPW,w5_rfreqGated,w5_rfreqRaw,w5_rpowZ,w5_rpowDb,w5_bandDb,w5_aucZ,p1_rfreqPW,p1_rfreqGated,p1_rfreqRaw,p1_rpowZ,p1_rpowDb,p1_bandDb,p1_aucZ,p2_rfreqPW,p2_rfreqGated,p2_rfreqRaw,p2_rpowZ,p2_rpowDb,p2_bandDb,p2_aucZ,p3_rfreqPW,p3_rfreqGated,p3_rfreqRaw,p3_rpowZ,p3_rpowDb,p3_bandDb,p3_aucZ,p4_rfreqPW,p4_rfreqGated,p4_rfreqRaw,p4_rpowZ,p4_rpowDb,p4_bandDb,p4_aucZ,peakZ,peakLatMs,peakFreq,anyBurst,burstLatMs,timeAboveMs,nBursts,dutyCycle,maxBurstMs,peakZ_base,anyBurst_base,timeAboveMs_base,chirpSlope,chirpSlope2,freqSpan,freqJitter,apExp,apOffset,gammaBumpDb,gammaPeakPresent
251120_Dupi_NMH_JL_1,audiobook,Dupi,DupiS1,JL,1,1,1398,1,90,422,1000,1000,1454,2908,2016,742.738094364854,0.948,1.32886411571339,2.016,37.327555850979,38.8787878787879,35.748,1.62278179492031,-0.910598937266573,-6.77613969029411,0.811390897460156,26.1882219396997,26.304932735426,26.192,2.9309462330787,-0.72236088872292,-6.29603508937709,1.46547311653935,38.4497095817473,41,37.592,1.78717299141596,-1.05558133708883,-6.06599898053988,0.893586495707979,38.1460602068769,35.5819672131148,39.888,1.96603259957492,-1.90306784894901,-5.83835672921104,0.983016299787459,48.29338063534,48.1299435028249,48.664,2.41436370670266,-2.32624911137793,-7.56947380690547,1.20718185335133,26.4826108649788,26.5483870967742,26.3649289099526,2.707652823343,-1.0942972864722,-6.34948619989689,1.14262949145075,34.9189514116803,35.8333333333333,35.9273356401384,2.104550382001,-0.739618154041706,-6.0594542779129,1.21643012079658,36.8982992064457,35.5819672131148,38.4537444933921,2.00773937054924,-1.55058861935463,-5.63270747970281,0.911513674229355,42.0976785469311,41.2469135802469,44.3039889958735,2.27561134652588,-0.579151869297804,-6.43396737372533,3.30873889784863,4.96111044079514,476,25,1,26,558,12,0.278721278721279,88,49.9680698307876,1,1950,-8.35553025991274,16.2535824617561,30,9.32209903516276,2.69748486888503,2.49088739704769,13.747976356704,1
251120_Dupi_NMH_JL_1,audiobook,Dupi,DupiS1,JL,1,2,2406,1,90,516,868,868,1186,2372,2584,1010.56165743587,0.846,1.84012975992938,2.584,46.1257872086004,47,44.972,2.2154973457776,-2.26117519272936,-7.58622656963962,1.1077486728888,44.5020380935101,41.7272727272727,47.204,2.45860562250409,0.0487073568791233,-5.31625230980278,1.22930281125205,30.1981821805454,28.9663865546218,32.496,2.44811623320603,-1.42330170558238,-7.00754015468431,1.22405811660302,32.6667221065338,30.659793814433,34.172,1.74182867512688,-2.91578854768204,-7.61263977526197,0.870914337563442,51.4383146084718,50.6127450980392,50.112,2.90108345485155,-1.39756955378095,-4.4533581077828,1.45054172742578,44.4769555098564,41.7272727272727,47.0736434108527,2.42282868535843,0.145263127677747,-5.3502435144443,1.25017960164495,29.9115670551741,28.9830508474576,32.7670454545455,3.1334152487077,-0.846022164315636,-6.32336228685531,1.10296216754511,32.2382046190781,25.2222222222222,32.6037735849057,0.950555452033624,-3.81657569893112,-9.48959962309293,0.302276633746693,47.4178986393785,47.0611764705882,46.6391231028668,2.50319527820249,-2.9334821059897,-5.64687933818713,2.96878959994816,5.47246980816913,742,29,1,256,574,5,0.286713286713287,194,15.5556725288915,1,1486,-31.6717890343388,-26.5901477649161,32,10.6975167945882,0.858495519412271,-0.385535013113786,14.9754726897205,1
251120_Dupi_NMH_JL_1,audiobook,Dupi,DupiS1,JL,1,3,3698,1,90,586,924,924,1282,2564,3082,1140.52309612162,0.932,1.79445346994942,3.082,45.8611018378448,44.2957746478873,47.136,2.0683945225005,-4.54641788759287,-6.54053010293863,1.03419726125025,40.7158583515643,34,40.924,0.686117947586446,-8.58551768030402,-9.80464536899486,0.343058973793223,50.5982839805415,55,49.356,0.855873089917628,-4.42371959551486,-8.75351126141418,0.427936544958814,29.5884322773758,31.96875,30.312,0.896037298373428,-5.74231169140349,-11.3053381525689,0.448018649186714,35.8631067380188,35.9774436090226,34.88,2.24622625903688,-0.99363139832501,-6.2558209643509,1.12311312951844,44.5145001297744,50.8,42.9897610921502,0.797510072999928,-8.8124425095155,-9.54815870670507,0.467340902777958,49.7162845461372,NaN,49.5739644970414,0.791323782587954,-4.16000136604316,-8.99203752035399,0.267467438514728,32.2784680829287,NaN,34.0223463687151,0.449212192325789,-4.75715975054811,-10.57374585331,0.160817964852632,37.0368778498547,37.5,36.3432137285491,1.96259249260983,-0.803661219324258,-6.60200422652148,2.5160435755258,3.79420730901275,2000,41,1,1488,174,5,0.0869130869130869,62,21.9247798478778,1,628,69.5029406184785,-2.12305058249898,28,8.75694585316484,1.16712363062035,0.0141381442077805,11.586450407409,1
251120_Dupi_NMH_JL_1,audiobook,Dupi,DupiS1,JL,1,4,5239,1,90,670,1116,1116,1484,2968,3342,1505.20614886341,1.104,2.02986753097721,3.342,41.971857992886,42.2635135135135,41.732,2.33329103747002,-1.34324062335138,-6.24276006899977,1.16664551873501,31.6775784890921,30.265306122449,32.48,1.98901926660954,-5.80399672548828,-8.21461321712388,0.994509633304771,42.7495460440172,46.0746268656716,41.5,1.49382165202421,-2.96132835131265,-7.8502561987707,0.746910826012103,40.9047390839022,42.7861635220126,36.752,2.42958271282072,-3.69808574765604,-7.73708794677837,1.21479135641036,36.5076309869101,37.948275862069,35.628,1.61751744991086,-2.32342628505204,-6.72227895353648,0.808758724955431,35.1322770240076,34.758865248227,35.665671641791,2.0034790314877,-4.24755836972934,-8.0079506722022,1.34233095109676,44.706680728397,48.6463414634146,42.0807174887892,1.72701439788528,-3.65255898025328,-7.87443750123424,0.770248421456834,37.4180513458491,39.2673267326733,33.429347826087,2.28438378700064,-3.85880811765349,-7.78133550137686,0.840653233616234,37.7689362611138,37.0836012861736,38.0876010781671,1.95291405243744,-1.96303184849689,-7.12316960776602,2.89812445381716,4.01337537095758,1044,49,1,12,222,3,0.110889110889111,122,11.1083167230874,1,972,49.4892809713527,14.0363643130979,25,9.91576323616674,1.19754955766805,-0.105370570449139,13.0385051692544,1
251120_Dupi_NMH_JL_1,audiobook,Dupi,DupiS1,JL,1,5,6910,1,90,832,1378,1378,1740,3480,3980,1309.30229496165,1.346,1.73232119425356,3.98,51.1793945333363,53.75,48.636,1.50983157633967,-3.50901593846228,-8.02230809256125,0.754915788169833,42.7729058911928,42.0827067669173,43.244,2.23819726408589,1.61082927711088,-6.05083762659282,1.11909863204294,51.7208758568625,51.6178861788618,51.976,1.78730554873385,-9.1101690354937,-6.86734603412254,0.893652774366927,41.9705924672452,41.3558282208589,42.032,2.63137267657533,0.711394640304923,-5.31602639810629,1.31568633828766,38.8544791395993,38.7731958762887,39.048,1.87442013583911,1.73680960329798,-5.3524446824777,0.937210067919555,46.4852684728762,46.6640625,46.5697115384615,2.31633281609443,-0.316676721170057,-6.36368815884628,1.92718890299057,44.7120394816708,43.8932038834951,46.4578754578755,1.8703544584585,-1.1466825188842,-6.1806725704488,1.02121353431834,37.9149473182265,37.9857142857143,37.9779005524862,2.68303009186933,2.02719040322834,-4.05683558818552,0.971256893256698,34.9188423515591,34.2725118483412,36.6310344827586,1.96140889763711,-0.374270548121983,-6.80103293782444,3.41285148188858,5.00695886730434,1242,45,1,172,438,5,0.218781218781219,134,17.5524300796577,1,1654,25.8163536330867,14.6895820151115,16,5.44942175849757,1.98177184659645,1.05477406064614,17.93900066105,1
251120_Dupi_NMH_JL_1,audiobook,Dupi,DupiS1,JL,1,6,8900,1,90,608,1296,1296,1640,3280,3334,1321.9606726727,1.244,1.47129796263827,3.334,46.5951917866254,47.7124183006536,45.84,2.26450948143579,-1.60914557506205,-7.88514643979303,1.13225474071789,52.0562788651536,52.0357142857143,51.524,3.04759850445831,-6.0325691005696,-5.45517626879277,1.52379925222916,49.9637713758425,51.5714285714286,50.516,1.1240025766236,-4.86672283005467,-8.46810492535893,0.5620012883118,34.9187641852554,35.0844444444444,35.004,2.73245850979883,0.221210171988583,-5.42261009239103,1.36622925489942,36.4434295364462,32.6530612244898,36.888,1.49426666704898,-1.05930366606356,-8.13760601534151,0.747133333524491,52.7249437460156,52.6129032258064,52.6743421052632,2.82394027037269,-6.36700662670492,-5.72622984789107,1.71695568438659,38.9352319753643,36.6933333333333,43.3052325581395,1.81398577364266,-1.47586708569823,-6.33412482258716,1.24802221226615,32.8836591854076,32.8598130841121,32.9127906976744,2.02589956478601,-0.891356499048353,-8.23362467910376,0.696909450286388,44.6401272289848,44.046439628483,44.9951219512195,1.81188090322043,-1.20086122139174,-6.22433979703487,2.97148468128151,6.55095268622277,434,54,1,160,432,5,0.215784215784216,156,85.8402790945092,1,1986,13.34395750332,-13.9876056128336,27,9.32821800919913,1.25194119603752,0.134205291805568,13.5857003919177,1
251120_Dupi_NMH_JL_1,audiobook,Dupi,DupiS1,JL,1,7,10567,1,90,954,1596,1596,1976,3952,3912,1232.27597645341,1.54,1.37175075100224,3.912,45.0123472610586,42.9431818181818,46.212,1.78789973986688,-1.44676978664807,-5.44351271961649,0.89394986993344,39.53011436211,37.2615384615385,40.036,1.49309228672524,-0.603947555241461,-5.71552308173677,0.746546143362618,51.4769064588978,54.0353982300885,49.612,1.81978431423818,-7.55051943118413,-9.18199011725253,0.909892157119088,52.7560923883237,52.7604790419162,52.288,3.02071175025939,-6.89061997724822,-5.6954061148987,1.5103558751297,39.2408097790533,39,39.256,1.257219591793,0.450400062591536,-5.5429827817152,0.628609795896501,45.1419762719042,46.6193548387097,44.2557651991614,1.59228957475983,-2.67997875558535,-7.03342956133343,1.51904425432088,51.5431193635007,51.2307692307692,50.6230529595016,2.88080323444826,-4.05584940830698,-5.56691951216284,1.84947567651578,39.3698118157622,NaN,39.3157894736842,1.05485066976054,0.091410596692259,-6.06177521667646,0.400843254509005,40.176507917551,40.2973621103118,40.0374493927126,1.87438633296809,1.55641368940233,-5.62560557879434,3.70378739394495,5.12407265297847,1416,55,1,0,396,5,0.197802197802198,204,36.8884642136005,1,1580,-22.4686017833428,27.9579967990472,33,8.67596010179526,1.4913746715861,0.27390941898095,15.6515731696332,1
251120_Dupi_NMH_JL_1,audiobook,Dupi,DupiS1,JL,1,8,12523,1,90,652,1232,1232,1604,3208,3306,1099.09865392972,1.186,1.24614978535462,3.306,36.8151143517622,36,37.4,1.77170402069502,2.20482999025447,-5.75130198674898,0.885852010347512,37.70118359983,38.0277777777778,38.08,1.32308181116941,2.26296467892745,-5.53340591750629,0.661540905584705,36.7534725139917,37.2090395480226,37.836,3.06896273377124,1.70379524178898,-3.75783623012841,1.53448136688562,26.9413328438966,26,29.1,0.809037293969609,-4.99452090123345,-7.71235582130219,0.404518646984804,52.5336895118128,53.3671497584541,51.188,2.96630483504228,-5.53715742099136,-2.85160755572837,1.48315241752114,36.7192950582074,36.4897959183673,37.5276073619632,1.48336827753716,2.14434461267277,-5.14557696865871,0.967156116954231,37.1124209458843,38.0662251655629,36.0724137931035,2.19855548650876,-0.0188658055870016,-5.1901210468179,1.27516218217508,33.232589901254,39.9473684210526,30.6182795698925,1.53194353918199,-3.63937423347536,-5.2466298964038,0.569882996575699,46.6919630255328,47.6149870801034,45.3241895261845,2.18083517667816,-2.69903208913864,-3.84557360786544,3.49805962339177,4.9171260658677,2000,52,1,0,570,10,0.284715284715285,178,41.7482057479229,1,1812,10.7717700626067,2.41234600066997,30,9.50952452671108,1.59634729725461,0.464949922568401,16.9148906583121,1
251120_Dupi_NMH_JL_1,audiobook,Dupi,DupiS1,JL,1,9,14176,1,90,640,1276,1276,1670,3340,3522,1264.30827473164,1.228,1.52847447448794,3.522,47.3386450432317,48.2457142857143,46.376,2.43161623275929,-4.79760371128541,-5.85221236673808,1.21580811637965,49.1894155065977,49.0225563909774,48.976,2.24141862659002,-4.30340076913724,-6.36871430181262,1.12070931329501,50.7497040790475,58,47.912,1.75859782128004,-2.34672766127567,-6.94241444871133,0.879298910640021,50.045095257004,50.1686746987952,49.236,1.55097119699588,-7.22604327706647,-8.43982735304693,0.77548559849794,52.6265822681512,NaN,52.904,0.989774778055044,-11.1724512279526,-9.10915335691809,0.494887389027522,51.5851861168508,51.8134715025907,50.95,2.4051029278657,-4.8630975958753,-6.39866199411335,1.53926587383405,46.5114804152286,50.7,45.9937106918239,1.19774679358434,-2.96801865983357,-7.47656021848273,0.76176696071964,50.9457222243602,50,51.243654822335,1.80136975172194,-8.43529506923742,-9.52041088446011,0.709739682178443,38.151295988723,37.0243902439024,40.5473053892216,1.86948086161837,-3.14520831357271,-6.04745117100278,3.12203303890267,4.85178985303751,38,49,1,0,264,4,0.131868131868132,108,14.3919989104195,1,1390,3.50673496490229,-14.5929020731753,13,4.57898044586168,0.978474987672516,-0.251325594079838,12.0355090710037,1
251120_Dupi_NMH_JL_1,audiobook,Dupi,DupiS1,JL,1,10,15937,1,90,558,1208,1208,1578,3156,3296,1118.64564549216,1.154,1.35248580873389,3.296,34.4950474777519,33.4534161490683,36.02,2.30891106538191,-1.92810443932394,-5.01263800005332,1.15445553269096,40.5556485698035,38.3783783783784,42.636,2.09280428534178,2.77667959482225,-2.73324210210376,1.04640214267089,48.6215280891927,47.2,49.052,1.56187019906154,-1.46908902704735,-4.4086529941728,0.780935099530769,41.6046836465299,40.9397590361446,42.236,2.63202757530578,3.80590077069509,-3.14626432480152,1.31601378765289,42.1242046901931,39.4375,44.688,2.21661376319275,2.12492505866987,-3.10155808286989,1.10830688159638,40.1690304944565,38.1679389312977,42.0501792114695,2.10405376437085,3.01965163751019,-2.65805959567737,1.17406200051894,48.6253112862549,48.2285714285714,48.9046153846154,1.63673262977386,-1.74221483290001,-4.75713312161539,1.06387620935301,41.0233016253099,41.043795620438,41.5891891891892,2.77904928336345,4.4008176358782,-2.80224175850364,1.02824823484448,42.3020220095272,38.7120418848168,44.8795944233207,1.54195003697685,0.37795623529075,-4.89414086505595,2.43319715834946,4.53917338963065,1918,35,1,342,442,4,0.220779220779221,198,22.4114639644114,1,1828,-27.0051223676722,19.8999702236945,19,5.56808003000519,1.93840319694193,0.956406540556198,19.850838056166,1
251120_Dupi_NMH_JL_1,audiobook,Dupi,DupiS1,JL,1,11,17585,1,90,590,1302,1302,1682,3364,3308,1221.60181919492,1.224,1.54441658825347,3.308,53.448460573852,52.7037037037037,53.432,1.10980397624842,-9.18091452535248,-6.25423996690189,0.554901988124212,54.0788589938425,53.8606060606061,53.812,2.72358445449441,-8.21050993035974,-5.28531951217043,1.36179222724721,46.8782120180609,46.4661654135338,47.78,2.68724088520716,-0.469882086820032,-4.24101560389192,1.34362044260358,41.195832089185,41.3738317757009,41.772,2.87786897194804,2.04431195806267,-3.67960964488756,1.43893448597402,45.9053752379714,45.8066037735849,45.92,2.5781113077787,-0.965218746611022,-6.96203572416846,1.28905565388935,53.2861708870967,52.9903846153846,53.1593220338983,2.84007543762499,-6.82416118853669,-5.00507321829421,1.67564450819874,44.1972045473796,43.5,45.3876404494382,2.80950529927144,1.45670861678235,-3.68856489945631,2.00036777308127,42.171630741268,42.5649350649351,42.8684210526316,2.42801250027467,0.00909181011999545,-6.12768359428491,0.922644750104376,38.8590403195075,37.255737704918,40.8941736028537,1.73859452415427,-3.25495703522951,-6.07842584668326,2.92431598962747,5.17175371281103,694,43,1,88,838,10,0.418581418581419,242,30.3462855836763,1,1894,-11.0305444887118,-8.47182417091599,19,5.60297827773749,1.21494002968782,0.171831528275656,15.9149255496375,1
251120_Dupi_NMH_JL_1,audiobook,Dupi,DupiS1,JL,1,12,19239,1,90,554,1210,1210,1690,3380,3198,1250.87800433589,1.202,1.6728743933445,3.198,46.3607582312264,43.6103896103896,48.404,1.77134569126465,-1.4805760893462,-5.21756270475331,0.885672845632324,44.1438890995617,43.5555555555556,43.936,1.90950355257128,0.243779846805094,-5.53484544251964,0.954751776285642,30.7572909740728,30.7522935779816,31.736,1.89303965492365,-1.49065788154976,-7.1734635689039,0.946519827461827,47.7077796672685,41.2340425531915,51.124,1.21652695592175,-2.21000529748914,-7.35300562502818,0.608263477960877,43.3949464387105,43.2272727272727,43.748,1.82398106708037,0.249500823412806,-6.25304515389845,0.911990533540183,42.3263676256957,41.1140350877193,42.1624548736462,1.9055002067137,0.0112098041193297,-5.64667739959736,1.05564711451939,34.9007590134281,31.6702127659574,39.5884146341463,1.51516855073269,-2.85500873814525,-7.79837912650949,0.993950569280645,44.5189723921808,41.5068493150685,46.6375,1.44891959576878,-0.0711254546716824,-6.30036090521795,0.695481405969012,45.3248626633823,45.481981981982,44.9396449704142,2.27535260948509,-1.40237210967063,-5.78633708063913,3.84534591002981,4.31361747631476,172,53,1,144,108,3,0.0539460539460539,40,27.5813591042343,1,1402,-50.069436539556,1.19272713738043,28,7.55230581696283,1.36884649610393,0.364631713688913,13.8878266879175,1
251120_Dupi_NMH_JL_1,audiobook,Dupi,DupiS1,JL,1,13,20838,1,90,756,1368,1368,1894,3788,3602,1392.87755406379,1.412,1.56508205230982,3.602,38.8835169821887,38.8203125,37.484,2.25860463911632,0.158529500723968,-5.94717497208339,1.12930231955816,50.5882828842232,51.375,49.68,1.72806896323331,-6.23959027442025,-6.90754204072767,0.864034481616654,32.8185997360755,30.2148760330579,36.296,2.04766060124226,-0.872137124700368,-4.70764197221494,1.02383030062113,40.1025500487834,43.3189655172414,39.908,1.90210523143311,0.0953393980682715,-4.46617642010327,0.951052615716556,50.6369531226034,50.4677419354839,50.944,1.78984991921487,-4.66481621357462,-6.92430312668655,0.894924959607435,48.3041466113622,49.5441176470588,47.5396825396825,1.58869561817631,-3.32478810621951,-6.15190917133851,1.20105388734129,31.18743513883,29.8819875776398,32.6045751633987,2.23487885465219,0.286818308808653,-4.33433658226336,1.36774585904714,52.7786261269373,53.1843971631206,52.3536121673004,1.75592505929191,-5.56573678507044,-6.71498248912901,0.923616581187544,42.0532930492341,41.4809590973202,42.3220696937698,2.74367153045945,1.48119828128748,-4.15521959095627,5.1965138786902,4.59894202135902,902,27,1,836,164,4,0.0819180819180819,70,10.3501682743061,1,1024,16.1001707455891,-37.663118323594,30,11.0296172312151,1.87361056280816,0.840651400673873,18.0750522660805,1
251120_Dupi_NMH_JL_1,audiobook,Dupi,DupiS1,JL,1,14,22639,1,90,534,1228,1228,1640,3280,3200,1255.67782945515,1.21,1.5735485289072,3.2,43.748842239758,43.5654205607477,44.276,3.2865265293439,4.66426808089729,-2.96472788544184,1.64326326467195,51.9884176322734,52.7826086956522,50.428,0.885053763837297,-6.35952613235484,-5.65944459839311,0.442526881918648,34.0502720975997,34.468085106383,33.428,2.50737153256649,1.5727583561401,-3.70476847767148,1.25368576628325,45.8698748038447,45.8428571428571,45.236,1.36851551273589,-3.65409982431609,-5.82906092365243,0.684257756367944,35.0681941268568,38.9466666666667,31.34,1.30454871951076,-0.559354339970533,-5.11944131315668,0.65227435975538,51.2751786029685,52.7826086956522,49.3183520599251,0.861044398278829,-6.04269736929521,-5.75067855615543,0.459797708680895,37.6328313070218,37.3090909090909,39.7925072046109,2.18326441995777,0.271309560566942,-4.40775191145119,1.51518550745069,40.6398172318491,41.2727272727273,39.2378640776699,1.73249901085904,0.215514689355416,-4.37631362829556,0.713789592473924,31.7184833493259,32.4034090909091,31.6475609756098,1.90495694452555,-2.73324899580832,-5.80921405930259,3.12412938902189,4.63434205265663,744,36,1,696,232,2,0.115884115884116,198,9.21941077871084,1,698,-23.7666476949345,-33.5684110618975,28,8.04194416599509,1.22153568157516,0.309027349002601,15.1520925058536,1
251120_Dupi_NMH_JL_1,audiobook,Dupi,DupiS1,JL,1,15,24239,1,90,458,1116,1116,1628,3256,3038,989.090712334763,1.138,1.31567481886853,3.038,39.218355613327,39.15625,39.316,1.82423011558934,-2.40492830185457,-6.78723520365474,0.912115057794672,45.5709637276069,44.7162162162162,48.2,2.64859664448258,1.51265521680245,-4.24474657246463,1.32429832224129,36.2382340173959,35.3510638297872,38.1,1.89852282672256,-1.74383986810399,-6.95848435376562,0.94926141336128,55.8390539609863,55.8571428571429,56.224,2.73881963235891,-5.77773496845852,-7.9791765153774,1.36940981617945,53.6582286189918,54.0674157303371,52.556,1.62445861330798,-8.40346190013352,-10.9813237672197,0.812229306653992,45.2538085978441,44.7162162162162,47.3013100436681,2.81953422429449,1.87663951839973,-4.01417990947115,1.29134667472688,38.6197304811856,35.9090909090909,41.7659574468085,1.81805391436667,-1.97329994572877,-6.50202464605786,1.19627947565327,57.4784391868384,57.4926829268293,57.4453125,2.95041663652819,-8.91315002071507,-9.96095553849371,1.51061331790243,48.0876840492742,49.1133333333333,43.8673218673219,1.72234369943825,-5.1438107376708,-8.24953294248403,2.80397554268547,4.82258276591892,1360,57,1,58,638,7,0.318681318681319,246,19.8176078110947,1,1630,27.8182508062986,-23.583578367514,27,8.75800679902338,1.24678421114191,-0.0486564330716729,15.6332481520062,1
251120_Dupi_NMH_JL_1,audiobook,Dupi,DupiS1,JL,1,16,25758,1,90,538,1206,1206,1678,3356,3002,1222.58030705166,1.214,1.6011099745677,3.002,38.9973359818948,42.1818181818182,36.14,1.70147669572538,-1.43075854479416,-7.06400439900202,0.850738347862689,30.1548674846702,NaN,30.56,0.446008902125296,-8.05867468915148,-13.7103285149021,0.223004451062648,35.1908865037322,34,36.964,1.04794956050247,-6.64220634617406,-10.2781763447166,0.523974780251233,54.3519101398586,NaN,53.168,0.792494479864732,-10.630890436451,-12.1125699785444,0.396247239932366,46.5515812247464,46.44,46.544,2.02531523055197,-1.84304181844345,-7.0510231837007,1.01265761527599,30.2686822706783,NaN,31.1486988847584,0.422487041495133,-8.11637151619948,-13.6039401563545,0.227298028324381,36.8964894406884,34,41.6287425149701,0.847493807857329,-7.70776279725069,-11.2158597871228,0.566125863648696,52.012929779955,49,51.9661016949153,1.26871655372509,-7.38076715985549,-10.2246447964206,0.59883421335824,48.6243666586332,48.8323232323232,48.8402860548272,2.38948736674646,-2.80809417917825,-6.74964144147717,4.00955980140056,3.60413605737324,1712,49,1,1686,72,1,0.035964035964036,72,10.5773910427254,1,1260,10.0083475621324,1.69138720363271,15,5.591066408558,1.99706257023002,1.16752836052975,10.2174070959632,1
251120_Dupi_NMH_JL_1,audiobook,Dupi,DupiS1,JL,1,17,27259,1,90,450,1342,1342,1674,3348,3278,1010.29371948621,1.256,1.12694241216875,3.278,57.677922367808,57.7603305785124,57.584,1.86976447142939,-7.54132214681515,-8.42211360779537,0.934882235714695,47.0904979795034,47.1061946902655,47.596,2.45358545938948,-2.7589151263512,-5.90017617909425,1.22679272969474,36.4707064203285,NaN,32.012,0.621638837243458,-6.17753990145993,-10.3243246630681,0.310819418621729,45.4461136594403,46.4047619047619,42.372,1.32873777294026,-1.21673023787912,-7.02395049999274,0.664368886470131,54.2805783208918,58,53.252,1.46540115299263,-6.99170805720792,-7.20344888213802,0.732700576496316,47.1632719824168,47.1061946902655,47.7733333333333,2.55565529954014,-2.69003572477585,-5.79183824747351,1.15004488479306,40.1311505569305,42.6666666666667,35.762331838565,0.805859755195723,-3.52681277688083,-9.21615924825882,0.718826901634585,53.5191144640099,53,53.2228915662651,2.09812728412559,-3.2116834330682,-5.67915886731195,0.696578258329696,38.9171816865124,36.1977777777778,42.1278375149343,2.32086179234033,-1.24780871454173,-5.81191890014647,3.88512264037771,5.10040034381193,334,46,1,242,196,2,0.0979020979020979,158,13.2969153753623,1,1234,-12.3737431227471,-35.7239364275877,16,6.28894242402878,1.55253600152188,0.353260039102551,15.3457007696058,1
251120_Dupi_NMH_JL_1,audiobook,Dupi,DupiS1,JL,1,18,28898,1,90,584,1310,1310,1784,3568,3296,1669.53454793991,1.34,1.82082255984189,3.296,32.9545207632966,33.1666666666667,33.592,2.73881952123318,0.185674403731831,-4.60085386890376,1.36940976061659,28.3362957002654,27.8071428571429,28.94,2.31784167637776,-2.77975878083482,-5.78772468854325,1.15892083818888,40.5769187370746,41.3456790123457,40.052,2.41567110470456,1.93346932729276,-4.54474604255181,1.20783555235228,42.2504830488161,NaN,41.824,0.952020478446613,-1.64947540661273,-7.0475512869555,0.476010239223306,55.3753690121032,NaN,54.4,1.06699398164507,-5.93337762072203,-9.05764511478169,0.533496990822535,29.3123866358707,27.8071428571429,30.0993150684932,2.23641817297768,-2.13840455476379,-5.78550587534957,1.30606821301896,41.1403681936851,41.3456790123457,40.6694214876033,1.91755897380393,1.01557167105295,-5.23444787881664,1.39214781498165,49.1128943547911,NaN,48.4725738396624,0.802420454063332,-3.38069863676616,-8.14764196744268,0.380347295226019,46.676168137365,48.9202127659574,44.3991031390135,1.31860229627974,-5.33494124408936,-8.07845738382332,2.35238649656305,4.93649051996988,30,28,1,0,246,5,0.122877122877123,86,16.0357036170053,1,1244,14.7687345854676,22.0309301373432,17,7.04789965063208,1.939093223159,1.03203830695822,16.8162395831441,1
251120_Dupi_NMH_JL_1,audiobook,Dupi,DupiS1,JL,1,19,30546,1,90,594,1192,1192,1594,3188,3092,1193.41248718604,1.176,1.48472618368324,3.092,34.515873075512,34.3552631578947,34.328,1.37774718822994,-3.36995781678119,-8.28513206108208,0.68887359411497,34.9175197691698,35,33.58,1.86616570313735,-3.29071873947074,-7.4479695855909,0.933082851568675,42.0904147045964,NaN,41.864,0.779025887173011,-5.14916888599568,-10.0281768451749,0.389512943586505,48.4126876333497,46.1621621621622,50.312,1.76594057406863,-2.53976010668292,-8.45978324787055,0.882970287034314,39.1372658237219,39.0526315789474,39.404,2.45285007080126,0.623335814310768,-6.19701347410777,1.22642503540063,35.8895202214355,35,35.2289562289562,1.75910465704292,-3.22751375289951,-7.7208966339969,1.0449081662835,50.3519794414063,58,46.7090301003344,1.01266393205644,-6.79834588624862,-10.0860439156041,0.60557303136975,41.9578200656499,40.1333333333333,44.3084577114428,2.05434625067706,0.00261482276655728,-7.30762234868783,0.825847192772179,41.3441858674527,41.7096774193548,42.1003764115433,2.51496179714499,-1.16385540114908,-6.66206390462377,4.00884910464911,4.24117405352274,296,35,1,254,240,3,0.11988011988012,98,8.49553843151952,1,1070,45.956365016126,12.1047195444225,23,6.3927194623134,1.47761222334194,0.302627308331273,15.8386838158112,1
251120_Dupi_NMH_JL_1,audiobook,Dupi,DupiS1,JL,1,20,32092,1,90,620,1174,1174,1532,3064,3102,1133.15021552307,1.142,1.449981042917,3.102,42.7248187155009,46.0486111111111,41.792,2.14351569814128,-4.48056101685403,-7.55475269112186,1.07175784907064,42.594423475428,42.843137254902,43.652,3.20503953341491,0.226296309213429,-6.14065774345799,1.60251976670745,52.9416605421265,52.9929577464789,54.112,2.70521332066827,-6.05543191567695,-6.39516485418263,1.35260666033414,54.6509541548979,NaN,54.192,0.804704927584838,-9.92309899347531,-10.6884565191661,0.402352463792419,54.9865170711209,54,55.176,0.865096370733184,-10.847485706053,-9.77611926888185,0.432548185366592,45.1879163627076,45.7301587301587,46.258064516129,3.1223367948622,-0.56437505604056,-6.14220446246918,1.93584881281456,52.3737356038457,50.436170212766,54.6823104693141,2.15833639100571,-6.63660118719534,-7.64388244948199,1.19571836061716,52.1610515758472,NaN,52.3575418994413,0.669545683528184,-9.63871777598984,-9.96956216885392,0.23969735470309,44.3608093532071,41.2417582417582,46.3394255874674,1.26360262220131,-3.04742685449478,-8.51585928825615,1.9358392172124,5.81212058351137,704,50,1,0,548,5,0.273726273726274,158,17.3651604038879,1,1718,61.2107759438437,13.3371794394611,26,9.14884938832268,1.32713120169042,0.290723059775444,12.7704980428673,1
251120_Dupi_NMH_JL_1,audiobook,Dupi,DupiS1,JL,1,21,33643,1,90,910,1350,1350,1738,3476,3459.99999999999,1215.86001859234,1.346,1.68170346990671,3.45999999999999,42.5799388464188,41,43.676,1.11569945878048,-2.37358982846473,-8.52686906607306,0.557849729390239,29.5299233351449,29.5816326530612,29.428,1.81195221397703,-4.02162116011447,-8.9564768051536,0.905976106988514,33.1182490190084,32.5,32.548,2.79277971162412,-0.844105823535098,-5.98720561799899,1.39638985581206,33.5325248148179,35,33.068,1.78132270122263,-3.87342227996691,-6.92649798295268,0.890661350611317,41.9995653610372,44.5454545454545,41.028,1.50574950688675,-1.38694384123954,-7.28344351726653,0.752874753443375,31.5843668601711,31.4914089347079,30.6901098901099,2.40241467538298,-1.90694337595273,-7.26086523237176,2.18619735459852,32.693192354703,34,32.6,1.40216604843736,-5.57713117225263,-7.93388937004439,0.616953061312438,35.4252416109466,35,36,1.65798096385547,-2.81462090979862,-6.43235544094959,0.643296613975924,47.2451065336546,49.3541666666667,44.174913693901,1.65785134891793,-4.31775316889655,-7.5278736343813,2.88134564441937,4.33724735727586,750,37,1,84,418,4,0.208791208791209,214,22.9564466999266,1,1924,-3.48131284386264,10.7562251088696,18,5.71251035836738,1.2554592053916,0.140274850296134,11.4266053468909,1
251120_Dupi_NMH_JL_1,audiobook,Dupi,DupiS1,JL,1,22,35373,1,90,900,1344,1344,1702,3404,3516.00000000001,988.190196319233,1.324,1.32487676926614,3.51600000000001,31.6758598295995,31.625,31.848,1.66375725534919,-5.59371922248291,-10.7700717424729,0.831878627674593,47.1917257947309,47.21875,46.436,2.5821333558384,-3.14406817875176,-7.70733162037558,1.2910666779192,42.9738338583377,43.28125,45.488,2.45486992981195,-3.41515732890494,-8.4846950343387,1.22743496490597,30.8082613651213,31.2540540540541,30.964,2.56079159708078,-3.62086014223631,-8.15569367607782,1.28039579854039,29.763566575791,26,30.46,0.673083885804832,-6.40574575802542,-11.6847027845479,0.336541942902416,46.5194300007622,46.5731707317073,47.0688888888889,2.43033782433369,-3.5054014128291,-8.05300812917271,2.18730404190032,32.288277065898,32.5515463917526,32.4864864864865,3.03289374470652,-2.75420260340948,-7.92031763491591,1.34660482264969,29.4378551083974,29.6666666666667,29.3519553072626,1.01306520138288,-6.06414739039601,-10.4113160358607,0.362677342095073,36.64016982566,37.125,36.3760282021152,1.55906870569867,-3.46342774153507,-8.8600189423152,2.65353493709913,5.50146925970028,294,49,1,222,512,7,0.255744255744256,186,97.830440888807,1,1778,6.76835515082525,-14.0317117653627,25,8.42322585192992,1.5991660417956,0.808384409050964,10.4984035758044,1
251120_Dupi_NMH_JL_1,audiobook,Dupi,DupiS1,JL,1,23,37131,1,90,616,978,978,1386,2772,3197.99999999999,1088.30541424799,0.99,1.71888163804938,3.19799999999999,50.4083982496203,49.0098039215686,50.256,1.88464721217964,-7.07140233547008,-8.08160144146673,0.942323606089818,30.7107110521717,30.4363636363636,30.936,1.77478667799863,-6.18271258027225,-8.03637946131327,0.887393338999317,37.6137771742458,36.8344370860927,38.492,2.47897295504085,-1.12846467801519,-5.83023717806857,1.23948647752042,29.2876563976212,29.0845070422535,28.652,1.41763817737016,-6.47098923515288,-10.0309317634226,0.708819088685078,34.4810724640696,32.0373134328358,38.336,2.01615267587406,-4.35052811848838,-8.17343164630052,1.00807633793703,31.210426723106,31.077380952381,31.1915584415584,2.11544916355336,-5.68196466134677,-7.72682507014706,1.30311668474887,40.7437858450889,39.6666666666667,40.8729281767956,2.16191439949184,-0.346964289906224,-5.53760309366316,0.782613012616047,29.7383900939646,29.375,28.7352941176471,1.08658059912522,-7.0448932092191,-9.79573776350537,0.443324884443089,43.0655718113252,41.2844243792325,43.5598845598846,2.56294096513696,-1.92836248268375,-6.17093908022754,3.55223617767982,4.0828448560279,558,32,1,482,288,5,0.143856143856144,102,19.4840890564771,1,1570,-4.99335989375831,17.3792198607958,17,4.26539824931961,1.17941035958151,-0.0147227471449671,14.2111998874347,1
251120_Dupi_NMH_JL_1,audiobook,Dupi,DupiS1,JL,1,24,38730,1,90,866,1320,1320,1792,3584,3484.00000000001,1116.80618269028,1.318,1.52437727248283,3.48400000000001,45.3074777037515,45,44.588,1.14768759370072,-0.713742499798293,-6.51654309429525,0.573843796850362,34.0885651862003,39,31.6,0.842273889773173,-3.19757261661315,-7.26384547946326,0.421136944886587,30.0912711279436,30.6944444444444,28.824,0.857403798845304,-6.10342714759707,-8.78519837757426,0.428701899422652,34.7718828337634,30.4310344827586,39.068,1.29864865140645,-4.33883899131416,-7.01107139292031,0.649324325703223,44.8082951057024,45.3911111111111,46.296,2.61004943880313,-0.757652999417039,-4.43347971695015,1.30502471940157,32.3667598867772,39,29.9214780600462,0.675087402926588,-4.72537065479709,-8.17269593595879,0.584625690934425,31.4310865286334,30.531914893617,32.6563876651982,1.81640815024822,-3.08403437274565,-6.02287871750883,0.824649300212691,52.7922144671805,52.9173553719008,51.9830508474576,1.62497083565208,-4.26453893880669,-6.0734994846546,0.766986234427781,45.407943969248,45.1812865497076,45.3805803571429,2.3019864978015,-0.386471054029669,-5.19575393356323,4.12515980406029,4.40598212524171,1116,29,1,892,218,5,0.108891108891109,74,24.9736348202543,1,1218,-34.4177575412635,7.06740611158671,29,10.5827845099907,0.987377478552444,-0.120058251401073,10.7850813752028,1
251120_Dupi_NMH_JL_1,audiobook,Dupi,DupiS1,JL,1,25,40472,1,90,732,1264,1264,1658,3316,3000,1322.31295233338,1.24,1.51156398750327,3,49.6349498387328,49.75,48.972,2.60985402249232,-0.720925305302665,-4.55800294146689,1.30492701124616,53.0337648078932,53.010989010989,53.26,1.81850687897091,-5.9859935223157,-6.72577495379639,0.909253439485454,42.0675743875661,40.3119266055046,45.9,2.08961163173748,-4.94020311897248,-6.65192905213105,1.04480581586874,34.8582805168471,38.0985915492958,34.416,1.604851077731,-1.41763893928951,-6.62114441696628,0.802425538865501,42.9513475097406,42.9523809523809,42.512,2.11529065309229,2.76281058359289,-4.38239152376117,1.05764532654615,52.3608654795514,52.2534246575342,52.9262295081967,1.98428207597126,-5.67106788969596,-6.86466056441104,1.45249447961097,31.2153396446164,30.6507936507937,34.8796992481203,1.56521082977508,-4.81716144373645,-7.03391651140923,0.832692161440344,38.9601985615749,38.1129032258064,41.2182741116751,1.36509823955283,0.355991657956205,-6.22735508558422,0.537848706383816,45.7896390620747,45.6865671641791,45.9686369119421,2.02590215156164,0.85972772762403,-5.122463445677,3.3589457672892,4.86178271113458,530,51,1,0,550,5,0.274725274725275,186,15.411050609232,1,1036,-6.35211534813129,-26.6340678155358,25,7.76499915551915,1.35766041748638,0.478738677618874,12.570135076208,1
251120_Dupi_NMH_JL_1,audiobook,Dupi,DupiS1,JL,1,26,41972,1,90,786,1582,1582,2018,4036,3593.99999999999,1470.54534632884,1.528,1.67571011786228,3.59399999999999,50.9358917510486,51.0396825396825,49.96,2.07438742162925,-3.54281721215484,-6.627754039058,1.03719371081462,49.096924430206,49.3744680851064,49.388,2.98601033106053,-1.11878169148242,-3.98252011444849,1.49300516553026,49.7761815516164,46.7111111111111,52.348,1.88413032698878,-4.28792295117729,-6.47354014337191,0.94206516349439,44.1340937274391,42.2588235294118,46.484,1.5752346351993,-3.64692249772808,-7.15215497145719,0.78761731759965,30.829595577099,29.0307692307692,34.184,2.33410677067695,-2.60351892910097,-6.12184597150338,1.16705338533848,50.1724801662507,49.9530201342282,50.969465648855,2.67751555096062,-2.04069471733411,-4.6529370523169,2.10452722305505,44.8147400202701,40.2946428571429,48.5,1.48966901665234,-4.18582560934976,-7.17472843230161,1.18577653725526,29.2171164251115,29.0307692307692,29.7798165137615,2.56674552357554,-2.02855060647234,-5.93906572089239,1.11910104827894,44.4619919969778,43.5217391304348,45.1493440968718,1.82349088347148,-0.404611149038608,-5.99078580483125,3.61415893104047,4.5486604392222,564,56,1,0,620,8,0.30969030969031,172,26.314808441437,1,1434,-26.7190286473155,5.79158447165669,33,10.2293648806431,1.2654525682842,0.0460287633595358,16.3203736946163,1
251120_Dupi_NMH_JL_1,audiobook,Dupi,DupiS1,JL,1,27,43769,1,90,534,1232,1232,1690,3380,3276,1298.13235520804,1.202,1.61413146492014,3.276,31.1044909042189,26.6440677966102,35.484,1.52240928683514,-5.98441841355014,-6.26484530108052,0.761204643417569,39.6820897936263,37.8608695652174,40.06,2.03036728452217,1.84463618860865,-5.5463830301342,1.01518364226108,31.8116653822117,31.1705426356589,32.188,1.90226937314366,-1.93871459491277,-7.19326084762809,0.95113468657183,38.234770247564,36,37.852,1.12253974168958,-1.71478424065605,-7.41306773588616,0.561269870844788,43.5255266085788,42.9322033898305,43.6,2.53914126659891,2.12739006264961,-4.75409937443434,1.26957063329946,39.0237534946001,36.8484848484849,39.4194756554307,2.03978896200542,1.65246860992236,-5.670785270648,1.08924730571089,33.1727455404825,32.551724137931,33.8595988538682,1.67976584160123,-1.3130422221832,-7.0828278593615,1.17247655743766,42.4390836344852,33,41.3013100436681,1.16196517352383,-2.01050139395826,-8.10529139866241,0.532180049473913,45.8606634341326,46.311004784689,44.9218934911243,2.31294273154658,-0.689796593764093,-5.27772292261921,3.90887321631372,5.07574287212544,1820,44,1,248,246,4,0.122877122877123,152,25.7674266874087,1,1452,-44.0030354771391,-4.25559236237764,15,5.07235647090137,1.52383285627568,0.477483909670821,14.5258544649032,1
251120_Dupi_NMH_JL_1,audiobook,Dupi,DupiS1,JL,1,28,45407,1,90,496,1012,1012,1786,3572,3134,1119.55078335504,1.278,1.5386377850805,3.134,37.1582388886384,35,38.284,1.39692530839049,-1.22215243081576,-7.19890617296287,0.698462654195247,51.5763729602997,52.3008849557522,51.284,1.77797878469055,-6.81844705125105,-7.75305276344027,0.888989392345275,46.9242952963781,46.379679144385,48.128,2.60663471122294,0.277555630629149,-4.38240352167116,1.30331735561147,29.2499131491077,29.4569892473118,29.66,2.81152903577659,-1.3454768282039,-3.82039163439213,1.4057645178883,32.8144223632363,32.6326530612245,35.516,1.88997827857432,-3.32604708219041,-7.53308903977872,0.944989139287158,51.562321562927,52.3008849557522,51.2459677419355,1.78664215701936,-6.79178423011068,-7.77985268894685,0.886174509881605,46.5049937936359,45.9326424870466,47.8139534883721,2.60784955345048,0.208394558162614,-4.34950097393341,1.34565036958045,28.6891963672834,29.2423076923077,28.9173126614987,2.63535946928242,-1.68700745092518,-4.70031886619004,2.03976822922459,47.339586180541,47.5571030640669,47.0582306830907,1.83657201570802,-2.71044407946466,-6.22474464786931,3.28011762005452,5.28926907588297,1450,26,1,6,586,9,0.292707292707293,148,20.9058154195394,1,1616,1.45171694175679,-13.86505750549,29,10.5093601825214,1.82655889703888,0.676597289541529,20.7915413635578,1
251120_Dupi_NMH_JL_1,audiobook,Dupi,DupiS1,JL,1,29,46974,1,90,694,1442,1442,1792,3584,3522.00000000001,1358.70124900263,1.374,1.70221581943033,3.52200000000001,52.0333441891803,52.55,50.656,1.95882607294706,-4.29727920479782,-7.25901662680605,0.979413036473529,45.6942330151352,45.2882882882883,45.588,2.34050787492835,-1.43231286442966,-4.74107360207494,1.17025393746417,35.7840689002664,36.1377551020408,35.908,2.92054869357421,0.94515836794531,-4.57800036333043,1.46027434678711,36.6398011538187,34,38.028,1.4310961398843,-0.00842529984848255,-6.37313647905974,0.715548069942149,33.6790043358458,29.7894736842105,36.804,1.3055798413484,-4.81718422215136,-7.4895436362431,0.652789920674199,43.4838240758439,42.5075376884422,43.6772334293948,2.49271491912807,0.288635875238407,-4.5371338291897,1.72994415387488,35.667254206908,34.4888888888889,36.9679144385027,1.89661018783237,-0.272171602501051,-5.78342770292466,1.41866442049861,30.2224136348504,30.3134328358209,30.0571428571429,2.01525649785435,-3.65883441297113,-6.17159719906116,0.705339774249021,47.7679575547359,45.4955357142857,49.109375,1.47307332413792,-3.59892171165667,-8.10577124747378,2.63974739685516,5.81331320241976,844,34,1,0,472,5,0.235764235764236,148,37.5167320705453,1,1914,-13.938531587934,-20.303066959467,21,5.7928604264387,0.881148354337165,-0.225107339238089,14.6299881839605,1
251120_Dupi_NMH_JL_1,audiobook,Dupi,DupiS1,JL,1,30,48735,1,90,636,1462,1462,1892,3784,3518,989.492446651289,1.426,1.19423819744336,3.518,48.1697040905657,47.2710280373832,48.716,1.78889467486496,-1.60990501943798,-7.5975010898827,0.894447337432482,33.4311808976026,NaN,33.176,0.744229751687127,-6.92364435350342,-10.9391493121916,0.372114875843564,47.4638537114081,48.0456852791878,49.608,2.99250455913762,1.0089465114952,-4.5866129217666,1.49625227956881,36.8608096285181,35.7285714285714,37.936,1.43882858277267,-1.38075993618804,-6.88748981714341,0.719414291386333,33.4621947782441,34.3114754098361,33.296,1.40738253943675,-4.19655004833483,-7.56309134884886,0.703691269718377,44.431357171087,56,38.0566037735849,1.14142226279073,-7.26596980056475,-9.95457936178962,0.725944559134907,41.9388913432353,41.4341463414634,42.2542372881356,2.20504632262791,0.683418782351746,-5.25598709071538,1.82136826249065,32.946780818483,33,33.0046511627907,1.09208927675568,-5.62970558635918,-8.7422026573435,0.469598389004942,44.6513297082792,45.1945392491468,43.7748414376321,2.0899967045044,-2.29103109168024,-7.12805551719168,3.95427376492232,4.95487484515345,908,42,1,550,358,4,0.178821178821179,236,24.7643012366303,1,730,21.0092961487384,25.3919306212082,24,8.43103242825935,1.20973542098712,0.211502232568426,14.5651448217337,1
251120_Dupi_NMH_JL_1,audiobook,Dupi,DupiS1,JL,1,31,50494,1,90,522,1024,1024,1580,3160,3239.99999999999,894.615721185281,1.088,1.26947229420534,3.23999999999999,28.6298674649872,27.8831168831169,29.496,2.47573159645685,-4.60756692898818,-7.53499196052163,1.23786579822843,46.3763444362495,48.2536231884058,45.54,2.11774157886544,-5.23277987768771,-8.55985165989101,1.05887078943272,52.5900961722568,55,50.024,1.74551940720338,-4.98413724877475,-9.95948994800073,0.872759703601692,38.8102838801737,37,41.028,1.43907681372436,-3.90460556076068,-8.52256144274843,0.719538406862182,37.4485066106945,37.1710526315789,37.68,1.41120449960587,-1.71885118127777,-7.37343075292344,0.705602249802934,46.3838282602761,48.2536231884058,45.6091954022989,2.03853647250639,-5.25951653875698,-8.62236302062655,1.06411603864833,52.5766566164777,55,50.003984063745,1.74107885284873,-4.98581269014232,-9.90892181810456,0.874021584130064,38.6285238107524,37,40.1223021582734,1.34413535815806,-4.12564441970407,-8.67012382868417,0.747339259135879,46.6639129866733,47.1312335958005,45.4240506329114,2.0166559168697,-3.93782320860378,-7.19801107763981,3.18631634865413,4.3154187528316,864,55,1,292,210,5,0.104895104895105,68,10.1920524116727,1,1280,36.0724720166951,5.30101983846354,26,7.94618540490473,1.45160825147249,0.114066441160717,14.3842504645491,1
251120_Dupi_NMH_JL_1,audiobook,Dupi,DupiS1,JL,1,32,52114,1,90,762,1330,1330,1762,3524,3226,834.628864658524,1.346,1.00145792511047,3.226,43.8648054907287,38,45.392,1.65953815407902,-2.60455323618671,-8.72597519643532,0.829769077039512,44.4907308743101,43.219512195122,46.144,2.34860748343698,0.267248063642536,-5.02450293187375,1.17430374171849,47.6292334005808,48.1322314049587,48.956,1.97658312014101,-5.22483744538192,-8.86209516461235,0.988291560070506,27.0472563654583,27.1657142857143,26.644,2.85352942757753,-3.13923492451718,-6.66137809629881,1.42676471378876,35.8873915405304,32.7252747252747,39.328,1.63536055625536,-5.02129539392032,-7.09830106584443,0.817680278127681,47.5801502738427,47.178947368421,48.9291338582677,2.24798463103028,-1.29157965821596,-6.16013983208733,1.71296428884507,31.2295146816054,31.3756613756614,34.0457746478873,2.68323998085886,-2.9313125044129,-7.24980250924646,1.52408030912783,29.3062000554775,29.9230769230769,29.1527777777778,2.07957447811198,-3.9287391831878,-6.24833475987464,0.898376174544377,49.3303747197304,50.2267206477733,49.1475595913734,1.78830422162702,-5.060037082731,-8.40695690769891,3.1509920385068,4.87079394193553,312,41,1,220,540,5,0.26973026973027,174,17.1929776466382,1,1670,3.03547713906278,-3.73264599694792,30,10.363149933108,1.05011337704808,-0.0930988204585716,14.6549501088946,1
251120_Dupi_NMH_JL_1,audiobook,Dupi,DupiS1,JL,1,33,53727,1,90,610,1174,1174,1644,3288,3070.00000000001,879.52364697151,1.158,1.18172769713142,3.07000000000001,37.4490373158893,35.25,39.372,2.12258787240861,-3.65736214263528,-8.16425342328661,1.06129393620431,45.1012197064428,37,44.752,1.16332435253593,-4.52404074294605,-9.85322362896841,0.581662176267966,40.9862451504998,41,40.236,2.61888916060823,-0.534964716549711,-7.50360282826835,1.30944458030411,44.7843693246949,41.8854166666667,45.336,1.82949876582516,-3.37439329847478,-8.32088050245466,0.914749382912578,53.1711155090458,55,51.796,1.14056883478344,-7.92138556980385,-10.6095363522087,0.570284417391718,42.2011590040154,35.5526315789474,42.9868852459016,1.34545159532847,-4.45720188454778,-9.55568759220674,0.820725473150369,41.773506727046,41.7817258883249,41.3262411347518,2.70403819578185,-0.114174932614664,-6.98771325939456,1.52507754242096,49.1334958510414,51,48.1063829787234,1.27476739546263,-6.19724487727527,-10.1513497391009,0.599140675867434,43.2571130532959,42.2172284644195,44.0827250608273,1.63049823020893,-4.26086545925762,-9.96065966266818,2.68053909046348,4.82901864174111,916,43,1,820,222,1,0.110889110889111,222,14.6320477251623,1,1040,-25.5147030923923,-2.98535377972979,21,5.85586894360433,1.55250265669351,0.37956180901152,15.2848753023012,1
251120_Dupi_NMH_JL_1,audiobook,Dupi,DupiS1,JL,1,34,55262,1,90,560,1172,1172,1674,3348,3104,1134.93842218233,1.182,1.49572180168079,3.104,44.2639567939846,43,44.86,1.07720946105973,-3.80943118977133,-9.54389964543112,0.538604730529866,27.6390987608388,27.4512195121951,28.944,1.47253645079912,-4.88758834337066,-11.9420213831273,0.736268225399561,35.9543864964902,35.6760563380282,35.86,2.06705221077385,-5.41523838031406,-9.48542155456361,1.03352610538693,36.7869389495535,34.5847457627119,43.848,2.17893136316983,-4.39290419766126,-8.78429898392697,1.08946568158491,43.6573646571948,44.1407407407407,43.32,1.97600522984686,-5.16069728691158,-8.96785722885943,0.988002614923429,28.4744798916658,28.5267857142857,29.2142857142857,1.67648768018125,-4.80642345434999,-11.6562125489691,0.938833100901501,36.147977583603,36.0959595959596,36.0980392156863,2.56180916225494,-3.83946626377273,-8.59823339309399,1.56782720730002,44.9022513408354,43.7755102040816,48.605577689243,1.50517872648269,-7.11088368442704,-9.6933250836237,0.755599720694311,35.8818263614431,36.9915014164306,36.0059737156511,1.97474840545657,-3.42255201359689,-8.78156741452567,3.3057288307343,4.60026896204342,1072,36,1,510,280,2,0.13986013986014,222,29.9329548097206,1,1540,-13.0939100739898,22.0252540291063,24,6.72241760716542,1.32262033091418,0.267017710655445,9.24186277316195,1
251120_Dupi_NMH_JL_1,audiobook,Dupi,DupiS1,JL,1,35,56814,1,90,630,1256,1256,1702,3404,3376,1944.06012552887,1.202,2.64324146575734,3.376,36.811779235037,40.7151898734177,36.152,2.70148914866342,-2.53540471687361,-8.42681265960021,1.35074457433171,49.3267089830474,48.0576923076923,51.952,1.64642639378546,-2.70219390229274,-7.60724668110249,0.823213196892732,52.6675961742363,52.8913043478261,53.124,1.0747921644607,-7.93571831391523,-9.42720658285871,0.537396082230351,41.967045773844,40.0138888888889,44.508,2.32669805298573,-3.88614232423942,-6.1152317045471,1.16334902649286,54.0576299884895,54.4365079365079,53.892,2.09370397005566,-7.69738223329593,-6.70490656683344,1.04685198502783,49.7730086782605,48.0576923076923,53.2,1.37757310081547,-3.55437039944499,-8.09346681491089,0.867871053513745,41.556393286411,40.0533333333333,44.5750798722045,1.95661248158624,-3.97092717862705,-7.25552113448023,1.22483941347299,55.2273364734866,55.2824427480916,55.1210762331839,2.14017787908675,-9.74123461224776,-6.3591903082592,0.954519334072691,52.4225796159543,52.5852941176471,52.5475910693302,1.90999534609973,-5.38502849297754,-6.74825755476197,3.25081207906174,4.84079120832043,1220,34,1,0,236,4,0.117882117882118,100,58.6980575183406,1,1994,26.0531208499336,-3.2685078348904,22,8.33713882117604,1.7725213859708,0.671425040240225,18.7055522525557,1
251120_Dupi_NMH_JL_1,audiobook,Dupi,DupiS1,JL,1,36,58502,1,90,812,1288,1288,1630,3260,2952,1630.99495244792,1.24,1.71419943629569,2.952,56.4964339979534,56.7073170731707,56.212,2.40284113151523,-9.72689564552276,-7.47050257001669,1.20142056575761,41.0383944164806,43.6623376623377,40.608,1.65845074115292,-4.21361508740557,-9.18433032000971,0.829225370576461,45.8382337598397,45,46.632,2.72900656035258,-1.59324141839818,-5.2710635127796,1.36450328017629,48.9159704127169,51.1194029850746,45.704,2.38729655999859,-4.52975487879993,-8.80411813868907,1.1936482799993,38.5498312905263,35,39.008,0.945725652696708,-3.66432805495609,-9.26422780528968,0.472862826348354,43.0722956016141,44.0454545454545,42.2709359605911,2.29394000442229,-2.41944061321673,-6.82230007791243,1.8626792835909,51.9746738898828,52.4184397163121,51.2731092436975,2.62923425255299,-4.49576966215823,-7.66699445973284,1.25151550421522,35.4289708031125,35,36.4736842105263,1.60902547755701,-3.87753126181983,-8.59868253211513,0.550286713324497,33.5958470105599,33.209756097561,34.759509202454,1.37870423645495,-2.63882399477728,-8.09134721443076,2.24728790542158,5.08207777757399,660,48,1,460,440,5,0.21978021978022,162,15.4782446214233,1,892,-37.9548472775564,24.2192094390888,21,7.50017815164284,2.21853487845561,1.59000366022159,15.2428485942725,1
251120_Dupi_NMH_JL_1,audiobook,Dupi,DupiS1,JL,1,37,59978,1,90,452,1066,1066,1542,3084,3113.99999999999,1297.02229842762,1.092,1.71139365311266,3.11399999999999,44.034055622226,43.0538461538462,43.008,2.1277034834445,-3.70876432356066,-7.14946819886641,1.06385174172225,54.300991579957,55.622641509434,53.928,1.42339955143154,-8.78799748688785,-7.35001159284735,0.711699775715769,48.4834738529795,NaN,48.012,0.893370703988432,-6.01568684921444,-9.35976811757349,0.446685351994216,40.9758398533459,41.0873786407767,41.792,2.90106833235415,-0.271425385976746,-5.13054034859793,1.45053416617707,45.7929423989047,45.9269662921348,46.384,2.50194339677962,-2.97719852021982,-6.44595234974061,1.25097169838981,54.5841090844291,55.622641509434,54.3141592920354,1.46668771760232,-8.91778879465302,-7.23116427491757,0.662942848356247,48.3448298373467,47,48.1400651465798,1.02960511057042,-5.81831711370157,-8.84263599264995,0.63217753789024,39.8669103206802,40,40.4831932773109,3.09363432007742,0.125165994905276,-4.84735556339422,1.47256993635685,47.2457784865687,48.1178861788618,47.0713359273671,1.70538650696759,-3.38014729752837,-7.17952750548374,2.62970599374403,5.2280773605051,1324,39,1,1052,344,5,0.171828171828172,132,35.3588996198674,1,1760,-14.0698159741984,-1.28261435962333,22,6.19259126515091,1.16521990047346,0.0586212032313995,11.7817549572166,1
251120_Dupi_NMH_JL_1,audiobook,Dupi,DupiS1,JL,1,38,61535,1,90,480,1038,1038,1612,3224,3226.00000000001,895.739704418799,1.14,1.13714132345088,3.22600000000001,45.1352742670923,NaN,45.276,0.898666635488304,-1.93137112008305,-7.61407389351308,0.449333317744152,48.7910059026758,47.4126984126984,47.508,2.80424892976836,-4.33496078954511,-7.5828675265639,1.40212446488418,29.0598897059125,27.9240506329114,30.384,2.66959092043495,-2.14759302312163,-5.29826267948569,1.33479546021747,30.1254279843082,28.6785714285714,30.768,1.30565247001351,-3.95799028430895,-8.01582033253135,0.652826235006756,34.8594901586307,35.7439024390244,34.008,1.63868083092554,-1.97078533454405,-7.5481168197325,0.81934041546277,49.3033902958493,48.1333333333333,48.1125,2.82928827730147,-4.4607284570334,-7.64016723087064,1.35805837310471,29.4737742002448,28.1976047904192,31.2007168458781,2.53281417424309,-2.16545837585526,-5.51619384930337,1.41331030922764,29.9845799052621,29.1304347826087,30.390243902439,1.33588274220742,-3.95086726448104,-7.85548252388891,0.766796694027059,35.9139960553768,37.085,33.9627791563275,1.19916110476621,-3.36375844543725,-8.67261587351366,1.93304770088314,5.51675034964438,832,29,1,96,496,7,0.247752247752248,188,48.2200774609709,1,1840,-62.2341111743502,-20.8050768600886,31,11.240098877797,1.85220463200567,0.830276016499496,15.73294050495,1
251120_Dupi_NMH_JL_1,audiobook,Dupi,DupiS1,JL,1,39,63148,1,90,584,990,990,1482,2964,2938,912.910886396494,1.028,1.39401764796028,2.938,32.5494232193468,28.3157894736842,34.776,1.15460773439895,-3.60293517093101,-9.67928566090967,0.577303867199474,51.5579018348642,50.9661016949153,52.216,2.07483226103857,-5.48332921585338,-8.5222395459173,1.03741613051929,39.9942489067848,39.8809523809524,39.116,2.81408561470389,0.303173977657795,-4.68554254814041,1.40704280735195,37.8464522450478,33,43.828,0.553304041225827,-10.0707014742191,-12.9104503760362,0.276652020612914,41.9609768571939,NaN,45.5,0.467278517056244,-10.6056686400246,-15.8032188072216,0.233639258528122,50.7519547527554,50.7235772357724,51.1986301369863,2.03454411975656,-4.45928080737555,-7.95114300563171,1.18817376593783,39.4835882930017,39.9056603773585,38.0344827586207,3.04408850554739,0.595330530142039,-4.4770844832566,1.23589993325224,37.147819146189,32.9166666666667,43.150406504065,0.59330599863547,-9.81697919924897,-12.594615984728,0.291906551328651,46.7754842259045,48.5276872964169,46.3481781376518,1.56034800230082,-5.63051082864376,-9.51924587241137,2.31243573940981,4.50754216637598,836,30,1,276,374,3,0.186813186813187,200,35.0340740176169,1,1160,-15.021817491937,-31.1819332266349,24,7.5647000334415,1.94118741394517,1.07946808832427,15.7613612002419,1
251120_Dupi_NMH_JL_1,audiobook,Dupi,DupiS1,JL,1,40,64617,1,90,614,1154,1154,1552,3104,3685.99999999998,864.972845210376,1.146,1.13176669022996,3.68599999999998,50.2437949714917,50.2777777777778,50.144,2.47070764854011,-3.68652815371032,-7.00013088458703,1.23535382427005,42.0953099171862,42.7697368421053,40,2.28272597628768,0.826568757474362,-5.02160806806243,1.14136298814384,41.7531646969351,41.0614035087719,39.94,1.63577807218959,0.472457665287034,-5.96939191846736,0.817889036094794,38.8073372443268,38.4722222222222,38.588,1.35574289871877,1.97813230585938,-5.62013850754142,0.677871449359385,43.0164973971557,46,42.116,1.59038357584048,-2.30542319461247,-7.54787902515813,0.795191787920238,42.0468131286012,42.7697368421053,38.0977198697068,1.8660843337153,0.0270473389777612,-5.68753126274164,1.14577578090119,40.5195584498382,40.0591397849462,41.7,2.44136806284806,2.83349897605068,-4.30926522839183,1.31833875393795,38.099483409747,NaN,37.6030150753769,0.546387281118536,-1.04818625080771,-7.89126136001484,0.217462137885177,41.3202638716553,40.116935483871,42.5425257731959,1.52444367385269,-1.48530239469567,-7.02106260813132,2.36593658181937,4.10385771554067,140,41,1,86,346,3,0.172827172827173,176,131.391830233831,1,1998,-35.0415480933409,4.51753079986601,12,3.3530049582183,2.024559692472,1.06909899578965,19.9209160060471,1
251120_Dupi_NMH_JL_1,audiobook,Dupi,DupiS1,JL,1,41,66460,1,90,936,1268,1268,1814,3628,3318.00000000001,939.995002288197,1.334,1.20426411256785,3.31800000000001,49.1013038219076,50.1923076923077,45.224,1.23148513117238,-6.25912089119144,-6.05745401775693,0.615742565586192,55.842266279796,56.8739495798319,52.728,2.20013577704372,-7.75647897259899,-7.45572936571822,1.10006788852186,43.9446191497793,44.5945945945946,44.524,2.9842419522764,2.70888308973125,-4.22823533419239,1.4921209761382,39.757265262973,37.7241379310345,39.964,1.39359762446581,2.39735552844099,-5.62346615053188,0.696798812232905,36.4233615491846,36.3571428571429,36.496,2.64174738273003,4.18745388095277,-3.5739354692752,1.32087369136502,49.5681427940472,49.5520504731861,49.215811965812,2.60316947080421,-0.498329461328499,-5.5862223912927,2.43656662467274,40,40,40,1.44767380085504,3.01884049247698,-6.7292526784372,0.480627701883872,37.8789993192739,37.1590909090909,38.2417582417582,1.97161173695269,3.22241109605622,-4.26237875431422,1.07650000837617,42.2741015221351,42.0362903225806,43.1587651598677,2.25344623037468,0.007077630689296,-4.8884185714648,4.08775146189967,4.31860875581084,406,58,1,326,576,5,0.287712287712288,202,10.884849448591,1,1292,42.983115158414,-28.7168273346485,24,8.29436436031069,1.21539100206365,0.02031986331017,18.147072356563,1
251120_Dupi_NMH_JL_1,audiobook,Dupi,DupiS1,JL,1,42,68119,1,90,692,1072,1072,1572,3144,3024,922.517052583976,1.106,1.18717707910234,3.024,43.4260618896537,37.7710843373494,46.016,1.76155834303029,-2.30152372580454,-5.85855203325971,0.880779171515145,46.9412117894528,46.9732142857143,46.956,2.23183585304447,-2.21271593100423,-5.55600276001767,1.11591792652223,51.3560124275077,52,50.944,1.5288801434978,-7.54705460702642,-7.85602634180104,0.764440071748901,52.8521337558085,54.5774647887324,48.292,1.72426388449358,-8.09684210640555,-9.71656558975314,0.86213194224679,55.641159968226,58,46.836,0.310605107444148,-11.8808507822809,-14.6983522076743,0.155302553722074,47.3044277212829,46.9732142857143,47.5924855491329,1.88884200491465,-2.99397926180375,-6.26464992944335,1.30707866740094,52.663939485099,52.8965517241379,52.4105263157895,2.15233155757522,-8.29666051668554,-7.01029232065626,0.817885991878584,52.3103110616741,55,44.092,1.2350505624768,-8.64841779915267,-11.2726200354567,0.617525281238402,51.7164033532362,51.1984732824427,51.5139949109415,1.38034908429885,-8.52332108273596,-10.2277476121027,2.16990876051779,4.25299755748743,1080,55,1,236,334,3,0.166833166833167,156,29.3900350636777,1,1608,-4.07664579776138,9.90797260579893,12,3.73374473987389,0.98099593370895,-0.251663843606922,11.0085006860509,1
251120_Dupi_NMH_JL_1,audiobook,Dupi,DupiS1,JL,1,43,69631,1,90,912,1494,1494,1954,3908,3496.00000000001,1565.39505076566,1.462,1.9614065432143,3.49600000000001,49.2455459481815,NaN,51.276,0.493085402182475,-8.60491327861216,-11.7817271724018,0.246542701091237,37.2781127539973,38.3377483443709,37.384,2.62471455268984,-0.0503304552450491,-5.18205100167487,1.31235727634492,37.268210489575,37.9530201342282,35.616,2.62264560511897,-1.03480367247485,-6.05632461443059,1.31132280255949,36.3329107719006,25.0333333333333,37.256,1.3130621769005,-6.37446653027652,-9.37242753663348,0.656531088450248,47.1921740901421,49.4351851851852,44.712,2.08100770710252,-5.91265721158258,-8.44831130301402,1.04050385355126,37.4240137709983,38.1466666666667,36.765350877193,2.75769867920529,-0.298001195591304,-5.43758230613675,2.51502119543523,35.8156754561087,25.0333333333333,36.5945017182131,1.30039784202359,-5.8659118879201,-9.07918020713014,0.756831544057729,48.514116773504,49.4351851851852,46.5869565217391,2.15001687708986,-5.85183743946834,-8.25499237816451,0.989007763461336,42.9931915617145,44.0038314176245,41.2077789150461,2.28453692946917,-2.86037951556106,-8.2806138572596,4.46398516018277,5.32580026481965,688,39,1,198,464,4,0.231768231768232,174,47.4144301887634,1,1862,17.2783153101878,-9.91206684780586,28,7.74501426864701,2.01717418690667,1.05627357501108,15.5415318822684,1
251120_Dupi_NMH_JL_1,audiobook,Dupi,DupiS1,JL,1,44,71379,1,90,552,1242,1242,1732,3464,3247.99999999999,1570.63102220463,1.236,2.02979772501613,3.24799999999999,54.8498165651019,56.6363636363636,53.972,1.8981095259636,-8.02297023490999,-9.59952757826477,0.9490547629818,50.3865421686705,54.2117647058824,48.4,2.09984256195997,-1.71054556449966,-7.10315988924912,1.04992128097998,50.209364924675,49,50.544,1.22194638842375,-4.8710450006677,-7.14044383627238,0.610973194211875,51.5395042532371,52.3333333333333,51.236,1.13102582693177,-7.63836753180095,-8.27286837581918,0.565512913465887,37.7196749632824,39.5267857142857,35.6,2.04473489897292,-1.31772135467597,-5.99680126006342,1.02236744948646,50.2502630574746,52.990990990991,48.4565217391304,2.10935338471738,-1.8885544408929,-7.10296631627835,1.164363068364,50.1429371423772,50,50.1768115942029,1.06656703238245,-5.37591413177663,-7.20731125044884,0.73593125234389,47.1442484572057,53,44.0204081632653,1.06480370317479,-6.89784819723531,-8.8371922247217,0.521753814555645,37.1870037092706,36.53889943074,37.9272517321016,2.46923534461001,-1.09736382805643,-5.80993367106536,4.27671561686455,4.92318288267278,2000,36,1,14,306,2,0.152847152847153,184,33.5986714984174,1,1462,-24.8977423638778,5.28343320802472,20,7.62623592012956,1.40027774228015,0.288227683051986,12.4510451798217,1
251120_Dupi_NMH_JL_1,audiobook,Dupi,DupiS1,JL,1,45,73003,1,90,494,1086,1086,1620,3240,3069.99999999999,1396.57810108225,1.13,1.91184891346752,3.06999999999999,32.0939176374563,30.3842105263158,34.392,2.60401271949139,-2.00354909541904,-5.50891941391993,1.30200635974569,29.7172939937374,28.0379746835443,32.492,2.66670019548122,-1.11113693788553,-5.31066584322979,1.33335009774061,49.8929717197826,50.9375,48.828,1.84162956103354,-3.3383940158873,-7.2704656354289,0.920814780516769,46.4431313044613,48,45.552,2.12177227296007,-0.953235501003175,-6.10909164642196,1.06088613648004,52.9295663382793,52.7391304347826,52.532,2.86426059121905,-6.10525858459481,-4.77920242994811,1.43213029560952,29.6217338851788,28.0379746835443,32.3198380566802,2.68418042705774,-1.08478097832612,-5.30733928062999,1.32598513096652,49.0448840765327,50.9375,47.8141891891892,1.75137023908895,-2.46548696835027,-7.23448552776532,1.03681118154066,47.3784429135495,48.2773109243698,46.9213483146067,2.2209986038275,-1.9984809394845,-5.88487509010844,1.18601325444389,51.0477268284786,50.86875,50.7493827160494,1.90245810837562,-3.90243411460834,-6.2417779939433,3.0819821355685,5.13106354253892,1838,57,1,0,592,6,0.295704295704296,132,16.3819631513095,1,1512,48.4902295579586,24.2862991774296,32,11.3335799854157,1.08890755345189,-0.19082408369694,15.4775450653439,1
251120_Dupi_NMH_JL_1,audiobook,Dupi,DupiS1,JL,1,46,74538,1,90,696,1286,1286,1812,3624,3686.00000000001,1237.84840020003,1.316,1.57299076036306,3.68600000000001,45.4316228032611,46.1969696969697,44.972,1.86363692240035,-2.04839777595039,-6.5019973252516,0.931818461200177,39.5731637845749,40.0463917525773,39.176,2.43889350486274,1.16045212117393,-6.00527567125543,1.21944675243137,40.9139224075555,39.4716981132075,42.976,2.05954180948328,2.22160332477747,-4.83135947946778,1.02977090474164,45.0360752868732,44.8,45.2,1.66330626119934,-3.21747896839445,-7.26399633520487,0.83165313059967,32.7479482034822,30.9807692307692,36.08,2.12343032614502,0.177702147040815,-5.40631550929581,1.06171516307251,40.2083581246305,40.0463917525773,41.2298850574713,1.9803253233329,0.118666695079087,-6.41192550092175,1.3783064250397,41.4690497407104,40.6068965517241,42.6033898305085,2.20467580132074,2.06907696022457,-4.6383891457521,1.30075872277924,42.5079668647459,43.3695652173913,42.0494296577947,1.36464806905685,-2.16436369472494,-7.75128359631616,0.717804884323902,35.7932359850797,35.395225464191,36.1368653421634,2.04672487240108,-1.69075392367981,-5.76953340163277,3.70866546879075,5.0312095537254,1938,30,1,20,422,6,0.210789210789211,146,39.551898587263,1,1940,-20.929614873838,6.89842557784643,16,5.13958559791566,1.91679344107262,0.959261591983195,19.2666518597504,1
251120_Dupi_NMH_JL_1,audiobook,Dupi,DupiS1,JL,1,47,76381,1,90,666,1132,1132,1814,3628,3506,1050.72157247092,1.152,1.65332028427802,3.506,33.9936469437157,33.95,33.476,2.08478751054668,-2.59250605059063,-6.96256830783448,1.04239375527334,38.3968268326901,37.3134328358209,38.36,1.34918455419522,-3.05845898710936,-8.47081113997902,0.67459227709761,32.0726409835093,27,38.748,1.91447038078213,-4.74399533682505,-10.5211878382604,0.957235190391066,38.0186226873724,34.6279069767442,39.332,1.38664779690461,-5.16508437446442,-9.77990584773314,0.693323898452305,35.6630451794068,34.8495145631068,35.764,2.88646040081812,-0.317365365082395,-6.99990877470346,1.44323020040906,41.8206511263574,37.3134328358209,43.2372372372372,1.22724839379515,-4.08462829139632,-9.12671657179917,0.817347430267571,27.9781715108451,27,29.4935622317597,2.07993540354125,-3.79976014463494,-9.97578026485419,0.969249898050222,39.6424784631538,37.8269230769231,41.0967741935484,2.10281898823796,-1.31283261367648,-7.70242822039384,1.43412254997829,44.8173111606318,43.9366336633663,45.3980154355017,2.2792334270946,-4.27505737477615,-9.01973596206868,4.1345294367496,5.15429396102947,810,27,1,404,448,6,0.223776223776224,152,4.55685288013921,1,136,4.43141718838931,-10.8418319871962,23,6.45305211256679,1.93453880278963,0.770546071840311,16.5208844428324,1
251120_Dupi_NMH_JL_1,audiobook,Dupi,DupiS1,JL,1,48,78134,1,90,878,1440,1440,2004,4008,3406.00000000001,929.181644426456,1.512,1.22904688366584,3.40600000000001,46.841552434726,NaN,46.952,1.10357306767233,-2.20549551976885,-8.61311610570289,0.551786533836163,40.5672104744385,43.4594594594595,40.796,2.44418531886474,-7.51745171454612,-9.85164751284719,1.22209265943237,34.7184899048709,36.1272727272727,29.332,1.321508740837,-8.16606562485994,-10.5135973518041,0.6607543704185,53.7270591815056,53.6612903225806,53.62,1.35274242630698,-9.19567455057795,-9.6325890688876,0.676371213153491,44.7764802376154,48,40.388,2.41653138309931,-1.72081595133127,-6.2556146494434,1.20826569154965,37.6701621542996,42.8229166666667,34.5990888382688,1.74361884194381,-8.06217531363958,-10.6988343199765,1.53089734322667,49.8588732409577,46.5050505050505,50.6868327402135,1.65891074538965,-9.6023251012481,-9.33100323884435,0.932307838908983,45.051936309871,48,41.3758865248227,2.31922309583368,-1.90727965745371,-6.40042477668803,1.30804182605019,39.4247481269121,39.3489361702128,41.3406813627254,2.20077998885227,-0.743046376235615,-6.51453802315963,4.39275685774914,5.31511735539012,1588,48,1,76,436,6,0.217782217782218,156,30.5490594806723,1,1614,-64.2675014228799,-2.54568801875907,30,10.7634990856344,1.34367369565889,0.129914121151179,13.4409242722978,1
251120_Dupi_NMH_JL_1,audiobook,Dupi,DupiS1,JL,1,49,79837,1,90,568,1228,1228,1676,3352,3126,999.422993741749,1.23,1.20632473646021,3.126,47.3348798220084,47.0718232044199,49.192,2.74797361870292,1.4809121894055,-5.03510891529745,1.37398680935146,40.031059404935,37.6605504587156,43.488,2.33852172194393,-1.02503936011838,-5.49033111514238,1.16926086097196,51.8428350661678,53,49.616,1.90130113333557,-6.4870296497785,-9.78337920081201,0.950650566667784,51.9016649176237,53.062015503876,51.004,2.14337820914365,-6.17161142431179,-8.40876813993564,1.07168910457183,50.2943267936183,NaN,45.832,0.422291610328169,-11.9448185142712,-13.4783697038115,0.211145805164084,39.9494344929738,37.6605504587156,42.830985915493,2.14475187788112,-1.22623127279178,-5.85720057098113,1.21821906663648,52.2024321505813,52.7246376811594,51.2969696969697,2.21495044910183,-6.69581849676928,-8.82244576934075,1.4618672964072,53.173609552959,54.1016949152542,53.3571428571429,1.45117600722153,-7.98128196440078,-10.1750508703109,0.650126851235243,38.4198282926776,40.0601503759398,39.2028639618138,1.45974215425087,-5.56198047942264,-7.97770636122623,2.44652785052447,5.14780394114061,290,38,1,186,358,5,0.178821178821179,198,10.0318411061371,1,1000,-42.8161639157655,28.5847880299252,19,7.04649898531811,1.978917490852,0.986075988325851,15.6902196154174,1
251120_Dupi_NMH_JL_1,audiobook,Dupi,DupiS1,JL,1,50,81400,1,90,544,1080,1080,1680,3360,4127.99999999999,1037.94698676669,1.166,1.46407616726388,4.12799999999999,43.8470099102872,29,43.072,0.854297417272545,-7.94945591870033,-8.85792648170738,0.427148708636273,45.1016700637456,44.5133689839572,44.068,2.58393365650031,-0.164455716245557,-6.43755414480442,1.29196682825015,34.9332443125722,32.6037735849057,35.896,1.35155803366711,-1.03456679378541,-7.88170338131707,0.675779016833556,30.7394902929113,30.9252336448598,31.104,2.73126585220973,-1.74260619173164,-5.33921021372091,1.36563292610486,34.0563019824632,33.3012048192771,34.964,1.93425929106355,-1.11527920633567,-6.77852544910547,0.967129645531775,44.7141844011525,44.0382775119617,43.7389705882353,2.57014878574595,-0.0336523899510886,-6.46386551253803,1.3981609394458,31.3775318814283,26.5915492957746,34.0820895522388,1.57863212722158,-1.47122188612836,-7.66655191941787,0.846146820190766,32.7444461464014,32.5,33.2533333333333,2.26193264252214,-1.44410190600005,-5.77804091571455,1.35715958551328,39.5705711649017,39.9594882729211,39.3714285714286,2.24270283044965,-1.94077493107249,-6.18113924767691,3.76774075515541,4.98422413734335,1988,29,1,30,416,6,0.207792207792208,136,15.6078037027467,1,1354,-28.107000569152,-17.7963672907284,24,7.70984822181796,1.52594397929709,0.589162399597804,14.6892333735002,1
251120_Dupi_NMH_JL_1,audiobook,Dupi,DupiS1,JL,1,51,83464,1,90,666,1458,1458,1948,3896,3348.00000000001,1084.82789340193,1.41,1.34877602852246,3.34800000000001,44.5640447562547,44.0152671755725,44.856,2.42958376203911,-0.787135575923907,-6.73860026263661,1.21479188101956,43.5741029423479,43.4452554744526,43.608,2.1450626268735,1.11217486190567,-5.74489046689592,1.07253131343675,45.6512008493728,46.0957446808511,45.696,2.47574855989823,0.470022140287578,-6.49297597348847,1.23787427994912,31.1200052754833,29.5089820359281,33.756,2.35262312173604,-5.00035880506205,-9.37168225977226,1.17631156086802,51.3948838432107,52.8242424242424,50.82,2.08290016990431,-7.68904681125196,-9.99851330159524,1.04145008495216,43.3784982697661,43.2280701754386,43.4234234234234,2.12295642150313,1.26381424574561,-5.81261009854559,1.41388897672109,38.1971802406675,38.1993464052288,39.530303030303,2.5019978907218,-2.38381967842255,-8.0324213354317,1.98158232945167,49.5422216484244,50.8057142857143,48.9877551020408,2.19636945859859,-7.29678916614979,-10.1333672077788,1.07622103471331,43.6990232897159,41.3194444444444,44.0657084188912,1.22161408733496,-3.66339814288863,-8.52234832173364,2.37970424212849,4.89502156039691,0,45,1,0,490,6,0.244755244755245,160,13.4011611168908,1,1136,0.495541642952002,8.86003275393606,32,10.3422245912682,1.96284894928454,1.02570086788109,17.159384721029,1
251120_Dupi_NMH_JL_1,audiobook,Dupi,DupiS1,JL,1,52,85138,1,90,594,1454,1454,1790,3580,3416,1598.89762047716,1.338,1.92047870074459,3.416,36.0319749363484,36.0689655172414,36.132,2.12876493103938,-3.27543443146057,-9.97945034890681,1.06438246551969,40.6109544386175,40.8269230769231,40.652,2.88305452218186,-2.35660075392239,-7.00007027872412,1.44152726109093,50.2891583482166,52,50.36,0.80581074899322,-11.1693563482647,-13.1949833208582,0.40290537449661,55.633188180911,55.6,56.068,2.5656590158525,-8.6001463241677,-10.0995506052449,1.28282950792625,46.1480088318779,46.0253807106599,46.52,2.97257577693889,-0.0754685539830535,-6.69512399991746,1.48628788846945,41.6988751626222,41.4841628959276,42.4478114478114,2.68311381172847,-3.03051339735274,-7.51295675010742,1.59376960416671,54.8108438529891,56.1495327102804,53.3558139534884,1.52229310723902,-9.69517719816302,-11.8241917583268,1.30917207222556,49.9791672820714,49.7481481481481,49.5773809523809,3.11401455871504,-4.74994475467795,-7.18421323326422,1.04630889172825,40.9806253672587,42.4222797927461,38.6446927374302,1.84949544664588,-2.40477115649106,-9.38086323230258,3.31059684949612,5.79997481005388,1450,55,1,178,588,5,0.293706293706294,152,27.4607822259755,1,1652,24.3836084234491,11.1421074180221,21,7.37031975459257,0.934378773141273,-0.476693726417014,12.0351712259785,1
251120_Dupi_NMH_JL_1,audiobook,Dupi,DupiS1,JL,1,53,86846,1,90,528,1276,1276,1678,3356,3244,1660.64160376645,1.256,1.79670609417385,3.244,27.4649240626074,NaN,27.38,0.171695532880591,-9.93041140589575,-12.7511939362979,0.0858477664402954,48.5037852706882,NaN,49.668,0.305090017610095,-11.7591296922946,-13.5548282197224,0.152545008805048,49.425208850147,48.2615384615385,52.056,2.26797732855273,-3.57239405069271,-8.19486230848952,1.13398866427636,50.5032293703148,52,49.028,1.27890536063327,-7.71017649041341,-9.30947581476931,0.639452680316637,52.0741151838514,54.5942028985507,50.316,1.49334343484446,-6.13011562801411,-8.98282534980848,0.746671717422232,48.9546298106132,NaN,49.9242424242424,0.312634427324975,-11.8188464034415,-13.5022711664523,0.165070977627587,50.1779724602083,49.4948453608247,51.807486631016,2.18596276764167,-4.87322648567939,-8.31453603325352,1.63510015019597,44.0771155330599,NaN,44.9800995024876,0.668777568434027,-4.22210729305082,-9.33214754630341,0.268848582510479,41.986567550389,40.9580838323353,44.938021454112,2.37362143773746,-1.25241235534576,-6.40842649155179,3.98293677252345,4.74555700087941,980,52,1,756,320,4,0.15984015984016,134,23.2508422665282,1,1546,33.7715803452855,-6.72107045818289,11,3.28136482428207,1.56273618850399,0.539279541305659,13.1079517827727,1
251120_Dupi_NMH_JL_1,audiobook,Dupi,DupiS1,JL,1,54,88468,1,90,600,1206,1206,1778,3556,3705.99999999999,1375.00909884411,1.268,1.80681220877229,3.70599999999999,33.0231728323116,33.1428571428571,32.924,2.4330820472971,-0.175967359788798,-5.38721628594355,1.21654102364855,46.4029714955796,46.2929292929293,45.868,2.44677001918202,1.03797123172637,-5.75622390538177,1.22338500959101,40.3028282735796,40.3474178403756,40.892,3.3712112038026,3.08627254526149,-3.4192500040525,1.6856056019013,49.8676120796842,NaN,51.16,0.842350889725884,-3.40986772987517,-6.31696254666431,0.421175444862942,55.1846693225952,55.7613636363636,54.524,1.69924593221756,-9.02560518033289,-8.01422474495835,0.849622966108778,44.394066425827,44.5432098765432,44.5133333333333,2.58712643847657,1.48452493064658,-5.27245367222788,1.55227586308594,41.6258369820707,41.2857142857143,42.6996699669967,2.61100815141035,2.24796747324011,-4.05513050814845,1.58227093975467,56.3455266450059,57,55.9965034965035,1.09449536879751,-10.8037444462159,-7.48419029950753,0.626051350952177,46.0410584891212,45.9699248120301,45.8661417322835,1.94023722887053,-2.09179751312822,-6.43655326043375,3.44974179293181,4.82625461318815,668,36,1,396,412,3,0.205794205794206,202,15.37405926881,1,996,21.8243217605768,-4.27597052145756,21,6.77669225797454,1.40528576548138,0.639635288163339,13.4848368967356,1
251120_Dupi_NMH_JL_1,audiobook,Dupi,DupiS1,JL,1,55,90321,1,90,718,1236,1236,1682,3364,3428,941.515723698402,1.236,1.26083026391328,3.428,37.689273650348,39,36.832,1.34804815006293,1.50289485976925,-6.00869568580905,0.674024075031466,51.8570333533351,52.752688172043,52.1,1.47074494506577,-2.18784059300209,-6.6423363403632,0.735372472532884,51.2728737018509,51.3877551020408,51.4,3.45193502344729,-4.22361393089825,-5.76401073519197,1.72596751172365,47.067255217709,51.6052631578947,41.652,1.39063110193638,-5.41947568103651,-7.71838150131319,0.695315550968192,46.6150989483146,NaN,43.4,1.02767578901356,-5.5720854067583,-8.10034845066471,0.513837894506779,53.1456304667791,53.67,52.8189415041783,1.97276186146369,-3.10574090079051,-6.38078001468024,1.41644301653093,49.3234126044788,49.6382978723404,49.1621621621622,2.88766201105468,-3.84646510495339,-6.27792730148344,1.49580892172632,42.9954004921137,52,35.6860986547085,0.801221841123891,-6.38330665549492,-8.64726119370425,0.357344941141256,43.9343778433418,43.3208092485549,45.4007134363853,2.04235903923494,-0.222499910178089,-4.88315862409334,3.43524790399317,4.49757981921,784,53,1,374,426,5,0.212787212787213,168,10.0646463543752,1,1540,36.0599506734965,-14.4334127368147,17,4.13476753092235,1.32272005864747,0.0708546734924906,16.6976988953316,1
251120_Dupi_NMH_JL_1,audiobook,Dupi,DupiS1,JL,1,56,92035,1,90,430,974,974,1516,3032,3855.99999999999,595.55025257356,1.028,0.780871065833674,3.85599999999999,41.1762456542003,41.0989583333333,42.628,2.62249423473345,4.155053787967,-2.74315984489066,1.31124711736673,38.5616263857379,37.5352112676056,38.568,1.74263959069436,1.34607939295558,-4.77385944407113,0.871319795347181,53.4800499811723,53.9516129032258,53.712,2.16321748024058,-4.60986039170381,-4.94317358523523,1.08160874012029,42.0318709702423,41.8432835820896,42.376,1.98180519584628,2.67640771036058,-4.68071145896866,0.990902597923138,53.2844639717,53.775,53.28,1.32002906871269,-8.89811253893026,-5.89232880078361,0.660014534356344,35.7678555923034,34.15,36.0418604651163,1.7249526109383,1.93429238409326,-4.56395214264148,0.74172962270347,53.9997141365889,54.1185185185185,54.3198529411765,2.15133273223045,-5.89594467806312,-5.12925105827179,1.17032500633337,42.1574884840673,41.8432835820896,42.6715867158672,1.92592333874207,2.53263635281462,-4.72367050543078,1.0438504495982,46.164773326789,44.7714285714286,47.7335092348285,1.79969137917192,-0.343390952039011,-4.93846725118316,2.72833213082463,4.55111456824356,890,51,1,184,148,4,0.0739260739260739,64,7.5375189848199,1,1350,30.3118952760387,24.105501172442,25,8.13550985254506,1.21571869006753,0.19467366470748,14.7976090006522,1
251120_Dupi_NMH_JL_1,audiobook,Dupi,DupiS1,JL,1,57,93963,1,90,936,1276,1276,1700,3400,2610.00000000001,979.985938425927,1.294,1.46007780521131,2.61000000000001,45.5943397010725,46.6255319148936,46.44,3.47618199824849,-3.17277411384713,-5.6681049107799,1.73809099912425,31.3443554855556,33.469696969697,29.776,1.42448913007572,-1.8301613764973,-8.50317538408252,0.712244565037859,37.3363477150508,37.1502145922747,37.236,3.29273902262868,1.47222296299482,-5.56668041655869,1.64636951131434,44.7004167466018,NaN,44.812,0.703445328110689,-7.33254996409464,-10.161935677568,0.351722664055345,45.0720942556051,47.3453237410072,42.916,2.05876440797193,-3.25903804546015,-6.23445679904473,1.02938220398596,35.2551055578936,36.0948905109489,33.1303418803419,2.33699305531934,0.0609096351133283,-6.83009914040813,2.1874254997789,38.2464738282848,39,38.1705882352941,1.06642309327004,-3.70020646530822,-9.54040628295907,0.362583851711814,48.2299193670602,46.8026315789474,50.1839622641509,1.68253621207592,-4.63346057966681,-7.07492413131598,0.713395353920189,40.5040653183196,43.310502283105,35.4635294117647,1.21225915489666,-5.20489621324319,-8.81536841038845,2.06084056332432,5.10792894106671,884,39,1,574,404,4,0.201798201798202,164,26.7728235042949,1,1432,21.1003604629103,14.229165891242,23,5.53819641123915,1.90883028753253,1.0794832847992,14.7189807214539,1
251120_Dupi_NMH_JL_1,audiobook,Dupi,DupiS1,JL,1,58,95268,1,90,540,1246,1246,1624,3248,2978.00000000001,1268.02439364413,1.218,1.61444323766099,2.97800000000001,39.8930445857343,40.0588235294118,39.868,2.12035960783446,-2.27958227142345,-7.38558699093733,1.06017980391723,40.8074282554955,41,41.368,0.910436091667384,-4.96034442995787,-10.2114091676706,0.455218045833692,26.6269122418285,NaN,26.268,0.311842276468575,-8.72140127820527,-15.3870327533357,0.155921138234288,43.6648208758012,50.8918918918919,41.764,1.24064928045943,-7.76452600545865,-9.9300800909435,0.620324640229715,36.3510536016555,37.1809523809524,34.452,2.46954809709491,-3.5440702092038,-6.36778491808599,1.23477404854746,40.0272482022693,41,40.3037037037037,0.89348202106627,-5.07251755655462,-10.3755967788563,0.482480291375786,28.1118154470656,NaN,28.1784702549575,0.474747194374339,-8.06656032959843,-14.6484672737753,0.335171519228283,48.1436047531878,47.9052631578947,49.3703703703704,2.57700027509289,-4.40259524260511,-5.87350980735663,0.974106103985113,44.3756121302318,45.9914893617021,44.4975369458128,1.60571112862924,-6.80397989135517,-9.52427558297111,2.60767487289388,5.21167424389094,1674,26,1,1450,238,3,0.118881118881119,124,65.2564874122378,1,944,-23.5689622462531,-26.5751665612089,25,9.74207606093339,2.20361217900954,1.07619027497429,17.8243774683197,1
251120_Dupi_NMH_JL_1,audiobook,Dupi,DupiS1,JL,1,59,96757,1,90,538,1162,1162,1576,3152,2714,1554.04932571055,1.148,1.86027697824011,2.714,46.765344652395,52,41.556,1.58209150322652,-7.73552896483992,-10.7904721384813,0.79104575161326,47.3210078106472,50.1751824817518,44.604,2.23358277260532,-4.31754765947334,-7.63954590256323,1.11679138630266,39.3614557656776,42.5208333333333,36.464,1.5413298405565,-1.52954609933166,-8.3171776652084,0.77066492027825,49.689814025759,49.2215568862275,50.2,2.52051437638975,-5.85696491422714,-7.38699206208704,1.26025718819488,56.8004289112109,56.9777777777778,56.632,2.24350670070263,-9.1474802868521,-6.07636074934497,1.12175335035131,47.0806096586665,50.1751824817518,43.5167286245353,2.10581245817633,-4.48203846560849,-7.78386587397527,1.13292710249887,42.5321661309028,44.7579617834395,39.8237179487179,1.85794599937814,-1.6727255231385,-7.89860442012911,1.15935830361196,51.292926848104,49.7641509433962,52.4927536231884,2.35119643500957,-8.60204218210554,-7.6324398130604,0.973395324093962,47.9259942551098,50.9513513513513,47.0355329949239,2.00497025683685,-5.75201907390932,-6.45072358214148,3.15983312477488,4.46234902192719,1334,50,1,0,478,8,0.238761238761239,112,47.6607504067998,1,1978,-50.4940239043825,2.08201511147504,27,5.50585607412156,1.04844616749129,-0.186671165225049,15.2524219458398,1
251120_Dupi_NMH_JL_1,audiobook,Dupi,DupiS1,JL,1,60,98114,1,90,536,1210,1210,1646,3292,3226,1531.94168707391,1.198,1.92188658316453,3.226,54.8409757173616,57,54.424,1.17498520134484,-8.68908244241722,-9.50323137323112,0.58749260067242,46.0661928500357,46,46.044,2.06326363160559,-1.22750023212586,-5.64185566106812,1.03163181580279,49.9972634934347,NaN,49.712,0.881129335296878,-3.2571441920409,-7.69071304420633,0.440564667648439,39.7152745565579,39.9601990049751,40.404,3.20581591582109,3.54271505352213,-3.25983161659409,1.60290795791055,48.2837831466721,47.4701986754967,48.3,2.41947564113429,0.0101073339127937,-4.96850809862136,1.20973782056714,46.0661928500357,46,46.0522388059701,1.92468622351268,-1.44286995157912,-5.8529409584178,1.03163181580279,46.70732199188,44,47.9228486646884,1.37515252092307,-1.08938731732372,-6.74241089297102,0.926852799102151,38.2344567366133,38.44,38.5091743119266,3.4514913260912,4.67509345231077,-2.65491948554975,1.50485021817576,47.6719961941812,47.891061452514,47.3207776427704,1.92108219798698,-4.73600524429827,-6.35492017223469,3.16210129788657,4.80018960901824,1344,37,1,26,694,7,0.346653346653347,248,14.1968567228178,1,1628,-0.639347372415127,-3.14298209699631,18,5.63586312838818,1.2629702625326,0.302661796086188,15.8498769524561,1
251120_Dupi_NMH_JL_1,audiobook,Dupi,DupiS1,JL,1,61,99727,1,90,482,1138,1138,1632,3264,2922,1234.96071586298,1.154,1.53818794382357,2.922,36.095307848823,36.3543689320388,35.128,3.06359950714565,0.49687874805611,-5.59591334741422,1.53179975357282,40.2502084179073,57,44.308,0.738696198671556,-8.930863628223,-12.6502394190096,0.369348099335778,52.2331440164713,51.9540229885057,53.148,2.88076706780328,-4.4598810244873,-7.27805774758361,1.44038353390164,35.1145460947072,34.5963302752294,37.592,1.80249261477958,-3.20295074369486,-8.05059646909787,0.901246307389791,52.7390841239399,53.0943396226415,52.156,1.98503992878909,-7.69825988256665,-8.97495263757266,0.992519964394543,37.774475617657,57,43.8340248962656,0.667605711598767,-8.9482296320517,-12.6534541069447,0.321785952990606,47.9874476393374,47.4105691056911,49.265243902439,2.9251771711973,-4.04335918352058,-7.32862713818879,1.91891622430543,45.5056661377997,46.5,42.9109311740891,1.88253841564778,-4.29734359087807,-8.58658588439979,0.929973977330003,47.3353238760067,44.9596412556054,47.5428921568627,1.54222285227974,-7.20747590302962,-9.15779865506844,2.51690769492054,4.63487649629905,810,50,1,500,512,5,0.255744255744256,138,12.22566136059,1,1070,80.4500094858661,-5.51680500241933,28,9.53415372656617,1.60175960645968,0.617940779553067,13.4938252838894,1
251120_Dupi_NMH_JL_1,audiobook,Dupi,DupiS1,JL,1,62,101188,1,90,570,1140,1140,1616,3232,3334,1281.17840110596,1.158,1.68315910549655,3.334,47.2007504602847,52,48.824,1.01343159521464,-8.23668663555317,-9.18283199935724,0.506715797607321,56.5604850617924,56.42,56.628,1.77743904789098,-10.3220934712198,-9.6223337753184,0.888719523945488,45.0229774459776,44.4959349593496,47.208,2.32785594299364,-2.45814481550868,-4.83606870132596,1.16392797149682,32.6999675852548,30,34.92,1.815276008639,-1.66927021907741,-7.06198064199489,0.907638004319501,40.8573996986251,41.5197368421053,38.948,2.07465129405607,-1.33635185465725,-6.11066292489271,1.03732564702803,56.4910941352522,56.42,56.4982456140351,1.65479218831424,-10.4400921123267,-9.46217493112664,0.943231547339119,43.6488619494896,44.4959349593496,43.8456140350877,2.2280698302738,-1.49850726509467,-4.96647398483786,1.26999980325607,31.5046007878852,30,33.0252100840336,1.75461141446915,-3.03104983454456,-7.53191268635546,0.835195033287318,44.6226488772716,43.7053140096618,45.5049504950495,2.06910451781307,-0.192936166136025,-5.48541541683662,3.34367290078592,5.03998214773647,880,34,1,112,374,6,0.186813186813187,100,18.5350040299249,1,1846,5.17321191424777,-30.8136375479212,28,10.7010345689991,1.64539326777532,0.767250956852958,15.155617325692,1
251120_Dupi_NMH_JL_1,audiobook,Dupi,DupiS1,JL,1,63,102855,1,90,518,1160,1160,1684,3368,3361.99999999999,1049.73994427183,1.152,1.42803919062691,3.36199999999999,49.3924349132493,49.3068181818182,49.756,2.49381789865967,-3.75935938783815,-6.21060592400286,1.24690894932983,51.4988837154473,50.8421052631579,52.208,2.55494785140256,-2.93574688258135,-4.73326761459236,1.27747392570128,53.4860060376808,50,54.86,1.81730145349562,-7.54502968519675,-6.90324038073595,0.90865072674781,51.291790784033,50,52.32,1.50790102626305,-7.2293670216899,-7.04932907361085,0.753950513131523,55.9110167302313,57,54.592,1.51626106294839,-9.84331619707263,-6.82087169963226,0.758130531474195,51.6220148120548,50.8421052631579,52.4092664092664,2.51377679450217,-3.06347709739737,-4.7534316829582,1.30213637955212,52.3432634645694,50,53.7414330218069,2.05302041859535,-6.71118640102648,-6.73189059053868,1.31803910873821,54.1192103193921,57,53.8625954198473,1.23423893461489,-9.10351547367295,-6.83241140902223,0.646741201738203,43.766253060552,42.8516853932584,45.3693586698337,2.23873296311247,-1.79459876228094,-5.9161755821515,3.77002630988139,4.51957366656898,246,54,1,0,378,5,0.188811188811189,120,22.5181301710623,1,1340,24.4507683551508,-4.74531953697843,12,3.80794012078006,1.37317914630434,0.418144697132148,12.9925796347026,1
251120_Dupi_NMH_JL_1,audiobook,Dupi,DupiS1,JL,1,64,104536,1,90,748,1278,1278,1862,3724,4404,867.656638821745,1.336,1.05337481750089,4.404,55.6735527913364,56.4285714285714,55.532,1.26658741195587,-12.0874721919472,-5.05460287788169,0.633293705977935,49.0334071750676,NaN,48.892,0.715151566287208,-7.93327727909635,-7.50752011447152,0.357575783143604,37.4981698905601,39.71875,36.072,1.97163641511489,-1.71890133059982,-7.83999535931514,0.985818207557447,49.698533994737,49.4307692307692,50.168,2.92761946995655,-2.9665079624632,-5.49743131586578,1.46380973497828,51.8118896032928,50.4705882352941,53.044,1.72670574727731,-3.2245364627273,-6.32458887644924,0.863352873638655,39.7700551873115,33,43.6978609625668,1.14413769184428,-4.27601571481676,-7.74774462095136,0.855814993499523,45.8385898407393,48.5433526011561,43.7584905660377,2.57922616925218,-1.9589147195199,-6.40559420000421,1.36698986970366,54.5510182900356,54.6991150442478,55.263698630137,1.93146816197095,-8.57888323379366,-6.46421237240406,1.12797740659103,44.9896390124207,44.2740046838408,46.4489795918367,1.93182177153332,-2.020892388197,-5.18964914360695,3.59705213859504,4.79495562646587,1316,54,1,620,348,6,0.173826173826174,122,12.202474913034,1,902,-18.3331436160122,-16.8152380243421,25,7.32668043142727,0.909503989542087,-0.281585298955497,11.8115658978646,1
251120_Dupi_NMH_JL_1,audiobook,Dupi,DupiS1,JL,1,65,106738,1,90,668,1262,1262,1910,3820,4562.00000000001,646.740513649932,1.398,0.783145033393961,4.56200000000001,33.0289689832907,33.2868852459016,32.62,2.5303708547283,0.29403578942425,-4.99163340491761,1.26518542736415,27.3711563193619,26.9830508474576,28.328,1.41072514749994,-3.99012273183207,-8.49648680700744,0.705362573749968,38.8131245229215,31.6144578313253,43.528,1.51099919158727,-4.92037482833734,-6.36013599914474,0.755499595793633,45.4987795005245,42.525,47.196,1.66462752942278,-2.02330035951622,-5.494583987944,0.832313764711389,48.7621037068046,49.2093023255814,47.936,2.31413129840975,-3.92414532754396,-6.4833837353045,1.15706564920488,33.5681845364817,30.2941176470588,34.3862275449102,1.40243694325796,-4.94641855808172,-7.88545896488986,0.936827878096318,36.147625613706,29.1931818181818,42.1481481481481,1.37465024439691,-2.9485295065021,-6.16338977222933,0.816542245171763,48.6895083658461,48.1421052631579,48.7592592592593,2.49565393335435,-3.56897456316057,-5.98738400308886,1.61718374881362,46.308103807701,45.0364806866953,49.0272251308901,2.0401935740281,0.853124930599014,-4.99265953925466,3.89676972639367,4.96256197695247,1694,49,1,918,230,3,0.114885114885115,148,14.4360388117537,1,1308,25.6930373743123,8.8079242193025,27,10.1868009831799,0.984043431017071,-0.214194448830695,12.7762613661747,1
251120_Dupi_NMH_JL_1,audiobook,Dupi,DupiS1,JL,1,66,109019,1,90,726,1614,1614,2072,4144,3751.99999999998,854.128841929984,1.564,0.889856512535846,3.75199999999998,33.6428002913861,37,31.816,0.876168279013872,-3.27401808356684,-7.64521550632228,0.438084139506936,42.0682369285263,43.2554744525547,38.644,1.88442379408649,-1.93657611138895,-7.04497746512114,0.942211897043246,53.4389330841982,53.5423728813559,53.384,2.55123791654629,-7.89084910196599,-7.22187828610928,1.27561895827314,48.1590706175729,48.0857142857143,48.172,2.84837190609929,-2.91532850308536,-6.68029561455764,1.42418595304965,38.8286235957361,40.3785714285714,37.536,2.44629807633264,2.32010364112261,-5.11847308468599,1.22314903816632,47.0567611378123,48.112,43.4242424242424,2.23025477458473,-3.10780950804085,-7.13503719406788,1.61916496634851,48.2441626390641,47.580204778157,48.5472972972973,2.62764690916725,-2.40634575695045,-6.40854612812387,2.33335045534052,38.4813991603027,40.7209302325581,36.8951965065502,1.99328164065403,1.54519258653461,-5.96325102864684,0.912922991419547,34.0402654863672,33.8835616438356,36.0300829875519,1.65564357137218,-2.43870324440203,-7.66320297980258,3.19208080560556,4.35695492743148,1668,41,1,416,678,9,0.338661338661339,188,27.1448288537798,1,1580,50.4261051033959,20.5185729705587,18,7.11289128866597,1.3807741836214,0.322776388207211,13.8945010196442,1
251120_Dupi_NMH_JL_1,audiobook,Dupi,DupiS1,JL,1,67,110895,1,90,726,1436,1436,1930,3860,3258.00000000001,1045.98413547612,1.45,1.11833216595712,3.25800000000001,28.0954349421864,26.830985915493,29.84,1.4954734331515,-3.9500753184863,-8.84318332341469,0.747736716575751,31.6895950334891,30.1192660550459,37.316,1.78906068906383,-4.69005226844272,-8.50018744165616,0.894530344531913,40.4163346233618,35.4107142857143,44.128,1.74999010973398,-3.65825331590167,-7.05386045190361,0.874995054866988,35.8679153845622,36.032967032967,35.776,1.92247862945961,-1.52176042590641,-7.47233405034993,0.961239314729804,26.3851228041684,26,27.668,1.24114383005425,-5.76913223247054,-10.9675199265957,0.620571915027123,33.975849936793,30.1192660550459,40.3305785123967,1.4484241034316,-5.6207596874664,-8.98939658466699,1.05155589909134,37.4341711065411,35.8731343283582,38.2535211267606,2.19702202243143,-1.5299836550679,-6.64946249783894,1.55988563592631,27.5791068666033,27.17,28.0566801619433,1.47601016041091,-4.85487284614937,-9.93008730425381,0.72914901924299,41.9020441944143,42.3789473684211,42.3740932642487,1.47710165155305,-4.48319809324968,-9.29088342661641,2.85080618749739,4.80334865362941,980,37,1,126,298,3,0.148851148851149,140,28.4008412344105,1,1588,52.5516979700247,3.33615587895933,21,4.2342697466971,0.930378929098577,0.0676685693727741,6.39892657885606,1
251120_Dupi_NMH_JL_1,audiobook,Dupi,DupiS1,JL,1,68,112524,1,90,562,1246,1246,1738,3476,2870,1551.89909430547,1.21,1.99019338400406,2.87,38.9634244373327,39.6868686868687,33.864,1.9835806113129,-1.37103963989846,-6.48884201873256,0.991790305656451,52.5400713885514,51,52.048,0.433910564016937,-10.3594815691518,-14.3281639748589,0.216955282008468,54.038657963298,53.8870056497175,52.9,2.91152873713315,-4.38994097166576,-8.0993671996681,1.45576436856657,33.0445891589625,26,36.58,1.13580113917317,-7.02950365164782,-11.3704962638549,0.567900569586584,43.4961870851227,52,44.392,0.858366321351311,-8.61199856269155,-12.8841367309854,0.429183160675655,51.9418929290346,51,51.932384341637,0.631209066642046,-9.65337444748901,-13.4357845279091,0.35473949545283,53.5820345298562,54.3398692810458,50.9736842105263,2.18556157637879,-5.05562332337409,-8.78283155249916,1.49492411824309,28.4043622591811,26,30.4756097560976,1.18434993693785,-7.31000608577441,-12.3050760545388,0.582700168973424,42.4885905243575,42.0922190201729,42.313003452244,1.89707809910093,-4.45078646043109,-8.71401279263137,3.29712173623742,5.11720360474643,844,57,1,668,228,1,0.113886113886114,228,87.005318804441,1,1486,4.38209068487954,-1.05650053969554,31,4.67180764682629,1.51255723355079,0.398397637355153,12.7634946756097,1
251120_Dupi_NMH_JL_1,audiobook,Dupi,DupiS1,JL,1,69,113959,1,90,556,1206,1206,1704,3408,2977.99999999998,1770.69174940424,1.216,2.18505553127235,2.97799999999998,39.5212465232175,NaN,39.592,0.998755216008341,-2.55467291452634,-8.15823491095708,0.49937760800417,48.5162248397318,51.5483870967742,50.484,1.21781162939954,-5.59127209418578,-8.84997074912121,0.60890581469977,55.5002374349984,58,53.68,1.82169175676986,-7.49964661986482,-10.0781636304592,0.910845878384931,41.1915296762821,41.7961165048544,40.744,3.29841130158988,-1.63992218842341,-5.74722756686588,1.64920565079494,29.7584356677422,29,30.18,1.47459150160081,-5.60594811833155,-9.5676396094387,0.737295750800403,50.8465323140846,54.6101694915254,51.2410071942446,1.45191087884726,-5.77399775675333,-8.94075267949399,0.807262448639074,51.1753882729554,51.1381578947368,51.4676923076923,2.30404031074925,-4.64039274286078,-8.19236754355994,1.49762620198701,33.8669313045843,34.864406779661,33.5582329317269,2.35837344265343,-2.7676051276774,-6.61601410632137,1.17446997444141,36.6382150461831,37.5717391304348,34.9424882629108,2.31425064564598,-1.50464919199209,-6.87530317878868,3.94348310018075,5.08933442251796,1314,33,1,512,422,3,0.210789210789211,182,23.3142978642125,1,1548,55.7218744071334,-13.3902184836416,29,10.8135979539291,1.25046892623753,-0.0493555725655563,13.2544367446005,1
251120_Dupi_NMH_JL_1,audiobook,Dupi,DupiS1,JL,1,70,115448,1,90,534,1202,1202,1670,3340,3446.00000000003,1631.40045733679,1.19,2.11819425502207,3.44600000000003,42.9144338708451,43.1255605381166,42.832,3.22888729489785,2.44579236094809,-4.99419345292617,1.61444364744892,43.5313830819083,44.3387096774194,40.72,2.13846532928672,-4.21920470914082,-7.46712680447143,1.06923266464336,44.8580004599338,45.0917431192661,41.68,1.74822395199868,-1.6476716523747,-7.37537836252855,0.874111975999342,53.3728767647107,54,51.688,2.00769717529533,-7.78871105344069,-7.88553401102679,1.00384858764766,29.8347947199366,29.8177083333333,30.172,2.99385416908501,-0.928720457489736,-6.16921442093714,1.49692708454251,43.4775265338418,44.3387096774194,40.1011235955056,2.01095089228455,-4.32101671288856,-7.6069515899691,1.07384777647995,48.4163431565264,49.0459183673469,45.9491017964072,2.11400309164836,-2.61150833116741,-7.33774283278366,1.41215406522111,42.1320941651201,38.3555555555556,43.5384615384615,2.00696643733917,-3.81319807044957,-7.38202426022688,0.93926029267473,40.7948277693373,41.1183294663573,41.9149700598802,2.06074391757254,-3.13233096603215,-6.6499952149493,3.44144234234614,5.45264576098721,1846,28,1,124,672,9,0.335664335664336,152,33.4307432500379,1,1748,-39.1443748814267,11.1300107939107,26,9.98083769343469,0.833103229607403,-0.597551256934268,13.4625928621121,1
251120_Dupi_NMH_JL_1,audiobook,Dupi,DupiS1,JL,1,71,117171,1,90,638,1220,1220,1876,3752,4190,1288.80559968638,1.358,1.62050064216526,4.19,53.685405902986,55.5769230769231,51.808,1.53059383727218,-6.94654886241751,-7.67725271999915,0.765296918636091,53.4667672158703,54.3560606060606,51.268,2.28960198238392,-7.13016873692674,-6.63841197471205,1.14480099119196,54.2690725067594,NaN,54.048,1.07678689349109,-12.1214472361829,-9.21395275974431,0.538393446745547,48.8924648623727,48.2727272727273,50.176,1.98352172051934,-4.66206939602446,-6.57294591141709,0.991760860259672,38.2128833100724,38.1807228915663,37.4,2.81596794614322,2.29596216328671,-4.21212243053239,1.40798397307161,53.8165958477363,54.3560606060606,52.2601880877743,2.10624468317988,-7.60768043997525,-7.08458106325217,1.34378410786877,53.1586878089271,53,53.2233676975945,1.30242726790501,-12.8011336551863,-8.35920587895851,0.758012669920715,41.0118272091204,40.3882352941176,42.0487804878049,2.62375230511191,1.11523493186232,-4.69546783595708,1.72118151215341,33.115408830302,33.9485094850949,32.8113006396588,1.56138763269135,-2.65057987068441,-7.60979425997803,2.92916319892898,4.93080182525688,1486,44,1,324,458,3,0.228771228771229,280,16.1717625349926,1,1624,28.4393853158794,0.231324673391129,22,7.93418628313545,0.830417188389588,-0.556028406211962,16.2367183458396,1
251120_Dupi_NMH_JL_1,audiobook,Dupi,DupiS1,JL,1,72,119266,1,90,688,1260,1260,1892,3784,3587.99999999999,967.752936105487,1.338,1.20106309955476,3.58799999999999,35.6655636621538,34.4615384615385,37.592,1.75013370176691,-3.23390328181324,-7.5705207218114,0.875066850883456,55.2368256382633,55.869918699187,54.12,2.17167482779993,-4.94378504192596,-5.65997881279377,1.08583741389997,49.9446966025175,57,46.656,1.13963337977858,-1.40540399298492,-6.96666934100111,0.569816689889289,46.821749710694,48.8380281690141,42.588,1.87111433711438,-4.80467183848635,-6.60460097340415,0.935557168557191,44.6568138305476,45.1918604651163,44.096,3.09732360848703,1.99795885702509,-3.17561085542234,1.54866180424352,53.9754512893002,55.869918699187,51.0697674418605,1.75907041335521,-2.55473639847201,-6.23847879484977,1.21024044438838,48.6364630383056,55.5441176470588,43.7412587412587,1.26182687370976,-4.35626742169736,-6.61044232276127,0.721764971761985,46.0616830970143,46.3413793103448,45.7563291139241,3.26082761364911,1.07322432698561,-3.62089366286401,2.06084305182624,41.7283517947165,41.134703196347,42.3594080338266,2.10388866424403,-0.253663956707697,-5.94374220482265,3.98055735274971,5.00440822348673,1662,44,1,0,500,7,0.24975024975025,162,47.3897792558529,1,1968,-20.2815405046481,-7.18958201511147,21,5.84362150856918,1.70941208723554,0.704472394843744,20.4653036437241,1
251120_Dupi_NMH_JL_1,audiobook,Dupi,DupiS1,JL,1,73,121060,1,90,996,1636,1636,2086,4172,4223.99999999999,1136.71704322305,1.626,1.3007821846429,4.22399999999999,35.8298198102474,32.6326530612245,36.828,1.44713395479857,-1.9904899917474,-7.24175779845168,0.723566977399283,48.9345903913557,49.037037037037,48.876,1.86940126690266,-5.22577178144337,-8.83818330339932,0.934700633451331,48.5618167543148,48.6575342465753,48.796,2.90477507865184,-3.996315619639,-5.12145657887334,1.45238753932592,37.2220735213787,36.5394736842105,39.336,1.35806063673353,-0.0259226962246955,-6.06423089363813,0.679030318366767,46.1039919820546,37.7826086956522,48.456,1.6331416643997,-4.94475068770843,-7.18545940836564,0.816570832199849,48.7169582019205,48.7938461538462,48.8433734939759,2.38386586497247,-4.57560171597742,-6.60690013983836,2.37433040151258,37.7262764849427,36.2155172413793,39.78125,1.58470831890544,-0.0849405241731065,-6.04364189911812,1.01421332409948,53.2905073921804,56.8085106382979,52.4711111111111,1.60490521681587,-10.3314359643979,-6.99214604602233,0.722207347567141,49.0027811105379,48.3306233062331,49.1922675026123,1.75637016846119,-3.53963432442945,-6.6203380657416,3.36169250243471,4.69474828177935,958,47,1,604,380,4,0.18981018981019,162,27.8570352242425,1,1712,1.5086321381142,-1.69855212714482,16,5.88033914688105,1.18970343020747,-0.163570437122079,15.3991013044594,1
251120_Dupi_NMH_JL_1,audiobook,Dupi,DupiS1,JL,1,74,123172,1,90,730,1466,1466,2000,4000,3884.00000000001,958.393585686934,1.486,1.19955517853104,3.88400000000001,47.0842245902712,48.3636363636364,44.468,1.53837622197314,-2.84377401693757,-7.80850746220618,0.76918811098657,39.3597110325279,39.3451327433628,39.26,2.5473232113537,5.57638842867494,-2.80196300164995,1.27366160567685,27.4287941678549,26.6825396825397,29.412,2.04020517954428,-1.30256059303144,-5.70031474476551,1.02010258977214,50.2961969958532,50.3503184713376,50.076,2.11380470273537,-6.57116883277563,-3.58982254158527,1.05690235136768,46.1976881200088,NaN,45.688,0.686225923828942,-4.73626645414562,-7.26471167840811,0.343112961914471,35.645212550792,36.3135313531353,35.5808219178082,2.53403729121513,4.33627679275282,-3.34995888459945,1.84984722258704,43.2491403224229,44.251256281407,43.070652173913,1.95423139555931,-3.9247338723965,-4.40012022170758,1.43831430713166,46.7836176925818,50,45.9625468164794,0.759584230360384,-4.85290093060885,-7.07483879539969,0.405617979012445,39.4439275948484,40.190625,39.248,2.33520624208298,1.19261422491658,-4.31955632885406,4.67041248416597,3.8137383810483,724,25,1,36,244,5,0.121878121878122,114,30.4666114356134,1,1880,-4.25611838360844,-11.3850634607511,26,8.84708532446144,0.91360243408372,-0.179003956226089,13.9185774841911,1
251120_Dupi_NMH_JL_1,audiobook,Dupi,DupiS1,JL,1,75,125114,1,90,658,1332,1332,1916,3832,3417.99999999998,922.040365945947,1.336,1.18352246813883,3.41799999999998,43.1031346185357,40.9444444444444,44.496,1.81707143531878,0.0709940861100146,-5.08688037180768,0.908535717659391,36.1486136613152,35.9925373134328,36.308,2.38296012771726,1.65361544985152,-4.8056827269738,1.19148006385863,52.915329594286,54.3918918918919,52.544,2.06805749211573,-6.57497119141275,-4.79474793857204,1.03402874605787,51.9509719721261,52,52.048,1.77145590583556,-7.35512982823991,-6.77384450606781,0.885727952917781,50.6686317541095,51,50.936,1.31575924906515,-7.95287734050697,-6.4107407367478,0.657879624532575,42.9936201384268,42.5169082125604,40.6231003039514,2.87169139688976,0.745829577904788,-4.08359502729235,1.88957293915346,50.9496989056298,51.8979591836735,51.9525222551929,1.29741907574757,-7.54863556751933,-6.96272017842935,0.874460457053861,51.7190699022993,51.5072463768116,51.7808219178082,1.49416168201211,-8.27163161516664,-5.97048492019895,0.872590422295073,42.313598237141,43.7791262135922,41.3862212943633,1.82094380331249,-1.0257280851942,-6.4957259426996,3.48892832714674,5.68777930014774,572,56,1,18,442,5,0.220779220779221,172,8.7286353021,1,612,22.8370328210965,29.0900547139614,23,9.0954608133622,1.5170058157468,0.579678721173987,15.6513075686633,1
251120_Dupi_NMH_JL_1,audiobook,Dupi,DupiS1,JL,1,76,126823,1,90,902,1614,1614,2176,4352,3316,1006.08991474067,1.628,1.20360895931184,3.316,45.4199977074791,45.2210526315789,45.344,1.88855841986495,-2.21712623519696,-6.38481744653817,0.944279209932476,42.8614234353103,42.3806818181818,43.268,2.2970940697928,0.605201273827843,-5.2288902400236,1.1485470348964,34.1632056535946,35.6310679611651,33.52,2.349151574267,0.520734541759139,-5.83562617943171,1.1745757871335,49.8193551390287,49.1611374407583,49.18,2.96561792010226,-2.45335654940313,-5.62647424782732,1.48280896005113,44.0774843077197,44.2771739130435,43.708,2.69446442560246,1.39016689751024,-5.04592746412548,1.34723221280123,38.5977957015904,39.8888888888889,38.6274944567627,2.42123116662302,0.533578220119684,-5.39296698637641,2.18395051229397,48.85023312851,49.2452830188679,47.4662921348315,2.79092860870441,-2.07312578703212,-5.88589380599026,1.98714116939754,42.8324856976962,42.8169934640523,42.8505338078292,2.28322240661021,1.16539147277068,-5.37832312503243,1.28317099251494,49.337224153134,48.8070175438597,49.1644736842105,1.15814709699635,-8.81993365869811,-10.7887694907627,2.11246030492134,5.2907769240841,662,31,1,198,660,7,0.32967032967033,158,38.2817350280929,1,1868,2.17681654335041,-21.2038932519448,23,6.04452613000063,1.083198918332,0.0627689168129919,13.1105748276643,1
251120_Dupi_NMH_JL_1,audiobook,Dupi,DupiS1,JL,1,77,128481,1,90,518,1292,1292,1716,3432,2925.99999999999,1167.7084212829,1.246,1.6157864702762,2.92599999999999,34.8024961038791,29,37.536,0.714689472511267,-9.48911342069771,-14.7857914867433,0.357344736255634,25.3363350003703,25.4166666666667,25.54,1.9005824353588,-5.57687775292814,-11.3280078008601,0.9502912176794,42.5830623459547,42.4140127388535,42.088,2.43511175213397,-4.36903583109248,-8.69180223582856,1.21755587606699,33.8983851381909,28.7,40.624,1.05001307685015,-8.74137433245895,-13.064872633953,0.525006538425074,53.454582367939,52.9644970414201,53.72,2.9899120555302,-7.96923161825244,-9.40409992648582,1.4949560277651,25.3894888290239,25.4166666666667,25.6293436293436,1.87753088956061,-5.62355927227236,-11.2420641861559,0.972561000792395,39.3042292162534,39.1014492753623,38.2248062015504,2.10952029200927,-5.17637544236214,-9.75655922831373,1.63276870601518,55.2179972593307,55,54.6981132075472,1.27124091931355,-10.7269168490344,-12.1491722663158,0.539006149788944,44.9467991551994,45.156378600823,44.0664335664336,2.30937801339635,-5.34486471605616,-9.98398598879798,3.96289267098814,5.21355913999159,314,25,1,282,588,5,0.293706293706294,164,24.1743087448502,1,1350,-5.26655283627396,30.546023002196,30,11.0107581677045,1.26995618029504,0.195438546832846,8.56865196765183,1
251120_Dupi_NMH_JL_1,audiobook,Dupi,DupiS1,JL,1,78,129944,1,90,518,1056,1056,1700,3400,3064.00000000002,1249.05421828957,1.14,1.80137587490536,3.06400000000002,43.5323074114456,41.0196078431373,48.688,1.43642161195315,-5.42819324759834,-9.13001393097419,0.718210805976576,33.3694043681996,31,34.928,1.51813124449142,-6.91630684135618,-11.0788282540807,0.759065622245711,37.9316794272841,33.7857142857143,40.796,1.69798586143812,-7.73582313717752,-11.2634675702733,0.848992930719061,45.7100091566172,46.9844559585492,44.8,3.27469939640987,-2.89156368736164,-8.51462246645527,1.63734969820494,35.6081177212035,31.9230769230769,36.848,1.14674875373766,-4.41881201655373,-10.3123612672751,0.573374376868832,33.3705032580712,31,34.8725868725869,1.46793570629703,-6.97870190805545,-11.1626288816728,0.760390695861862,42.1139433324503,40.4183673469388,42.7323420074349,2.01760531997704,-7.45404314718473,-10.881929507388,1.08547166214765,43.5682557705606,45.2848484848485,42.2484472049689,2.30927634366175,-3.20625319549465,-9.22298150041115,1.48717396531817,36.4486044937635,36.8677685950413,34.9364705882353,1.97429609698937,-4.65109215151413,-9.12460278946305,3.35630336488192,5.09066684834155,1318,35,1,380,444,4,0.221778221778222,196,46.6012065042343,1,1456,-32.819578827547,32.6357613429114,27,11.6162427539464,1.86664346329832,0.520899639260153,14.2545623857309,1
251120_Dupi_NMH_JL_1,audiobook,Dupi,DupiS1,JL,1,79,131476,1,90,510,1160,1160,1686,3372,3031.99999999998,1495.8606686226,1.198,2.06738069172134,3.03199999999998,33.4768701132219,34,31.916,1.0364634117912,-6.2019346117499,-11.3869216262447,0.518231705895599,38.4405778704697,38.4014084507042,38.38,2.23522260937743,-1.00651849503186,-6.78497256995427,1.11761130468871,42.2534552110908,37,47.884,0.969489406988256,-6.30204519663877,-11.6174373914888,0.484744703494128,30.5832573434905,33,30.112,1.23401195275233,-5.86443003714881,-12.3161622177026,0.617005976376165,36.3024480272068,33.1153846153846,36.86,1.28703953443282,-3.65672795916999,-8.86181764795631,0.643519767216412,38.4092821019902,38.3916083916084,38.3450980392157,2.22951816928955,-1.02477752696085,-6.81447639252146,1.13705426633767,38.5435155474884,NaN,43.3569230769231,1.00238585559886,-6.29136448906007,-12.0261584766967,0.651550806139258,32.7017710203462,33.0422535211268,32.4486692015209,1.35364783575382,-5.40130227591923,-11.161217794535,0.71201876160651,36.4124912785895,35.296992481203,40.4270462633452,1.68829951402468,-4.29625249592852,-8.94627133991287,2.8464729806456,4.79527411280863,392,39,1,244,212,2,0.105894105894106,138,15.4490262683794,1,956,-1.01346992980459,27.821211895634,6,2.62935704957361,1.55628993064102,0.300736403017147,13.2015360305589,1
251120_Dupi_NMH_JL_1,audiobook,Dupi,DupiS1,JL,1,80,132992,1,90,546,1228,1228,1724,3448,3030.00000000003,1527.29582139868,1.232,2.03863435137602,3.03000000000003,38.5786260368467,37.6197183098592,40.876,1.28157794928305,-6.7918830032034,-10.732631288032,0.640788974641523,32.595567404712,33.2625,33.004,1.94106344474156,-4.79930804515955,-8.60853438876292,0.970531722370781,35.4937220906844,35.785046728972,35.036,2.2565270708786,-4.19685894106517,-9.75212083745577,1.1282635354393,36.5758224104442,32.7727272727273,38.668,1.24160207229764,-7.04128910893784,-10.0880267203756,0.620801036148819,50.3435271405149,49.010101010101,51.196,2.45135365033382,-6.81098567449649,-8.5326153606904,1.22567682516691,32.7364053862023,33.3048780487805,33.1465201465201,1.90142432063414,-4.88736446068325,-8.79091676254914,1.03817767906624,35.206811743037,35.2556390977444,34.8005865102639,1.94606102358593,-4.80214733118446,-9.657967299033,1.32721361808561,45.5448704691382,32,47.2540322580645,1.3723533817572,-8.35259514592998,-10.0458312463078,0.680687277351571,47.4109011407658,51.2148148148148,41.8677494199536,1.67769252150959,-6.34987634449921,-9.78005385162242,2.89234190708252,5.70078126144455,1908,50,1,34,384,3,0.191808191808192,166,55.2209757911697,1,1792,-0.111174350218173,3.24226746566419,20,7.21670298526126,1.01652946412041,-0.227117226954168,8.25806674719717,1
251120_Dupi_NMH_JL_1,audiobook,Dupi,DupiS1,JL,1,81,134507,1,90,544,1204,1204,1684,3368,3043.99999999998,1299.7760588435,1.212,1.75476426155565,3.04399999999998,26.1927782622427,25,26.532,0.350029409329538,-10.3241694978652,-15.4962386939975,0.175014704664769,42.2657714963944,42.5789473684211,41.396,2.06542093795827,-2.35774502686508,-8.04762357941381,1.03271046897913,41.2584676133683,40.6262626262626,42.356,1.89578301337434,-2.98508922414371,-9.13551474826231,0.94789150668717,48.0077673091737,48.0170454545455,47.716,2.89724068506725,-1.20236487277388,-7.78531964795714,1.44862034253362,36.8701859193915,33.5441176470588,38.924,1.64244792547422,-5.31046232061979,-10.6800690164018,0.821223962737108,42.4207804889419,42.7806451612903,41.6066176470588,2.08469967602813,-2.24633141796965,-8.02945134283345,1.1340766237593,42.6932586015047,41.6190476190476,43.6818181818182,1.80768440750301,-2.48514275089498,-9.16354385520091,1.19307170895199,47.8586713609869,48.2147651006711,46.7958333333333,2.6184884183746,-2.559400020601,-8.18145497583461,1.25687444081981,41.6187767840315,42.9416058394161,40.1817102137767,1.91511195060831,-6.09411796015516,-10.9164026123421,3.22504852482439,5.24169018114259,1394,49,1,268,534,5,0.266733266733267,182,27.852131191169,1,1542,10.1449440333902,-2.17748539100012,16,5.04454592694155,2.32850431937437,1.12794441100082,21.8175993032074,1
251120_Dupi_NMH_JL_1,audiobook,Dupi,DupiS1,JL,1,82,136029,1,90,514,1102,1102,1622,3244,3038.00000000001,1296.15708693423,1.136,1.88700066794862,3.03800000000001,53.6903179377942,54.4833333333333,53.508,1.60720896191393,-8.56530580847538,-9.58428509552372,0.803604480956964,32.8870714786122,31.3239436619718,38.196,1.24905860148247,-7.04991477950528,-10.4341416314012,0.624529300741235,42.0247791089543,42.2788461538462,41.136,1.63580503835544,-6.05286362525684,-9.14058973819726,0.817902519177718,53.0633973028147,55,47.156,0.986503071628936,-10.2692006856096,-13.9476176262388,0.493251535814468,37.1232807690896,NaN,45.848,0.632456240821587,-9.69486087369198,-13.7971382384164,0.316228120410793,32.896462421096,31.3239436619718,38.136186770428,1.21871411189344,-7.10157447563829,-10.4712538322349,0.626419053513226,44.7476645132904,45.0526315789474,43.6632653061224,1.7544634487603,-6.35054212888584,-9.35114319325452,1.03162450787106,52.4075221879805,NaN,48.0115384615385,0.625804623408761,-11.0817216177742,-15.3883832105258,0.325418404172556,46.5262437776351,47.1390374331551,46.7768187422935,2.29043430928555,-3.14133084495882,-7.81645314579085,3.71508444966116,3.05716547968186,680,37,1,672,18,1,0.00899100899100899,18,14.2392438391849,1,1236,-43.4722064124455,26.5852160643168,28,9.39621227821314,1.11646123768947,-0.310588544537095,8.9687759592094,1
251120_Dupi_NMH_JL_1,audiobook,Dupi,DupiS1,JL,1,83,137548,1,90,516,1144,1144,1594,3188,3105.99999999999,1221.17542478577,1.128,1.69643240818191,3.10599999999999,44.7151343524148,45.9072164948454,44.348,3.14253107028771,0.474563221260409,-5.29263359125622,1.57126553514385,34.1124787464475,34.0847457627119,33.328,1.28276451436309,-4.74134743209968,-8.51862771171179,0.641382257181544,30.5222949938696,NaN,32.304,0.525681679011162,-9.36822849173385,-12.9821756185232,0.262840839505581,32.2457048243382,25,34.568,1.20748746012809,-6.9054700425625,-11.3657015154225,0.603743730064047,35.0751212448067,25,35.992,1.08806895097422,-6.36560141725274,-10.2147912357255,0.544034475487109,34.1124787464475,34.0847457627119,33.2248062015504,1.24298887050687,-4.86427595263539,-8.626067511129,0.641382257181544,28.9709062910622,NaN,30.687898089172,0.582053849644427,-8.81047362081947,-12.9292516903128,0.3655298175767,37.7047717076637,25,42.4711111111111,1.33347984601346,-7.14976982093191,-10.8431990262489,0.600065930706058,37.6189344063995,37.7775,38.7277289836888,2.18001294723009,-2.42366293057526,-7.0222025356832,3.47494063788476,4.57422799236656,0,41,1,0,54,2,0.026973026973027,30,24.7937622336505,1,784,-2.7877063175868,3.98853612238062,16,5.23328211442193,0.904919955764427,-0.435270933084726,6.8382663010124,1
251120_Dupi_NMH_JL_1,audiobook,Dupi,DupiS1,JL,1,84,139101,1,90,560,1174,1174,1618,3236,3346,1209.52748093216,1.166,1.56025643358373,3.346,54.1981783805773,54.5555555555556,53.904,1.93131241285417,-8.7670731580682,-5.31482392379666,0.965656206427087,53.7467718058348,53.553488372093,53.824,2.39602386878541,-6.93026739044233,-6.88516320651669,1.19801193439271,45.6831296204946,44.9933774834437,47.836,2.27029558280418,-2.8618555637687,-7.53229307446086,1.13514779140209,44.8493039522663,36,46.692,1.41447599020346,-3.64188978812025,-9.1445613654372,0.707237995101729,48.9338832523256,49,45.86,1.26820798248298,-4.33071492297007,-8.78812328142653,0.634103991241488,54.266911752735,53.9755102040816,54.1642857142857,2.54644318161018,-6.93923333742906,-7.13942355098504,1.4260081817017,42.2928128351347,40.7894736842105,45.3908794788274,2.0699847682499,-2.3903878550473,-7.53264017945903,1.27097064770544,49,49,49,1.47688064563523,-3.98711584231505,-9.03379442897968,0.655735006662043,43.520953463327,43.7879464285714,42.9320148331273,2.08094135036803,0.378689527693284,-5.83926810762391,3.36696310489548,4.02790727927359,544,57,1,316,326,4,0.162837162837163,170,12.1713059389385,1,1272,13.9647125782584,-26.7082294264339,21,7.65931717176336,1.3756710560452,0.15953789345781,13.3395513561445,1
251120_Dupi_NMH_JL_1,audiobook,Dupi,DupiS1,JL,1,85,140774,1,90,788,1262,1262,1820,3640,3336.00000000001,1234.62609084541,1.312,1.63068611890437,3.33600000000001,52.2667411233104,52.2707182320442,52.448,2.66957475187151,-6.67634620771192,-4.09227405278003,1.33478737593576,51.3723775493107,50.6,52.632,2.18750272505715,-0.259246132277485,-6.15331158412852,1.09375136252857,42.5021097061024,41.5373134328358,44.808,1.11608124446262,-0.0568248792721399,-6.07646963033854,0.558040622231308,56.176291060978,56.6101694915254,55.548,1.92660087506346,-10.5752707461362,-6.75171263005701,0.963300437531731,48.9393060169835,49.3197674418605,48.6,2.47973222668841,-1.26958885386491,-6.12235748896479,1.2398661133442,48.3441442378292,47.8648648648649,48.6243654822335,1.99700191969314,0.655343012337545,-5.72832660591632,1.57363751271819,56.2847810764172,57.049504950495,53.4303797468354,1.57567417561376,-7.78225306032234,-6.16701416990466,0.746869559240923,50.8213874675359,50.1529411764706,51.6451612903226,2.19151621173638,-4.9275817289868,-8.31704573484461,1.2228660461489,43.583706581484,42.713963963964,44.9582417582418,2.1914174738432,-1.54553658462976,-5.99832605275945,3.98837980239462,3.8829535317772,1600,50,1,198,444,8,0.221778221778222,92,9.03845025993181,1,1104,-33.1849743881616,-7.42965347824469,17,6.1294632811138,0.970508356192895,-0.181086787461454,16.1423837025467,1
251120_Dupi_NMH_JL_1,audiobook,Dupi,DupiS1,JL,1,86,142442,1,90,816,1302,1302,1900,3800,4125.99999999998,1120.97446774366,1.366,1.55372997477005,4.12599999999998,49.114279795683,49.9924242424242,48.78,2.42183343968795,-1.76453478623857,-5.0718165875351,1.21091671984398,53.0582086311577,53.90625,52.728,1.53067050906804,-7.83720755890366,-8.9371704874304,0.765335254534018,48.6617821976078,49.0618556701031,49.208,2.68493716211916,-1.65767256092379,-5.03834339085153,1.34246858105958,36.8037896719174,36.1709401709402,36.192,3.20687966082413,2.83141274729252,-2.95285625576551,1.60343983041207,36.7233370171001,36.8028169014084,36.468,1.69695848517169,3.31538372268809,-4.26313367640013,0.848479242585845,50.1883269534128,50.0634146341463,51.0147058823529,2.04386274165703,-3.13998524795268,-6.90157573745385,1.66779199719214,40.8679401844734,39.7765957446809,41.2633744855967,2.87543118222229,-2.61983348021554,-3.99973853634801,1.39745955456003,37.3899826856609,37.5359477124183,37.1872909698997,2.26438562132385,4.58078902550144,-3.36288775558101,1.35410260155166,32.9121417643485,33.5494252873563,32.2747368421053,1.88752328484025,-0.549994934627777,-5.70747727563913,3.58629424119647,4.7848934234967,1018,49,1,18,600,8,0.2997002997003,160,14.2082472979885,1,1628,-15.61942705369,-0.615252912494884,28,8.85448969908192,1.08313281709264,-0.0972105143659025,17.4379146369321,1
251120_Dupi_NMH_JL_1,audiobook,Dupi,DupiS1,JL,1,87,144505,1,90,708,1458,1458,1902,3804,4079.99999999998,762.455464279316,1.436,0.887413469288072,4.07999999999998,55.6615756896221,56,54.584,0.988800964226766,-12.1773261690913,-7.77519834834477,0.494400482113383,53.8980218119102,53.8706896551724,53.484,2.06680782160255,-9.69895579121505,-5.45166597132025,1.03340391080127,55.2704939412756,55.5316455696203,55.04,1.47632810687701,-11.3622119580826,-7.71431822757925,0.738164053438504,51.4300406249972,51.7980769230769,50.952,1.73162525861499,-8.60801754920032,-5.29057202926416,0.865812629307494,49.6469110155301,52.25,49.168,1.11026382134526,-3.23939604430851,-6.63791472258527,0.555131910672631,54.6641345804054,54.8132530120482,54.4463276836158,1.95295895660149,-10.0014633709036,-6.20117109513013,1.38269494127385,52.0896542109029,51.9224137931034,51.952,1.54705295436899,-9.47715896171757,-6.13590060209789,1.16028971577675,52.0277155483361,52.5102040816327,51.0495495495495,1.17703354141413,-7.61852155528302,-6.27643674145879,0.522602892387873,45.8092122245998,45.1832229580574,46.6161934805468,2.10238409578448,1.49639338652687,-3.73422932204724,3.99873455018207,4.18191194682609,12,56,1,0,126,3,0.0629370629370629,46,25.7780520959066,1,1390,2.37526086131664,2.33315963821788,9,2.52274465478447,1.2336479713942,0.11756326418912,14.1896592660693,1
251120_Dupi_NMH_JL_1,audiobook,Dupi,DupiS1,JL,1,88,146545,1,90,864,1414,1414,2152,4304,4396.00000000001,578.894274758221,1.634,0.639729641066195,4.39600000000002,51.8889624105375,53,47.68,0.66597037364493,-6.30707840658862,-7.81613850307666,0.332985186822465,49.9263496214453,51.9491525423729,49.248,1.64638098723746,-8.13210069629062,-5.66871685219704,0.823190493618729,45.9855149996869,45.1428571428571,46.012,2.20007709216006,0.259278735684151,-4.91507156111465,1.10003854608003,45.6175008935731,45.7741935483871,45.476,1.77944710592084,-3.56686681416395,-7.30588621149616,0.88972355296042,48.7075310061129,51.09,47.452,1.85989701582268,-2.98470592101969,-5.45318783060901,0.929948507911339,48.1742809386584,48.2636363636364,47.8865740740741,1.71203877231131,-2.08545451479698,-5.14347707853974,1.47920149927697,45.8641178361969,45.8541666666667,45.8727272727273,2.27959048586857,-3.63673025132942,-6.845682718399,1.25377476722771,49.5841243022299,51.9214285714286,48.3712737127371,1.75870952886551,-3.71180635525096,-5.53788665006488,1.29792763230275,44.0161808196073,42.9685990338164,45.7900432900433,2.15725818882682,-3.92812626884758,-3.87005725841193,3.98661313295196,3.70380162319328,884,46,1,456,168,3,0.0839160839160839,80,18.147657121922,1,1798,10.8415860368052,-9.53967692708529,14,3.51065402426471,1.63385235345137,0.543627326899125,17.5679689376971,1
251120_Dupi_NMH_JL_1,audiobook,Dupi,DupiS1,JL,1,89,148743,1,90,750,1414,1414,2112,4224,2454.00000000001,757.505044474713,1.552,0.81886150868265,2.45400000000001,47.1947203523073,56,45.924,1.64716474940191,-4.31538258286523,-7.31530506452989,0.823582374700954,31.8485984057526,32.0555555555556,31.868,2.91894512314262,2.02372402706487,-4.73797642423003,1.45947256157131,36.9786929508689,38.2857142857143,34.428,1.55156235637332,1.97963541995629,-6.63219450373515,0.775781178186659,34.8025031257414,25,38.228,1.04306325979659,-3.72911071941267,-10.3090891408533,0.521531629898295,51.5937324871824,52.453125,50.524,2.08487086869773,-6.16450621577519,-7.52051889217321,1.04243543434887,33.9308742974895,33.9096573208723,34.12,2.78709432176274,2.94961613994189,-4.75063238678101,2.09032074132206,32.0026441321663,25,34.8584337349398,0.825430660310073,-4.17062376263305,-10.3237797899805,0.548085958445888,50.5048681667998,52.453125,49.3409742120344,1.93518059284104,-5.19126663542938,-7.4624679228031,1.35075605380305,48.0756513507458,47.6958955223881,48.3887711864407,2.29152263899433,-3.04500779931337,-7.62847761832756,4.32639474242129,5.13764709949442,1896,52,1,28,444,6,0.221778221778222,120,39.0433368400238,1,1690,32.3710870802504,-7.30933859381397,28,9.963451332129,1.71596111982612,0.702291515486774,18.8334236065334,1
251120_Dupi_NMH_JL_1,audiobook,Dupi,DupiS1,JL,1,90,149970,1,90,312,614,614,920,1840,2601.99999999998,586.801793296565,0.558,1.65522848485155,2.60199999999998,51.3188376962683,51.2567567567568,51.204,1.71572746276705,-6.2038076590408,-7.34760838963244,0.857863731383527,53.1799325126915,54.525641025641,51.676,1.46067666330339,-7.76637047626316,-7.19607642579454,0.730338331651697,53.3373906765432,52.989417989418,53.956,2.51624941037284,-4.1100227635659,-7.51585674695021,1.25812470518642,50.9659220202582,51,51.168,1.21708217763753,-7.65477516275167,-7.76596772341462,0.608541088818766,34.7347628911529,26.8108108108108,39.964,1.55862876868342,-5.72944048853425,-7.0541598979037,0.779314384341711,54.4415627506346,54.8783783783784,53.8910256410256,1.88235859232018,-9.0236381741913,-5.99892582831902,0.587295880803896,47.5140496399651,47.4098360655738,47.7615894039735,1.68181904574229,-3.47483011111131,-9.14491641757157,0.507909351814173,55.5551295964714,55.4166666666667,55.5686274509804,2.55176820438725,-5.18678117775193,-7.03294818412042,0.780841070542499,48.0982665815602,37.8548387096774,49.895652173913,1.25076051498549,-7.30990395053858,-7.58838706885864,1.15069967378665,3.75236734814055,600,47,1,58,248,5,0.123876123876124,94,9.66464121345056,1,1138,-19.3352305065452,12.8802062009156,32,11.3836499746098,1.93806241657301,0.950985728139079,15.0119013968817,1
