sessID,task,cohort,group,participant,sessNum,breathIdx,onsetSample,goodBreath,nEv,inhalePeakMs,returnCrossMs,exhaleStartMs,exhaleTroughMs,endSymMs,breathLenMs,inhaleVolume,inhaleDuration,peakInspFlow,breathLength,w1_rfreqPW,w1_rfreqGated,w1_rfreqRaw,w1_rpowZ,w1_rpowDb,w1_bandDb,w1_aucZ,w2_rfreqPW,w2_rfreqGated,w2_rfreqRaw,w2_rpowZ,w2_rpowDb,w2_bandDb,w2_aucZ,w3_rfreqPW,w3_rfreqGated,w3_rfreqRaw,w3_rpowZ,w3_rpowDb,w3_bandDb,w3_aucZ,w4_rfreqPW,w4_rfreqGated,w4_rfreqRaw,w4_rpowZ,w4_rpowDb,w4_bandDb,w4_aucZ,w5_rfreqPW,w5_rfreqGated,w5_rfreqRaw,w5_rpowZ,w5_rpowDb,w5_bandDb,w5_aucZ,p1_rfreqPW,p1_rfreqGated,p1_rfreqRaw,p1_rpowZ,p1_rpowDb,p1_bandDb,p1_aucZ,p2_rfreqPW,p2_rfreqGated,p2_rfreqRaw,p2_rpowZ,p2_rpowDb,p2_bandDb,p2_aucZ,p3_rfreqPW,p3_rfreqGated,p3_rfreqRaw,p3_rpowZ,p3_rpowDb,p3_bandDb,p3_aucZ,p4_rfreqPW,p4_rfreqGated,p4_rfreqRaw,p4_rpowZ,p4_rpowDb,p4_bandDb,p4_aucZ,peakZ,peakLatMs,peakFreq,anyBurst,burstLatMs,timeAboveMs,nBursts,dutyCycle,maxBurstMs,peakZ_base,anyBurst_base,timeAboveMs_base,chirpSlope,chirpSlope2,freqSpan,freqJitter,apExp,apOffset,gammaBumpDb,gammaPeakPresent
251208_OBE_NWU_SP_1,O15,OBE,Control,SP,1,1,9797,1,96,280,948,948,2918,5836,2918,176.045191871832,0.28,9058.60518141529,2.918,42.4148958556434,40.3877551020408,44.412,1.63794964204324,13.702091771442,8.31071289675904,0.81897482102162,47.3396520377264,46.7796610169492,48.356,1.95699508810453,10.0990117885555,6.28545122459606,0.978497544052267,47.7655732187846,48.5573770491803,47.488,1.99234216684386,8.55535575594474,8.56256512795063,0.996171083421928,31.3186505535457,25,33.676,1.44767699853784,16.2359477006606,9.35381765300645,0.723838499268921,32.261229308753,33.7142857142857,31.812,1.55553473746532,16.3993110468026,10.4473704635275,0.777767368732662,44.9893325346045,45,45.05,2.40355801975593,12.0750264574276,6.60812416595115,0.67299624553166,49.0894285480218,49.2368421052632,49.2754491017964,1.81701075135202,7.48973275486668,7.95994568314018,1.21376318190315,31.8842616937428,30.3496503496504,33.4,2.12235194624509,17.9515326971909,11.3300472952698,4.18103333410282,44.7407726503462,44.3933054393305,45.5046210720887,1.79695720349581,14.302607107049,10.5070837265472,1.94430769418247,3.60428961211336,130,45,1,46,196,3,0.0979020979020979,126,58.4826616154529,1,1630,22.6803263137925,-7.01073808017272,27,9.22895734799741,1.07136795043855,1.07103877006962,17.2374957181403,1
251208_OBE_NWU_SP_1,O15,OBE,Control,SP,1,2,12517,1,96,202,880,880,2074,4148,2074,52.1629384098812,0.202,4769.80464738577,2.074,46.1340572975221,46.0701754385965,46.664,1.81958104101651,9.8071989148918,7.17389564194398,0.909790520508255,47.3818031455678,48,47.096,1.6238869964647,9.13039343780482,8.47553474619584,0.811943498232348,54.4918148169522,54.8243243243243,54.06,2.25769480870552,6.41999314276595,8.94093940976661,1.12884740435276,53.4967763966464,55.0555555555556,51.364,2.89798459513479,12.4642607838842,10.9136396234152,1.4489922975674,50.1629698578373,52.7118644067797,48.424,2.14655199966926,10.5223043944751,10.3862366459637,1.07327599983463,47.8060560767528,48,47.5643564356436,2.34364328760967,9.18491657003455,7.60135361212535,0.473415944097154,51.7158691183379,54.1910112359551,50.5516224188791,1.62803174911168,7.686664469628,8.79120733961962,1.10380552589772,52.4746907568098,54.2962962962963,50.5410385259632,2.53664167758733,11.1307198049467,10.6251078528022,3.02875016303927,42.1545258607412,42.5668449197861,41.5711318795431,1.93942380090674,14.9292062926631,9.58223819410805,3.73533024054639,4.92250311366024,1038,58,1,48,624,9,0.311688311688312,206,40.0298077886266,1,1958,-3.55492316448495,15.3607585513827,18,4.19731364809268,0.367709871631191,0.225408704827646,14.5494283326748,1
251208_OBE_NWU_SP_1,O15,OBE,Control,SP,1,3,14568,1,96,262,994,994,2128,4256,2128,95.702037143337,0.262,5092.111856842,2.128,44.3134097543962,44.1060606060606,44.628,1.90581235024085,14.0835689465042,9.27403530417305,0.952906175120426,49.5182351851975,49.8263157894737,49.656,2.75255483088945,11.0094558044391,8.88572559985965,1.37627741544472,41.5220194319649,41.4685990338164,41.564,2.69733641009834,18.818471590898,11.5901835117655,1.34866820504917,35.4943224926272,35.2711111111111,34.908,2.75667852275839,17.5972417331187,12.168833524189,1.3783392613792,28.5033181547691,27.8958333333333,29.436,2.3839346483381,16.3729508054323,11.1248890099165,1.19196732416905,54.7228849141668,55.8732394366197,52.7786259541985,2.05377713182391,4.80309679298718,8.47862958399167,0.538089608537864,43.3165196173103,43.2136222910217,43.0737704918033,2.96410768691222,17.7049593362052,10.974732847838,2.16972682681974,32.4136678406823,31.947619047619,32.4708994708995,2.40133984819506,16.8836976284572,11.4678042507189,2.7231193878532,41.3687815920723,40.4451097804391,41.2948717948718,2.12545272576578,13.7986439303249,10.232012976524,3.97884750263354,4.25568113006481,1622,27,1,170,748,11,0.373626373626374,198,28.2026475289687,1,1990,-14.446974008727,-12.3624706889493,31,8.9133784451379,0.200384782143334,-0.203632859957939,19.1467419800731,1
251208_OBE_NWU_SP_1,O15,OBE,Control,SP,1,4,15819,1,96,216,866,866,952,1904,952,86.5659776622652,0.216,5819.02117250718,0.952,55.3782183659116,56.5172413793103,55.52,1.48721920296472,2.967447763286,10.510894977675,0.743609601482359,46.3263864789111,45.9538461538462,46.5,1.45956173973401,8.26741657403861,9.74504971167481,0.729780869867005,47.2819750972074,47.5941176470588,46.792,2.89713809722579,10.149072669663,10.3167087135403,1.44856904861289,48.4682175416358,49.5038759689922,47.632,2.21988710168389,8.90847024666545,10.1217024441512,1.10994355084194,42.7086025281154,43.2553191489362,42.452,2.30616601817858,14.6479934664635,9.54011388845521,1.15308300908929,46.7417404734494,43.5714285714286,47.5092592592593,1.13587103853022,7.26924242484425,10.6620525088942,0.245348144322528,47.2141917415921,47.3665158371041,46.6984615384615,2.67243701588776,9.80149423543127,10.1106435041985,1.73708406032704,45,NaN,45,1.24321246181655,9.03213996374281,7.43979886412336,0.106916271716223,46.1073182054064,47.1576576576577,45.3466386554622,2.11332108121077,12.0867814701418,9.83693316139998,2.01188166931265,5.45307055054651,558,48,1,454,532,11,0.265734265734266,142,10.1383118087716,1,1450,-3.00512236767216,0.317024602672432,11,3.82308904707381,0.907448403619914,0.511644280193046,19.4678754868284,1
251208_OBE_NWU_SP_1,O15,OBE,Control,SP,1,5,35010,1,96,196,1092,1092,1948,3896,1948,264.834818242316,0.196,27737.2524486749,1.948,40.082869338962,38,40.724,0.954094557968978,13.488983303529,7.20202924507953,0.477047278984489,45.6031943322084,45.6767676767677,44.74,2.80944633381211,13.8587468292237,8.69415397644103,1.40472316690606,39.6746924636383,39.7627118644068,39.156,2.19229746722874,15.296963308038,9.71313513116721,1.09614873361437,34.2893120203173,33.4347826086956,35.408,2.50420872536864,18.1279859669521,11.3960134062329,1.25210436268432,53.1861884412621,53.5111111111111,51.708,2.92282625895662,11.0948631234993,13.2445075457616,1.46141312947831,39.9947842083386,40.2033898305085,39.7551020408163,2.14186842731475,16.4198726139181,9.87200078176185,0.41980621175369,43.4319445041216,44.2178988326848,42.2276785714286,2.44438589088152,13.9820983422572,9.09656701325554,2.19016975822984,43.7109058465239,43.1904761904762,43.2920560747664,2.76971493831455,16.3328032257036,11.9448436774013,2.37087598719725,48.1825827765147,46.5238095238095,49.0800821355236,1.61849733873925,9.66333118797831,10.6033457257945,3.15283281586405,5.0165230920398,1424,34,1,184,766,6,0.382617382617383,240,67.2984238608828,1,1962,25.3792449250617,-17.3967134402799,24,8.62389865242089,1.7058230329656,1.41490190777552,24.5281063663242,1
251208_OBE_NWU_SP_1,O15,OBE,Control,SP,1,6,51685,1,96,154,784,784,2214,4428,2214,141.146011032423,0.154,25802.8810051817,2.214,42.4414517079218,40.0666666666667,40.344,1.07067339721482,12.9656471999382,8.08234154205743,0.535336698607411,42.501758388978,42.3653846153846,42.648,1.25821860887753,14.1510029467881,7.51489441442677,0.629109304438767,43.6673197465939,43.0875,43.908,2.2815792898355,15.0326844890558,11.6032480058126,1.14078964491775,51.3395571387788,50.8378378378378,51.608,2.09209279966019,7.53541738267062,8.90427846953376,1.04604639983009,48.3911843255665,47.8571428571429,48.076,1.3464188201735,9.89332121449116,10.3845599095777,0.673209410086751,42.4360917398662,42.3653846153846,42.5714285714286,2.17719359946876,15.2962383483973,9.2688177320004,0.335287814318188,44.6611870562873,45.3285714285714,44.0666666666667,1.42741404266875,13.5367230966559,8.77607558760681,0.899270846881313,49.3746374348607,48.5197368421053,49.4223776223776,1.90189310090801,10.9712226135289,11.1536148890886,2.71970713429846,45.8468473845234,46.9047619047619,44.8006718924972,1.97552941290605,13.5186828435243,10.1338633912243,3.52829553145021,3.87683463351746,692,48,1,0,168,5,0.0839160839160839,54,45.0013742854109,1,1990,-0.569531398216642,-1.6445825734172,17,4.5813561772976,1.01784861585052,0.703344471402641,20.3924290987007,1
251208_OBE_NWU_SP_1,O15,OBE,Control,SP,1,7,53985,1,96,828,1060,1060,1224,2448,1224,381.369998272813,0.828,6020.01166565412,1.224,39.6929163727974,NaN,39.98,0.826924140195729,13.9716876631813,7.83887069903344,0.413462070097865,45.4616716883773,45.261744966443,45.592,2.6477019317152,14.9988168135392,9.81167549041689,1.3238509658576,39.8197753286028,38.7212121212121,41.508,2.46502888056752,15.6290047528268,11.6924744483073,1.23251444028376,51.8849873600637,52.0555555555556,51.424,1.91759778454996,5.81672232084964,10.1461534346342,0.958798892274982,38.1981952801307,38.2786885245902,38.66,2.70189291255498,17.293049553921,10.2577772422421,1.35094645627749,41.3174015949436,40.6007067137809,41.5869565217391,2.71104324832796,16.0950315567309,10.7303568447111,2.24474380961555,53,53,53,2.2737309515708,4.17848257055153,11.4410445428811,0.527505580764426,51.6283631861179,51.5833333333333,51.1707317073171,2.71765357558018,6.93430537018988,11.5568602559827,0.445695186395149,41.2312640641552,38.2786885245902,43.3398692810458,1.57111285822754,14.5189300010056,9.16329842763193,1.92304213847052,5.14395584160026,366,47,1,258,766,8,0.382617382617383,156,43.7668839468229,1,1812,-8.2614304686018,2.49320728030669,26,7.29092475801669,0.921182754864595,0.63897355414672,20.4086762618903,1
251208_OBE_NWU_SP_1,O15,OBE,Control,SP,1,8,55199,1,96,442,628,628,1580,3160,1580,251.402794898107,0.442,8087.93575320647,1.58,50.2826547237277,NaN,47.572,0.562197394271593,9.64646820421865,8.13088907912277,0.281098697135797,47.1820628437234,47.1525423728814,46.576,2.50916822602033,13.3774741782623,10.5961052826648,1.25458411301017,43.9555664161123,42.962962962963,44.332,2.15987945948715,14.320882277316,11.4801259092512,1.07993972974357,44.5609881090449,44.8730158730159,43.688,2.12967028670225,14.2084355275387,9.93630425280209,1.06483514335113,39.4126623951916,39.3876404494382,38.748,2.41192384946661,15.4861007636423,11.1994332598267,1.2059619247333,47.8191980295586,47.6554054054054,46.8371040723982,2.28422759111494,12.6395773529625,9.53709807266152,1.0096285952728,44.2562380026445,44.2777777777778,44.3333333333333,3.81475118720547,16.3036156040859,13.495154144452,0.709543720820217,43.1970686280661,42.5606060606061,43.0525210084034,1.95526414089047,14.563513562958,10.6142008893567,1.86141146212773,35.4919436112216,35.6640926640927,35.6177215189873,2.37992389415357,16.7354775113392,11.7512637659021,3.76027975276264,4.60379627957491,490,44,1,236,558,8,0.278721278721279,170,21.9104236018946,1,1854,5.05255169797002,-9.0546953511743,25,6.8980498065807,0.533540224075101,0.168779797576716,18.949097409841,1
251208_OBE_NWU_SP_1,O15,OBE,Control,SP,1,9,76203,1,96,344,762,762,2388,4776,2388,153.919396452381,0.344,6388.60470870111,2.388,39.4570319486343,39.6708074534162,39.572,2.71536082899907,18.4918502382032,10.4867438822156,1.35768041449953,44.4148565874392,44.1351351351351,44.044,2.78230390673923,14.5218100220338,9.98165522906859,1.39115195336962,43.9622198110214,42,45.14,1.5119850298502,13.0632279840531,8.84269871249986,0.755992514925101,50.1180851178007,49.865671641791,50.212,1.83499833154505,8.08709498303623,8.15884941773655,0.917499165772526,53.6269248944907,53.5535714285714,53.744,2.83403857025751,5.57371752480643,10.5737212238262,1.41701928512876,45.6952869515861,45.31875,45.3023255813954,2.89800155374993,13.4014943429036,9.45480719715032,0.996912534489975,41.9204019941383,41.6095890410959,42.5215311004785,2.1701756365068,15.4791362844059,10.2608806981412,0.907133416059844,53.5511999364139,54.2677345537757,52.5006150061501,2.33162213011415,6.83453218969549,9.60933567623904,3.79121758356561,46.1456286375611,46.954954954955,43.3970223325062,1.15925180611816,11.9572211766881,8.44221031700204,1.86871391146247,4.22126170694687,8,47,1,0,472,8,0.235764235764236,80,52.0168711242141,1,1988,-18.3786757730981,8.57957717646183,16,5.30818588258531,0.838373122198399,0.314351913099198,21.4219101184874,1
251208_OBE_NWU_SP_1,O15,OBE,Control,SP,1,10,90475,1,96,484,810,810,2424,4848,2424,125.422344519988,0.484,3511.50712640342,2.424,38.3201233607457,37.9465648854962,37.968,1.90621020340228,15.3633176044667,9.05168382704211,0.953105101701139,45.8330811491655,45.6388888888889,45.876,2.35860413531421,9.53250811973866,7.6476408763746,1.1793020676571,50.4715291339731,54,50.328,0.782661296320707,5.56034802959529,8.986869237069,0.391330648160354,45.3329087396958,46.0308641975309,44.56,2.30548116236459,13.9436028842581,10.195498342803,1.15274058118229,48.6701144499384,48.7424242424242,48.88,2.41424936187213,10.4615178122158,8.97909992227142,1.20712468093606,45.7991757151333,45.6388888888889,45.8057851239669,2.39903716759856,9.57756372423513,7.65469064489325,1.1611339891177,47.4355692070796,NaN,48.0736196319018,0.696170173975636,6.92648460232916,8.46363318542161,0.226951476716057,46.7805937464891,46.8542199488491,46.2255266418835,1.90728867577334,12.0271906032819,9.32907285214226,3.07836392269818,53.9802207696422,54.6849315068493,52.0799492385787,2.09986787332199,7.79230653657701,12.0135050321944,3.30939176835545,4.29768768421269,382,46,1,0,376,9,0.187812187812188,110,23.2930992259214,1,1616,5.88692847656991,12.2472736070272,16,5.2747006938635,0.305661315662299,-0.157612135733072,19.3184295109176,1
251208_OBE_NWU_SP_1,O15,OBE,Control,SP,1,11,101987,1,96,192,960,960,1422,2844,1422,77.8886907186984,0.192,6392.02380854059,1.422,39.1196749383043,NaN,33.452,0.44129222678368,11.0063050869077,7.44314183574244,0.22064611339184,49.4171145961876,51.8461538461538,41.764,1.45484501332181,8.49991610628887,7.71446988581788,0.727422506660908,54.3423193583858,54.26,54.516,2.87573945683812,5.60643577142346,12.246055807444,1.43786972841906,54.800105844989,55.0909090909091,54.476,1.84587798666051,3.32270349003157,6.07577559098675,0.922938993330255,49.8303843619616,57,47.708,1.38152288683947,6.02306672062243,7.65456010352071,0.690761443419737,27.5452855927905,NaN,29.625,0.336332370752433,9.82183179749325,6.51244960361504,0.0645758151844672,53.3709451876231,53.5827338129496,52.359375,2.64204060959077,6.51255905380724,11.2986838398453,2.02908718816571,54.9164351035781,55.4285714285714,54.6147186147186,1.72790538241033,3.10649133801269,5.9020938059157,0.798292286673572,42.6572517924265,45.5509433962264,42.5091420534458,1.94829036807768,11.4582960936961,8.80494441463531,2.77046890340646,5.48333139809624,478,52,1,422,374,5,0.186813186813187,182,69.075880457291,1,1896,65.9032441661924,11.5889381025049,7,1.97135100877014,0.767076162846698,0.285545423047252,20.6833745723672,1
251208_OBE_NWU_SP_1,O15,OBE,Control,SP,1,12,118461,1,96,406,890,890,2772,5544,2772,138.260749857231,0.406,3662.19904801341,2.772,48.6991898389744,48.7777777777778,48.748,2.37012934347977,9.44587224114681,8.04389931855456,1.18506467173988,50.4269122963632,50.4057142857143,50.312,2.45856341976297,9.74907464646432,7.02121950136989,1.22928170988149,38.0776085956961,38.6193548387097,36.692,2.40389426248628,16.559240796267,10.5149691910582,1.20194713124314,44.7574185688627,45.0746268656716,45.5,3.06281356505121,15.0355918264153,10.5229373066671,1.53140678252561,50.3007266906545,48.7070707070707,51.044,1.84311607056611,8.50912755998614,11.0867525825276,0.921558035283055,50.8435891966025,50.921875,50.615763546798,2.34346521955741,9.42452856871177,6.4164558522908,0.951446879140307,40.443085544337,41.0346534653465,39.8388429752066,2.90490980294435,16.3517832540703,10.5638425184112,1.40597634462507,45.5426261490764,45.2622950819672,45.8969181721573,2.32901396867828,13.5962378562584,10.4311318450857,4.38320428905252,40.2405267280433,40.7614678899083,40.1482084690554,1.79003451717738,15.7904907400885,9.24222244943893,2.19816238709382,4.41553123802631,1110,37,1,290,724,8,0.361638361638362,174,32.5713167324468,1,1706,7.97268070574842,-33.8422600215878,25,7.89616920341437,0.563941954052909,0.197429416058999,18.0874040475142,1
251208_OBE_NWU_SP_1,O15,OBE,Control,SP,1,13,120752,1,96,222,892,892,1948,3896,1948,56.0506251411661,0.222,3782.24708336072,1.948,50.5849801750861,49,52.548,1.29801379354251,5.97461247565747,7.34831781606607,0.649006896771257,46.3621941643514,45.4403669724771,47.252,1.68484070511224,11.8337826867458,6.58279855814366,0.842420352556119,45.1810939603449,43.9772727272727,45.972,1.84378195602969,13.9703621155728,10.3945348955863,0.921890978014843,25.89768684108,25.869109947644,25.888,2.44314330971182,14.045505496638,9.87849472349422,1.22157165485591,40.1514045531831,39.2990654205607,41.252,1.71551973888846,15.1191735685917,10.2956500513736,0.857759869444232,49.8654146514999,NaN,49.4864864864865,0.798007995778209,6.41943181161646,5.59328740053477,0.177157775062762,48.195999021108,48.1283422459893,47.9253731343284,1.92807485348731,12.4321236439085,8.82595939038459,1.29181015183649,31.180704661271,29.7791411042945,32.8541666666667,2.14353337986898,15.2264698815236,10.4315562979118,2.26357124914164,40.4400469087432,40.4904761904762,40.952772073922,2.26969443494294,16.6533624040906,10.5221743008541,4.42136475926884,3.57505135087419,1258,26,1,314,206,6,0.102897102897103,76,22.0793077827833,1,1816,-13.5560614684121,-6.58158707708339,32,10.6772809743084,0.258099533221901,0.0025824751972272,14.905672439822,1
251208_OBE_NWU_SP_1,O15,OBE,Control,SP,1,14,122523,1,96,186,1042,1042,1298,2596,1298,47.5866317238454,0.186,5180.49353782862,1.298,33.816208685498,33.7164179104478,34.008,2.44595248787227,18.331785659891,11.0060938422726,1.22297624393613,46.1380097238754,48.2685185185185,42.724,2.49838989885837,16.7437137917472,11.3949047584366,1.24919494942918,37.2414592797102,35.8639053254438,37.94,2.77067416697107,17.6543397116932,12.2369317094415,1.38533708348554,43.1568830549964,43.7630057803468,43.712,2.35213382247,13.2214984020621,9.32231211635038,1.176066911235,41.352101985855,38.1052631578947,42.556,1.5072771920281,15.168192633843,9.35381724455788,0.753638596014048,42.9268008744638,52,38.8387096774194,1.24075569429387,14.7623380302885,9.87821064709426,0.230780559138659,40.62034291515,39.3802816901408,40.1682242990654,3.00015183347744,17.6660519826486,12.1904692069524,2.56812996945669,43.1680214320552,43.6265060240964,42.515625,2.26624104143804,13.1484950973657,9.21027184257472,0.580157706608138,47.651336930686,45.62,47.979969183359,1.69419577451893,12.9125619976486,9.7607592453385,2.19906611532558,5.76108652214842,228,52,1,168,532,5,0.265734265734266,178,47.0412161310129,1,2000,12.0777841016885,-23.7495812707038,22,7.94276176614567,1.08138040101115,0.818182767156355,22.272313609887,1
251208_OBE_NWU_SP_1,O15,OBE,Control,SP,1,15,133906,1,96,236,842,842,2532,5064,2532,62.6226389775157,0.236,4054.19923088039,2.532,54.1130946252468,54.2906976744186,53.776,1.8330094736023,2.4806800655684,8.03244693652621,0.916504736801149,50.4476433776811,50.6940298507463,50.144,2.280649015151,6.67439318433344,8.62218244656204,1.1403245075755,37.7836704698982,40.0227272727273,37.244,1.72103303427665,13.96955733931,8.59116992661503,0.860516517138323,31.8622337601185,30.9405940594059,32.952,1.77608409263894,14.788855409609,10.2384405109418,0.888042046319468,40.8955080991803,41.1029411764706,40.868,2.40809401135599,16.2643484245051,11.0576631354611,1.20404700567799,49.3556289659741,50,49.4576271186441,1.19350652662835,5.89961802604557,7.1047412482764,0.281667540284291,47.0225785337139,48.7527472527473,44.3828382838284,2.30873575905993,11.5665480743966,8.92050271948861,1.39909386999032,38.032871064059,38.183257918552,37.8023668639053,2.12517395636836,15.750962509388,10.5298240800454,3.59154398626252,49.6015773388885,49.0730897009967,50.2465940054496,1.71497783554675,10.00125448133,9.27698080292407,2.51758746258263,4.44297197604879,390,51,1,350,410,5,0.204795204795205,178,13.5178011569823,1,1756,4.19882375260863,-31.8170059924815,24,7.9778629797308,0.0538874002398247,-0.302867674269652,13.6233034546515,1
251208_OBE_NWU_SP_1,O15,OBE,Control,SP,1,16,148234,1,96,196,1570,1570,2054,4108,2054,66.8253658192665,0.196,6620.59254391926,2.054,39.1954615071749,39.8217821782178,38.684,1.74734620949206,16.8200742498813,10.569335278436,0.873673104746031,46.2538929244553,46.3355704697987,44.632,2.53697974597574,15.6060390521313,9.93795720701904,1.26848987298787,44.9895105659038,47.4698795180723,42.016,1.59593228523602,16.5611333208112,10.078269980786,0.797966142618008,52.1548651813648,51.8908045977011,52.768,2.60647341365594,7.82480767975129,11.7705147035393,1.30323670682797,55.4809065585734,56.1435406698565,55.388,3.12181491470179,8.65264797836431,14.7604566234201,1.56090745735089,46.5736382017746,NaN,41.9387755102041,0.354086679709682,11.4848055754276,7.06008609523497,0.0694009892230976,48.3573029193459,48.948275862069,47.3493449781659,2.47979512651502,14.7819418301807,11.0957038835755,3.40723850383164,55.4915166259255,55.7957446808511,55.7561983471074,3.38865516406866,9.13943620365916,14.9064935558059,1.64010909940923,40.1458869871514,37.7084337349398,41.360739979445,1.76177421816183,16.9148663731973,11.0781338392561,3.42841262854293,4.97739932040683,1908,54,1,228,868,11,0.433566433566434,224,148.977150581986,1,1918,13.3033579965851,-3.52839915137531,14,5.0922147894957,1.03253451718717,0.810847104801055,21.1361502671005,1
251208_OBE_NWU_SP_1,O15,OBE,Control,SP,1,17,149982,1,96,196,734,734,2330,4660,2330,48.7589978692128,0.196,4963.22645837043,2.33,35.1033131098624,34.5217391304348,35.896,1.56011748252035,17.7166378512066,11.5517149963909,0.780058741260175,42.1483412800212,43.048951048951,41.024,2.29141988288855,16.9734361474688,10.930929340709,1.14570994144427,33.4305577092619,33.8790322580645,34.54,1.97164004363727,17.0206563333744,11.0209957421573,0.985820021818636,28.3346585852274,27.7951807228916,29.192,1.49075326630668,17.149043513331,11.0250377303972,0.745376633153338,28.7461767628189,28.8852459016393,29.184,2.95337881322776,19.423864079573,13.7461388096463,1.47668940661388,43.2224294176576,43.0985915492958,43.3367346938776,2.6519870325018,16.7099440534927,11.7808021685034,0.519789458370352,41.3736043917946,43.6734693877551,39.907063197026,1.75066606240779,16.2112570538587,10.1587014650213,0.941858341575393,31.3138089944368,31.9678111587983,31.7994987468672,2.24006705620445,18.0686956248419,12.1924935575874,3.5751470217023,44.9891538854841,43.9605633802817,46.2958083832335,1.61954696550518,13.4582627048089,10.3789714631138,2.70464343239365,5.16937334756144,1634,26,1,84,584,7,0.291708291708292,176,94.5796885356017,1,1902,-20.8302029975337,-20.5801727025719,21,7.31315308065624,0.849692737129926,0.667866077737696,17.7413608351478,1
251208_OBE_NWU_SP_1,O15,OBE,Control,SP,1,18,152049,1,96,246,690,690,1964,3928,1964,60.9802890586064,0.246,3949.95236478312,1.964,38.0381949125579,37.8666666666667,37.904,1.44537853190425,16.6816440220525,9.81080257305208,0.722689265952126,44.6571943428666,44.3714285714286,44.336,3.88628881942654,17.8202238665844,12.9400667182852,1.94314440971327,37.9312338081925,38.671875,36.868,1.36999201846395,17.4111301674701,10.5358071561268,0.684996009231976,37.4348240848052,38.2894736842105,37.244,1.47434170250274,17.2036152903975,10.8489778937585,0.73717085125137,39.3647334716653,40.984126984127,38.888,2.0371305674425,14.8439376497607,10.7749935892398,1.01856528372125,48.7034931573529,48.6065573770492,48.5772357723577,4.44931602988561,15.8791062206171,12.2351695464118,1.09453174335186,39.233272335523,39.6939890710383,39.6261261261261,2.80432477864087,19.0074146218195,12.5700015723141,1.24512020171655,37.5931600200376,38.90625,37.032967032967,1.53553594734712,16.3027874472407,10.7315938125145,1.95627279692023,37.6182739141113,38.4505813953488,37.4786150712831,1.8725555441727,15.4114216181038,10.0634265647158,3.67769908875519,5.18221032690392,72,47,1,0,438,4,0.218781218781219,222,53.1695973935741,1,1954,-27.6289129197496,-14.5034801057059,22,6.95201310176194,1.40647970231719,1.14270584941638,25.0953714589792,1
251208_OBE_NWU_SP_1,O15,OBE,Control,SP,1,19,153582,1,96,1078,1280,1280,1474,2948,1474,310.955467182006,1.078,9027.95200937172,1.474,29.03622257226,29.4207317073171,29.776,2.98135921529298,16.6466896972992,10.5203934790123,1.49067960764649,42.3585150868578,43.9156626506024,40.8,1.48627790136495,14.2201368198867,8.71843560193066,0.743138950682473,35.3177390565296,36.6,33.412,2.32097285436235,16.5701938106881,11.0155791974142,1.16048642718117,55.1270531441951,55.1130952380952,55.176,2.56736926443632,6.77753161183201,10.615943240385,1.28368463221816,52.9780719933385,52.6666666666667,47.928,1.0267597526394,7.1720351701223,7.62144319972057,0.5133798763197,39.0238382504129,40.1623931623932,38.1539888682746,1.90382560262293,15.3428089169935,10.1129474056331,2.05232399962752,55.0560304098156,55,55.1188118811881,3.2430647900295,5.99451572812761,10.2630444507484,0.655099087585958,56.3571639815885,56.2253521126761,56.4329896907216,2.2492106444128,4.56134667162111,10.7985299188233,0.436346865016084,48.3278593338472,52.6666666666667,47.6485753052917,1.0589022536691,11.7593018432591,8.4679537556104,1.56082192190826,4.60748678400942,1150,55,1,382,354,4,0.176823176823177,142,14.8081824829576,1,1230,28.7763232783153,-12.402947854245,24,8.43779525708636,0.788452996603167,0.522609263170722,19.0264537420614,1
251208_OBE_NWU_SP_1,O15,OBE,Control,SP,1,20,155171,1,96,292,682,682,2466,4932,2466,81.254610655791,0.292,3546.61324040288,2.466,39.4668245963902,NaN,38.684,0.776305940994395,14.3109178538666,8.43399753657768,0.388152970497197,46.7213691110704,46.1395348837209,47.064,2.48859417411561,13.8578272491375,12.298427916706,1.24429708705781,48.7926299341883,47.6526315789474,49.9,1.65353367625216,11.3594539294655,8.66578879186869,0.82676683812608,48.363173935453,48.8054054054054,48.024,2.33485108425909,13.3979330020863,11.7022125706531,1.16742554212955,55.2042420496712,55.6732673267327,54.664,2.15151068940021,5.71142419370073,9.92847240179028,1.07575534470011,47.9547020102082,47.3333333333333,48.5479452054795,2.55748950642724,11.6955160561295,11.3337439457699,0.746786935876754,45.8408533030741,45.82,45.9230769230769,2.34402886269142,14.7657769906819,11.862830203225,0.914171256449654,51.990474304661,51.4130434782609,52.0459641255605,2.1848265815151,10.0539451777166,11.0855434256158,3.89773062142294,44.5449438164639,41.275,44.5215123859192,1.19318683784297,12.2485639310797,8.88128709595655,1.83034860925112,5.28580067390089,198,48,1,140,270,5,0.134865134865135,104,47.5957189607314,1,1990,-13.4422310756972,9.83055421148621,17,5.10569729560657,0.98316483173882,0.677087795571779,19.800841434043,1
251208_OBE_NWU_SP_1,O15,OBE,Control,SP,1,21,155914,1,96,322,848,848,980,1960,980,158.737449998029,0.322,7360.14286487472,0.98,47.1646860540829,46.9704433497537,47.544,2.39340288970521,13.6645436004075,11.7348304187518,1.1967014448526,55.0292316479947,55.4226804123711,54.552,1.97371759555881,5.69738748182715,9.83557293345798,0.986858797779404,53.0624586089832,52.562874251497,53.876,2.69414550782314,7.23307697995564,12.4509135150492,1.34707275391157,49.6508617477573,NaN,44.22,0.784529908586902,9.38313939673588,7.93493773371267,0.392264954293451,51.4377441571069,NaN,49.816,0.852951316750047,7.98098637007837,8.64892210737015,0.426475658375023,52.8181034159664,53,52.8385093167702,1.71522118239895,5.85330322031877,9.36768356017433,0.552301220732463,54.0117944957711,53.7464788732394,54.3460076045627,3.09286673704585,7.52364745207392,12.2412273582932,1.62684790368612,56.6119642601338,56,56.7727272727273,0.950492031222241,2.702647426157,11.319752659776,0.125464948121336,51.1526774428486,NaN,47.7897959183673,0.84734634363898,8.15256908057067,8.35393442624654,0.830399416766201,4.96184266146917,496,58,1,26,322,5,0.160839160839161,106,39.5785480669905,1,1726,13.5602352494783,0.811869579781894,8,3.01617370800283,-0.0772209933216021,-0.355397065673168,13.7780294988003,1
251208_OBE_NWU_SP_1,O15,OBE,Control,SP,1,22,157229,1,96,204,680,680,1926,3852,1926,43.5565935464171,0.204,3541.93509242612,1.926,44.4262685533021,40.4947368421053,49.168,1.56642084267754,14.779826328218,10.2392466607104,0.78321042133877,48.4982515452624,48.293023255814,48.144,3.11672753453944,11.6055989177655,10.9680602791096,1.55836376726972,44.4133388405059,44.5882352941176,44.512,2.35518771848826,15.9462559376652,9.442579356232,1.17759385924413,37.646142384994,37.6741573033708,39.412,2.74032427892673,18.1059558916069,12.3952931605688,1.37016213946337,38.5357161786748,36.762962962963,39.568,2.45669413457889,17.1906962510146,11.3473740668581,1.22834706728945,48.9834208457371,48.7525773195876,48.7450980392157,2.81896935251522,11.7441899759355,9.40960534677069,0.575069747913104,48.139830107103,47.9432989690722,47.7857142857143,2.90381764884599,11.1795376810834,10.8777383868838,1.38221720085069,39.0013769548614,38.8163265306122,40.1171749598716,2.62077559488354,17.6818635312087,11.5417592754664,3.26548639122489,38.4463423010357,35.9660194174757,42.2876427829699,1.44147724126244,13.9581815443676,9.01032996460143,2.77628516667147,5.91178745235319,224,50,1,158,566,5,0.282717282717283,188,58.2586661408585,1,1994,-2.52817302219692,-9.59597275468048,21,6.28670097874678,1.19000345542695,0.932318987670806,21.678789358683,1
251208_OBE_NWU_SP_1,O15,OBE,Control,SP,1,23,159602,1,96,378,902,902,1478,2956,1478,91.7700446961311,0.378,2831.07932337663,1.478,52.7159353587622,NaN,49.448,0.207051959191096,-3.06859642510441,5.54229404258019,0.103525979595548,38.5737793918761,NaN,41.148,0.279114205881218,13.2818389345876,7.19657378361524,0.139557102940609,35.9577300799883,35.9011627906977,35.828,2.65072913549887,20.1501231712197,13.2162251400605,1.32536456774944,29.5694007728027,29.7541899441341,30.16,3.0156734949865,19.2638215181011,13.6966356861815,1.50783674749325,44.906784967729,48.3521126760563,44.96,1.81265243875952,14.6397630936866,10.3337024021497,0.906326219379758,38.7352218381621,NaN,42.1746031746032,0.294273106341602,12.6183112103703,6.86547470654843,0.111235234197126,34.8673989371825,34.6666666666667,35.7328244274809,1.87586154718065,19.5100391014805,12.246865083391,0.982951450722661,31.6777382498862,31.9308755760369,31.7465277777778,3.042180072132,19.2141529301781,13.6390813650839,1.75229572154803,46.5268240477873,47.409604519774,47.5602165087957,2.3311227835066,13.7343414925526,10.1757186729101,3.44539947402276,6.67460058303435,1464,28,1,684,490,4,0.244755244755245,212,40.9767473226999,1,2002,-24.5384177575413,-3.12679123087803,28,8.26839924864665,0.678576101905322,0.441939521145294,19.6584474442892,1
251208_OBE_NWU_SP_1,O15,OBE,Control,SP,1,24,160808,1,96,440,972,972,1186,2372,1186,175.695049458856,0.44,4854.92288464629,1.186,53.1982352071046,53.5472972972973,53.1,2.30366871456518,2.67266639037431,9.04721407868607,1.15183435728259,44.7117167727413,44.0884353741497,45.94,2.52964204359603,15.1453194391642,10.2072979237868,1.26482102179801,51.2773159136034,51.4671052631579,51.084,2.27007995299122,6.5000599533862,7.08989855097399,1.13503997649561,52.3105449332105,53.625,51.852,1.90773127635967,4.98177400690396,9.68451621893474,0.953865638179836,57.4844217277859,57.8636363636364,57.228,1.58328956760071,2.98466552905099,11.1641792761763,0.791644783800357,44.9763750117142,44.0884353741497,46.6136363636364,2.68326701586539,14.9974611147159,10.4693345749184,1.18063748698077,50.4055631206254,51.3115942028985,49.8458646616541,2.14855157126244,9.38519153373695,7.03036654264557,1.14302943591162,51.947309965581,53,51.7009345794393,1.8500820047339,4.0797254718426,9.61490923223817,0.395917549013054,51.9483853952894,51.4333333333333,52.1551433389545,1.67045794463266,10.3747521562107,10.3525921704278,1.98116312233434,4.91144094266711,256,45,1,162,496,7,0.247752247752248,186,32.8132981101127,1,1640,-29.3060140390818,13.805877098299,17,5.31181092307202,1.62331551558474,1.73468799587469,21.4929275491194,1
251208_OBE_NWU_SP_1,O15,OBE,Control,SP,1,25,184826,1,96,662,1116,1116,2674,5348,2674,220.939219590258,0.662,4059.10338811486,2.674,47.7875161123033,43,50.228,0.882115532835037,9.43961749717649,7.36274694052011,0.441057766417518,46.2282401057337,46.4888888888889,44.816,2.20017765452646,12.6563442453734,8.32226609678358,1.10008882726323,38.1083498795927,40.2558139534884,38.084,1.80975763310503,17.8005763609213,10.7903072574757,0.904878816552515,36.4361227623088,35.958041958042,37.952,2.53401709380322,19.3471128225999,12.4203679888435,1.26700854690161,50.5418820740292,51.4812030075188,49.312,2.1215074033471,9.7994569372981,14.0320019865542,1.06075370167355,45.6267117194582,46.5519480519481,44.3836858006042,2.09049168541453,13.217606407536,8.39559125878145,1.38390549574442,35.4363867614625,34.9756097560976,35.5242290748899,2.31363643069631,19.7629388079586,12.0387462589347,1.05039093953613,48.5938503931496,49.6991525423729,48.4749679075738,2.30173837565865,13.3864199453611,13.0583625785606,3.58610838927618,48.9920067563187,48.7923250564334,50.0196078431373,2.33124705069716,12.1444683337902,11.5084289683953,3.09123358922443,5.51892021987484,310,46,1,240,466,6,0.232767232767233,212,83.5691751806214,1,1964,15.5989375830013,-20.728868128187,24,7.63187428851113,0.554575088794535,0.208327856058187,19.8623471938839,1
251208_OBE_NWU_SP_1,O15,OBE,Control,SP,1,26,198854,1,96,790,1014,1014,1632,3264,1632,393.85058763723,0.79,8639.50961762424,1.632,48.7417528206385,NaN,48.96,1.22451156318873,9.87940147459095,7.58261707005001,0.612255781594366,51.3441549666915,51.1428571428571,50.396,0.966931506738472,10.6132613842839,7.44282285825989,0.483465753369236,42.309463894672,42,43.476,1.88751505429766,15.4347614837467,9.50091146111227,0.943757527148829,55.3722294255375,55.3715846994535,55.404,2.83226975164459,7.37921588450553,15.3394368380214,1.4161348758223,48.9224381505224,52.2888888888889,48.124,1.74918465664488,10.6167576024952,9.89066894884307,0.874592328322438,45.4023902920006,43.8079096045198,47.3139240506329,1.68071674295587,14.3195560128424,8.42892033849077,1.32776622693514,45.2021960048657,NaN,45.7410714285714,0.466021887408859,9.36411405308719,9.4077416471014,0.104388902779584,54.9424747155063,54.7933884297521,55.0323624595469,2.80847521700602,7.32634331118102,14.8490564483016,1.73563768410972,43.6385006963925,43.3587174348697,43.5502450980392,2.25831118928949,15.8791775938084,10.6902473254197,3.68556386092044,4.6707177837621,1460,53,1,550,344,5,0.171828171828172,116,320.475169723532,1,1758,-44.8670081578448,-2.55536531804817,21,6.44460313624053,0.59055297205317,0.358008611003974,21.0586060564428,1
251208_OBE_NWU_SP_1,O15,OBE,Control,SP,1,27,200313,1,96,358,1408,1408,1616,3232,1616,159.456125818836,0.358,6918.06816874362,1.616,41.6753686955858,40.5405405405405,42.048,1.35799418365829,16.5603532756248,10.6224186014442,0.678997091829143,47.129850115976,47.2429906542056,47.12,3.1012830009019,12.7563519451579,12.035823242591,1.55064150045095,49.788107580046,49.8181818181818,49.724,1.77518664062533,6.12020771214563,8.44781949071857,0.887593320312663,38.6834663222947,37.3548387096774,41.296,1.70951542083986,15.4187580577081,10.6690818904008,0.85475771041993,54.3524087885251,54.2641509433962,54.268,2.03155627918988,6.6912220813643,9.57591929139311,1.01577813959494,47.4677084963865,47.546511627907,47.5642458100559,3.33433631583662,12.9323194383668,11.2659880656355,1.19369240106951,44.9307664086369,44.2139917695473,45.8895238095238,1.79005140958184,12.3605394615774,10.3135490765435,1.87955398006093,47.4083850719583,47.2584269662921,47.4615384615385,2.22753777931934,13.7494607819906,11.523047308443,0.463327858098424,48.443691011271,48.3696498054475,50.1856435643564,1.60501380161008,12.289737870068,9.58825644088127,2.5937023034019,4.52708369455797,282,47,1,12,358,6,0.178821178821179,148,95.5764204080114,1,1848,-5.81104154809337,5.16162950831877,22,6.47307468451453,0.245272968702896,0.20554634917892,13.5981021399752,1
251208_OBE_NWU_SP_1,O15,OBE,Control,SP,1,28,201846,1,96,308,950,950,2074,4148,2074,106.96602745191,0.308,5138.99448559528,2.074,55.3395787903905,56,52.504,1.27805201249256,6.15147993414763,8.90453214737168,0.63902600624628,42.5076987238424,43,42.184,1.8289011585637,14.9209306225212,10.3240411432339,0.914450579281851,43.4390738009907,43.8823529411765,43.448,2.60447394008007,15.6721415490384,11.6093778344356,1.30223697004003,51.2275041129011,51.3783783783784,51.02,2.81304452925544,6.49104593139709,10.1521862451991,1.40652226462772,45.8610159345654,46.0606060606061,45.804,2.71560708532169,14.6897133340119,11.8357363504803,1.35780354266084,43,43,43,2.23290611128741,15.2960186539548,10.6145291295777,0.687735082276521,41.7116757036829,41.6283185840708,41.8566978193146,2.11644868275043,15.6068730960026,11.055057319501,1.35876005432577,48.671907081976,48.9583333333333,47.5338078291815,2.64055184777008,12.1611099425741,11.0229589677032,2.96798027689357,38.5345795732415,39.0810810810811,39.4953271028037,1.53134575885027,14.7193636697594,8.83540414516638,2.94937193154562,4.92923015117924,670,40,1,212,748,9,0.373626373626374,172,53.0794164624047,1,1994,-9.48890153671031,11.5484609372092,14,4.51224841570633,0.318061803448572,0.105685519565868,15.2013432709894,1
251208_OBE_NWU_SP_1,O15,OBE,Control,SP,1,29,203763,1,96,268,720,720,1120,2240,1120,78.0592681978727,0.268,5727.80469321586,1.12,42.8000776684391,43.7723577235772,40.044,1.9788828543796,13.6495105954731,8.65745643806748,0.989441427189799,45.061450701031,NaN,45.276,0.948673297900328,12.8291589192275,7.73040284027788,0.474336648950164,32.3235178814095,33.5911602209945,35.256,3.48538589371742,18.6407597383295,12.2180459311457,1.74269294685871,34.66004211601,34.40625,34.608,2.55080986370828,17.4710651409673,10.9720810793239,1.27540493185414,40.9104777330529,37.6407766990291,42.852,1.76448419194063,15.6001177343531,10.6641626744494,0.882242095970313,48.637261032129,NaN,46.0298507462687,0.311412244588476,9.22756132538414,5.98468803034578,0.0834584815497116,42.0138760360415,40,42.2610619469027,1.84557904932312,16.5687024922516,9.22339892413622,0.834201730294051,30.0781710780381,31.4869109947644,31.53,4.05180544473829,18.609532345564,13.2410064974819,1.62072217789531,40.7334197176677,39.5901639344262,42.1196428571429,2.04406344852827,15.6667958562907,10.0218165267343,2.28935106235166,6.68953352322237,950,25,1,736,374,5,0.186813186813187,184,80.6956432614346,1,1984,-3.67899829254413,-29.0962891279265,26,5.11819240081107,0.603819255855149,0.526890748715745,16.538656213261,1
251208_OBE_NWU_SP_1,O15,OBE,Control,SP,1,30,204846,1,96,206,1088,1088,1410,2820,1410,50.1802711229988,0.206,4904.38725943444,1.41,51.4410334733275,51.3018867924528,52.004,2.41707601509056,4.53546301671792,9.58894555468638,1.20853800754528,41.1028943120201,40.4444444444444,42.532,1.73558987709327,13.7707449844694,8.19892457775603,0.867794938546636,45.7239141424301,45,45.184,3.17787771585758,15.9355480831591,11.1216742701964,1.58893885792879,53.7314843282589,54.3863636363636,53.624,1.62951292490457,2.28280582485518,9.89308170148115,0.814756462452287,52.591817897592,53,52.004,2.29207516345089,7.25595103172891,7.4600383857977,1.14603758172544,48.1536268561928,49.2,47.4660194174757,1.19437975645962,9.13373121601586,5.71428102243244,0.246042229830683,44.4348365360807,43.9808306709265,44.0748299319728,2.70292576636567,15.3205451908431,10.3788078703311,2.38398052593452,53.6612995090723,54,53.5652173913044,1.51251827968062,2.07952988049594,10.168407489421,0.487030886057158,44.9964724246545,44.9411764705882,45.136170212766,2.37208238884452,16.418909109283,9.92070020283569,3.34463616827078,5.18260572823636,848,47,1,0,458,6,0.228771228771229,148,27.2473873031282,1,1680,-37.353822804022,17.4493802806417,21,7.11989097827169,0.829028196779873,0.678760891542426,18.3781482090745,1
251208_OBE_NWU_SP_1,O15,OBE,Control,SP,1,31,205956,1,96,436,1044,1044,1212,2424,1212,187.920952548597,0.436,5940.72143336561,1.212,44.30487683195,37.0434782608696,49.936,1.92696849169226,16.6288211920339,10.5161527772949,0.963484245846128,41.0630580290941,41.4127906976744,40.544,2.71099927640934,18.1152595982841,10.2164049629427,1.35549963820467,38.9470265010702,40,37.908,1.65731800427121,16.4560488737598,10.1461778851497,0.828659002135603,37.1833686727252,37.0534759358289,37.056,3.02600186556273,15.5012362516781,9.81111479046676,1.51300093278137,40.9560199478722,40.4424242424242,40.844,2.43119188495003,17.152889095393,10.3985808790476,1.21559594247501,41.0527512422157,41.4058823529412,40.454128440367,2.85307082108752,18.2979682385218,10.4201435156563,1.24393887799416,38.5431773592616,39.3125,37.6776315789474,1.66743132705467,16.4420086600699,10.0111002738429,1.01379824684924,29.1629282765466,29.1428571428571,29.1428571428571,3.80858210920761,18.2155190002313,11.565729162338,0.639841794346879,39.8073668948972,40.1976047904192,38.6435643564356,2.31066866242288,16.4564122781871,9.93839054253106,2.80053041885653,5.01798872474409,1482,47,1,0,652,6,0.325674325674326,194,17.5989862896635,1,1896,10.5528362739518,-12.3117579186363,19,5.46647218738897,1.29646416161506,1.16437696767639,20.8340170166757,1
251208_OBE_NWU_SP_1,O15,OBE,Control,SP,1,32,221306,1,96,624,976,976,1798,3596,1798,265.89338419113,0.624,5348.90646492137,1.798,40.1109586998826,36,42.016,0.987265641957109,15.5434144552523,9.15807335969487,0.493632820978554,43.6982333048724,45,42.58,0.889200197401459,14.2966803244932,8.87182544861242,0.44460009870073,48.4940294483248,46.3111111111111,50.288,2.5790778893989,12.6171743306249,10.2831821961351,1.28953894469945,54.7781658441504,54.5,54.736,1.93910627494286,4.17053830322871,11.5961864877329,0.969553137471428,56.387132995552,56.1138613861386,56.448,2.69217208134219,5.54621305745094,12.2926793180458,1.3460860406711,44.5037401539842,45.1794871794872,43.1057692307692,1.53562526981105,14.6771529647253,9.85986494360098,0.958230168362092,50.2892624154513,46,51.75,2.02428982236554,10.7711032968862,9.18355690762091,0.712550017472671,56.1316926013035,56.1506849315069,55.9172749391727,2.1704130925827,4.61772384121298,12.2630530835353,1.78407956210298,44.6533019632885,44.1371841155235,45.4571746384872,2.11209919879716,14.9162976226168,11.3848182274061,3.7975543594373,4.77813509938126,564,45,1,502,436,7,0.217782217782218,122,125.322352799899,1,1834,-19.9332195029406,28.0084304164961,13,4.92084931495437,1.37416066427144,1.62548915977459,20.3480144914635,1
251208_OBE_NWU_SP_1,O15,OBE,Control,SP,1,33,234787,1,96,260,1130,1130,1616,3232,1616,88.4577447149603,0.26,4572.20194340428,1.616,46.7513476083137,NaN,47.32,0.832198892147608,12.2415289198908,9.05512319612076,0.416099446073804,46.613136414915,46.4260089686099,46.78,2.81313513347281,12.5502800320679,8.91868455398529,1.4065675667364,35.2568518258334,36.1333333333333,34.396,1.57083904740411,18.4927246665556,11.7799588693134,0.785419523702058,29.4901983006449,29.1404494382022,29.44,3.09413082929275,21.1225740645782,13.9089962622113,1.54706541464638,25.5920492021038,25.2734375,25.904,2.05039883749001,17.0228534035831,11.5976031028999,1.02519941874501,46.3719435438285,46,46.6769230769231,2.85162262632663,13.5315288062342,7.47578473607471,0.741421882844924,37.751334564653,39.4767932489451,37.0758620689655,2.23135919906253,17.9619155847829,12.0861486616935,1.9412825031844,28.5303394676383,27.9473684210526,28.4279835390947,2.79955915111313,20.5732153153238,13.043599698991,1.36058574744098,35.8880011735537,36.7311557788945,34.4566831683168,2.01026666280512,17.400427315787,11.619254563818,3.24859092709308,5.3893351463959,1134,31,1,128,642,7,0.320679320679321,188,56.378813917616,1,1982,-1.04723961297666,-25.3992816466297,22,8.98883947241793,0.905128494190976,1.04513934782409,17.6154474507259,1
251208_OBE_NWU_SP_1,O15,OBE,Control,SP,1,34,236210,1,96,424,714,714,1800,3600,1800,252.28195294493,0.424,7567.11216112434,1.8,37.6754708919342,38.8,35.54,1.55756733565289,18.3643911712888,12.1176491186998,0.778783667826444,45.1287076878534,45.2783505154639,45.336,2.69899279285981,16.2483113565528,11.2829295800059,1.34949639642991,51.7517019890276,52.2170212765957,51.848,2.96910149049178,9.23608429416,11.5382822124213,1.48455074524589,56.6638611092556,56.9243697478992,56.44,2.255229902835,7.50664671295667,13.4740158195153,1.1276149514175,57.9228688015067,57.9022556390977,57.928,2.08922764478957,8.35276115763337,13.8848840016806,1.04461382239479,45.3441306095248,45.3891891891892,45.7547169811321,2.89028118213508,16.3922219210349,11.4468333130135,1.22547922122527,47.0526069094445,47.5631067961165,46.4206896551724,2.74329574549181,12.2232961611151,11.6433298873937,0.795555766192625,56.3656081048677,56.2716049382716,56.4585635359116,2.26154810791929,7.79177036692981,13.0994270115506,2.45604124520035,45.4746247446942,41.7970297029703,46.5022222222222,1.34184969056627,14.7333588439568,10.6796119528739,2.41532944301929,4.74442417004585,1426,57,1,0,734,11,0.366633366633367,110,30.4556282847511,1,1958,-3.83949914627205,16.0487773104552,18,5.73117809437868,0.501913410070569,0.325946063244266,19.3455247479515,1
251208_OBE_NWU_SP_1,O15,OBE,Control,SP,1,35,238039,1,96,280,848,848,1300,2600,1300,92.76121804235,0.28,4575.52904680046,1.3,51.6334782896209,55.3589743589744,50.2,1.32178113193319,11.568540729723,9.01795767218175,0.660890565966597,46.1155836195882,46.1347826086957,46.416,3.37594771439055,14.2927031857843,11.1943689360924,1.68797385719528,53.4486920061132,53.5689655172414,54.376,2.81796047788587,12.284689866966,11.9449867000308,1.40898023894294,43.2701620042562,40,44.192,1.73095088040165,15.5755161009813,11.4243246280738,0.865475440200825,49.5545352834452,49.8541666666667,46.348,1.10028824952162,9.99761583514579,7.32642787603052,0.550144124760808,45.6918190718402,45.6870229007634,45.75,3.35126466985804,13.0332057974341,9.47177765943326,0.93835410756025,52.147021913128,51.8866995073892,53.1443661971831,2.84881505430238,12.0615298373305,12.0482211094525,1.61812695084375,43.8757637040853,45.6851851851852,43.1194690265487,2.50389603331571,17.2907180943805,12.757530200458,1.1317610070587,50.8402571730187,52.2555555555556,47.7461538461538,1.0626365016778,10.2458151965537,6.82513503788894,1.38142745218113,4.89150468558904,996,40,1,60,660,6,0.32967032967033,334,26.7177530586388,1,1844,8.16277746158223,8.7848475825362,17,5.9988817593787,1.060652851607,1.23420920979149,17.3996973476091,1
251208_OBE_NWU_SP_1,O15,OBE,Control,SP,1,36,239279,1,96,202,588,588,1802,3604,1802,49.4344293152923,0.202,4730.44266458706,1.802,53.7316057160436,54.6428571428571,49.94,1.24384948028286,10.4379073437694,6.23380846845494,0.621924740141428,45.6792563418511,47.9821428571429,43.836,1.1716489276481,14.2327386367414,8.56651560143806,0.585824463824049,29.36288656001,27.3762376237624,30.696,1.96325157788858,19.0763664992956,13.0912046462278,0.981625788944288,31.9280692940577,32.5443037974684,31.24,1.57202357388273,18.8455935139273,12.9049393536701,0.786011786941367,28.7177224293663,28.7446808510638,28.52,3.60067110672088,21.7774472814367,14.4407637307488,1.80033555336044,42,NaN,42,0.302169728317573,14.0284830135063,5.33750005899695,0.0610382851201497,45.428986323545,47.9821428571429,44.3367875647668,1.61576098830197,14.9154108805423,10.2424560967574,0.623683741484559,30.1709252037701,30.0422960725076,30.0691927512356,2.30365944714522,20.1441867585423,13.6285235798474,2.7966425688343,40.1793858182559,40.7551963048499,41.6104328523862,2.11716120659522,17.3807972234095,10.7132501850439,3.81512449428458,4.83046144286953,1544,32,1,274,674,4,0.336663336663337,300,86.176038988456,1,1822,5.58186302409411,-35.2681728514534,23,6.70066431708702,-0.115180900039696,-0.344848268402463,16.8197053944574,1
251208_OBE_NWU_SP_1,O15,OBE,Control,SP,1,37,241013,1,96,1416,1498,1498,1744,3488,1744,256.747350343904,1.416,8909.95643055834,1.744,36.4953577322384,36.3025210084034,37.504,2.23190238850666,19.7421398406624,12.0439606538429,1.11595119425333,44.61642213878,44.3389830508475,44.82,3.22236124351818,17.2945509723412,13.2346299927483,1.61118062175909,54.7934342741901,54.9023255813953,54.712,3.06579970478279,6.0117078359777,11.0703913195808,1.53289985239139,41.837358603653,40.6732026143791,42.532,2.04353289128026,18.1847757137021,12.3900350933159,1.02176644564013,28.1938013835683,28.5414012738853,28.272,2.43110381562,16.6855735538437,11.6369749148268,1.21555190781,48.0831774757601,48.1013916500994,47.7909604519774,2.79509971514871,15.8075673743926,12.3883751146018,3.95786119665057,40,40,40,2.47724556611685,19.681890193697,10.9723064096887,0.203134136421582,31.0935216219704,32.1428571428571,30.0487804878049,1.70957314789669,16.1104804782536,11.4051586946481,0.420554994382586,39.6662526195332,34.1420454545455,44.4025229357798,1.31825378872217,13.3899725233076,10.0982513129743,2.29903460753146,5.23034587951155,200,46,1,154,764,7,0.381618381618382,236,100.42913206904,1,1898,-7.83570479984823,17.0634049205345,30,9.77523043354039,1.33187643925657,1.2935091810269,21.412071229085,1
251208_OBE_NWU_SP_1,O15,OBE,Control,SP,1,38,243061,1,96,270,1082,1082,1316,2632,1316,109.647310857547,0.27,6590.48725660406,1.316,39.8551586888323,39.7905405405405,40.008,2.13004975769088,17.417371167186,9.67979959221547,1.06502487884544,45.8032562279538,50.3960396039604,44.02,1.95792476084059,15.5030103069945,9.40387108813917,0.978962380420296,55.6989115559548,55.4470588235294,55.44,2.37656615806993,4.25987608636909,12.7182973243701,1.18828307903496,51.0025357358577,55,49.608,1.92242667431551,10.31136864036,9.64686216944219,0.961213337157757,52.7032124207046,56,52.844,1.38073563509862,8.21861211508384,8.61716759266376,0.690367817549308,39,NaN,39,1.39676530971631,17.3372176248357,7.91275893386826,0.377126633623403,53.9481908442218,53.7411003236246,53.8300492610837,2.50417141374609,7.59400547525545,12.1039410224978,2.03338718796183,50.7486596471388,55,49.042735042735,2.09786319043214,12.1684122296015,9.16036242896604,0.490899986561121,47.6622504004072,46.4669811320755,48.5197568389058,1.84111222702262,11.4886205654167,8.83764603970613,2.42290369076177,4.60719991614573,544,58,1,288,304,5,0.151848151848152,122,12.8735641227991,1,1534,40.3327641813698,16.180351360405,12,3.87453756985225,0.123072996750823,-0.265389210343355,17.7814219301462,1
251208_OBE_NWU_SP_1,O15,OBE,Control,SP,1,39,244603,1,96,1906,2132,2132,2972,5944,2972,-210.985222201171,1.906,5664.04176650066,2.972,48.9815671929021,NaN,45.672,0.449752363402583,11.4957836666005,6.89258422181506,0.224876181701292,48.7771067905432,49.4835164835165,47.096,2.53858573955717,12.7394238763924,10.5082305003996,1.26929286977859,36.3259210986379,36,36.36,1.42047282294847,17.1038800660515,9.82782195669247,0.710236411474234,45.0134075063021,41.4736842105263,46.832,2.15976036999511,13.9791048635305,13.1528931606741,1.07988018499756,46.597415639514,NaN,46.512,0.988042271829761,8.98311846024967,10.0446233434834,0.494021135914881,44.8075198735394,46.2551724137931,44.090241343127,1.82287476605781,14.2614692847268,11.1384980305028,3.47439930410619,52.8195768570233,NaN,51.1061946902655,1.24070355664351,6.94239790326349,12.7619271570691,0.280399003801432,52.1278650718296,56.1030303030303,49.2857142857143,1.99252509523768,11.9461572061509,10.8782245266841,1.67372107999965,45.4784054992999,44.9177631578947,45.7003891050584,2.12383976165875,16.7451860574565,11.392990881105,2.1833072749852,4.66773890403558,1102,42,1,96,374,4,0.186813186813187,138,265.028957311282,1,1750,-32.6905710491368,-17.0407935385417,16,5.18686030912386,0.445508438242164,0.314682504598018,16.4702975019438,1
251208_OBE_NWU_SP_1,O15,OBE,Control,SP,1,40,248753,1,96,222,894,894,1204,2408,1204,49.002906434295,0.222,4076.46715630484,1.204,42.5627865370373,42,42.92,1.78775609268204,13.1247881681758,9.42903238234764,0.893878046341021,49.49149914914,49,50.048,1.46851509330018,6.57324246461506,6.99878324670751,0.73425754665009,39.6971623482983,40.0955056179775,41.248,2.83922908842834,16.8013471167798,12.0255568878076,1.41961454421417,30.7708208468513,28.5263157894737,30.756,1.32121847723513,15.0939847585221,9.41520659732108,0.660609238617563,37.5442036263547,NaN,37.8,0.938373627162157,15.1518886208012,9.03464763279805,0.469186813581078,51.671237081231,NaN,51.027027027027,0.495401274136585,3.73522101316567,4.43430297708718,0.109979082858322,45.6289032190535,46.1032863849765,46.2232142857143,2.41926789681955,12.9362210955203,10.5935652824878,1.62574802666274,29.5984825481768,30.093023255814,28.8516129032258,2.50458634345041,18.4690740153107,11.4143641197543,0.776421766469628,36.4658327072102,36.5760869565217,36.2093023255814,1.61367548594502,17.0183801120399,10.6584258922773,1.9428652850778,4.35879446130705,976,30,1,424,326,3,0.162837162837163,208,14.4706271264406,1,1500,-4.09789413773479,-27.1362638180668,24,9.19235922051076,0.49440498313243,0.1529924835835,18.3982475234725,1
251208_OBE_NWU_SP_1,O15,OBE,Control,SP,1,41,249656,1,96,330,1072,1072,1300,2600,1300,106.763675033055,0.33,4582.20390826798,1.3,38.2389401470052,NaN,38.324,0.551002072956866,12.7975407386565,8.52612900725375,0.275501036478433,38.1297035516972,38.4,37.672,2.71183946979515,18.6835082631315,11.9864141408048,1.35591973489757,27.2453184582748,26.6969696969697,27.872,2.6003356283341,16.8460501677124,11.4571786856738,1.30016781416705,44.0966266073781,45.2912087912088,42.456,2.71168666099612,13.1577345733966,10.8464569242537,1.35584333049806,35.7532139844392,33,37.5,1.10232590474692,15.278055500541,8.72038587116597,0.551162952373462,39.077915949676,39.8395061728395,38.0909090909091,2.1982527572796,17.6930908017634,10.785830009814,0.725423409902269,30.2921261143515,29.9126984126984,29.9595687331536,2.75710539770382,17.7281554819625,12.0067117425944,2.04577220509624,43.5774799181099,44.3125,42.3684210526316,2.67326341536776,14.4630692367342,11.5602253384384,0.609504058703848,40.7296072658432,43.0729927007299,39.9923076923077,1.39747099562483,14.4721738815792,8.99666361053433,1.81671229431228,4.88642068414368,682,25,1,224,566,4,0.282717282717283,226,16.1712001958681,1,1676,1.6456080440144,-19.545073882458,23,8.15870258591472,0.201182140680768,0.0051412209996614,15.6589656242645,1
251208_OBE_NWU_SP_1,O15,OBE,Control,SP,1,42,251221,1,96,208,918,918,1296,2592,1296,34.6983829242561,0.208,3041.99306242441,1.296,47.9635159074575,NaN,43.364,0.67939828594617,12.3531937195002,7.07112058294794,0.339699142973085,53.6121814162985,53.5078125,53.044,2.19867020928269,5.4438867514139,9.28202753823218,1.09933510464134,55.8998857916233,56.6774193548387,55.62,1.69044635044452,2.95573006422755,10.4046344643746,0.845223175222262,48.0027618152203,46.9583333333333,48.568,1.95538692486234,9.70969191882722,10.0211533798794,0.977693462431171,45.77109063266,45.125,46.808,1.81124142380548,12.9142945938924,10.0843561270767,0.90562071190274,54.9890233485715,55,52.4038461538462,0.852417858252659,4.76181271439201,6.29272410960228,0.177302914516553,54.2480325372276,54.1818181818182,54.5887323943662,2.19952132753596,4.36378201570894,10.7155628948266,1.56166014255053,51.246497870187,50.1578947368421,51.1428571428571,1.8939864322129,7.16971639595982,8.98332355628979,0.715926871376476,42.8781950336312,43.4651162790698,42.7962962962963,1.698839225306,15.2862085692842,10.0874170768473,2.20169563599657,4.63399068904323,1546,46,1,286,368,4,0.183816183816184,150,29.3933029442533,1,1760,5.99127300322519,5.88491457922359,14,4.5278421327325,0.594117763392233,0.269996889387659,19.6832446762902,1
251208_OBE_NWU_SP_1,O15,OBE,Control,SP,1,43,254022,1,96,256,822,822,1670,3340,1670,40.9425460328057,0.256,3479.82527918936,1.67,53.631025750723,53.3448275862069,53.648,1.50554952871525,2.14949451230076,9.28908818903466,0.752774764357625,46.3033030535401,45.0434782608696,46.94,2.74265677603604,14.7174087590406,10.1899955656393,1.37132838801802,32.2883612522651,32.1139240506329,32.496,2.66728033113043,18.7573455482025,12.3858348215795,1.33364016556522,29.5255648003926,29.4095238095238,30.004,3.14659466718428,18.6273273106649,13.0832184424635,1.57329733359214,33.4258171417462,33.0097087378641,34.3,1.76114184020701,16.7323676037362,10.6022964191597,0.880570920103504,48.9336111105579,46.7638888888889,50.328125,2.42688451884406,12.8723162499895,9.10983698468886,0.621282436824079,38.196408189847,39.0055248618785,37.0388692579505,2.52903076968765,16.7981328601132,11.3562567708719,1.43143141564321,31.1322084461785,30.8392282958199,32.1415094339623,2.83068096091973,18.7418710794406,12.7861560564316,2.40041745485994,44.4891665397678,41.6594202898551,44.5005988023952,1.65199475140235,15.2263575225858,9.69019045253243,2.75883123484193,5.06813617031509,1226,29,1,190,800,6,0.3996003996004,270,23.7902603951425,1,1646,-34.9189907038513,-22.067313060632,32,7.22664348943855,0.0495105180052404,-0.242972395066359,17.1816151045189,1
251208_OBE_NWU_SP_1,O15,OBE,Control,SP,1,44,262574,1,96,1172,1314,1314,1550,3100,1550,172.74659465894,1.172,7045.50414443193,1.55,56.5217743622839,56.1625,56.496,1.70334905475472,2.21714552772803,6.28025133852171,0.851674527377358,52.1453441382178,51.8300653594771,53.144,2.71083834028952,5.78092436259071,7.18589879449017,1.35541917014476,48.5882437577736,48.65625,48.864,2.08331377461568,11.5539925956547,10.6483588353863,1.04165688730784,54.406740905222,54.5185185185185,54.44,1.42700615285648,1.70972782245274,10.9427450413936,0.713503076428242,48.4199877438036,51.2,48.032,1.31810357720489,9.89149483922918,9.55598790169806,0.659051788602446,50.9529284044986,50.5442176870748,51.4436860068259,2.28245478140859,9.03064183330378,9.71692105608017,2.67503700381087,54.2024441457771,NaN,54.2394366197183,1.28324486807639,1.90289322326685,12.1803125816842,0.182220771266848,55.1318681045272,55.1875,55.1016949152542,1.52692896676988,0.438156792985601,8.24115641921094,0.360355236157691,42.3596864693184,40.6124401913876,42.4877419354839,1.48633699845971,16.008688029848,10.4541581712153,2.30382234761255,5.02632523802417,374,51,1,266,338,5,0.168831168831169,184,58.1980207802217,1,1948,-14.8013659647126,-0.773811739308437,14,4.59152319259858,0.533621777785858,0.28682460950231,16.4058008005839,1
251208_OBE_NWU_SP_1,O15,OBE,Control,SP,1,45,263880,1,96,466,654,654,1666,3332,1666,117.504143446127,0.466,3989.64523104891,1.666,44.2829703264685,38,44.024,0.361126619245809,13.6532594737207,8.34523106765166,0.180563309622904,41.9540475258361,42.0695652173913,42.296,3.08821853841256,18.88722574265,12.6436617833577,1.54410926920628,36.4864947574226,37.518691588785,37.38,3.50234708492426,20.1093329965389,15.2163230712854,1.75117354246213,54.9082495193615,54.795,54.428,2.68365916729161,4.15654408077476,11.9922743649603,1.3418295836458,52.0659427398831,51.4385964912281,53.4,1.74018496077512,3.50852359929986,10.8722063335687,0.870092480387558,42.4193498780233,42.5539906103286,42.755364806867,3.07335949528121,18.6916350763837,12.4986904926583,1.43218552480105,31.6172146170277,31.7230769230769,32.6914893617021,2.85953926120361,19.181057514402,14.8621324323845,0.537593381106278,47.426474780226,48.5954022988506,49.0948616600791,3.05293820866858,16.1520169229445,13.2291504846353,3.0895734671726,48.27293738058,48.6228070175439,47.4357743097239,1.38371155682979,13.4883501918089,10.5565291842919,2.30526345367843,5.82523700205515,662,29,1,32,864,10,0.431568431568432,174,63.8669525978372,1,2002,3.60121419085562,-4.88796665053785,29,9.10074926899931,0.470665891861195,0.328621006812378,18.6894961076353,1
251208_OBE_NWU_SP_1,O15,OBE,Control,SP,1,46,267797,1,96,284,712,712,1018,2036,1018,76.247452809816,0.284,3784.50236777584,1.018,44.6797278052269,45,46.088,1.17662148023947,11.32964695946,7.45838591725381,0.588310740119736,41.8587555849194,42,43.348,1.2817088586328,16.3017811153131,8.63542898291593,0.640854429316399,30.1232160566487,29.2857142857143,30.872,1.96984794107841,15.0426141686408,11.5451208207082,0.984923970539204,34.7512335074311,34.8148148148148,34.624,1.43228396359669,17.0484309941931,10.8042159587505,0.716141981798344,53.159592881476,53.3,54.104,2.3129236669973,11.2979672951698,10.6075075640045,1.15646183349865,41.0828430378323,NaN,44.3732394366197,0.347511089168464,13.5812475945179,6.87828401648366,0.0986931493238439,39.0622362332787,42,37.4626168224299,1.89300182347346,16.9889774567673,9.95898093675167,0.810204780446643,29.0451477848359,28.7446808510638,29.516339869281,2.39366468891902,15.0614557089931,12.4076716190076,0.732461394809222,46.500901047617,47.875,45.0117878192534,1.87303806512757,14.9384688616787,10.6658066585609,1.90675275029986,4.69505806221876,1694,58,1,398,420,6,0.20979020979021,148,13.9414037043499,1,1514,-2.84196547144755,-22.3291584471657,30,11.4267258305636,1.84340106966877,1.97642125988184,22.9731239002941,1
251208_OBE_NWU_SP_1,O15,OBE,Control,SP,1,47,275103,1,96,1148,1386,1386,1502,3004,1502,330.902110424118,1.148,4266.47736689875,1.502,54.0743870497911,54.0535714285714,54.52,2.28542703575185,4.13371113335699,12.1108780799905,1.14271351787593,38.7495195795122,NaN,40.452,1.21620389345297,15.0486950580623,11.1136658622731,0.608101946726486,35.0644289151491,35.180790960452,33.26,2.5931869418051,17.5211634394105,12.4525138154847,1.29659347090255,45.810048409411,46.0740740740741,45.672,1.82164451935131,10.7445280994081,12.7917471617128,0.910822259675655,34.19506224095,NaN,34.38,1.07086117725729,17.7093711364991,11.9761567836248,0.535430588628643,37.7621679012535,37.6359649122807,38.088850174216,1.95349298336664,16.0044279771669,12.4288248528081,2.24260994490491,46,46,46,1.73026429266237,9.86978131811519,11.4912006788609,0.411802901653645,44.1797941108762,46,43.9827586206897,1.4143618590305,12.7440662694804,10.6949877225703,0.164065975647538,40.5571395161713,41.8807947019868,39.8002663115846,1.37027709991978,16.8673144189656,10.9450544544938,2.05815620407952,4.30592729453999,924,47,1,608,270,4,0.134865134865135,116,16.0648299542979,1,1130,-75.3583760197306,14.0826106375851,22,9.3169594096713,0.601186927422875,0.430667786306261,18.8678883089771,1
251208_OBE_NWU_SP_1,O15,OBE,Control,SP,1,48,318585,1,96,202,1132,1132,2234,4468,2234,49.1896971870094,0.202,4945.65436833061,2.234,53.5334949117075,53.6,53.268,2.13072020157905,4.56248731248069,7.6452151941876,1.06536010078953,48.8300051008984,48.1727272727273,49.816,1.77639021954076,7.34829784332776,7.94033108769893,0.888195109770379,48.9474586446216,49.2727272727273,47.668,2.42667927091739,10.6437445109794,9.10350081035974,1.21333963545869,33.0350933256486,34.390243902439,30.964,2.18612139433831,15.8576119492551,11.2962015777617,1.09306069716915,31.1502675243849,31.1120689655172,31.172,3.02002542714385,20.9238419625429,14.0110056622187,1.51001271357193,50.8572957615902,NaN,51.7326732673267,0.83808633343174,3.63229308003794,8.64322331645612,0.169293439353212,45.9511024111227,46.4403409090909,46.2838709677419,2.65707523595588,12.9707560643161,9.47545937394328,2.47107996943897,30.958883328341,31.5795795795796,30.070780399274,2.23578822819302,18.7351809984056,12.5866871730579,2.46383862746871,45.4126643710754,43.4306220095694,46.0804077010193,1.45314084473715,10.4079835577018,8.80412081215381,2.5662467318058,4.32913065473966,1988,32,1,290,648,9,0.323676323676324,150,110.598212866721,1,1940,-12.7710111933219,-9.32268210071836,26,8.9685980343115,0.626482585638034,0.406379944062725,16.8762816831978,1
251208_OBE_NWU_SP_1,O15,OBE,Control,SP,1,49,330790,1,96,230,992,992,1514,3028,1514,68.6124511622242,0.23,4593.65004402872,1.514,37.9118372665647,37.1632653061224,39.992,1.48715352950689,13.5163130549641,6.91451400560582,0.743576764753443,48.5643343812945,48.7988505747126,48.052,2.77697444571787,9.803727071761,7.74059975580406,1.38848722285893,45.6079633459323,39.2537313432836,47.816,1.36756311140663,13.4840950545793,8.2539885223136,0.683781555703314,32.717862039379,31.2894736842105,34.364,1.53086263185425,14.6828834547052,9.92807400283748,0.765431315927125,49.5878686649989,43,51.012,1.03068923550438,8.95981814992549,7.85825300540074,0.515344617752191,48.4236702763116,48.4461538461538,48,2.38536382421758,9.52149320178966,7.40118804328633,0.548633679570043,47.2331588941793,45.2954545454545,47.8293963254593,1.98696385270703,12.5976088776108,8.17336429751773,1.51406645576276,33.0653804874357,31.2894736842105,34.7931034482759,1.50274515011835,14.6314130332076,9.8602846242336,0.78443296836178,43.4867517573194,41.6880466472303,45.4174372523118,2.00661513769585,14.0251380369003,9.71143684141512,3.03801531847152,4.27182334928428,214,50,1,178,254,1,0.126873126873127,254,28.7233538541808,1,1882,-0.859798899639542,9.71768340343172,22,7.3266981820575,0.94674964810677,0.564279476067803,20.4327527226032,1
251208_OBE_NWU_SP_1,O15,OBE,Control,SP,1,50,332088,1,96,208,982,982,1106,2212,1106,68.6939540956642,0.208,5359.89951181338,1.106,44.7018466479625,46.1491228070175,44.06,2.10399828074616,13.3120106241148,9.29145444281553,1.05199914037308,41.1536654423339,40.7006802721088,41.256,2.48797306623865,16.5314832655587,11.4992677674237,1.24398653311932,53.9388049032179,53.8314606741573,53.744,2.53156543079156,6.34175863647843,10.0878061921456,1.26578271539578,47.7213211180785,48.4285714285714,46.216,1.86903801432362,11.7994797520408,10.2881129358259,0.934519007161811,31.9602156572442,32.3901098901099,32.956,3.02962086921627,19.0795598441122,12.3097219880896,1.51481043460814,38.3974671389804,37.8727272727273,38.7307692307692,2.14312862424835,17.9310681071043,11.7482861024427,0.445770753843657,49.4790163355253,49.7586206896552,49.6821705426357,2.61323234839701,11.7890783119244,10.5823870373121,2.02264183765929,54.8169079365176,55,54.7741935483871,1.85163488836451,3.69886528361491,11.7024862326554,0.229602726157199,34.0474526509553,34.8351955307263,35.9113924050633,2.77834739276162,17.6366108998518,11.8592117245526,3.07285221639435,6.52479142321235,2000,26,1,76,500,7,0.24975024975025,148,50.0669084441259,1,1962,19.1087080250427,22.0755015446458,29,9.22881622114565,1.12994259180171,0.906244814761389,20.3669715958023,1
251208_OBE_NWU_SP_1,O15,OBE,Control,SP,1,51,347317,1,96,226,956,956,1454,2908,1454,76.0583364477009,0.226,5070.9755707918,1.454,50.3647328061663,50.1610738255034,49.436,2.2283366287744,10.2565017107124,8.44993868378337,1.1141683143872,46.5174816344652,47.3893129770992,44.568,2.35870318809362,11.3356049482303,8.44417781661922,1.17935159404681,35.626763247855,36.0526315789474,38.664,2.63942597650137,17.3036371885145,11.0872455759439,1.31971298825069,27.6195644391024,28.1293103448276,27.892,2.12626199296222,15.2517001904728,9.27944229468954,1.06313099648111,36.6843785735549,36.4285714285714,36.36,2.80381129450755,19.272518201627,11.6712569530351,1.40190564725378,42.8193595824054,45,41.1504424778761,1.22645276561819,12.9549406323099,8.83668161673014,0.277178325029711,40.9918407155154,42.204347826087,42.3397260273973,2.88063433206537,15.4979301625966,10.1188339005207,2.10286306240772,27.1982139765896,27.3333333333333,27.5983935742972,2.11141010838646,15.4496668537774,9.37106339024292,1.05148223397645,40.1888049595928,38.8013245033113,41.8253094910591,1.94558746105188,16.3852335634213,10.1203075238803,2.82888416836943,5.82978889185413,866,31,1,284,650,5,0.324675324675325,168,119.035962782536,1,1906,24.3813318155948,-27.366006625228,27,8.03685420140476,1.24256450216296,1.0324955218499,18.9412758426443,1
251208_OBE_NWU_SP_1,O15,OBE,Control,SP,1,52,358839,1,96,360,746,746,1622,3244,1622,99.4353211967284,0.36,3322.44918967956,1.622,43.5675177418723,43.6845238095238,43.828,2.54361057083055,15.9006615579423,9.49171446030806,1.27180528541527,46.6588331804796,45,46.824,1.64441610155004,12.1929085446294,6.76808510376697,0.822208050775021,48.4372998362237,52,47.364,1.54888129281249,11.3423727551136,9.00442658018759,0.774440646406247,29.89710845399,28.8686131386861,31.312,2.50813811222841,16.9255527855743,10.835386964441,1.25406905611421,44.0562710826808,NaN,47.744,0.797185571844161,9.95386169183866,7.31176479811185,0.398592785922081,44.9270699693278,45,44.8111111111111,1.72470969539179,13.4565856202443,6.95022063634222,0.620895490341045,52,52,52,1.74091745640973,3.82793189751691,8.06351106273705,0.671994138174154,32.6147057311418,28.8686131386861,35.2214611872146,1.94622013246816,15.928393030421,10.2320180759957,1.70488883604211,50.9446990450505,51.1869918699187,51.1011097410604,1.93695466276152,10.7097905106655,10.1833207390892,3.14174046299918,5.43397020872247,1364,28,1,218,216,2,0.107892107892108,146,58.1067454891865,1,1748,21.5917283247961,-10.3752745003164,25,9.92048072823624,1.14287599748555,1.09221497184849,18.67368320469,1
251208_OBE_NWU_SP_1,O15,OBE,Control,SP,1,53,360035,1,96,186,1032,1032,1304,2608,1304,50.7787925410231,0.186,5380.16504314705,1.304,54.6741813459388,57,48.876,0.657316857457749,10.2237471580687,9.07393372042014,0.328658428728875,50.7530770584322,51.45,50.496,2.79373488612561,12.4476172649056,11.5194874385716,1.3968674430628,51.8587507877951,49.9390243902439,53.132,1.83423385330873,10.8094395667333,10.4201925673121,0.917116926654364,51.8943700960628,54,50.444,1.85724680012974,10.4830247149957,10.6236913825076,0.928623400064869,47.5394790595979,49,46.208,2.16811901134134,12.3368069952068,10.7599869221424,1.08405950567067,55.3428857924373,55.5,55.5161290322581,3.33036902316991,7.34459911434169,13.7162478334871,0.619448638309603,49.8947544985792,49,51.0827423167849,2.11087418707773,12.1717877748402,9.93505564443092,1.78579956226776,54,54,54,2.25092641843479,5.9613210027598,10.8297552965459,0.612251985814262,43.4711995450861,43.5493333333333,43.3312883435583,2.42072174461414,17.1360650177686,12.1376971923995,3.15662115497684,4.75074055584685,1788,49,1,28,628,8,0.313686313686314,158,40.2909411721539,1,1988,-32.699677480554,12.6233855659359,14,4.63842151835249,0.117886426703573,-0.1870767467854,14.5277405296535,1
251208_OBE_NWU_SP_1,O15,OBE,Control,SP,1,54,361058,1,96,282,982,982,2716,5432,2716,87.6899697025485,0.282,4938.60725927064,2.716,50.1121692551939,49,51.444,2.23640605407016,9.79681068725413,10.8705583394507,1.11820302703508,47.5857731832603,47.1516853932584,49.88,2.99270519267705,16.9069817267263,13.1964615860133,1.49635259633853,49.3457811168995,49.875,49.968,2.05651129319169,13.4212520785945,12.2230407347391,1.02825564659584,51.3796520542765,51.275,51.46,1.92776081891767,5.95343166953433,15.2550823006285,0.963880409458833,55.0026883860952,57,54.66,1.82521354362574,7.90811695050153,11.7940245275296,0.912606771812868,52.5649476684089,51.0434782608696,53.8936170212766,2.10963556587673,11.8523540744639,12.0194212563661,0.594917229577238,46.904066485557,47.7088122605364,48.2714285714286,2.71099982711493,16.4830267387015,13.017389966602,1.89769987898045,48.8750475161091,47.9096774193548,49.0634371395617,1.58407886845781,13.8712597344844,12.9009057154654,2.74679275790584,40.5304619774567,42.3589743589744,39.7305295950156,0.948247408546274,16.0524716921076,9.44709438898642,1.21754967257342,5.19193824673441,474,40,1,232,358,4,0.178821178821179,192,51.6982647780728,1,1676,-40.4329349269588,12.1486395950422,18,5.06125442185199,2.17150693738559,3.36855072700922,16.5955183706386,1
251208_OBE_NWU_SP_1,O15,OBE,Control,SP,1,55,382030,1,96,210,572,572,1974,3948,1974,56.7195904829732,0.21,5077.42583476997,1.974,52.6063265153354,56,45.416,0.783329953280259,4.43261194364553,6.21715521560108,0.391664976640129,46.7765068727847,NaN,46.616,1.18875530560458,12.9096591383846,8.92613806567357,0.594377652802291,52.2931031720131,52.955,51.188,2.57586868933858,12.8539488822636,9.11270499872303,1.28793434466929,56.0495807371994,58,55.112,1.52841359427994,1.29181945499432,9.75160906497545,0.764206797139971,41.2742752252846,50.48,41.472,1.27330153448856,11.1941387003579,6.75682762278344,0.636650767244278,51.1392793792801,NaN,50.8571428571429,1.06477654225051,7.67498850107112,8.44375184804694,0.223603073872606,43.3431585677918,41,43.0386740331492,1.37493561043424,15.4108762161011,9.57595721555065,0.497726690977194,51.2461466309525,54.7014925373134,49.6504992867332,1.7611243076441,9.58408279970659,8.61260400787283,2.46909627931702,39.20657063558,38.6585365853659,39.3637284701114,2.81395042037138,16.9877459588171,11.141207441433,5.5547381298131,4.17898260766959,2000,51,1,672,196,7,0.0979020979020979,78,60.2221740253868,1,1984,-29.5742743312464,22.0079465515316,17,5.26445126625617,1.15417605308378,0.914801684130437,20.0690466450648,1
251208_OBE_NWU_SP_1,O15,OBE,Control,SP,1,56,395119,1,96,396,860,860,1212,2424,1212,154.082021096805,0.396,5500.88706147348,1.212,39.2448815767457,NaN,39.508,0.997813646637245,15.1586596355536,8.73003920618843,0.498906823318623,50.8899162513404,50.9572192513369,49.972,2.87679756122464,9.93710532013037,7.61016741075484,1.43839878061232,35.4283146941341,33,35.496,0.942732140446858,17.0537232685983,9.7231931268302,0.471366070223429,29.9908072256117,29.8220858895706,29.404,2.57776769289874,22.0054854268055,14.540103752468,1.28888384644937,33.4991202845558,33.16,32.128,2.76339245432798,18.9657362532866,13.7607433985815,1.38169622716399,50.1129143466877,50.3098591549296,49.3787878787879,2.61643074080345,9.9195174793102,7.58872160824905,1.03610657335817,45.2402730443865,53,39.6810344827586,1.60739832963254,15.8552782762784,8.50884248665222,0.745832824949498,31.4996355383293,31.3189655172414,32.2272727272727,2.53433038395281,22.2593023002647,14.8122201159134,0.892084295151389,33.2470237105338,32.827027027027,32.549504950495,2.33033058102029,19.2065701650568,13.1033171222094,2.8243606641966,5.62706622286481,410,53,1,172,630,7,0.314685314685315,180,86.9552529147309,1,1778,14.0724720166951,-30.6269773327874,26,9.91520949565332,1.0398184506438,0.875428949760848,22.3434732017224,1
251208_OBE_NWU_SP_1,O15,OBE,Control,SP,1,57,397183,1,96,316,692,692,878,1756,878,120.120175002694,0.316,5950.19185233514,0.878,56.7830827729661,56,56.844,1.48174931042878,7.55679470491045,10.5960149196052,0.740874655214388,39.0162970428377,37.3884297520661,40.44,2.13074817035034,18.1907050285199,12.976466984953,1.06537408517517,40.0135577225943,35.1851851851852,41.812,1.86455395557216,16.8792121098562,13.1740303065396,0.932276977786082,53.2845988530586,53.5463917525773,53.204,1.89663977045884,6.90904676932957,12.263982225585,0.948319885229422,40.2308418076043,40.5,39.896,2.34755837578049,18.0725222411754,13.2564882531611,1.17377918789025,41.5850527750623,39,43.6075949367089,1.85766181342886,16.580571457369,12.3036956161158,0.587021133043521,34.9246179844266,34.8208955223881,34.4893617021277,2.56473545678357,20.1362251174524,13.7671353876572,0.964340531750622,46.0686197229598,46,45.5913978494624,1.53872495648037,12.0491370900273,12.4033740570016,0.286202841905348,47.3073401844792,46.1309523809524,47.756264236902,1.85472608830559,15.0116353447544,12.8623149035007,1.62844950553231,4.54872673765896,310,39,1,244,268,5,0.133866133866134,124,23.7208195339663,1,1898,-41.9188009865301,17.9725127479808,21,7.2266667652533,0.318984450421711,0.246840883373307,17.7209641410237,1
251208_OBE_NWU_SP_1,O15,OBE,Control,SP,1,58,398460,1,96,340,870,870,1744,3488,1744,89.8451465609123,0.34,4005.92482147007,1.744,50.9502057323634,50.969465648855,50.84,2.1262952293331,7.8181042467851,12.7076327707091,1.06314761466655,45.2309329205658,45.0342857142857,45.848,2.76863794411531,15.4287273009746,12.1046399534567,1.38431897205766,31.0988091425994,30.6153846153846,31.696,2.03944897156716,20.7093583851608,13.5814058441916,1.01972448578358,27.9998644288888,28.25,28.072,2.50306716063773,20.1242076669009,13.6247597912192,1.25153358031886,38.3914680299218,33.1917808219178,42.04,1.70094994299195,17.4790455202564,12.555356272986,0.850474971495973,46.7825430495775,46.4385964912281,47.2882352941176,2.59325173721194,13.8415092142069,11.5345087004344,0.881705590652059,35.6876691914714,35.4967741935484,35.3245283018868,2.47265468363128,20.2617088203668,13.4800165496032,1.31050698232458,29.8851041222566,29.527027027027,30.9656750572082,2.31456076658226,20.0227479453513,13.9011336575402,2.02292610999289,39.8158307578009,37.9153094462541,41.5217889908257,1.77640248715154,18.0542548758034,11.4658047539312,3.09804593759229,4.44631992429994,354,42,1,138,608,7,0.303696303696304,128,20.9635925936996,1,1556,-18.247770821476,-22.5559236237764,23,7.53971763361217,-0.0101240684569938,-0.373694362948216,18.3751577443979,1
251208_OBE_NWU_SP_1,O15,OBE,Control,SP,1,59,400180,1,96,258,744,744,1164,2328,1164,83.6886502301123,0.258,4718.11258237176,1.164,38.3671246792593,36.9097222222222,41.128,2.31640039579392,20.3919946114294,12.8963549519065,1.15820019789696,48.3317906659193,48.5763888888889,48.172,2.52559662199457,11.4978818489362,9.51599466085264,1.26279831099728,31.8278398384156,31.7209302325581,31.88,2.57646660626935,18.9773020683366,12.4129073331527,1.28823330313468,28.3336055505907,27.6685082872928,31.78,2.98068520775367,17.3898998077735,13.26395857881,1.49034260387684,49.9586358648747,50.5038759689922,50.092,2.22499828764952,12.431745613173,10.2795044833696,1.11249914382476,50.4060517483048,49.7627118644068,51.4806201550388,2.36171891521213,8.52064647634864,8.20490095884159,0.609323480124729,40.6799407624886,42.5581395348837,38.4650205761317,2.27274013651761,16.6455646908428,10.8076831501092,1.10455170634756,30.6368613940147,30.6387434554974,30.5047619047619,3.08522751450566,19.0658918341717,13.5270680968267,1.29579555609238,39.1824449023034,39.2072368421053,41.5721649484536,2.33587084674197,16.7282401197085,11.7789534019072,2.71895366560766,5.50971753494806,1356,26,1,194,798,9,0.398601398601399,176,11.4841649741046,1,1454,-31.2103965092013,-26.0854393866081,28,10.4595087263125,0.0441924618981217,-0.344000892155587,17.795907594021,1
251208_OBE_NWU_SP_1,O15,OBE,Control,SP,1,60,401507,1,96,234,754,754,1256,2512,1256,54.0258101064665,0.234,3317.19166863618,1.256,34.7257362204545,34.265306122449,35.336,1.09667966045079,17.868263286778,9.92815555338352,0.548339830225393,42.3810851622443,43.2992700729927,41.292,2.32539188705327,15.2874597487977,12.1905886967742,1.16269594352664,56.2491024949492,56.4010695187166,55.996,2.35516076758415,5.22680970576502,9.46716690054953,1.17758038379207,37.5621893455645,39.25,39.472,1.05172180145227,13.3321232759472,9.39049860184934,0.525860900726134,36.2475027669595,38,35.556,1.09747958772784,18.0228324962466,9.90468843925391,0.548739793863918,40.0229632718452,45,39.4102564102564,1.27572141749271,13.6246542861728,9.60483295060127,0.298518811693294,47.8004858851681,48.3609756097561,49.0384615384615,2.60575042519782,13.7598530117657,11.8815966064024,1.35499022110287,54.8390862632248,56.4621848739496,50.9123505976096,1.73418084374589,9.41729002612822,9.15643486970476,0.870558783560435,37.0341974431846,37.0591715976331,36.8869426751592,1.45468511022391,18.1150200324971,10.5127999607787,1.82708449844123,4.59625839518177,278,45,1,222,324,6,0.161838161838162,100,8.66490147806601,1,720,15.5158413963195,22.8214910484982,29,8.57239778748057,0.123767769508637,-0.244768878797168,17.8479070103076,1
251208_OBE_NWU_SP_1,O15,OBE,Control,SP,1,61,402810,1,96,288,906,906,1158,2316,1158,90.0252592496413,0.288,4860.33504452342,1.158,41.1750678898617,40.7906976744186,40.904,1.68810104891859,17.6437519261782,10.0477943765478,0.844050524459296,48.3075304882563,47.8690476190476,48.628,3.02563956703594,13.6519813804424,10.3823734036535,1.51281978351797,54.1966434769173,53.7567567567568,54.344,1.69005038510129,4.29609653739998,10.3172607405214,0.845025192550643,45.6265904327718,52,45.072,1.2069617010289,15.7917621514405,9.83604396815892,0.603480850514452,40.3914135350431,40,40.404,1.53394246325998,16.6229692071974,9.90729307821869,0.766971231629991,47.0751527857129,46.4601769911504,46.8263888888889,3.51744814579705,15.2846765616715,10.1962300595687,1.01302506598955,52.906963898353,52.1666666666667,53.4142394822006,1.8033701295516,6.68401667510829,10.1392783043826,1.11448274006289,52.4683960044738,52.5853658536585,52.4047619047619,2.10424487971439,5.43602398674577,10.3325486683672,0.530269709688026,47.6819872381493,50.7810650887574,45.5215889464594,1.64043815008554,15.6476764414748,10.2264784008722,1.89962737779905,6.15648990926675,246,49,1,0,274,4,0.136863136863137,166,45.1610131426642,1,1750,20.2967178903434,7.33557896304016,15,5.24859638072337,0.436504190116194,0.208470406946726,16.7108516206318,1
251208_OBE_NWU_SP_1,O15,OBE,Control,SP,1,62,403996,1,96,290,804,804,1202,2404,1202,89.0248078062645,0.29,4142.93322837682,1.202,56.1171605973235,58,54.996,2.21449535753669,10.6803287763144,10.5137290812689,1.10724767876834,45.586358533718,44.638418079096,46.9,2.71905593767556,14.6208845613396,12.169680537467,1.35952796883778,42.4324047956885,43.2587719298246,43.1,3.03198969117556,17.6866806386202,13.1680180278985,1.51599484558778,32.0757647743584,28.4465408805031,35.976,3.11907216235607,19.9708269301852,13.5349106745074,1.55953608117803,38.7460248889748,41,37.976,1.1537868201183,16.0472875704989,10.0848268567703,0.57689341005915,47.3936326714712,45.2297297297297,48.8413793103448,2.00000496107876,12.2059520563769,12.5191684137825,0.58000143871284,45.9440485143041,46.2666666666667,46.0778210116732,3.10846073294085,14.5981711792352,11.6988789365843,1.5977488167316,32.2824650753995,32.65625,32.8291457286432,3.94387095582453,21.4742372314997,15.0019977235286,1.56966064041816,37.1011529589522,32.4526315789474,38.955074875208,1.2396194149196,16.2113196687388,10.3261262997267,1.49002253673336,5.14926230893571,1108,29,1,256,684,8,0.341658341658342,262,101.642064321705,1,1956,-21.7970024663252,-10.9390702348606,22,7.78559864825452,0.679801259615181,0.420195042284287,19.725005555349,1
251208_OBE_NWU_SP_1,O15,OBE,Control,SP,1,63,405205,1,96,208,980,980,2438,4876,2438,53.7872618914711,0.208,4256.93174395258,2.438,37.9949895936618,NaN,40.604,0.756359368576146,13.6013588398526,9.2092162971239,0.378179684288073,43.653683610282,43.4561403508772,43.66,2.95073271873412,15.8410846070752,11.4861362997673,1.47536635936706,37.27849414723,36.9325842696629,38.008,2.49259249790542,17.6936055666214,12.0135902615454,1.24629624895271,28.2942306519423,28.3130841121495,28.228,2.7546903628773,16.6213504185859,11.0287434951068,1.37734518143865,36.1695245336787,36.496,36.268,1.79780444196289,17.8879632164695,12.2096595094325,0.898902220981445,41.3395689704907,41.3434343434343,41.375,2.96646330808335,17.525884842139,11.2469392782701,0.617024368081338,40.9073244164816,40.7037037037037,40.9689119170984,2.63864084636112,16.5118156758789,11.8668627077229,2.03703073339079,32.0331079365775,32.0391389432485,32.5679012345679,2.31057602346111,17.6165606895492,11.997479933367,3.3688198422063,40.2089813462928,38.6160337552743,41.8501920614597,1.50176829780908,16.8405430413066,10.3638284251562,2.34576208117778,4.61291098559535,394,46,1,48,596,8,0.297702297702298,108,16.9924110711427,1,1924,13.8812369569341,-23.6449919976179,22,7.25945487771245,0.283254049260552,-0.0641143101640455,18.8762390611531,1
251208_OBE_NWU_SP_1,O15,OBE,Control,SP,1,64,407497,1,96,2234,2418,2418,2594,5188,2594,-100.466737667202,2.234,16985.5650581732,2.594,43.7723052871247,36,43.232,0.567520023422891,9.11567134540972,7.70943585324564,0.283760011711446,43.1637094037877,41,45.284,1.95887363133852,15.9298129843818,10.4135021893619,0.979436815669262,32.8281594265455,33.2879581151832,32.4,2.59105431691642,19.8054934831538,12.4307828715559,1.29552715845821,43.7063746353285,49,40.692,1.85020891274184,11.1822932423275,11.5895026188615,0.925104456370921,51.0261883931483,48.5774647887324,52.136,2.01620844832191,6.70085512140805,11.5565833322434,1.00810422416096,42.485562749348,41.1809210526316,42.8343777976723,2.30672712980812,16.0197959113858,11.5086947445429,5.15322840799134,42.6672527958191,42.6027397260274,42.6847826086956,2.47954590627692,18.7355698180183,13.0980800638508,0.456236446754953,39.2590833849168,39.3734939759036,39.2954545454545,3.148372921968,19.9782680941031,13.8070692774253,0.554113634266369,38.4572929837996,36.6478873239437,40.3854907539118,1.35127829871306,17.5756887477273,10.0852108333695,1.89989728799056,5.10876318411952,1552,49,1,174,362,7,0.180819180819181,114,21.4099219081484,1,1784,-36.4833997343958,-19.4785424498455,18,6.60550947707978,-0.134595511147545,-0.489633676960507,16.4475861324636,1
251208_OBE_NWU_SP_1,O15,OBE,Control,SP,1,65,409581,1,96,326,644,644,1422,2844,1422,77.8764330938496,0.326,3528.28169766184,1.422,40.5263992614373,38.0581395348837,43.592,1.61722100751066,17.1949188291446,10.0766009958695,0.808610503755332,48.6581683494224,49.5274725274725,48.06,2.81370888996734,14.2426720197255,10.640411355873,1.40685444498367,54.2387551808949,NaN,54.324,0.750437441793694,1.88094403209555,8.42357157288261,0.375218720896847,53.6125484126426,52.44,54.216,1.85516835313065,3.75460759757442,11.639840617448,0.927584176565326,51.7489175923091,51.7981651376147,51.552,1.76458557229703,2.45448579151273,8.57127013277375,0.882292786148515,47.3315127199271,48.381679389313,46.4478527607362,3.09148464148717,15.832457306958,11.0686159364007,1.00782399312482,52.5283038838507,52.4705882352941,52.8679245283019,1.4686653657217,4.95128573545148,9.21874558777578,0.4670355862995,54.4016506471689,54,54.4575835475578,1.25729111544604,2.96910895958089,10.5165673188765,0.978172487817021,48.9584314705564,48.8022284122563,49.3699015471167,2.19837107654793,11.78979386161,10.235457710948,3.12608367085116,4.33974225298168,22,36,1,0,436,8,0.217782217782218,136,15.7662751756218,1,1704,35.6725479036236,-1.04300815126363,20,6.18341574026374,0.952253516576617,0.609111480905269,20.0269939992009,1
251208_OBE_NWU_SP_1,O15,OBE,Control,SP,1,66,410589,1,96,190,1004,1004,1192,2384,1192,51.8863051162274,0.19,6491.0487148108,1.192,50.9490035068672,52,47.16,0.988759273656865,7.92620919164123,8.55594860406411,0.494379636828432,47.4332804901183,46.3310344827586,48.98,2.88494857851822,15.1699604385643,11.661883628211,1.44247428925911,48.9945687701074,49.695652173913,48.676,1.78491078539311,10.0602433790028,10.0157378283994,0.892455392696554,57.144602653944,57.1966292134831,57.12,2.39563646465855,3.41800453161449,11.0515725088392,1.19781823232927,55.4931006383167,55.688622754491,54.7,2.25379585346885,6.86238084029693,11.2338174327251,1.12689792673443,52.9341972398321,53,52.9368421052632,1.61414293386081,2.70928059502644,8.09885056748653,0.306687157433553,47.3415408894411,47.3866666666667,47.9090909090909,2.50538584244206,14.1503328975833,11.3754689616647,2.03938407574784,57,57,57,2.69707737314247,3.51645929070828,10.3864246015812,0.507050546150784,52.4285617338247,52.1036414565826,52.6644295302013,2.07908892246992,11.3328414947808,10.5960897845883,2.47827399558415,5.15093561847381,388,46,1,258,402,6,0.200799200799201,224,58.3603310591281,1,1892,-22.4071333712768,6.36235902780362,16,5.28294179828608,0.886998975091696,0.678413655727752,20.30475741855,1
251208_OBE_NWU_SP_1,O15,OBE,Control,SP,1,67,412403,1,96,288,812,812,1148,2296,1148,91.5638977312008,0.288,4573.23785518716,1.148,45.0430837332342,47.5142857142857,42.156,0.932790851548992,13.8318231114997,7.91183519246693,0.466395425774496,33.8629739323906,32.6186440677966,34.64,1.96417509160787,17.8812549513722,11.2712342272202,0.982087545803937,30.510101966287,30.4285714285714,30.604,2.60024961426311,19.8444781714083,12.725978887009,1.30012480713156,33.7248626082261,NaN,34.12,0.943347482763798,15.1796336681009,8.86549157670363,0.471673741381899,43.4738259425383,42.0373831775701,45.632,2.2059155332227,17.2813372969818,12.1067266500373,1.10295776661135,32.3796405023475,31.5204081632653,32.3819444444444,2.47523124043443,17.6483379177569,11.8672458885873,0.712866597245116,32.1484277838931,31.5746268656716,33.7709923664122,2.48921776688199,19.8707329917524,12.6137936655188,1.30435010984616,29.7547850696542,30,29.7678571428571,1.18624498767315,16.939526244758,10.1469556381928,0.398578315858177,45.2369279303156,48.3595505617978,45.2979094076655,1.65450646388391,15.2553129297496,10.7864329569607,1.89937342053873,5.70441301391492,678,31,1,126,350,3,0.174825174825175,164,92.4023980855622,1,1740,25.0813887307911,-14.399821342167,33,7.3239096695682,0.468778629441696,0.0314945059180413,18.5542782313128,1
251208_OBE_NWU_SP_1,O15,OBE,Control,SP,1,68,413711,1,96,2174,2612,2612,3434,6868,3434,-282.80723440857,2.174,5365.62401402077,3.434,56.7229120806269,57.6533333333333,56.6,1.81686071833265,2.3523589042716,10.3491541090114,0.908430359166327,49.3372200043965,48.1104651162791,50.716,2.73055874369344,8.92812979478529,8.95824886297438,1.36527937184672,47.3116045944609,49,47.032,0.864518096929067,9.27942558224203,7.05728550062478,0.432259048464534,39.2080993934922,40,38.696,2.27705326432726,19.2672640698285,11.9385250352356,1.13852663216363,31.5776156303678,31.9542483660131,31.112,2.69508876755949,17.7945980820556,11.9079615740126,1.34754438377975,40.38241825364,40.2,41.2778288868445,2.12270407541956,16.2018511587851,10.4030841214471,4.61475865996212,42.6945299657563,44.1084337349398,42.3333333333333,1.84763532854808,14.9773886013097,10.9776221469012,0.809264273904058,43.6371685595337,43,43.6350364963504,1.73916974433412,15.5789637709251,9.26368757914543,1.42959752984264,35.6289071030183,32,38.5971731448763,1.06044731392182,15.3112289667424,8.9213002548025,0.600213179679752,4.90270431689232,1780,31,1,180,624,7,0.311688311688312,188,34.9497516586992,1,1794,-17.7560235249478,-4.66148062679123,20,6.82159270142442,0.661218316030469,0.597225663714618,18.3371242485399,1
251208_OBE_NWU_SP_1,O15,OBE,Control,SP,1,69,414703,1,96,190,1280,1280,1450,2900,1450,42.0412684596199,0.19,5365.62401402077,1.45,33.2735117424386,33.9807692307692,32.484,2.76189916837162,18.2410435940243,11.8458973834449,1.38094958418581,39.2285377536738,40.9032258064516,38.588,2.01720586660139,17.3905295277541,10.8217391268868,1.00860293330069,46.0519810643161,47.2898550724638,45.644,1.52517206226814,12.3759718989423,9.27991096884348,0.762586031134068,42.6771298519697,43,42.316,2.17419985076519,17.0821031308038,9.62329819800758,1.08709992538259,35.6712051907329,32,37.956,1.15074786373791,15.3444506925919,9.00703328628588,0.575373931868957,35,35,35,1.5845695128402,18.6009518782127,10.371305722629,0.301068207439637,43.3982961778674,43.4177215189873,43.5798165137615,2.12986716328415,15.5222563324944,10.0975905366718,2.32155520797973,41.6921328899366,NaN,41.6,1.08537615474081,16.054123600654,8.75451825217763,0.184513946305937,50.4380040528892,51.2287822878229,49.2110344827586,1.6860832735889,11.6240451040085,8.7695371073465,2.4448207467039,3.77225380736074,1160,43,1,360,188,2,0.0939060939060939,182,16.8839741383844,1,1390,24.306203756403,9.27410950236349,19,4.973586972788,1.06526963870212,1.09727194846763,17.9484900007317,1
251208_OBE_NWU_SP_1,O15,OBE,Control,SP,1,70,416991,1,96,1268,1612,1612,1762,3524,1762,369.656876287212,1.268,6246.83230088489,1.762,56.2014281686955,57.6938775510204,55.252,1.64868448612011,7.64932183247801,11.0137406542561,0.824342243060057,48.6044443037549,49.0326086956522,48.36,3.3882667261734,12.9408722177028,10.5533742265428,1.6941333630867,43.5626169766857,44.6518987341772,43.524,2.53119049320371,17.0880768346337,12.5486674687501,1.26559524660185,50.6032200907589,53,49.532,1.45702683217063,9.44005603626583,9.01666028068316,0.728513416085313,28.9310972156195,26.0769230769231,30.768,1.77234888565408,17.0747288064706,12.5170821729744,0.886174442827039,47.3113752346745,47.7190721649485,47.2397476340694,2.73043241017954,14.5949642728979,11.1440578747531,3.46218829610766,44.6633580510244,NaN,44.2209302325581,0.924689022483657,12.9861084728989,9.87691886743897,0.318093023734378,31.7248853078052,NaN,31.5066666666667,1.40903323994109,17.8534852749152,11.4712060310517,0.211354985991163,38.4852560818843,38.8691588785047,37.4074914869467,1.74683306014828,16.06331728532,11.2096323355559,3.07791985198126,5.34392481961402,244,48,1,148,622,7,0.310689310689311,224,154.761747091577,1,1978,11.2380952380952,-0.692857408717023,28,9.93525294312336,2.01129552528102,2.76424009732713,17.4704210679998,1
251208_OBE_NWU_SP_1,O15,OBE,Control,SP,1,71,418576,1,96,224,856,856,1244,2488,1244,49.281062740206,0.224,4147.07389216397,1.244,47.6371031545309,44.82,48.048,1.72530796219656,10.9490592531191,11.2581748969143,0.862653981098281,42.5338155689447,42.5806451612903,42.444,2.50813063226369,16.2594873060691,11.1345242606039,1.25406531613184,30.4097232253128,30.6268656716418,31.684,3.07152879090186,18.577481552259,12.0356652592323,1.53576439545093,40.5376028437196,38.9236641221374,42.276,2.23047265185419,15.6606433206491,10.5310399412251,1.1152363259271,55.8883793328561,55.9324324324324,56.396,2.36866344952823,3.67555934641621,11.4389511795977,1.18433172476411,42.0530922591517,42.0405405405405,42.1160714285714,2.43055311877766,16.9599177931124,9.66478962206823,0.544443898606195,35.084256123101,35.1017699115044,36.7816455696203,2.98845128605631,17.6204763861787,12.2600126956432,1.88870121278759,33.0592458959496,33.1351351351351,33.6649484536082,2.57427153601869,18.3724365849649,11.2538701815116,0.99881735597525,52.1219239524987,50.9201680672269,52.5016077170418,2.00320858464518,11.2376466675292,10.6362434990378,2.4919914792986,4.93580235011617,702,28,1,0,752,7,0.375624375624376,212,28.101270418628,1,1956,1.18990703851261,-24.2599657572487,30,10.5129389701221,1.18194228957868,1.35009995708355,16.708325625218,1
251208_OBE_NWU_SP_1,O15,OBE,Control,SP,1,72,445597,1,96,470,1010,1010,1478,2956,1478,119.016918572569,0.47,3471.27614335506,1.478,36.6511554528515,37.1857142857143,36.656,1.6855395224439,17.8341634440099,10.1932542491252,0.84276976122195,48.6682037113617,50,47.208,1.4190789896915,10.6659095004706,7.40426130742722,0.709539494845749,46.9455712166855,47.4031007751938,45.912,2.04917031532475,9.3178001889831,11.8494273735852,1.02458515766237,52.9084572964159,52.9090909090909,52.684,3.63001128560215,6.46493901155596,12.7201997961196,1.81500564280107,41.7118507934355,37.5137614678899,44.612,2.02150110101641,16.5686241821773,12.1210525498237,1.0107505505082,48.5445015643302,50,46.9659574468085,1.43360550978554,10.8767385290206,7.50433634339175,0.673794589599204,47.1188013049143,47.4253731343284,46.2333333333333,2.04502027220354,9.13502805352361,11.7320864537657,1.10431094698991,53.0714457926454,53.0294117647059,52.8632478632479,3.70916808737587,6.46855610934075,12.7760542340616,1.73589066489191,41.2041603386836,38.7254098360656,43.2165087956698,1.67010208666989,15.6934341324391,11.2620312355778,2.4684108840981,5.83227870714936,1084,56,1,894,554,6,0.276723276723277,168,47.644222206807,1,1788,31.2039461202808,-5.28268880038708,19,6.25315764822528,0.174943999990316,0.212209087204997,13.6672968076267,1
251208_OBE_NWU_SP_1,O15,OBE,Control,SP,1,73,460922,1,96,344,912,912,1522,3044,1522,112.105391880872,0.344,4508.29755312105,1.522,47.7966299330897,57,43.596,1.03336583109739,11.3005659955455,8.06994780548358,0.516682915548697,50.2935492986619,51.1079545454545,49.916,2.74782587988813,10.0785727394384,9.2308875121391,1.37391293994407,40.5656678762264,NaN,43.28,0.6950599707434,13.917842822349,8.67182731374017,0.3475299853717,29.4441030234707,28.9928571428571,30.736,2.19014151094886,16.9680251185417,11.1097098288462,1.09507075547443,36.8572078954166,36.827868852459,36.784,3.33276036546031,20.9507365665826,13.3387651107585,1.66638018273016,49.1952778690542,49.4736842105263,48.6918604651163,2.92863902831832,10.6290446072252,8.80856590261904,1.0074518257415,48.7166335047707,54.1129032258064,47.4366197183099,1.12838707026104,12.3728429923809,8.96447943996024,0.64092385590827,29.8549976103972,29.2,31.216393442623,1.98513020539364,16.9047282245077,10.9194257491668,1.21092942529012,41.5580679018909,41.8910675381264,41.6583442838371,2.43595934646456,17.5923388235202,11.588930463184,3.70753012531906,4.48476989574318,1174,26,1,156,660,6,0.32967032967033,212,34.4476050291122,1,1812,15.0464807436919,-23.6996129080284,29,8.97105451997742,0.82926644090586,0.496831114997769,19.1982381937298,1
251208_OBE_NWU_SP_1,O15,OBE,Control,SP,1,74,462186,1,96,216,836,836,1174,2348,1174,58.8411014645715,0.216,4286.87327229781,1.174,38.8411151646532,NaN,39.868,0.835890131235106,15.1627319544008,9.66764606606439,0.417945065617553,43.9280313802702,43.2307692307692,44.576,2.18590754203666,16.8004634341748,10.9655107029718,1.09295377101833,40.5248159311497,33,42.48,1.43160679095077,15.7135197363609,10.905093840615,0.715803395475387,32.9631151759127,29.6833333333333,36.416,1.89689679529286,17.6056840315072,11.9050020734999,0.948448397646431,43.7235925296261,NaN,43.428,0.828934193912017,14.1819716723285,10.0450310826238,0.414467096956008,48.0164179090488,47.2564102564103,48.6759259259259,1.90415482045677,11.8925009487062,10.50970733964,0.411297441218662,42.8262914115998,41.5054945054945,43.7516129032258,1.72929370311641,16.6335605408073,10.8658887343483,1.07216209593218,32.1673051515934,31.1496062992126,33.0177514792899,2.41372401787906,18.8344650123056,12.6728462991131,0.815838718043123,43.4326625414703,42.4626865671642,43.5076660988075,1.48573171243649,14.4330075756367,10.23242272896,1.74424903040044,3.7761100376685,224,41,1,194,200,4,0.0999000999000999,66,31.7265785785902,1,1372,-22.1161070005691,-2.8391707298917,22,6.95530586532534,1.17791614908033,1.06971530806258,20.3050247984086,1
251208_OBE_NWU_SP_1,O15,OBE,Control,SP,1,75,463352,1,96,306,1006,1006,1258,2516,1258,60.6137682990744,0.306,3406.00375847166,1.258,51.3303946740199,52.4324324324324,51.188,2.92218373056844,9.63993996828266,10.1047425458389,1.46109186528422,43.285140238616,42.6291390728477,43.576,2.75249324160895,17.1723239658222,11.3646857042996,1.37624662080447,53.3029423328507,53.3852813852814,53.316,2.93239593956455,7.36444989758815,11.4178526626547,1.46619796978228,35.1775840900983,34.9349593495935,37.884,2.4009139147002,17.8978725441631,12.6218771638311,1.2004569573501,43.5113340479535,41,45.82,1.04996645441308,14.8063749893157,8.22963994710936,0.524983227206541,42.4156631894165,42.0779220779221,42.5294117647059,2.07225723616117,16.7404281360435,10.0608561707106,0.634110714265318,50.1898665168928,50.9147540983607,51.0542857142857,3.16977809329842,13.1257166365026,11.8478781950443,2.21884466530889,32.8663411244882,33.1162790697674,35.531746031746,3.14863202026072,18.5796961522251,13.3542169925883,0.7934552691057,40.6802562579758,38.6609195402299,43.329093799682,1.58541852593502,16.9789220281439,11.1511567290235,1.99445650562626,5.78174292830028,1228,29,1,260,536,6,0.267732267732268,192,40.7855878061832,1,1840,14.2644659457408,12.7329065396211,26,8.5805851954842,0.489758040314531,0.326077332534063,17.3619368747041,1
251208_OBE_NWU_SP_1,O15,OBE,Control,SP,1,76,464609,1,96,298,712,712,1680,3360,1680,67.6320736631166,0.298,3861.97891982705,1.68,39.6220958318638,38.2657342657343,41.612,2.41140733435586,18.6796763540263,12.703145682353,1.20570366717793,43.7133594600931,43.8,43.2,3.05446817110672,15.325018913581,11.7484872629599,1.52723408555336,47.5993824677804,47.929203539823,47.32,1.89549319919142,9.07319145640128,11.3134203363901,0.947746599595708,51.3279042258471,52.0285714285714,50.852,1.79478423714187,4.94350269287647,10.3123690780028,0.897392118570934,47.9243315224374,50.6811594202899,45.852,1.8252596778067,7.96756941116557,8.61513816810256,0.912629838903349,42.1124741403621,42.1442307692308,41.6375838926174,2.61438770933245,16.3383219927007,11.3051490566132,0.779087537381069,45.5702462651216,45.6268656716418,45.7584541062802,2.60520186265513,12.0354247579482,12.4940342314649,1.07855357113922,50.129315097061,50.5522388059701,49.9256198347107,1.84113650765478,5.8876907150983,10.0296500228886,1.78222013940983,52.4831772568196,54.8827160493827,49.4952380952381,1.79855357823885,6.99094235939251,8.85128662102764,3.02157001144127,5.53635823848912,350,45,1,210,356,6,0.177822177822178,100,15.7054855720091,1,1772,15.7131474103586,6.90968474336547,15,4.06829244616824,0.576479482345279,0.300296750160528,20.2488909448096,1
251208_OBE_NWU_SP_1,O15,OBE,Control,SP,1,77,475699,1,96,332,990,990,1208,2416,1208,81.7711983560829,0.332,3492.05059168233,1.208,41.2407896854166,41.886524822695,40.944,2.01546745333124,15.2959934018151,9.52416958589043,1.00773372666562,47.5421846618419,48,47.096,1.44916502855657,8.42699852401144,7.25934532902162,0.724582514278286,41.9021816643158,42.3536585365854,39.456,2.58726086355604,16.2619197217132,10.4997551598544,1.29363043177802,28.7058451053452,28.9806763285024,29.356,2.95737217434321,15.9135592879682,9.65388257777971,1.4786860871716,33.8576901993424,33.8265306122449,34.312,1.96463720415881,14.347542493937,10.0978026939071,0.982318602079407,46.9933279873901,NaN,46.6385542168675,0.99254935121797,7.60008486759788,6.8185452935876,0.329526384604366,43.4021512345002,43.8288288288288,41.7355623100304,2.54827682050765,15.3294542455625,10.0232454915205,1.67676614789403,31.9382516430571,31.9861111111111,32.2110091743119,2.23768405702096,15.5597085225229,9.9173313562941,0.487815124430569,38.2149637432524,39.0502645502646,39.2599337748344,2.46365304657868,13.4100974544534,9.576393995715,2.97609288026705,6.14341117232422,1470,26,1,416,504,8,0.251748251748252,114,18.9395543876737,1,1736,7.56365016125973,-24.1881304202181,22,8.61488415129632,1.38051641917563,1.51500147753162,18.5321942346477,1
251208_OBE_NWU_SP_1,O15,OBE,Control,SP,1,78,491153,1,96,250,804,804,2150,4300,2150,62.3791468859801,0.25,4305.63929164057,2.15,36.5556428675556,35.1612903225806,37.892,2.19425990747587,17.5964173772796,11.4440880261718,1.09712995373794,45.7273781531365,45.9639175257732,45.548,2.77910196085221,15.9902464114608,10.2401040191396,1.38955098042611,41.3263816052571,37.6043956043956,44.308,1.65755509320579,14.7811875550703,9.71679237928971,0.828777546602896,36.8781093231244,37.25,38.076,2.18980508445192,18.4003163289686,12.7277503890011,1.09490254222596,56.1402493547803,55.9451476793249,55.852,3.15233296618703,6.47707608526838,12.8356654942541,1.57616648309352,41.4085317536837,41.406976744186,41.44,2.72009870435245,18.2278376259339,11.0044762339647,0.680024676088112,49.2618136364078,49.7118644067797,49.2707581227437,1.91437896273214,10.4381811023804,8.57534845311072,1.06056594535361,47.4654691926904,47.5199203187251,46.7578008915305,2.56566643707806,15.6420222504651,12.5800900880784,3.45338702430707,43.2166368142653,41.7634961439589,44.0356756756757,1.93222046425009,15.7988756402303,10.6868497296241,3.57460785886266,4.80616697377114,1796,57,1,76,670,8,0.334665334665335,226,99.3744908963884,1,1942,28.3832289888067,-16.4961663006662,29,9.83075394786449,1.17037883146561,1.08940704651727,18.7439190792472,1
251208_OBE_NWU_SP_1,O15,OBE,Control,SP,1,79,502825,1,96,206,1112,1112,1250,2500,1250,59.035069987855,0.206,5253.36246511938,1.25,55.8606236711739,55.5777777777778,55.76,2.29933055499342,4.6646527401826,9.95689653297151,1.14966527749671,43.7438160582686,43.6546762589928,44.888,2.2927424090586,18.5236445675708,11.9068185226815,1.1463712045293,31.9040692961203,31.4166666666667,35.62,2.7301135023474,16.8274658571485,10.873721415318,1.3650567511737,49.9877459745045,48.5210526315789,49.124,2.83403626205497,14.578871902192,9.83340705693692,1.41701813102749,46.3935396277908,40.0175438596491,50.532,1.85097195524488,14.1402728469642,9.85215378763513,0.925485977622441,45.9175370054499,45.6315789473684,47.6504854368932,2.15764048372362,15.8456738873619,11.9765639120082,0.444473939647066,36.0656999112158,35.0316205533597,39.2273730684327,2.48353730854768,17.7878967766166,11.0521111998194,2.2500848015442,57.9895341647535,58,57.9275362318841,3.84276635113094,4.44231228737075,7.07348660190266,0.53030175645607,48.4325290269597,45,51.008,1.8341380731381,13.0414301437768,9.78624348920001,2.29267259142263,6.44615853990689,756,30,1,124,818,6,0.408591408591409,210,37.5788902312884,1,1498,-14.5103395940049,-21.760803215841,28,8.2370648350494,0.600645142560244,0.34740941310355,18.5723950975393,1
251208_OBE_NWU_SP_1,O15,OBE,Control,SP,1,80,518267,1,96,176,1046,1046,1418,2836,1418,52.4138929667093,0.176,5288.91509432051,1.418,44.5337139277558,NaN,46.216,0.468963778144201,10.2765826763604,5.6584896306278,0.2344818890721,46.5978713530722,46.8830409356725,43.504,2.24505748663107,13.7196928511019,8.49705232648712,1.12252874331553,37.289459288984,36.5470852017937,36.712,3.54731252144748,15.0402359247735,10.4876166182358,1.77365626072374,45.7358456275521,45.2165898617512,45.16,2.81149914153798,13.21633478483,10.4961633447037,1.40574957076899,38.5909617148279,42,34.576,0.799352901145689,13.2064714147782,7.97769563052257,0.399676450572845,43.682794893477,46,37.0227272727273,1.02314944125611,11.6421894859496,8.60338783342115,0.180074301661076,40.115634481659,39.824427480916,39.9632183908046,3.25013732231014,14.8093753414056,9.82481868520657,2.82761947040983,48.2358241919075,48.4047619047619,48.0376344086022,3.01105672726887,11.4590040330296,10.2290127098323,1.12011310254402,39.1061802917834,40.1476014760148,36.490832157969,1.52652454655828,15.7734632065321,9.42858696448969,2.16461180701964,5.09179138314034,522,49,1,418,632,10,0.315684315684316,144,138.624170312429,1,1990,33.6964522860937,-32.9024453790896,27,9.20388973319198,1.15359775138784,1.02554768356685,19.2897218810257,1
251208_OBE_NWU_SP_1,O15,OBE,Control,SP,1,81,519453,1,96,294,1098,1098,1626,3252,1626,98.7200364561934,0.294,4778.69032073241,1.626,52.1370334252913,56,44.196,0.396075826477963,8.20168896502297,7.59534760736834,0.198037913238981,50.9971943005378,50.8410041841004,50.856,3.001967469336,15.2459755693994,10.9164548801756,1.500983734668,44.0292613088163,44.2758620689655,44.028,1.34416781130187,14.9743038091522,10.4141026964201,0.672083905650936,45.9734260613119,45,46.236,1.34687179321412,13.9272815094242,10.3341705493253,0.67343589660706,36.0441443960015,35.8974358974359,36.812,2.4988838384591,19.3140183827544,13.5168570529054,1.24944191922955,55.4197342516091,55.3706293706294,55.3605442176871,3.13169436545886,6.3219240424151,10.335575775742,0.920718143444904,44.448218854465,44.1623376623377,44.7786069651741,1.6585810662333,16.0195281536622,10.6027415717538,1.33349917725157,44.3984061050634,45,44.1477272727273,1.31986487572668,15.2887433943952,10.6164347496832,0.696888654383688,41.032739343466,40.6788990825688,41.2041820418204,2.11607409753419,17.1971592272302,11.1041276305655,3.4407364825906,4.63810250996014,1820,35,1,24,496,7,0.247752247752248,142,25.5869847114448,1,1862,-35.5067349649023,-15.1569769605836,21,8.02829698567376,0.887512052972222,1.00545216746228,16.8622453742542,1
251208_OBE_NWU_SP_1,O15,OBE,Control,SP,1,82,520773,1,96,222,990,990,1774,3548,1774,42.0969808417587,0.222,3895.62242952006,1.774,39.7412050202756,NaN,39.472,0.392135991011742,14.5808729698969,7.41176805352557,0.196067995505871,44.8801459224164,43.4489795918367,47.148,1.82541041764394,15.0899077705526,9.52767185740603,0.912705208821972,43.3831134259111,43.0700934579439,43.012,2.63263104333824,15.9639235377867,11.6633284694808,1.31631552166912,29.2867261337491,29.9014778325123,29.952,3.15807778612245,18.6971570682287,13.6071016108403,1.57903889306123,44.123852963436,40.740157480315,46.164,1.9890080598468,13.1851625945664,11.8947385790924,0.994504029923398,49.8251689857019,NaN,49.6666666666667,0.752136685459364,9.04520887977899,6.2703132225372,0.166974344171979,43.7141362459308,43.371335504886,43.9244791666667,2.64139540924146,16.3812232052721,11.4284650751039,2.02859167429744,32.0464004237077,32.5705128205128,33.5892857142857,2.87669197172364,17.7884687137166,13.3980111768976,2.25532650583133,48.7398880883778,48.5598591549296,46.0383314543405,1.44627526047296,12.6648552807314,9.4723440216632,2.56569231207903,5.64637047290775,1416,27,1,328,580,6,0.28971028971029,178,21.1963079353798,1,1668,-19.6596471257826,-17.2634644731455,29,10.3545941004529,0.9984339498901,0.921092913920262,19.24053720543,1
251208_OBE_NWU_SP_1,O15,OBE,Control,SP,1,83,522355,1,96,304,730,730,2020,4040,2020,79.8409788928126,0.304,3793.56691787238,2.02,50.4275611120668,51,48.68,1.26462380515938,8.53474054170521,7.71566524421138,0.632311902579689,49.7037378628614,49.0882352941176,50.364,2.57784721378703,12.8552895166352,11.0878284299734,1.28892360689352,31.4679742270165,27.0634920634921,34.172,2.35296678426768,13.0931932390804,11.6960504578541,1.17648339213384,40.0771442165495,38.8452380952381,42.808,2.71137798917435,15.718619179732,12.1455778839397,1.35568899458718,40.9466730962595,41.1788990825688,40.624,2.85426462314888,17.8707039797926,12.5042328172819,1.42713231157444,49.6849610899506,48.7083333333333,50.9210526315789,2.82563722875403,13.5179937645965,11.037726518642,0.858993717541226,46.179916193783,43.7777777777778,45.6901408450704,1.84281247259084,12.612297508658,10.7487536013198,0.785038113323698,37.5255329456216,37.3799212598425,38.6976744186046,2.8331175519967,16.3659650175336,12.3702747614131,3.65472164207574,44.9013387208172,47.2046109510086,41.5707070707071,1.50807264440072,15.8049935801127,10.4306465923976,2.98598383591343,5.02039078336318,228,49,1,162,816,9,0.407592407592408,198,76.2528695909261,1,1948,-10.5069246822235,-39.5577288122976,24,8.53770146173376,1.02512796919623,0.750531125384139,24.8590940091917,1
251208_OBE_NWU_SP_1,O15,OBE,Control,SP,1,84,524055,1,96,198,736,736,2436,4872,2436,47.2589122054587,0.198,4205.04847727298,2.436,36.6328199325255,38.2592592592593,36.412,1.6243251575932,16.7909540988367,10.1163459386102,0.812162578796602,43.1578080167551,43.2701149425287,43.024,2.34262377994754,17.2538425570827,10.9756828301918,1.17131188997377,43.08950817904,43.0740740740741,43.212,2.63590012554848,17.7952651842496,11.7885687268511,1.31795006277424,50.5694468278686,51.972972972973,49.032,2.04440431917868,12.7000053881843,9.61261678931953,1.02220215958934,35.6215160238006,35.5392156862745,35.908,2.74110160283229,17.3525719543765,11.8761196113642,1.37055080141615,39.7896011962617,39.6805555555556,40.040404040404,2.39440916751707,19.4953943329935,11.5065688747162,0.47409301516838,44.285405880106,44.5508021390374,44.2490706319703,2.54106520713563,16.1906995946913,11.3528889557432,1.36709308143897,41.4926600460526,41.5825688073394,41.0152941176471,2.07283155114643,15.9135270733498,10.7406290453101,3.52381363694893,42.3438789498679,42.6954177897574,42.4961636828644,1.926474151733,11.3674412317075,8.57706180850591,3.01300557331042,4.519776190878,508,42,1,30,598,8,0.298701298701299,170,27.6116606077124,1,1918,17.1728324796054,-2.54978226076601,21,6.09829546869991,0.665765336153596,0.426834124697313,19.1504443595437,1
251208_OBE_NWU_SP_1,O15,OBE,Control,SP,1,85,525816,1,96,2290,2388,2388,2716,5432,2716,183.43771547485,2.29,5294.12752521075,2.716,51.316811366604,53,48.748,1.1246982812438,8.94465086258674,8.29153710012695,0.562349140621899,49.5304303117376,49.0661764705882,50.816,2.30212683560706,8.81493396980012,8.86201309414126,1.15106341780353,37.378583839243,37.9326923076923,38.724,3.22066223878516,17.5127379664729,12.5516562830562,1.61033111939258,45.0331248848257,45.3821656050955,44.976,2.2020613048922,13.0461674843852,8.53114399241215,1.1010306524461,42.611483664239,42.4347826086956,42.94,1.37305444209729,13.533674264374,9.00779020645438,0.686527221048647,43.3703279864411,43.2720848056537,44.656768558952,2.16722963460379,13.8945161491923,10.0149533269805,4.96295586324267,39.976164165035,39.9787234042553,39.9795918367347,2.74271135645722,16.7491823954002,12.6590200436633,0.268785712932808,31.9877706698916,32.4952380952381,31.5792682926829,2.3893090100587,15.9281855986589,10.6576563963142,0.783693355299254,44.124457197597,45.686170212766,42.7928348909657,1.51119296891735,13.2229793283844,8.2145714174101,1.94037177208988,5.65945153069891,578,37,1,230,490,5,0.244755244755245,246,46.2651851928778,1,1866,-16.0819578827547,-13.9838835746455,18,5.77494771353643,0.951463990978704,0.938554439201681,16.2678765716515,1
251208_OBE_NWU_SP_1,O15,OBE,Control,SP,1,86,528282,1,96,230,654,654,2716,5432,2716,48.4182373069051,0.23,3627.18089486023,2.716,38.3369124075636,39,38.136,1.18676741050993,17.0994817070847,9.20355752064641,0.593383705254965,44.6310936646485,44.4429223744292,43.924,3.4108684898654,17.7770236224139,12.7739741625276,1.7054342449327,51.4104325989751,51.2851239669422,51.336,3.44379538345571,16.4948929426793,12.0927064047568,1.72189769172785,53.2285296671248,52.5857142857143,54.54,1.12266302506781,3.49779206909717,7.77939117372229,0.561331512533907,52.4891517441403,NaN,53.26,0.905415788815132,2.77737171364611,7.61626008160673,0.452707894407566,39.3168294240101,39.25,39.5217391304348,2.69096164201579,18.7508199269141,11.0861873946005,0.618921177663632,46.4213547625207,46.3554502369668,46.3537735849057,3.88113307087878,18.8330349214991,13.7027839317306,1.6456004220526,46.7947339777974,48.6112412177986,48.3773035887488,1.98130071881746,10.3803129734209,9.06733841884283,4.08544208220159,34.3791464838903,34.6141078838174,34.4283489096573,1.73225544913716,15.2290777714392,9.19348820207351,2.22421599669212,5.05660030860991,302,50,1,100,688,5,0.343656343656344,388,40.3070636423171,1,1966,20.6568013659647,15.0868165407377,19,6.18752220940288,0.466042174803529,0.0908486890084905,21.5159641992458,1
251208_OBE_NWU_SP_1,O15,OBE,Control,SP,1,87,531597,1,96,218,698,698,1244,2488,1244,42.1235775179491,0.218,4523.24867831277,1.244,50.014640993722,50.4035087719298,49.46,2.06858195073504,10.8131965706813,8.53323757232758,1.03429097536752,47.4376147552605,47.3641304347826,48.296,3.22566936042847,15.0207246695129,10.67210318059,1.61283468021423,53.6120909725113,53.3862068965517,53.768,2.0851130102281,3.97500085872426,9.53676945945088,1.04255650511405,35.1863428684915,37.4943181818182,34.976,2.87099963827485,16.2792444394829,11.3385820362718,1.43549981913743,27.8984093932629,27.8679245283019,28.16,2.25426445323385,14.9024084654724,8.98300654793985,1.12713222661692,45.9033434581185,46.5588235294118,46.6605504587156,3.31648580297025,16.7587163390279,9.83542156865433,0.722993905047516,50.6318677200477,51.2222222222222,51.8041666666667,2.68042189410046,10.8509911254953,10.4646825135473,1.28660250916822,45.3878471120185,45.4924623115578,47.4322344322344,2.59965374142352,13.7094604187203,10.8361489291951,1.41941094281724,32.7194443895484,31.6417910447761,33.3408360128617,2.32374490533288,16.3344852841159,9.47773398809355,2.8907386622341,5.08970614167964,228,43,1,116,626,7,0.312687312687313,196,35.7737149022937,1,1960,8.72889394801747,7.2267093460379,30,10.7339052785654,1.254435186175,1.246191161577,18.890128071398,1
251208_OBE_NWU_SP_1,O15,OBE,Control,SP,1,88,543385,1,96,1612,2028,2028,2190,4380,2190,189.799822166595,1.612,5113.23005776572,2.19,43.5821854188906,43.7608695652174,43.264,2.12156274487754,15.454017144284,9.08159907803234,1.06078137243877,50.8087284014968,45.4714285714286,51.764,1.67897646243428,8.2543927108284,6.78981924919834,0.839488231217141,49.5939225480002,50.7857142857143,46.296,1.94458849002019,11.0428611942417,8.47014729787818,0.972294245010097,50.4822557297906,49.5204081632653,50.26,1.89015926208451,8.22788187856877,6.79966907926866,0.945079631042255,33.8539177677158,32.6935483870968,34.112,1.67932893542866,14.7310126957932,8.8213270208377,0.839664467714329,49.6668895528002,48.7843137254902,48.5210918114144,1.7888380042906,9.86995599411174,7.48495089810376,2.88360686291645,33.2489425356093,32.0169491525424,33.2692307692308,1.77685295078878,14.8523786374467,8.91182848902411,0.739170827528131,30.7918442675802,30.7719298245614,30.8024691358025,2.39634903538175,14.5068673860432,9.05155077414559,0.388208543731844,40.7829796158375,40.4638009049774,42.6309392265193,2.03292582398762,12.5720259989976,8.400612950502,3.6795957414176,5.13867117511911,742,51,1,682,250,3,0.124875124875125,110,8.07033420350317,1,770,29.7909315120471,-23.6114006029702,25,7.18155299392054,1.95344164686287,2.06066991682566,20.0510432664399,1
251208_OBE_NWU_SP_1,O15,OBE,Control,SP,1,89,557177,1,96,292,1114,1114,1454,2908,1454,129.424833537748,0.292,7950.13549073556,1.454,38.7628486793649,NaN,38.368,0.745431797052953,11.4673176197639,7.11916041586108,0.372715898526477,49.3394977519555,49.2983870967742,49.34,2.26516193304664,9.45647746430415,8.18244482184589,1.13258096652332,39.9235922978582,40.5034482758621,40.084,2.26596516158457,14.5083109040256,9.82698880270312,1.13298258079228,30.8816088643535,30.8157894736842,31.424,3.04375132895597,19.7138467889586,12.2918522575528,1.52187566447798,38.5012957823275,38.8846153846154,37.264,3.10737430160971,19.6512322695738,11.847299394193,1.55368715080486,49.649224919723,49.6752136752137,49.5753424657534,3.05345575642749,9.63969031573778,8.08430276249645,0.891609080876827,40.4300773246449,39.6256684491979,41.8102189781022,1.98072223870642,14.3354881775576,9.9231900993247,1.62815368021668,30.1099007678609,30.1352941176471,30.1352941176471,3.32563817454706,20.3522015653352,12.4379002078646,1.130716979346,39.0412015498796,39.957264957265,37.5639614855571,2.14601837408645,16.9748926705971,10.7001614496824,3.12031071592171,4.99464139091419,170,49,1,78,910,6,0.454545454545455,348,31.9083592687759,1,1970,-6.13507873268831,-9.97692336323371,22,7.2724098668552,0.853877587426857,0.619921913239649,20.1304746900234,1
251208_OBE_NWU_SP_1,O15,OBE,Control,SP,1,90,558489,1,96,228,1274,1274,1546,3092,1546,62.4871341489679,0.228,5464.75687473858,1.546,34.3890186507038,44,32.788,0.920334627968976,15.3184310098543,9.83920717869858,0.460167313984488,44.1356398149753,44,44.012,1.50187752350501,12.488983810559,9.4943576969053,0.750938761752504,49.7765992449392,49.2432432432432,48.468,3.03121803642682,9.56723371929754,12.2715223078499,1.51560901821341,53.2029699622151,54.2512077294686,54.24,2.66445750282456,12.2001115982967,11.3337192758078,1.33222875141228,33.0924972976525,33.7373737373737,32.1,1.95961242491068,17.2778959702344,11.8762011800737,0.979806212455342,44,44,44,2.29099439097126,13.7679486084604,10.5052045498802,0.522346721141447,51.2343053761517,52.2072368421053,49.508604206501,2.3314163917007,9.57797196851935,10.8411706063332,2.43866154571893,45.4935525058441,47.3153153153153,48.1911764705882,3.15460299615038,16.7216984124971,13.417252237382,0.858052014952903,33.598238188424,31.04375,35.646830530401,1.29319706738756,15.5215055232651,10.4263387168947,1.99928266618116,5.52457798056733,956,54,1,46,538,7,0.268731268731269,168,39.0400131849916,1,1776,0.676911402010978,12.2824468679049,30,8.9339896174849,-0.333781122235749,-0.418301473988658,12.4847557704503,1
251208_OBE_NWU_SP_1,O15,OBE,Control,SP,1,91,559966,1,96,280,898,898,1146,2292,1146,67.6504065745968,0.28,4148.10964093806,1.146,47.1452253789377,55,41.576,1.03737950711927,11.6701984207946,7.84279485048824,0.518689753559633,47.2924588532647,47.1607142857143,48.94,2.63451689797492,14.6543067527891,11.1160842222577,1.31725844898746,44.7004513721349,NaN,44.728,1.3390555166089,12.3874926522068,10.3602841916858,0.669527758304452,47.7110257181784,47.7821782178218,47.676,1.80260911070525,8.92059939891521,10.7550694413486,0.901304555352624,53.3143443575689,48,53.108,0.975137401067945,5.78633820380875,7.78061447396578,0.487568700533972,51.2933259271083,50.7594936708861,52.2571428571429,2.25841299464104,11.8582805147036,9.22366133117057,0.632355638499491,44.1630540913389,43.9662921348315,44.8446601941748,1.92537518284587,14.3217946854266,10.9845719563735,1.18988186299875,45.7845968885815,47.0833333333333,45.7016129032258,1.67203361215976,11.3375851128085,11.8897712347428,0.414664335815621,45.030071730466,41.3850931677019,46.9738219895288,1.52054814154007,13.1142594525266,9.70508984343214,1.74254817020492,4.88377457954505,308,41,1,10,192,3,0.0959040959040959,130,27.6803508547836,1,1724,-25.650161259723,-1.35156511705809,14,4.91085145055347,0.871402571242793,0.530606865556062,21.5786429716817,1
251208_OBE_NWU_SP_1,O15,OBE,Control,SP,1,92,561100,1,96,278,744,744,1862,3724,1862,62.9736619875854,0.278,3339.69282653257,1.862,41.1775196761427,35,42.136,1.33106881039717,16.0717215472641,9.72881107988914,0.665534405198585,40.6296517951719,40.6491228070175,40.384,2.79444619148017,18.2015328223334,11.9454457993205,1.39722309574008,29.5157988742129,29.8165938864629,30.164,3.82305704537937,19.9308789161375,13.1204328099256,1.91152852268969,45.7668689925774,50.1842105263158,43.492,1.2683859235383,9.96866371535536,9.49903262160706,0.634192961769149,50.6551022048721,52.7088607594937,49.372,1.67337015780737,13.2161522538692,11.0508685499681,0.836685078903683,40.4726447429863,40.609375,40.4388489208633,2.65704626283874,17.5071159684953,11.1446275762861,0.73865886106917,36.2311252186169,36.452736318408,36.244635193133,3.08277840916734,19.6307728876872,12.7519409731896,1.43657473867198,39.0797804806177,40.7186311787072,42.1180679785331,2.16869240199785,14.8994579695963,10.9404301181988,2.4245981054336,47.0794991589057,44.8777429467085,47.0440386680988,1.84842530256471,14.6567537249048,10.1165876182966,3.4417679133755,5.5776978170644,884,27,1,90,700,5,0.34965034965035,406,37.4019914026139,1,1974,0.756213242269003,-25.520992295381,33,10.4689283956097,0.340159072653104,0.0504287331362728,15.974896999982,1
251208_OBE_NWU_SP_1,O15,OBE,Control,SP,1,93,562619,1,96,192,1102,1102,1244,2488,1244,40.5079658878855,0.192,4831.1705729796,1.244,40.7912584191127,39,40.804,1.66578705361219,17.2385413336318,10.542997761936,0.832893526806094,52.3996721993211,52.6850393700787,48.66,2.40849683233005,9.47684474130373,7.27021695914526,1.20424841616503,38.317092544975,37.8871794871795,38.244,2.81321966363704,19.0325272143737,12.4740013823881,1.40660983181852,49.4711355736809,50,49.576,1.69769479828194,11.0733875865552,11.1575564444493,0.84884739914097,55.6177439260538,55.5460992907801,55.704,2.12770458567787,4.89959588507729,9.30110658695866,1.06385229283893,47.2234954852739,NaN,42.5625,0.541379005618236,11.588578187692,6.28526843574638,0.103944769078701,44.7610744462998,44.0383480825959,43.6945054945055,2.97964402175446,17.1076085184866,11.118807060315,2.71147605979656,50,50,50,2.7343362049359,6.13110338565501,11.6202968009782,0.388275741100898,52.5948973919884,53.4058823529412,51.8922829581994,1.52279126326929,8.68028302849113,9.84898157668174,1.89435233150699,6.03024121077855,274,55,1,222,512,9,0.255744255744256,134,24.0344929071241,1,1814,27.8451906659078,-27.8081847619757,24,8.45531762145909,1.71360769118365,1.65033356650856,25.505050196302,1
251208_OBE_NWU_SP_1,O15,OBE,Control,SP,1,94,577259,1,96,286,1008,1008,1190,2380,1190,88.5733595549724,0.286,4936.33775919324,1.19,48.1696822633525,43.9354838709677,51.352,2.05363602586987,11.0875628242634,9.75998581236919,1.02681801293494,49.2430099369433,49.3578947368421,48.704,2.69405677326326,9.38181713670273,9.01524906857493,1.34702838663163,36.3676385298494,36.8841201716738,37.1,2.86708589876949,16.2749070320305,11.914324056345,1.43354294938475,27.6839180458433,27.5774058577406,27.64,3.20029458067482,18.2566585240482,11.2337478928279,1.60014729033741,40.8559084099972,41.2772277227723,40.352,1.61920041507679,16.3057729919068,10.3202165762066,0.809600207538395,51.3505788533066,51.7777777777778,50.1048951048951,2.55132905834598,8.41775625614777,9.87506782642419,0.729680110686949,39.3221652461468,39.469512195122,39.8504155124654,2.87454478710578,15.1865769869255,10.9856115235765,2.07542133629037,26.0087205110721,25.8791208791209,25.8791208791209,3.11213904743496,16.5176251642254,10.7371422133042,0.566409306633163,35.405563442301,35.1312335958005,36.8403361344538,2.33396405115713,18.1963907840647,11.0092707536202,2.77741722087698,4.35524586975599,412,46,1,0,784,10,0.391608391608392,240,50.341845292975,1,1992,-3.0271295769304,-33.5613391893401,28,9.57989159304028,1.0973714976468,1.15410823566945,17.8402019504427,1
251208_OBE_NWU_SP_1,O15,OBE,Control,SP,1,95,589999,1,96,172,978,978,2446,4892,2446,48.8291497116431,0.172,5484.11208126046,2.446,53.6263984180203,NaN,53.172,1.08811404999201,3.56122244756288,11.592598759438,0.544057024996006,46.8085742352979,46.4888888888889,47.752,2.63686268402545,16.6305409300435,11.0657936919856,1.31843134201273,48.4394985679916,47.0654205607477,49.84,1.84619726954188,14.2053148836885,11.7440582343394,0.923098634770942,52.1448069830144,52.2816901408451,52.24,2.24776200873243,4.93045186292021,9.04071288200574,1.12388100436622,45.3096523585216,42.1443298969072,44.944,1.80360115459274,16.2665957982444,9.78045132032528,0.901800577296369,51,51,51,1.34673934135911,3.45015645140589,8.54039194184067,0.231639166713767,47.0036842632819,46.3384030418251,48.2928039702233,2.4346738898343,16.4647140027258,11.8908582859129,1.96234715520645,44.7125379704844,43.6256157635468,44.9550408719346,2.17034475211713,16.6675186285484,10.5862836892597,3.18606609610795,47.7909458628483,45.7521739130435,48.045045045045,1.52138197099634,14.1492679076871,10.4251681869751,2.36422758292832,3.98558523618303,240,51,1,208,484,7,0.241758241758242,172,16.7293920069052,1,1860,-22.7877063175868,11.4675996575725,19,5.89728729715161,1.06355112697234,0.809679615746044,23.8847604692526,1
251208_OBE_NWU_SP_1,O15,OBE,Control,SP,1,96,598104,1,96,1296,1856,1856,1966,3932,1966,145.568794959969,1.296,5251.06810899854,1.966,46.0296766628165,47,44.984,1.30531173305614,12.7793711568082,7.10098665039686,0.652655866528071,49.6792365959831,48.5,50.92,1.37358013178714,7.5311712051149,7.33565582013054,0.686790065893569,51.1453568651289,51.1744186046512,51.22,2.35091420776394,6.95434614263846,8.59111775080504,1.17545710388197,45.929421504713,45.32,46.244,2.73657171567766,14.494758324233,11.2487092995254,1.36828585783883,53.4081636214928,53.2995169082126,53.44,2.814739283297,8.21594159703345,11.9120636908931,1.4073696416485,49.1612243064028,48.4698795180723,49.8688271604938,1.94436848876177,10.6892592606411,9.08850571582466,2.51990156143525,49.6777732949704,49.7004219409283,50.3785714285714,2.89738400535825,10.9163138952934,11.5983599736358,1.62253504300062,56,56,56,3.55373296325366,6.32029452323013,11.8510976669498,0.390910625957902,47.0348336777615,47.6156583629893,44.9511698880977,1.40034877165828,11.3164217346593,8.54136043138943,2.75308568508018,4.71068785186343,1928,56,1,0,618,11,0.308691308691309,136,52.1239031521488,1,1636,19.3306772908367,-4.84962965720027,18,5.0296724533822,1.53953201599572,1.73459303302922,18.9028985501394,1
