sessID,task,cohort,group,participant,sessNum,breathIdx,onsetSample,goodBreath,nEv,inhalePeakMs,returnCrossMs,exhaleStartMs,exhaleTroughMs,endSymMs,breathLenMs,inhaleVolume,inhaleDuration,peakInspFlow,breathLength,w1_rfreqPW,w1_rfreqGated,w1_rfreqRaw,w1_rpowZ,w1_rpowDb,w1_bandDb,w1_aucZ,w2_rfreqPW,w2_rfreqGated,w2_rfreqRaw,w2_rpowZ,w2_rpowDb,w2_bandDb,w2_aucZ,w3_rfreqPW,w3_rfreqGated,w3_rfreqRaw,w3_rpowZ,w3_rpowDb,w3_bandDb,w3_aucZ,w4_rfreqPW,w4_rfreqGated,w4_rfreqRaw,w4_rpowZ,w4_rpowDb,w4_bandDb,w4_aucZ,w5_rfreqPW,w5_rfreqGated,w5_rfreqRaw,w5_rpowZ,w5_rpowDb,w5_bandDb,w5_aucZ,p1_rfreqPW,p1_rfreqGated,p1_rfreqRaw,p1_rpowZ,p1_rpowDb,p1_bandDb,p1_aucZ,p2_rfreqPW,p2_rfreqGated,p2_rfreqRaw,p2_rpowZ,p2_rpowDb,p2_bandDb,p2_aucZ,p3_rfreqPW,p3_rfreqGated,p3_rfreqRaw,p3_rpowZ,p3_rpowDb,p3_bandDb,p3_aucZ,p4_rfreqPW,p4_rfreqGated,p4_rfreqRaw,p4_rpowZ,p4_rpowDb,p4_bandDb,p4_aucZ,peakZ,peakLatMs,peakFreq,anyBurst,burstLatMs,timeAboveMs,nBursts,dutyCycle,maxBurstMs,peakZ_base,anyBurst_base,timeAboveMs_base,chirpSlope,chirpSlope2,freqSpan,freqJitter,apExp,apOffset,gammaBumpDb,gammaPeakPresent
260702_OBE_NWU_SP_2,O15,OBE,Control,SP,2,1,23503,1,99,530,1800,1800,2660,5320,2660,160.9617615013,0.53,2930.90333471486,2.66,48.4101310462732,46.9189189189189,50.124,1.73883954430316,3.96592289248184,1.88175437385874,0.86941977215158,51.5658640475981,54.3898305084746,50.748,1.39299511331359,4.41039480479451,1.63614130728227,0.696497556656794,36.838503168542,37.0518134715026,37.872,2.78825896020265,13.2469220073812,6.2347099716089,1.39412948010133,29.0926731232638,29.8495145631068,30.22,3.17966546282919,16.053035829846,8.33400415716381,1.5898327314146,45.2586526615585,44.1859296482412,46.06,2.62041778676663,9.85011986773759,5.5505496235239,1.31020889338331,51.8646341612703,54.4782608695652,50.988679245283,1.43937179968176,4.22318708284329,1.94286885348654,0.762867053831333,33.7253077677928,34.3555133079848,34.8236220472441,2.95164946431719,14.4490000738704,7.0663950562222,3.74859481968284,54.3897682905928,54.005291005291,54.7302325581395,2.03023961878151,-1.40958952201589,7.61951359837801,1.7460060721521,45.2213807568419,43.459649122807,45.9268656716418,1.79177585048312,8.75503460975316,3.45389902759879,2.40097963964738,8.1569397449003,1424,25,1,412,650,8,0.324675324675325,238,245.392408430997,1,1956,-8.66287232024286,-22.7653813228124,31,9.40583663369821,0.726363931009393,1.67048634390044,2.02578707852997,0
260702_OBE_NWU_SP_2,O15,OBE,Control,SP,2,2,26002,1,99,378,792,792,1800,3600,1800,95.0476784225589,0.378,3088.26609200898,1.8,43.2423392004109,44,41.528,1.40807147205211,8.34401945384036,2.3780544590714,0.704035736026055,52.7350626232781,54.045197740113,50.72,2.67985308555762,2.77917127056508,6.32248681465562,1.33992654277881,48.0089056544444,48.009009009009,48.008,1.82148642012776,3.48621128089311,5.31195509203104,0.910743210063881,52.360918069204,51.8899082568807,52.556,1.79955206741375,-1.01483519568583,3.70026489376576,0.899776033706877,54.1135936302356,54.3139534883721,53.788,1.53772727507503,-2.40464084889979,2.9677634907149,0.768863637537515,54.5880684932146,56.6896551724138,51.2698412698413,2.36736403260826,2.23624434875285,4.76393268265108,0.894863604325923,48.5071908676836,48.5625,48.3091787439614,2.177972328968,3.39498774549781,6.52737346944268,0.901680544192752,52.0239080808056,51.7921568627451,52.1309523809524,2.00976869354752,0.529932276577148,4.41708941248004,2.0258468430959,43.3913853022492,44.1306413301663,45.1011111111111,2.03950967157055,8.62541800194406,4.29416662037832,3.67111740882699,4.63363214983942,432,49,1,128,458,11,0.228771228771229,90,18.7617683263239,1,1806,17.2267121988237,-10.157163062493,9,3.48105037924252,1.35956596779345,0.790315762438097,20.1139900183456,1
260702_OBE_NWU_SP_2,O15,OBE,Control,SP,2,3,27335,1,99,912,1322,1322,1546,3092,1546,224.968418259378,0.912,4874.4138586598,1.546,43.6668893809229,38.0975609756098,43.824,1.35484791988246,8.43062211164885,2.98435696490232,0.677423959941231,50.6350191442202,50.5355648535565,50.556,3.35724624496856,6.17119193979988,3.28050740542165,1.67862312248428,35.1592665260635,35.6410256410256,35.916,2.8627201351636,12.1249297694549,7.12491319823508,1.4313600675818,51.3735777093529,50.2713178294574,52.628,2.32718984517437,4.57932840825558,7.08365468432932,1.16359492258719,49.4643971683859,50.0292887029289,49.98,2.94871312351894,7.86336327656009,4.80205889807445,1.47435656175947,43.5896314416915,43.9641025641026,43.280701754386,3.07939853949683,9.78830136799987,5.66333979624363,2.80841146802111,46.830154989563,43.3867924528302,48.9707317073171,2.51360669923526,8.45301562218957,6.18884825009447,1.03057874668646,56.356079353162,56.4269662921348,56.3482142857143,2.43052918578224,-2.44203372913363,7.94716313459142,0.544438537615221,47.5340089246745,48.0208768267223,47.3609314359638,2.24282973315966,8.68657417095542,3.99954995651416,3.46741476746484,4.64651173424342,780,27,1,26,926,13,0.462537462537463,200,116.089447521386,1,1964,-33.8338076266364,-15.0114452674285,31,9.02936108081228,1.07826863386295,0.437469232297217,20.9788103891349,1
260702_OBE_NWU_SP_2,O15,OBE,Control,SP,2,4,28891,1,99,230,1018,1018,3378,6756,3378,65.7934420347503,0.23,4610.20634430386,3.378,51.1335997853141,50.5338345864662,52.468,1.87186831647365,-0.0370343417643844,2.6738412832199,0.935934158236825,55.2695764623451,56.1627906976744,55.22,1.68297302300004,-1.93206357112595,1.76448743154099,0.841486511500019,37.8724062070221,36.7441860465116,40.328,2.34169734506176,13.7523063503856,7.13859714146734,1.17084867253088,36.4201088478565,36.7857142857143,36.792,3.1483928697524,10.9230224156665,6.11397909764574,1.5741964348762,45.0030688312181,45.0730337078652,45.264,3.01825670971322,10.1350827009311,6.80295433430118,1.50912835485661,57,57,57,1.7009133522385,-4.53249950388241,0.745932431532351,0.391210071014855,42.0796482859648,39.4727272727273,44.7664974619289,2.11005687661577,11.9844770304193,6.01449339203765,1.66272481877323,40.4178812812241,39.7061688311688,41.0423728813559,2.23412460350269,10.0133108036042,5.3626410754893,5.27253406426635,39.8859420961351,39.4046242774566,41.7395498392283,1.87977544344913,11.7785025451615,4.21073450722295,1.16922032582536,4.97434260248981,888,35,1,142,748,8,0.373626373626374,200,31.5398756929527,1,1744,-16.9394801745399,-35.3491271820449,28,8.92333613633164,0.826698672079484,0.244497024155586,19.8666873785695,1
260702_OBE_NWU_SP_2,O15,OBE,Control,SP,2,5,29616,1,99,268,852,852,1928,3856,1928,68.1905142922802,0.268,3513.49141183696,1.928,29.3879427236265,29.2707423580786,29.8,2.97939670748341,12.6071128104659,6.37925394206707,1.4896983537417,41.1469587199354,41.289156626506,39.988,2.58393153794892,12.7702831477887,6.31996534552986,1.29196576897446,43.64767944898,43.3035714285714,43.028,2.03989249820791,10.5868420016581,6.13706036551078,1.01994624910396,54.5649234695599,55.4125874125874,53.188,2.08527876379274,4.07699004613563,2.95270717146159,1.04263938189637,36.5281225953949,36.8125,36.756,2.14343850535099,10.8411180742807,4.09646460043679,1.07171925267549,37,37,37,1.9622767051647,13.4387444387363,5.54394543811938,0.52589015698414,42.249002745284,42.5428571428571,41.1712328767123,2.51758031193318,11.9423998867303,6.91497359361016,1.47026690216898,46.4727070163731,46.9464882943144,46.0669144981413,2.1241392412728,7.8892753141575,3.59712300250125,2.28557382360953,44.3895662803146,44.2638888888889,44.2686721991701,1.97993100330994,9.16272266923644,3.89796980089721,3.81730697438156,4.60486667027945,490,44,1,352,452,7,0.225774225774226,214,14.4851912087648,1,1488,21.0665907797382,10.2038746417538,26,8.41893187756979,1.46503803390176,0.831721398348675,22.4351900220508,1
260702_OBE_NWU_SP_2,O15,OBE,Control,SP,2,6,48431,1,99,294,824,824,958,1916,958,115.554915730207,0.294,4347.0088237518,0.958,43.6253578404273,43.6621621621622,43.784,2.77157577803955,10.784137582724,5.76615440878275,1.38578788901977,48.0130888859093,46.568,48.72,1.92369574298687,5.07535636815615,3.8732910317124,0.961847871493434,55.2723042930521,55.4857142857143,55.46,2.97088994619558,0.0878520838722059,8.3630971246793,1.48544497309779,44.9765209092981,44.9868421052632,45.568,2.3961568171756,10.6991062648953,5.44532418336326,1.1980784085878,51.0423165691694,51.2597402597403,51.388,1.47607002796996,6.37674360494923,2.85045240893232,0.738035013984978,45.9625341524041,45.2772277227723,46.421768707483,2.16043360595938,6.82556500044975,3.05903899551049,0.635167480152057,53.6873508263993,53.746835443038,53.6037735849057,2.50370763517644,0.290649596878623,6.99069826479423,1.32696504664351,58,58,58,3.00080215610699,-1.40777800265322,9.65448380621772,0.402107488918336,48.2631921086579,48.2657657657658,49.4425887265136,1.96018539620933,8.07952641627186,4.25607151328383,1.87785760956854,4.27768116846634,518,52,1,490,496,8,0.247752247752248,150,25.0790973892359,1,1244,19.1276797571618,11.8536680686344,21,6.26447485943916,1.09613661378334,0.755788684838632,17.266173352205,1
260702_OBE_NWU_SP_2,O15,OBE,Control,SP,2,7,60439,1,99,414,1274,1274,2382,4764,2382,122.365640622645,0.414,3632.19042770174,2.382,49.7251762219746,48,48.464,0.90201344748884,4.02479682938836,2.68329764083135,0.45100672374442,43.8411645051409,44.1184210526316,43.792,1.63670259207288,9.1579025219283,4.02970011119623,0.818351296036442,37.4465247069307,37.9033613445378,37.86,3.33670893635567,14.3599768507451,7.98092118022355,1.66835446817784,28.1869481530307,32.5,27.544,1.25620520946027,10.8953065382352,4.75263497712161,0.628102604730134,45.7977074404988,46.2222222222222,47.348,2.16319873893902,9.25295327155986,6.13287401476312,1.08159936946951,43.6713488664395,44,43.6859903381643,1.37897169613935,8.94185203786583,3.6134342687446,0.57089428220169,36.6452830392614,38.4914089347079,35.3860465116279,2.69384517469937,13.3242036540738,7.09407306667168,2.31670685024146,43.5580607104513,45.9733333333333,43.6570397111913,1.51523683592772,9.57847081559951,5.15004939102377,1.67888241420791,49.303806480245,49.3650107991361,48.1050679851669,2.26895967162173,9.38421340256482,7.14901533413922,3.67117674868395,4.51347075388127,816,34,1,366,524,6,0.261738261738262,202,29.3355082744102,1,1794,2.92316448491746,-17.9803290281758,29,8.84755574641691,1.72251183053523,1.1721748188047,22.0860918595158,1
260702_OBE_NWU_SP_2,O15,OBE,Control,SP,2,8,61846,1,99,1658,2406,2406,2604,5208,2604,334.238746053386,1.658,5871.79918744268,2.604,41.1281085748969,41.0703125,41.24,1.88266601091004,12.7183952871672,6.22557908145746,0.941333005455019,44.623733372183,44.5174129353234,44.188,2.58221439649551,9.89340684389308,5.53665241014112,1.29110719824775,55.0599891332507,55.1235294117647,55.028,2.96031713311151,1.2424892920135,7.52909339544595,1.48015856655575,48.7264582137312,48.8404255319149,48.548,1.82792409754008,2.96825640496174,7.68768339742014,0.913962048770039,50.3277860692673,49.1271186440678,52.1,2.3593908116317,3.55777548716746,5.07792529788949,1.17969540581585,49.2891984483596,48.8044280442804,48.9481302774427,2.59086865813016,6.51164499662658,6.96246125113334,4.2956602351798,54.7377549701048,55,54.5989304812834,1.446237419327,-1.94909943610501,4.12310638868335,1.08178558965659,45.0013126467615,NaN,45.010101010101,1.40689859464435,6.89456149219719,4.92041352561167,0.278565921739582,43.1027206771462,42.3112244897959,46.8739255014327,1.38614527490297,7.90458039100756,4.54884824644363,1.93505880376455,5.16018117972013,1564,46,1,120,640,7,0.31968031968032,200,21.8037434547345,1,1796,17.2115348131284,19.2803439163286,16,5.23213385946939,0.773376564551092,0.142252483324781,20.9025319621835,1
260702_OBE_NWU_SP_2,O15,OBE,Control,SP,2,9,62550,1,99,250,980,980,1196,2392,1196,97.1411306003849,0.25,5871.79918744268,1.196,50.6502559623955,49.8,51.008,1.94144632166676,2.18043303557659,8.16179164004519,0.970723160833382,49.0447667316866,48.3333333333333,50.236,1.91970733249299,5.68142715831952,5.09980833117269,0.959853666246493,54.6193390710161,55,54.5,1.30365480884359,-2.1954338531454,3.81064187261944,0.651827404421794,41.0906231456623,39.0117647058824,42.808,1.97709198532839,9.97035133978885,5.74566118943252,0.988545992664193,38.6683965300393,41.2727272727273,39.132,1.43826733492421,9.67088838055191,4.22537264163766,0.719133667462105,45.0560050384884,45,45.56,2.29582707876359,8.26154041190748,5.47301548723495,0.573956769690897,54.7662927442542,55,54.6547945205479,1.3959217113936,-1.94570107899049,4.10220799646288,1.01902284931733,45.7151001779959,NaN,46.1388888888889,1.26706183223035,6.37473753869988,4.91835475571032,0.273685355761755,42.9258189513289,43.6470588235294,45.195652173913,1.59659593609614,8.71024246483924,4.28131604604496,1.90952873957099,4.46033846183915,150,45,1,102,232,3,0.115884115884116,132,23.722373305629,1,1376,27.0195408840827,2.84084564707634,21,7.92658996575704,1.15342424974761,0.7839499109141,17.4730575276255,1
260702_OBE_NWU_SP_2,O15,OBE,Control,SP,2,10,64074,1,99,724,978,978,2100,4200,2100,246.232933628817,0.724,3871.79588654513,2.1,49.4516627737277,NaN,45.624,0.466363242954603,3.94214461868618,2.88368285493576,0.233181621477301,43.4515611718713,42.1216216216216,45.908,1.29084039269646,9.86018915134569,4.27199805370234,0.645420196348228,52.5978897064042,52.5590062111801,52.732,2.43197928852102,0.52873295698444,4.9277936872687,1.21598964426051,41.1360295381423,39.3373493975904,42.468,1.77859150935445,11.1863869841509,6.14791480624235,0.889295754677226,30.3582542418336,31.1629955947137,31.608,3.55385852957345,17.3150873728283,10.8315763325135,1.77692926478673,47.8879957621435,47.7228915662651,47.8839779005525,1.8062896574787,8.50544311285478,4.8094420258392,1.30775371201458,53,53,53,2.03586429833481,0.0278884868619938,4.15841002174676,0.517109531777042,33.7717214292798,33.1179775280899,36.8110516934046,2.73833755755078,15.1321398521237,9.10317159794792,3.07241473957198,42.5292569684124,41.9711751662971,42.9694736842105,1.96190214742788,10.7441367128315,4.75896677737278,3.72761408011297,5.15530314433661,2000,30,1,430,464,6,0.231768231768232,234,109.571476012997,1,1986,-21.1087080250427,15.9194364834183,27,9.36209783620891,0.853755369429093,0.324332342977757,17.7372172877363,1
260702_OBE_NWU_SP_2,O15,OBE,Control,SP,2,11,65783,1,99,720,886,886,1092,2184,1092,275.50975819079,0.72,4555.496278514,1.092,39.0406958238459,36.4727272727273,43.24,1.90766811905591,10.5238145676852,4.23157838215767,0.953834059527955,48.0115996569592,48.1898734177215,49.28,2.46998343904847,7.64414918371303,4.31919867534024,1.23499171952424,47.6611976071737,47.554347826087,47.772,2.17486653898437,3.92072254835986,2.98955903063398,1.08743326949219,44.2784926128771,41.4459459459459,46.032,1.72677384373669,10.4608994635619,4.02621462927835,0.863386921868347,39.6909069774207,40,39.472,1.41868898954989,11.8985620279498,3.64398223075457,0.709344494774945,47.8744451314949,48.1898734177215,48.7138888888889,2.23127418129002,6.85032690935421,4.05898378169046,1.60651741052882,48.6508231625233,48.4,48.7349397590361,2.00747784457192,1.5389303571787,2.072382767127,0.333241322198938,47.9719828917725,47.0344827586207,49.8446601941748,2.28930795087979,3.77222968672636,3.51656369646048,0.471597437881237,39.4621784725324,38.5611510791367,39.1062271062271,1.57376373495771,11.0616969514631,3.60216652113939,1.71854999857382,5.01839975248295,318,45,1,258,242,2,0.120879120879121,146,16.094453610869,1,1466,-23.7066970214381,2.4299326311088,19,5.02903311789952,1.47663361937801,0.929914692598946,22.320029553606,1
260702_OBE_NWU_SP_2,O15,OBE,Control,SP,2,12,77182,1,99,570,1134,1134,3426,6852,3426,160.386248307781,0.57,5460.12911147926,3.426,45.3901660612322,NaN,46.456,0.387361710068042,5.34579337135171,1.24177309072671,0.193680855034021,44.5531277916882,37,50.232,1.37610405633264,9.50544532391028,2.46534059986034,0.688052028166321,36.0626744136142,35.2727272727273,36.036,2.02692944219775,11.6111753033911,5.08074249088527,1.01346472109887,43.7327365010469,41,49.324,0.534686047128336,4.73059625373444,0.00605543356645543,0.267343023564168,33.7834120349263,33.28,35.04,1.56112260641085,9.29983222814771,2.74460951312208,0.780561303205424,41.7896637580797,36.7037037037037,48.5228070175439,1.81605925757894,11.1929414945851,3.87502386149511,1.03515377682,37.1812033855108,36.6410256410256,37.2304964539007,1.5571397089303,9.84880186549054,3.90657649012246,0.878226795836691,38.0963170279806,36.3327402135231,39.6291448516579,2.08648470921339,8.21161851249677,3.59345021881153,4.78222295351709,44.3258284075062,44.4597701149425,44.4006968641115,3.60097400773605,10.8279180481522,6.44605752643737,2.06695908044049,5.04767856147879,538,36,1,432,212,1,0.105894105894106,212,27.0577849453696,1,1382,-43.2942515651679,-20.7196560836714,9,2.43337854661341,1.90355688441726,1.38333267827051,23.7104608137132,1
260702_OBE_NWU_SP_2,O15,OBE,Control,SP,2,13,93614,1,99,454,1080,1080,2152,4304,2152,120.326551410816,0.454,2665.23989080829,2.152,45.7801844852149,45.6132596685083,44.692,2.61250909371448,7.92535196258718,2.44629163017217,1.30625454685724,45.5671639734567,45.3586206896552,45.66,2.58561932901088,7.03414247644708,1.85477767967678,1.29280966450544,38.1515386073389,40.041095890411,37.836,1.66389813464363,10.7318872716015,4.2884801982508,0.831949067321816,29.3247858638023,28.5106382978723,30.676,2.29241890213426,13.0335789439738,6.77366628403205,1.14620945106713,52.8869126766963,53.9938271604938,52.248,2.42521456375056,1.03445766937146,5.55582602327208,1.21260728187528,45.7563040030823,45.5983606557377,45.8193832599119,2.51542837442044,6.78748247538901,1.40408150866476,1.14200448198688,38.5351580995049,41.0104166666667,36.8594249201278,1.64078824917566,10.4911900511604,4.17854867293582,1.02713344398397,43.550320575258,44.4742547425474,44.5205223880597,2.49832744915213,9.75022473668058,6.11022830330979,2.67820702549108,41.9635672136531,41.4357798165138,42.8582251082251,2.20395122197767,10.6928500300001,6.23528763283735,4.07290185821474,4.39831148527434,1338,30,1,0,548,5,0.273726273726274,188,120.41603484611,1,1932,1.98406374501989,-21.6359288346298,29,10.0818285734883,1.01945699152222,0.287499232037698,18.2656664997425,1
260702_OBE_NWU_SP_2,O15,OBE,Control,SP,2,14,104119,1,99,290,1288,1288,1500,3000,1500,72.0974529255944,0.29,3164.33634598572,1.5,44.7997177616311,43.9194630872483,46.572,2.51515831278853,10.3717352521096,3.57148488556692,1.25757915639426,49.1600028648794,49.0497237569061,50.564,2.72936329325814,9.42251374146121,3.31473145347369,1.36468164662907,45.4706141136179,46.0529801324503,43.324,2.50997878403443,7.64518801194146,3.14040553109258,1.25498939201721,33.966030801543,32,36.316,1.50975538858241,9.82729553310566,3.78140961910581,0.754877694291207,50.9348911826564,50.8248587570621,51.268,2.43691188234865,5.39439987896504,4.38912367791866,1.21845594117433,46.5396769884245,45,48.2413793103448,2.92279301230378,11.609300030049,4.63575825229755,0.847609973568096,43.8455185012414,45.8947368421053,42.188376753507,2.35840317266792,8.51175763951153,3.17362618707211,2.35368636632258,41.2519412072481,NaN,42.4905660377358,0.817228269088738,5.79243694061607,2.55204524058852,0.173252393046812,40.5224485165858,41.0460251046025,40.6253333333333,2.39209338723075,11.2191214973126,5.34572275420537,3.58814008084613,4.48497228629557,516,50,1,0,536,5,0.267732267732268,202,75.2435204856938,1,1880,22.8916714095997,-30.8379238470987,25,7.47678251999242,1.63434174460497,1.04324863156964,19.9543426872967,1
260702_OBE_NWU_SP_2,O15,OBE,Control,SP,2,15,120143,1,99,580,1228,1228,2588,5176,2588,176.317657751057,0.58,3266.63132936982,2.588,49.7123128064903,51.3691275167785,47.02,2.4531450117493,6.70844435713398,3.10751439422102,1.22657250587465,49.3539082153974,47.3214285714286,49.528,1.86989303078826,3.54312707095845,2.6054136594442,0.934946515394132,47.0181171991509,46.8448275862069,47.284,2.96939107258455,9.39520343839375,3.39725994562083,1.48469553629227,54.004034908613,55.7425742574257,53.048,1.87848478304211,0.724933354253372,1.39093865145558,0.939242391521053,40.6592754855015,45.1428571428571,36.364,1.95403334008402,7.02515312227579,3.39738834483006,0.977016670042012,47.8301891530071,45.6048387096774,48.4896551724138,2.03326663316532,6.38846853324011,2.84244390816584,1.17929464723589,50.9422428854509,50.7518248175182,51.5123456790123,2.77315159579423,6.76862494993434,2.82229449341149,1.79700223407466,36.6405601114907,37.1291512915129,36.7338235294118,2.27817153035415,8.61993637374916,3.75173719041217,3.09831328128164,35.8835564366138,33.6367521367521,37.9660056657224,1.69688011402492,8.87549564642052,3.09812475104312,2.39599472100319,4.64436189578443,1532,48,1,168,458,6,0.228771228771229,146,28.2089931857265,1,1966,9.85429709732498,1.05584918301263,25,6.35743554773811,1.96250166440119,1.37566218956396,22.8673932912877,1
260702_OBE_NWU_SP_2,O15,OBE,Control,SP,2,16,122210,1,99,360,1092,1092,2094,4188,2094,73.4537581763744,0.36,2436.85648048811,2.094,48.6400912881809,46,49.312,1.29530972305562,0.474242217590653,2.86079192122166,0.647654861527808,44.0129084121447,42.3131313131313,45.028,2.30277305687191,10.9213727162439,5.13309654610441,1.15138652843595,31.4240732640143,31.4559585492228,31.832,2.8345571772726,10.626931214867,4.29716726247126,1.4172785886363,33.1734876644492,32,33.772,0.733509394796747,7.7697747834625,1.82893563851506,0.366754697398373,49.7507559208669,49.7443946188341,49.4,2.87254359273486,1.9141812158204,5.44654852446101,1.43627179636743,45.1559913535285,42.6455696202532,47.6277777777778,2.56507287485797,10.568537133393,5.19106187063768,0.923426234948868,32.4687834926582,32.3048780487805,33.0983606557377,2.52561835859719,10.8056512047604,4.42398326625113,1.84875263849314,48.658564854924,50.1018867924528,43.4431137724551,1.81145422994854,4.64602622003666,3.8924477179168,1.81507713840843,49.8118856978219,49.3341121495327,48.9800629590766,1.91752727104555,4.18697128420619,2.18327730785342,3.65480697861282,4.96651606482816,308,41,1,242,628,7,0.313686313686314,260,39.6546649052125,1,1604,-43.3098083855056,-16.4846279822831,24,8.54547766159154,0.666970282701752,-0.112133685942384,17.0505883817547,1
260702_OBE_NWU_SP_2,O15,OBE,Control,SP,2,17,123915,1,99,626,786,786,996,1992,996,209.853369399224,0.626,3752.87574530969,0.996,29.9993241446973,26.1111111111111,38.472,1.11461918393025,2.90340933040017,-0.0592137193983722,0.557309591965127,39.7993381172511,38.5824175824176,40.456,1.91553680102607,10.9886129278377,4.33003084731785,0.957768400513036,32.8132062211672,32.625,32.752,2.19375828435569,9.05707987807484,2.45435707032037,1.09687914217785,47.2177858934164,47.6666666666667,46.532,2.07915818330232,4.83938467060501,0.707387353889771,1.03957909165116,45.9638275889583,47,44.644,1.67539791291386,4.91047252128761,2.73628005785284,0.837698956456929,39.0806610332326,38.0588235294118,39.7348242811502,2.04960978837999,11.0505031151514,4.18566725343893,1.28305572752587,29.385041125925,29.5102040816327,29.3125,2.16599914396458,6.23163719575777,1.24912689213774,0.346559863034333,32.3508099466009,31.7142857142857,32.8380952380952,1.97933312342094,8.8279135826043,2.45130891359989,0.415659955918397,46.5974483251211,47.2786069651741,45.5301204819277,1.88364147588209,4.95671694532914,1.82712573934041,1.87610690997856,4.46234438988267,1370,49,1,428,208,3,0.103896103896104,112,55.5655142327842,1,1974,-11.4361601214191,-14.154352923661,20,7.30304505806868,1.16271861391557,0.586408508484888,17.0366425758753,1
260702_OBE_NWU_SP_2,O15,OBE,Control,SP,2,18,137076,1,99,440,1526,1526,1730,3460,1730,115.212715420423,0.44,2441.68399852717,1.73,45.0711342893584,49,44.856,0.844509533026045,8.9047178107826,2.93114878642263,0.422254766513023,47.5608537236552,47.3057324840764,48.156,2.81581049764072,7.739030114742,4.56994128489885,1.40790524882036,33.2084236511686,32.9122807017544,33.072,2.83126744756172,11.8289741249696,6.09971014928515,1.41563372378086,32.0661677681405,31.7210884353741,31.448,2.08770925638939,8.88954844397821,3.40763817303425,1.0438546281947,33.5835562434926,34.139896373057,34.076,2.68079768270117,10.4265753355175,4.63071336723365,1.34039884135058,48.2667646857898,47.9370078740157,48.6363636363636,2.57693235052829,5.43509487034397,3.71478584923035,1.13385023423245,34.0445635411529,33.6183844011142,33.1178637200737,2.57392301654345,10.8806525663329,5.25512035362793,2.79528039596619,35.6464697444824,36.530612244898,35.1176470588235,1.77094321691956,9.37885629473064,4.68056728380607,0.36127241625159,35.3598784750479,34.9187192118227,35.7109826589595,1.83222470357605,10.3663638030656,3.24310362513465,3.16974873718657,5.09236565486407,72,49,1,18,782,8,0.390609390609391,212,27.7928077439139,1,1918,-10.0770252324037,-28.2732534335802,23,7.60032240710154,1.81215867045598,0.994363013527822,27.9916625743159,1
260702_OBE_NWU_SP_2,O15,OBE,Control,SP,2,19,156493,1,99,208,1566,1566,1990,3980,1990,62.9187559490761,0.208,4630.71494477762,1.99,46.8550144673114,46.7540983606557,46.676,2.31631938453989,7.30741406545922,4.45523852962066,1.15815969226994,44.2839658114857,45,44.004,1.48497222218994,9.12681913297859,1.61434751332535,0.742486111094972,36.3188712764618,37.2380952380952,36.58,2.87704649346967,13.8717713611168,7.24621592602907,1.43852324673483,32.2430720336141,29.875,33.204,1.41176729589875,11.7813201152221,5.52179679053362,0.705883647949374,31.6309079650819,31.5901639344262,31.58,3.16140933969974,12.9939617340477,7.91471569469584,1.58070466984987,44.2498932397442,NaN,44.2115384615385,1.25351336040506,8.46656539471888,0.391235492595702,0.260730778964252,36.037805429975,36.5416666666667,36.5331369661267,2.11247211674752,12.6541218520103,6.03174905139887,2.86873713454313,31.2342614239979,31.2689655172414,31.3584905660377,3.05296259027196,12.3544467310194,7.77806539853277,1.29445613827531,44.9776951700248,44.8259668508287,45.5698492462312,1.84911457193277,8.91391971601099,4.43924109199871,3.67973799814621,6.32531415996207,1796,26,1,564,584,5,0.291708291708292,186,152.735839559353,1,1678,-3.63839878580913,-20.2182044887781,33,8.78525747220258,1.17102126729833,0.746487422427009,17.2477194200505,1
260702_OBE_NWU_SP_2,O15,OBE,Control,SP,2,20,158297,1,99,292,1270,1270,1628,3256,1628,67.4999626090023,0.292,3316.23427252909,1.628,39.8851519510404,NaN,41.86,0.698150030984776,9.26864041349196,2.96628814318069,0.349075015492388,41.3707431167744,41.6264367816092,42.016,2.46638273925467,11.6806518948146,7.25148026720028,1.23319136962734,51.3253452119578,52.8421052631579,49.752,2.06125127567746,8.27092670934987,6.93719357080577,1.03062563783873,37.1850800009594,37.4938775510204,37.508,3.67986312145844,15.9146052759902,9.96179669107578,1.83993156072922,43.5152067241298,45.3958333333333,45.52,2.39220869835006,11.4005600326441,8.11166101695895,1.19610434917503,43.3433712853614,43.6044776119403,43.6301369863014,3.0993613046226,11.0236913231381,7.84618879170537,0.905013500949801,45.0261290277633,44.390977443609,45.2310838445808,2.37133159212856,11.7357434797279,7.54342839917722,2.31916229710173,32.8866411574642,34.1369047619048,34.3631284916201,3.7242065199934,16.8585550983954,10.815566300858,1.33326593415764,47.6470305960205,48.7349823321555,47.2260442260442,1.62738144415073,7.8079549547195,4.68904915998461,2.64937699107739,5.93251043794077,1512,29,1,88,798,8,0.398601398601399,190,227.63828511903,1,2002,-10.2712957693038,8.80010793910745,27,8.20214285895337,0.304321497896735,-0.274078170442611,16.9684870504958,1
260702_OBE_NWU_SP_2,O15,OBE,Control,SP,2,21,159737,1,99,304,1310,1310,1542,3084,1542,55.3975842841832,0.304,2959.72788427502,1.542,38.859332990751,40,36.92,1.18820972143106,10.9395438599886,3.65639274569695,0.594104860715532,45.1831142858896,44.9777777777778,45.12,2.53104145927592,9.15397934240863,4.07774351595033,1.26552072963796,29.1474751488215,30.0620689655172,29.428,2.65377230741933,11.8021531486122,5.96897683821369,1.32688615370967,35.8230801454263,35.51,36.88,2.58677582228024,12.3295778637945,7.36986320925909,1.29338791114012,48.4760374442753,48.8,48.408,2.08986131948835,5.3031760833167,4.86355202065037,1.04493065974417,44.8378419769219,44.5405405405405,44.5065789473684,3.19113782212595,10.4674715355347,4.92786770584969,0.970105897926288,32.4196027942603,33.0363636363636,33.7375745526839,2.52680448381595,11.8672680440386,6.31819649812678,2.54196531071885,43.6716106068257,43.9264705882353,43.5,2.12781808752358,8.66723101346043,5.55312463788276,0.493653796305471,40.2115780323633,40.5948553054662,38.7717250324254,1.51545323480151,10.1635813410928,4.97237989222131,2.33682888806392,5.64025110881184,972,26,1,76,486,8,0.242757242757243,148,29.3515452779819,1,1902,9.91804211724529,-34.4394610488704,26,8.46900394632383,0.324872760974045,-0.398533363082734,16.737113238966,1
260702_OBE_NWU_SP_2,O15,OBE,Control,SP,2,22,161274,1,99,306,1306,1306,1450,2900,1450,62.9379447773908,0.306,3065.59439968607,1.45,33.5327904533745,33.7925925925926,33.98,2.1716005187756,12.1789742494495,5.6576367139404,1.0858002593878,47.2999394850438,44.2233009708738,47.872,1.77671196333869,9.03309099448918,5.89433109988327,0.888355981669344,52.8152708296747,52.1595744680851,53.08,1.73007835740713,0.192335172937747,4.77016908861085,0.865039178703564,46.7180298500597,46.7352941176471,46.676,2.82897269094362,8.69209277157791,4.21121865299918,1.41448634547181,29.4536633735391,28.4273504273504,30.552,1.99668733189777,8.00359899023455,4.77060116290954,0.998343665948885,45.1528616616108,40.9848484848485,46.1633986928105,1.75169204380927,10.816785493225,5.2183619390249,0.536017765405638,50.8257951626325,50.3401639344262,51.158,2.01999052800771,3.70183287077491,5.05966788847392,2.01999052800771,44,44,44,3.18697306195306,10.5441100968313,4.32999585931744,0.458924120921241,37.702008207302,37.5217391304348,39.5544827586207,1.75425030516915,9.68216989964653,4.86085522215354,2.54366294249527,4.33309507164144,1432,44,1,1010,256,3,0.127872127872128,102,47.1780712611481,1,1966,31.167520394612,-0.752875274500316,32,9.29070329439332,1.04142411453862,0.436167739452957,17.9817280459743,1
260702_OBE_NWU_SP_2,O15,OBE,Control,SP,2,23,162855,1,99,328,1292,1292,2238,4476,2238,69.5441099201999,0.328,2651.14369623156,2.238,37.3639169486175,38.7978723404255,36.164,1.65368600249026,11.9295931509365,5.58232822364814,0.826843001245128,43.965221960384,43.9177215189873,42.056,2.63903891096981,10.5792087555229,5.98576724134597,1.3195194554849,48.0521745638167,46.7692307692308,47.336,2.48588906286125,6.90560504834258,5.10875774787419,1.24294453143062,33.6607011392621,32.5485714285714,36.524,2.29686135864048,9.90585019302122,6.54519183935544,1.14843067932024,31.8620910740523,34.3333333333333,31.368,1.36898301200905,10.2971685304399,5.19124204910409,0.684491506004523,45.6587150416948,45.216,45.0853658536585,3.21003320307858,10.2810426792234,6.303530637092,1.05289089060978,43.3932754858334,42.4370860927152,43.4149377593361,2.19804413334208,8.54781163526438,5.52853385673831,2.11891454454176,29.1563195276421,28.6650246305419,29.6934460887949,2.07063086905717,10.4001192602487,5.82585920933487,1.95881680212808,40.8978865008834,42.9335793357934,39.2826333711691,1.48759577543525,8.73613753113036,4.06553762475124,2.6211437563169,5.52376565843636,196,47,1,102,444,5,0.221778221778222,164,22.5549732356176,1,1892,-30.0163156896225,27.5247515539509,27,9.33611606551297,1.34518952999818,0.599123309503222,22.4430775961312,1
260702_OBE_NWU_SP_2,O15,OBE,Control,SP,2,24,164855,1,99,286,1098,1098,1496,2992,1496,45.845078362326,0.286,2498.74596935423,1.496,53.2495286771686,NaN,53.064,0.982348801123825,0.861045187773406,3.02657869850305,0.491174400561912,52.0520961232075,52,52.388,2.36811293854269,2.37662964270596,3.63239649254445,1.18405646927135,36.9785657685417,37.25,39.676,1.68787885912557,12.0708221656198,6.77143327648916,0.843939429562787,48.0228043458702,48,47.7,1.28497686776395,5.1135862730718,3.53541712782195,0.642488433881975,44.1647693711488,NaN,43.216,0.834476231231257,4.73521757668029,4.07759523607254,0.417238115615629,51.6673073682555,51.8888888888889,51.6713286713287,3.15271343508667,4.12882953553354,3.38401893487091,0.901676042434789,41.124797406707,39,44.0738916256158,1.40145793552496,10.144787309813,5.71182675278169,1.13798384364626,48.0138653158346,48,48,1.57514018202411,5.47645970022835,4.02552933442225,0.626905792445597,42.6820937577639,42.553488372093,41.0106951871658,1.63568157445822,10.863959876767,5.44423504035357,2.4469796353895,5.06720956071597,144,51,1,88,254,3,0.126873126873127,144,51.0666442614973,1,1764,7.10415480933409,-34.370696393345,24,9.29248685110198,1.08720575136644,0.420348422752019,19.2885297408285,1
260702_OBE_NWU_SP_2,O15,OBE,Control,SP,2,25,166100,1,99,296,1434,1434,1664,3328,1664,53.9512047140245,0.296,2763.2211211219,1.664,49.8191567921704,NaN,51.024,0.600677199747375,2.70563109275353,3.58486665817722,0.300338599873687,43.5571886106956,43.0228310502283,43.644,3.63174088945626,14.2877332770808,7.51791205852021,1.81587044472813,35.50515697116,35.8130434782609,35.904,3.21099135587898,16.0910828228035,9.39795237016144,1.60549567793949,27.9369603283484,27.7096774193548,28.14,2.76043440749361,13.1032453316309,7.55680309347018,1.38021720374681,29.9296808680457,29.2592592592593,30.012,1.94237577434991,12.9541655086935,6.70810380660589,0.971187887174953,46.7222658694598,46.6333333333333,47.0810810810811,3.66971700263132,11.07438079938,5.99916270420107,1.08623623277887,33.4755304002058,33.5761316872428,33.2706502636204,3.09868898432116,15.1856006005429,8.69015495608994,3.52630806415748,30.2513221607295,30.4722222222222,29.9913043478261,2.3785940462844,14.6477467473665,7.70033588951297,0.547076630645411,39.3048976049486,37.8095238095238,40.0757211538462,1.41899441652655,10.3487277465322,5.05701855655049,2.36120670910018,4.73883097405957,170,46,1,74,918,10,0.458541458541459,222,60.584607383945,1,1984,-31.9768544868147,-12.7068522723043,24,7.03750271609962,1.11026101860891,0.572580833434087,21.6593421765621,1
260702_OBE_NWU_SP_2,O15,OBE,Control,SP,2,26,167661,1,99,330,1206,1206,1476,2952,1476,84.0869686312531,0.33,3247.20361844417,1.476,51.7201488707654,51.5875706214689,51.908,2.62768938458436,-0.549737717905892,4.98775274043717,1.31384469229218,49.6797618294196,49.4492753623188,48.448,2.14055373854442,8.37585711470676,4.6027617270107,1.07027686927221,47.5450089800422,47.075,47.624,1.3491628684066,2.52461827865628,4.47228444176536,0.674581434203301,30.8387983116875,30.0884353741497,33.828,2.54995644756793,11.7662236301743,5.37856244928266,1.27497822378396,40.741124771495,42,40.056,1.27874412649626,11.6563922560859,4.5010157284251,0.639372063248132,54,54,53.830303030303,2.41190559753576,-3.96324140379456,3.01408165749387,0.795928847186801,36.3898952675266,33.5505617977528,40.8949771689498,2.02280982192322,8.54628988465302,5.25302674354378,1.77198140400474,37.6042532054599,37.0434782608696,38.4074074074074,1.56885819366547,12.7507789357695,5.27531405661771,0.423591712289677,39.6957868159064,39.9170984455959,39.680216802168,1.69590300721544,11.8272535603346,4.95619552392683,2.50315283864999,4.96321350789461,1176,28,1,48,380,4,0.18981018981019,208,10.7210222240728,1,1072,-43.8782014797951,-2.26039379164031,28,10.3058409905227,1.24769934836837,0.691966928129959,21.348579542174,1
260702_OBE_NWU_SP_2,O15,OBE,Control,SP,2,27,191611,1,99,2500,2668,2668,2880,5760,2880,367.720376911749,2.5,3576.89260192424,2.88,46.5557864301053,46.3953488372093,46.652,1.49308608671247,5.49879713050836,0.30394384626516,0.746543043356233,40.591931150146,41.7167630057803,38.856,2.48022035181191,9.46714767653253,4.27218714643937,1.24011017590596,35.6326360931779,35.1182795698925,35.852,2.6034915035501,13.7959592062727,6.6257884448058,1.30174575177505,39.5309847954645,42.6,38.364,1.96990283078816,11.3105241817772,5.62049140039303,0.984951415394081,37.918064899742,37.7272727272727,36.976,1.3525951596475,11.278119626714,4.93940385980507,0.676297579823752,39.1430819389703,39.3814814814815,38.8032,1.94612167814618,11.1797871098943,5.22582244808756,4.86530419536545,48.3401203655429,48.3452380952381,48.3452380952381,3.81360428399552,4.37902550402382,5.47656216839618,0.640685519711247,52.396762738513,50.5135135135135,53.311320754717,1.67677874003821,-1.25760120623289,4.80305496873636,0.355477092888101,42.7811395643016,43.8181818181818,42.6357142857143,2.34964114695663,11.0156898600137,5.69538469733202,2.63159808459143,3.93851715664266,468,29,1,80,490,5,0.244755244755245,156,50.8503061120386,1,1996,-45.5295010434453,-3.9578293073287,17,5.90413678196426,1.13394881525481,0.420917515269249,22.0110821837952,1
260702_OBE_NWU_SP_2,O15,OBE,Control,SP,2,28,204436,1,99,1398,1856,1856,2232,4464,2232,368.194349286158,1.398,4480.49904472314,2.232,41.69258378239,42.0194805194805,41.32,2.52026213663736,12.6516695297639,6.34263680256404,1.26013106831868,47.2697945237327,46.9705882352941,47.848,2.32865234355282,7.80496055878617,4.82244623455593,1.16432617177641,44.7597432612161,41.7394957983193,43.828,1.90262946743703,4.62575899596141,5.49916320714952,0.951314733718513,42.2495444063288,39.8793103448276,44.24,2.24869245270553,5.21875422076657,5.10339359615431,1.12434622635276,30.0476613392462,27.2708333333333,31.416,2.14842041951069,10.4242419049281,6.24258842293758,1.07421020975535,47.1057096372216,45.746875,46.6909871244635,2.06015179063191,5.61988290476087,5.02464536581252,2.88009220330342,27.6229748532769,26.9387755102041,28.5545851528384,2.64390229921782,10.0769272141677,6.54664553616739,1.21090725304176,44.3846200363657,48,42.1170212765957,2.45848024649329,9.530805516833,5.21976038182142,0.924388572681475,34.4780140385725,33.7914285714286,34.0113122171946,1.78807051150255,11.740408482428,5.12234297309411,3.16130866433651,4.27894532564007,1514,26,1,264,508,5,0.253746253746254,156,17.2106925772,1,1558,5.73970783532537,-21.124613838538,33,12.5135935313371,1.61680199709021,1.0641416525342,22.1929390179087,1
260702_OBE_NWU_SP_2,O15,OBE,Control,SP,2,29,206486,1,99,876,1070,1070,2526,5052,2526,186.126436568558,0.876,2544.71969423862,2.526,48.2992276391711,45.52,48.632,1.19271634984227,4.30010980742995,3.90751041929924,0.596358174921134,43.6957758305776,44.046875,43.572,2.23566978324975,10.1154131393424,5.57718737177198,1.11783489162488,35.6122575488583,NaN,35.02,1.11982508206576,11.6161472403548,6.00179959769355,0.559912541032878,42.0026289308628,41.4979079497908,41.464,2.9521066585442,12.2570961952791,6.03359856103242,1.4760533292721,47.5869360979936,46.9513513513513,48.568,2.68113227561964,6.98402144422164,8.79510848011529,1.34056613780982,41.3017153525882,44.046875,39.6141552511416,1.76541233925599,10.8052164593901,5.96627042542455,1.54650120918825,37.7451033934677,38,37.3917525773196,1.53886470771933,12.5500495543427,4.49663264414357,0.298539753297551,48.0483674298308,47.3492907801418,48.2774725274725,2.75633878184248,8.2884432060665,8.07192687764831,4.01322926636264,49.661026895685,48.8134328358209,50.7693351424695,1.27874906795043,2.97459135331078,2.86093093033454,1.88487612615893,4.43198678222288,230,44,1,188,498,7,0.248751248751249,124,28.5489257607949,1,1906,-7.59969645228611,-14.4065210109056,19,4.4660372117761,1.2940066100292,0.777803118329589,21.6082273301123,1
260702_OBE_NWU_SP_2,O15,OBE,Control,SP,2,30,208811,1,99,980,1338,1338,1730,3460,1730,304.569405025831,0.98,3611.86326263186,1.73,42.6880691074572,NaN,42.816,1.23638593531565,10.8576863447644,3.82558164148914,0.618192967657826,48.0657120656137,47.9457364341085,48.228,2.07519803679226,6.57429437415043,5.29015743247533,1.03759901839613,42.4915863536083,39,43.172,1.65585020966406,10.004884815752,4.67197806315368,0.827925104832031,34.03043136263,34.3227848101266,33.148,2.64860044259295,12.8701629252061,6.91002390627697,1.32430022129647,43.8468834123538,42.3237410071942,44.456,2.08920789974944,4.85430469742953,3.5642941249301,1.04460394987472,45.8012847483414,46.079754601227,45.9367346938776,1.86957543266791,8.51108807530919,4.99331799534367,1.83218392401455,34.3447433219853,34.1468531468531,33.9776536312849,3.12261314835055,13.8583307693216,7.35731017261617,1.1178955071095,31.6113804467716,29.8133333333333,33.1887755102041,1.7244984635714,8.21302532029681,5.09588166042256,0.676003397719989,48.9917434767153,50.2167832167832,49.921387283237,1.65811837025261,5.65300826803933,4.14096032402798,2.86854478053702,5.13594662270122,1258,35,1,234,290,5,0.144855144855145,160,18.4771715478789,1,1928,-11.7010055018023,-17.5341497003759,25,8.77532551127971,1.1823343645697,0.833721573264567,19.5952470765751,1
260702_OBE_NWU_SP_2,O15,OBE,Control,SP,2,31,210412,1,99,1010,1288,1288,1598,3196,1598,276.152793468347,1.01,2945.01992131406,1.598,54.4546821310541,55.8857142857143,51.84,1.80875259050873,1.11441317432904,4.27053843745141,0.904376295254363,48.7256130138239,47.5986394557823,50.56,2.78050203233668,6.52065314150487,6.32066638839637,1.39025101616834,36.9470859156616,39.8306010928962,38.184,2.47955424374202,7.86515614386853,5.21696117892177,1.23977712187101,32.8630606809492,32.6170212765957,34.176,1.77864633960605,7.54298857642993,4.11831311258689,0.889323169803024,46.395405535027,45.860824742268,47.388,3.01423431965564,10.9579717087158,6.12454327086996,1.50711715982782,42.9831131928026,43.0477611940299,44.2,2.63497316606034,7.25621408166889,5.79848157078647,2.66132289772094,28.9247091337085,28.6621621621622,29.1942446043165,2.2499939134479,8.78486540853876,4.7137126081799,0.625498307938516,48.6408289531448,54,45.141935483871,1.36519630343426,3.71610973375203,3.51105789104525,0.42321085406462,44.1454358478111,43.2589285714286,45.4455569461827,1.85159827709868,9.61165743217861,4.10228924792355,2.95885404680369,5.07467960660742,138,47,1,74,724,7,0.361638361638362,188,34.1755974464493,1,1844,24.0204894706887,-43.504392005062,30,10.5470131994243,1.16883640376645,0.554562336685815,20.832634942263,1
260702_OBE_NWU_SP_2,O15,OBE,Control,SP,2,32,212186,1,99,1166,1284,1284,1826,3652,1826,106.12544676805,1.166,5933.50132812908,1.826,49.610139241906,47.52,50.544,1.09515050418548,3.05742263722498,3.27431906321455,0.54757525209274,44.869455138983,44.207100591716,46.704,3.01238264074002,11.9513514551485,6.80536568113845,1.50619132037001,51.1512804893119,51.125,51.26,1.68323930375815,3.47725473129897,4.53142563806378,0.841619651879076,38.3126943920317,37.1608391608392,39.388,2.38815500800749,12.2192543917153,6.44258437176467,1.19407750400375,47.0316991782391,47.0132450331126,46.588,2.35331815366372,5.56956867982927,5.01880957147959,1.17665907683186,46.9818258744501,46.3948339483395,48.52487135506,2.25637391330427,9.13623543558217,5.60808766527906,2.63093198291278,37.7463224419447,36.8484848484849,38.6610169491525,2.4085880317151,13.2444030997424,7.24967123178311,0.284213387742382,42.1576981660664,41.5649717514124,42.2841328413284,2.58567086096049,10.5563523590994,6.19976276696872,1.40143360664059,48.9021749335698,52.2380952380952,46.3997809419496,1.68473868510489,7.42912871709959,3.60115926727633,3.07633283900153,5.15883790603837,166,42,1,48,590,6,0.294705294705295,208,47.6786049366356,1,1962,25.7689243027889,-0.902222056798307,21,5.74417994283785,1.37315325358222,0.832886932174467,19.9941697687603,1
260702_OBE_NWU_SP_2,O15,OBE,Control,SP,2,33,213763,1,99,448,1500,1500,1738,3476,1738,93.701807604435,0.448,2870.51613701094,1.738,45.0286544160307,45.112,44.848,1.95999499953957,8.31266610308797,4.03913530943819,0.979997499769787,54.2002553873012,54.115,54.272,2.54967307094359,-1.27860108854983,4.13446029289254,1.2748365354718,56.7214494053959,56.2987012987013,56.568,2.38241648848608,-1.01993852338114,5.95521402421944,1.19120824424304,31.5742944516774,32.2698412698413,32.748,3.1170146387311,14.1257538636114,7.40908850919014,1.55850731936555,33.8492936939565,34.1179487179487,33.448,2.43106212740883,12.6327210978583,6.71817734832818,1.21553106370441,54.1381358687298,54.115,54.1428571428571,2.67645859231519,-1.09953485070727,3.93122363471909,1.1990534493572,42.8093548797764,43.0583090379009,45.1882129277567,2.68583521836804,11.0341519901407,6.69186605006604,2.82549864972318,28.9559736338399,29.0740740740741,28.7310924369748,2.29434066151914,12.4761428821574,7.28371450376229,0.546053077441556,41.0650949382409,40.5307917888563,41.5926352128884,1.61374747636219,9.86884034276615,4.06371023612364,2.80469311391749,6.03517703302403,1426,27,1,96,658,7,0.328671328671329,302,50.4812827576055,1,1984,4.35059760956172,0.62055681691294,31,11.5891679916648,1.0613559236538,0.730279600625646,15.9946309986629,1
260702_OBE_NWU_SP_2,O15,OBE,Control,SP,2,34,215666,1,99,328,1406,1406,1704,3408,1704,79.4725086684674,0.328,3093.49384917738,1.704,40.343165527875,40.1653543307087,40.372,1.86190332549525,11.7095880039123,2.94376940315087,0.930951662747627,46.6920146753421,46.0747126436782,47.152,3.06223270262102,10.8806800289085,7.47393552562219,1.53111635131051,52.7729070854817,52.0322580645161,53.464,2.06670713369802,1.69955620949046,4.03151090003031,1.03335356684901,31.370114723541,31.2960526315789,33.024,3.07759468155206,14.1576834549928,8.48486747420587,1.53879734077603,37.7050231781081,36.7321428571429,38.04,1.26837884825509,10.0303243160547,4.47108654574446,0.634189424127543,44.3091146651685,44.0573770491803,43.9756097560976,3.2897374768477,12.0758877907207,7.67068539249465,1.07903389240605,44.7268836618546,45.3461538461538,46.1632653061224,2.31852427463987,10.0733686674739,6.34751647076189,2.49936916806177,30.199535925387,29.2424242424242,33.3221476510067,2.59929998297934,12.9870824448745,7.3382802998691,0.774591394927842,48.5878641549557,51.2083333333333,44.9201877934272,1.17663861058393,6.50289329479953,2.19338492596729,2.00499219243501,6.53603898287318,1430,28,1,184,474,7,0.236763236763237,188,164.139868529743,1,1866,33.8895845190666,2.91137827074106,30,9.37368796233241,1.50007359689301,0.720519369858565,23.3767740350268,1
260702_OBE_NWU_SP_2,O15,OBE,Control,SP,2,35,217394,1,99,380,1336,1336,1628,3256,1628,89.9399374298991,0.38,2981.13071785951,1.628,53.4251386720116,53.4761904761905,53.016,1.2631395027972,-0.493673717686284,1.76920380566593,0.631569751398601,42.9765727793134,42.9837837837838,43.956,2.54359091087378,9.35282950695128,5.38330465613017,1.27179545543689,36.7166903941629,37.178947368421,37.76,2.90274077331735,13.4069250956561,6.8389792665166,1.45137038665867,50.3301064309949,51.4801762114537,51.176,3.22188923250207,4.42255871772777,5.38127431432812,1.61094461625104,33.7011802556693,36.1590909090909,32.672,1.46560855308983,5.82057952468996,3.14607736631501,0.732804276544913,45.8687729282026,46.4029850746269,47.1368421052632,2.53469263679953,7.00227015472795,4.94338516352688,0.963183201983822,43.7949609038676,44.3259259259259,43.5774058577406,2.99944442697451,11.5575791278758,6.14399051136361,2.86746887218763,33.4986802551956,34,35.4657534246575,3.0653279710904,7.68015344217636,6.10713406496129,0.895075767558396,43.2575284720761,46.3969465648855,40.5479115479115,1.52092927803809,9.46603003413286,3.65038285456683,2.47607286464602,5.29010466330409,564,33,1,4,830,10,0.414585414585415,194,35.7061370122499,1,1892,-54.5642193132233,0.530576543715331,31,10.5776450499307,1.12923130302938,0.7990391753799,17.2787649922614,1
260702_OBE_NWU_SP_2,O15,OBE,Control,SP,2,36,218798,1,99,418,692,692,1546,3092,1546,100.846340931985,0.418,2856.33807201901,1.546,39.6867078960843,42,39.684,0.678391991676345,9.15308217871607,2.50406137372782,0.339195995838173,44.3298120223045,44.3029045643154,44.34,3.11148691647698,11.606273351653,5.68678136355256,1.55574345823849,50.8201057744252,48.546218487395,51.348,1.96310137662706,4.37742086935601,2.38438340981436,0.981550688313529,43.6480506916996,43.9557522123894,44.192,2.85848099582182,11.5994368639432,5.48304549379973,1.42924049791091,46.5503166601792,45.7142857142857,46.808,1.50042392496318,9.5481375951936,2.03963594694464,0.750211962481589,44.5910648324318,44.57,44.6028708133971,3.11074262432739,11.5518474946937,5.84602289315374,1.30029041696885,46.3433954700495,45.962962962963,47.2262773722628,2.40897735206526,9.2585822072361,3.81035934585266,0.66005979446588,45.8430350658136,44.6179401993355,47.0679156908665,2.48775198739037,10.0413904678124,4.38548268681303,2.12454019723138,51.672150571035,54.8425196850394,51.3583441138422,1.41951289640652,4.21038133169881,1.64950865430943,2.19456693784448,4.29758116179122,400,43,1,100,496,5,0.247752247752248,230,46.9384079558557,1,1830,-2.53007019540884,14.2941154576246,16,4.121041662768,1.46763917069175,0.839477091533003,22.7466444337853,1
260702_OBE_NWU_SP_2,O15,OBE,Control,SP,2,37,220025,1,99,1740,2124,2124,2720,5440,2720,409.181241723604,1.74,4267.1341640106,2.72,49.8335426295217,48.7983193277311,50.38,1.98360769637461,-0.508393549050898,0.741351547518759,0.991803848187306,47.0214684303243,46.735632183908,47.856,2.52278160371246,7.28112211397395,2.19872901112174,1.26139080185623,46.1192248902505,47.2685185185185,44.64,1.90839691144571,6.89952653776689,2.53738920907321,0.954198455722857,35.8955401045975,36.9798994974874,36.708,3.11765506857523,13.4031487529164,7.76582687098609,1.55882753428762,34.9073634895094,34,36.248,2.19925502602912,12.4495908284262,7.09606338230532,1.09962751301456,41.829118435252,42.4533582089552,42.4402298850575,2.42519849786675,10.4365127278492,5.09282300446915,4.21984538628814,30.8104952025445,29.4918032786885,32.0572916666667,2.49216758756462,12.9883605723273,7.62238582367544,0.956992353624816,29.7505592660549,29.679347826087,33.1912751677852,2.55906821447367,9.5617069299932,5.14321625678974,1.52520465582631,41.3280721939725,40.4162895927602,42.0390625,1.77744465352909,9.34086538742605,4.6806497465601,2.27512915651724,5.93311966610296,1140,31,1,262,642,9,0.320679320679321,156,59.498875348693,1,1966,-21.43312464428,-3.22979863773402,25,7.28519797325673,1.83312370090134,1.12052436940765,23.4463401295293,1
260702_OBE_NWU_SP_2,O15,OBE,Control,SP,2,38,222933,1,99,272,980,980,1266,2532,1266,51.6654432729195,0.272,2710.71986446256,1.266,49.9449763335065,51,48.66,1.8230210120946,3.71925845295629,3.34386342490103,0.911510506047301,48.9166489183053,48.3956834532374,50.36,2.55601965313114,6.33619686115184,4.75552539004727,1.27800982656557,35.8706743443054,28.8888888888889,40.928,1.75445636849386,8.55903273887694,4.15529973826945,0.87722818424693,36.3090822772842,31.948275862069,37.812,1.34482037053178,10.4276275323746,2.82880487654812,0.67241018526589,39.0857125390687,41,37.148,0.894166622504043,9.21919125822342,2.58183222428081,0.447083311252021,48.7008798177263,48.9207920792079,49.4411764705882,3.01293748733798,6.86622153684235,4.8673133462964,0.81951899655593,40.9184876829549,34.7666666666667,44.7175141242938,1.82815034222281,7.77525268085577,4.31172758586791,1.29433044229375,31.1283246825853,26.1395348837209,34.4335664335664,1.32531765716598,9.39413544216709,3.11015125083975,0.379040849949471,43.8150404125513,41.8659793814433,43.2417061611374,1.06936373638828,8.77058081261095,2.85085697481596,1.35381449026756,5.67454434889076,252,47,1,180,250,2,0.124875124875125,152,47.5340822249196,1,1912,6.79225953329538,-33.3508579298024,25,9.42378337325241,1.2902887788296,0.688315201296069,20.8295639172932,1
260702_OBE_NWU_SP_2,O15,OBE,Control,SP,2,39,224269,1,99,324,1672,1672,1922,3844,1922,61.3366547504597,0.324,2501.91999854498,1.922,46.5631165161877,NaN,46.608,0.736879047809784,2.30206066695329,1.99009025758852,0.368439523904892,50.730197150462,50.6619718309859,51.936,2.53612594768267,3.31499430053002,5.14087165822171,1.26806297384133,51.2770701406899,53.3233082706767,49.576,2.31279472511981,4.32456654991455,5.38222323327256,1.15639736255991,30.4195230772799,29.125,31.316,1.89615813453908,11.2667173472855,5.68315331425111,0.948079067269538,39.1067460539858,41.2522935779817,40.132,3.46218222199768,10.4496694553778,6.86416830375834,1.73109111099884,48.7648259949337,49.8099173553719,49.0308641975309,2.98901858269008,4.78437144592326,3.8506721247571,0.968442020791586,40.3599330750245,39.5013623978202,41.2551928783383,2.31555977095615,9.44948522728325,6.14814325032899,3.12137457124888,43.2837436783945,45.3191489361702,42.144,3.15787686990829,8.47344344289004,5.69346819073424,0.789469217477073,45.4615748087068,45.9529411764706,45.3808532778356,1.10725409597169,7.05525323646337,2.35947751981479,2.12814237245758,5.84617904556059,1660,26,1,96,666,8,0.332667332667333,176,117.196158081269,1,1964,32.2158983115158,-17.7629619979901,32,12.5394977402559,1.24696830486058,0.727947836562487,19.4000471351407,1
260702_OBE_NWU_SP_2,O15,OBE,Control,SP,2,40,227088,1,99,392,946,946,2220,4440,2220,109.960965101296,0.392,3571.58073337283,2.22,48.1062813117693,50.1507936507937,45.672,2.16980677107755,6.76492540956152,2.39834634197399,1.08490338553877,46.5894172322868,45.8188405797101,47.192,2.74552857248578,8.26835952561239,4.23778782180063,1.37276428624289,32.8497633011968,32.5573770491803,34.9,1.89402687908466,14.1682835018789,7.02100830155356,0.947013439542329,29.1280903763813,29.0709219858156,28.664,2.33806397164261,13.3486612591623,6.65261612399076,1.16903198582131,33.1444490393489,33.1071428571429,33.884,3.42315247401019,14.2781816972086,8.62010226531037,1.71157623700509,46.4979758391983,45.8188405797101,46.9387755102041,3.3075670477087,9.11743739876353,4.5830872628931,1.29656628270181,34.3607154989293,32.7130434782609,37.9530685920578,1.68943744238837,13.3941515902997,6.44773520682953,0.935948343083157,32.7087633937814,32.6185286103542,33.2731554160126,2.58059244827815,13.2519792993274,7.28712883128221,3.28767477910636,45.2135158532336,46.1698113207547,45.4842696629213,1.46099618423885,7.77736099946536,3.34463821424811,2.60057320794515,5.34830666549098,1624,28,1,0,736,5,0.367632367632368,198,102.816144203396,1,1908,7.33712767975716,-29.4397402017345,22,7.04488947926915,1.74210018919604,1.35065857527629,22.1610893722377,1
260702_OBE_NWU_SP_2,O15,OBE,Control,SP,2,41,228884,1,99,272,1518,1518,1834,3668,1834,86.986223813068,0.272,4507.88545609122,1.834,48.4521984365854,53,46.04,2.06391357400257,7.54658848511902,2.54416542555718,1.03195678700129,48.5937753092789,48.7569060773481,48.868,2.72268698308813,5.40339215182641,5.03962321300316,1.36134349154406,43.039472856465,42.4545454545455,44.124,2.58670459800742,11.1487118093269,6.32596244356773,1.29335229900371,54.8529686963895,58,54.82,1.48546029822579,-0.118149570596923,2.57888630391021,0.742730149112897,29.780117105016,30.1542857142857,31.088,3.35322302051467,12.4459817499503,7.41478516606218,1.67661151025733,49.0809193345878,48.9814814814815,49.4411764705882,3.14743508167544,4.50111610664548,5.04557061879832,0.856102342215718,47.5831729602788,46.625,49.3274478330658,2.07122533469166,8.06525508249839,4.90104183075606,2.5807467670258,29.5894977897712,29.8322147651007,30.5569620253165,4.4664114903035,13.8288376398011,8.16426793525589,1.41138603093591,45.099003700109,45.314465408805,43.7709923664122,1.64704506299134,8.24452708298499,3.7557867597044,3.02068064552611,6.00065932890516,1764,26,1,62,716,7,0.357642357642358,296,51.4499784266976,1,1690,-2.01479795105292,-7.29324077865041,33,9.7444920350267,1.53627107649158,1.11055980121011,19.5413859367598,1
260702_OBE_NWU_SP_2,O15,OBE,Control,SP,2,42,231985,1,99,212,818,818,1134,2268,1134,90.8855856367809,0.212,6737.37270757738,1.134,54.7008777376185,54.5407407407407,55.028,2.22774742305594,-2.41757557376247,3.55758550256937,1.11387371152797,50.4301189221225,50,50.952,2.04334915953517,0.665089403157887,3.51612954007439,1.02167457976758,45.8902666712536,NaN,44.984,1.20559566402049,3.02089328197371,2.86145040433109,0.602797832010243,35.7799905415563,40,34.188,1.53486369415889,10.3886588222411,4.49748084751206,0.767431847079444,39.6357816802903,41.2773722627737,37.66,1.90137089258259,10.9098441369942,4.24132191887507,0.950685446291295,50.796303419306,50,51.9905660377358,2.41028956979683,0.958343000742889,0.47638310057529,0.510981388796928,50.8691211818525,50,51.1023102310231,1.53955081270047,-0.92916589969364,3.99444089546923,0.932967792496485,30.5230417743999,NaN,31.0822784810127,0.942709919066396,6.19105902503448,3.30739617983799,0.297896334424981,42.2005965208175,44.74609375,41.1005291005291,1.79268069714426,10.0050090571516,4.13025504411607,2.03289991056159,4.43296409043857,182,50,1,126,244,3,0.121878121878122,90,14.220456857483,1,1212,-7.38038322898881,-22.9952171809283,17,5.35579826515696,1.47462094653073,0.860161404439197,21.9680352640518,1
260702_OBE_NWU_SP_2,O15,OBE,Control,SP,2,43,233219,1,99,2352,2700,2700,2946,5892,2946,42.3868099055157,2.352,5567.57916489846,2.946,51.1124059514839,54.873417721519,47.04,1.8433237517861,6.83476010354136,3.07225964123613,0.921661875893052,38.0156246237479,38.6333333333333,39.54,2.65504964457924,13.2971706808217,6.61029771713042,1.32752482228962,34.7307817005463,33.4285714285714,35.912,1.98097488233672,9.84505778136092,4.7908370594441,0.990487441168358,35.9135853811563,41.75,35.764,1.28023318218345,8.38164114275534,3.83441179218334,0.640116591091728,49.1653005747864,49.4620253164557,48.836,2.17705164364501,3.87171791807912,3.39511183710868,1.08852582182251,41.9865111243047,43.243288590604,41.5459183673469,2.19322170316647,9.61177385266468,4.75178724606666,5.15845744584754,54.4624443290362,54.6967741935484,54.8333333333333,3.08676281288326,-0.776378715665056,5.93872692577697,1.07419345888338,55.3603877484825,55.4146341463415,55.8617886178862,2.52227048038531,-1.43555363708953,5.91959832170403,0.620478538174785,56.5366691527745,56.0571428571429,56.7590132827324,1.02968599640126,-4.92773740310126,1.94963677001804,1.08528904020693,5.62395798970182,260,34,1,164,398,6,0.198801198801199,172,26.9822927018553,1,1840,-5.10946689432746,5.87002642647115,25,8.03392762012803,1.8381738553364,1.44765268431583,23.667092668711,1
260702_OBE_NWU_SP_2,O15,OBE,Control,SP,2,44,267103,1,99,2156,2374,2374,2580,5160,2580,914.703090583999,2.156,4262.75386152715,2.58,53.4339696363441,51.2435897435897,54.068,1.63644629081586,1.08994198320295,2.2825886799099,0.818223145407932,44.9666922513948,44.3502824858757,44.736,3.0267988176098,10.6942170558735,5.06408457874232,1.5133994088049,46.4807011846873,46,48.144,2.31708161068668,10.8980237331366,6.04653733574095,1.15854080534334,35.1436334178347,35.2638888888889,35.456,2.36417535092048,13.0187417358355,5.4835613770394,1.18208767546024,31.0489655700159,30.8620689655172,31.608,3.47226050732163,17.1564236642268,10.6428330736931,1.73613025366082,38.888736896957,38.9475100942127,39.9146567717996,2.77597009945397,13.7268861753957,7.37433968539935,5.98499153442276,38.1368309512793,39,34.9449541284404,1.17967000257672,10.9640620578671,4.70799308731842,0.257168060561725,52.0908210015346,NaN,45.2912621359223,1.109917711851,3.86538787050238,3.55665189163629,0.228643048641305,41.405755059963,41.2173913043478,41.7295774647887,1.51111371061552,10.3350568557467,3.24523379857214,2.14578146907404,6.13474766039608,298,47,1,190,866,8,0.432567432567433,242,138.347071621077,1,1870,-18.0739897552646,16.550415007258,25,8.25099206201548,1.37404132107022,0.803275813037349,22.4072306455303,1
260702_OBE_NWU_SP_2,O15,OBE,Control,SP,2,45,279237,1,99,426,1172,1172,1476,2952,1476,137.471796758439,0.426,4550.10462251724,1.476,44.806710535368,NaN,45.904,0.473734827640241,6.35454034613807,1.25974183800644,0.23686741382012,44.5215987473337,44.5161290322581,44.34,2.34345087037565,10.4362880705366,4.8065245499542,1.17172543518783,42.8248183394943,41.8901098901099,42.36,2.94162416791081,11.0051259075107,4.9118171150812,1.47081208395541,50.7594798169187,50.5932203389831,51.092,1.83497883431411,-1.39384852668461,4.02498459700604,0.917489417157053,43.8261823032556,43.8243243243243,43.324,2.18063149126874,10.8280198595058,5.39359053070544,1.09031574563437,44.1086976622433,44.0459770114943,44.1173708920188,1.9973674184477,10.4543612706478,4.64036725382421,0.850878520258721,44.8484132517274,44.6295081967213,44.4450402144772,3.11201739451776,9.89890083493997,4.64020358438795,2.32156497631025,51.2612131499837,50.5,51.4013157894737,1.09195153144171,-2.80337328275664,4.28391537302976,0.331953265558278,43.2881163610207,41.6858237547893,44.5040650406504,1.66378292494982,10.133916308442,5.17241839126915,2.45574359722593,5.22421296296339,598,47,1,328,600,6,0.2997002997003,330,125.362457782088,1,1986,2.84234490608991,-5.23476755871514,17,4.60938931067859,1.24020361496451,0.666797099088426,19.65732999793,1
260702_OBE_NWU_SP_2,O15,OBE,Control,SP,2,46,282382,1,99,410,1362,1362,1686,3372,1686,58.1484953627902,0.41,2190.14791643887,1.686,41.6104450768754,41,39.092,1.10236506558829,8.97364112112228,2.75766575669582,0.551182532794147,48.4942904692509,48.6222222222222,49.86,3.0243512946832,9.884162134132,5.50153298677787,1.5121756473416,54.3048417659886,57,49.476,0.984853361896475,4.34230177595943,1.16419859446751,0.492426680948237,31.1936339067682,30.5302013422819,33.896,2.51174909776732,7.74724351734077,4.86661813836717,1.25587454888366,53.8656372831931,53.6530612244898,53.672,3.52108451578917,1.12625909123641,4.28886951057389,1.76054225789458,46.8346863171925,45.9117647058824,48.2926829268293,3.08608686292749,10.7038189097474,5.89203789638156,1.26529561380027,38.8088450954826,39.337899543379,41.8403361344538,1.88372020682528,6.3407813795657,3.13891998926619,1.79330163689767,52.6541772845767,52.9910714285714,51.9753086419753,2.79980250847619,2.14305225167512,4.1546670124903,0.907136012746286,52.3540245188,52.5864197530864,51.2016607354686,1.77588130806309,4.36997599240594,4.03131923809417,2.99413588539437,4.857918696694,1206,26,1,66,902,11,0.450549450549451,198,30.7879921621124,1,1806,17.6581293872131,-6.76471135593851,32,11.0988485439486,1.12834257415015,0.655096177382723,17.0694919666818,1
260702_OBE_NWU_SP_2,O15,OBE,Control,SP,2,47,283991,1,99,412,1332,1332,1606,3212,1606,74.4052350330632,0.412,2150.05010522938,1.606,52.1477902328119,56,51.468,1.19011760397157,4.5610021264747,1.67725737422619,0.595058801985785,45.248013308455,45.4563106796116,44.92,3.53153716633104,11.0695785210184,6.55796355660183,1.76576858316552,30.3612952737987,30.6,29.812,1.8847404543864,8.99030351389724,4.71164917484768,0.942370227193201,28.7426518366056,29,28.52,1.68868699145083,6.95525665583273,2.80773258483808,0.844343495725417,29.471056875197,30.4224598930481,29.204,3.53985837235139,12.4658546080179,6.06945135954274,1.7699291861757,46.7521730988549,46.9509202453988,46.0097087378641,3.34379252813475,9.05982572837163,5.58555075005168,1.37764252159152,31.7968676072585,31.8255319148936,30.4608695652174,2.13440279609087,9.85103260276878,4.93904597993939,1.9636505724036,26.6259387167316,25.875,26.978102189781,2.2297836342317,7.47445808994765,3.87910593095358,0.610960715779487,43.4870900261542,44.3838862559242,46.2042341220423,2.23126532992525,8.52818682376488,4.19342567790702,3.58341211985994,6.10892202501321,1616,25,1,132,766,7,0.382617382617383,190,30.8158195445033,1,1588,-9.07342060330108,-30.2457475713701,24,8.08625577460786,1.06919609805328,0.630755622375861,17.9433065008532,1
260702_OBE_NWU_SP_2,O15,OBE,Control,SP,2,48,285631,1,99,382,1636,1636,1902,3804,1902,66.9270310143633,0.382,2251.18766587287,1.902,52.3076650132892,52.0396825396825,52.308,1.9134326924384,-0.196623739718598,4.64304246752408,0.9567163462192,45.673401273631,45.9586206896552,45.696,2.31708820687001,8.17227830649104,4.57558027552791,1.158544103435,47.1946724354655,45.2682926829268,47.14,1.19701669348623,7.63753451071459,3.18760087888703,0.598508346743117,55.6813757176989,56.7264150943396,54.88,2.50555612686254,-0.655132514264849,3.02433920985079,1.25277806343127,54.8608679548899,NaN,54.292,1.12950853190059,-2.09825810937054,4.26187743688051,0.564754265950295,46.7697960998205,46.2589928057554,47.7643979057592,2.60487463150779,6.21808339532327,4.7363781479308,0.995062109235977,52.2953660728703,52.9607843137255,50.5996810207337,1.75240206711981,6.08668339198478,3.38570547591048,2.19751219216824,54.0854490681902,NaN,53.7894736842105,1.16881327068364,-1.9227177246512,4.82930290240203,0.310904330001848,41.78301896652,41.7609147609148,42.0893796004206,1.98493024761838,9.03441721344417,3.34425688487812,3.77533733097016,5.60266376359496,1350,58,1,140,288,4,0.143856143856144,136,23.479044181203,1,1442,-33.5477139062797,17.3149216510961,19,6.19156579420324,0.985777374236543,0.449150452434653,16.3913857464492,1
260702_OBE_NWU_SP_2,O15,OBE,Control,SP,2,49,287655,1,99,366,1260,1260,1544,3088,1544,48.5834955246721,0.366,2254.21509502949,1.544,51.7759627464639,54.4112903225806,48.012,2.15661722173888,8.33251361946819,4.50594323867453,1.07830861086944,47.9548612518924,47.4583333333333,49.244,2.82171081051516,8.69863968118607,5.57248018729731,1.41085540525758,49.151622690273,45.6323529411765,51.548,1.55402822587058,6.80674912751473,3.77660215343401,0.777014112935289,33.9789558581319,34.1038961038961,33.68,2.65081108972706,13.0695778479593,7.35738514977092,1.32540554486353,28.7467790849791,26.5454545454545,32.292,2.22283370347907,10.1714535235378,5.17053767043846,1.11141685173954,48.5293541672514,48.5619834710744,50.1256830601093,2.93907109188475,8.33809591589755,5.40405635777811,1.07570001962982,42.4880361041228,40.359375,45.4653243847875,2.00397536667381,9.83353926806263,5.09282856183749,1.79155397780638,34.770587162521,35.2159090909091,34.0140845070423,2.60661462973051,13.1046048653961,8.07043778415966,0.740278554843465,45.280075273137,47.7137809187279,46.7189119170984,1.914093137523,6.14710884961666,3.20115033130031,2.95535980433551,6.7345200166631,1638,25,1,0,622,7,0.310689310689311,164,21.2743486548044,1,1786,-21.9939290457219,-2.54931700599249,31,9.71318102552345,0.887409363648428,0.250930008408408,19.394837249711,1
260702_OBE_NWU_SP_2,O15,OBE,Control,SP,2,50,289235,1,99,382,856,856,1808,3616,1808,50.8969610241813,0.382,2140.42350283198,1.808,56.8190757199911,57.3191489361702,56.208,2.09581262016554,-2.75020652977413,2.31618622451058,1.04790631008277,41.9372114520971,41.4675925925926,41.144,3.24452059140761,13.682364930747,7.01210227569,1.62226029570381,33.9047463910741,33.9420289855072,34.364,2.76992197885488,9.99063906296579,5.56951839083395,1.38496098942744,43.9511521199027,44.1822222222222,43.324,2.93220719559149,7.82453960811949,5.22521197288186,1.46610359779575,44.5304306212988,44.0065789473684,45.74,2.0990643589731,8.79247615460126,4.44422265104294,1.04953217948655,38.2337084580186,38.1951219512195,38.0366492146597,3.07290270981279,14.7559149654112,7.2563840043403,1.17384883514849,39.2386268440668,38.4106280193237,38.6666666666667,3.13098069176935,8.82186856053128,6.00759075273356,1.48408484789867,42.6978790859655,42.8849765258216,42.1470588235294,2.86039125320328,9.259358879223,5.14870063619362,2.72309247304953,45.8085742967515,42.2166666666667,47.2986725663717,1.09694227002851,7.89280548540627,3.1377710452611,1.98327162421154,5.14117010006488,440,52,1,216,916,14,0.457542457542458,162,88.1865630515882,1,1984,34.1768165433504,-17.3626567908587,26,7.43930709475437,1.2156032000907,0.513191887544001,21.5009750878681,1
260702_OBE_NWU_SP_2,O15,OBE,Control,SP,2,51,292299,1,99,340,1518,1518,1780,3560,1780,63.3815791647901,0.34,2581.0379890356,1.78,51.7712150165315,51.7455621301775,51.376,2.58652076243055,1.3188238207302,0.636431498296717,1.29326038121527,42.4730380610554,41.8201058201058,42.248,2.76087303884655,10.1009737106471,5.45296147167293,1.38043651942328,25.6830491012131,25.1509433962264,25.992,1.61516110012636,7.03643483858799,3.67217806148612,0.807580550063179,33.6138770364467,33.679347826087,35.412,2.93536372189094,11.295618935645,6.59629081889376,1.46768186094547,38.1655577953021,38.1375661375661,37.784,2.83471878627075,14.1601609074178,7.54446977655738,1.41735939313537,44.5486302114976,44.5373134328358,44.7,3.02452981472031,8.75338740901615,3.8820922355307,1.0283401370049,31.5898601028079,32.4178082191781,31.6434634974533,2.25000845167975,10.1020938720246,5.74720039199222,2.65050995607874,36.7599691233057,36.7594936708861,36.7786259541985,2.17719782881607,12.3360401164985,6.44215605541868,0.570425831149809,42.9302050885468,39.4719626168224,45.4505617977528,1.47673297084493,11.0489310606018,4.79316214418479,2.62858468810398,5.59972700043063,1158,29,1,122,704,5,0.351648351648352,198,23.9726216901237,1,1480,-25.2859040030355,-28.5189079539956,21,6.89978874931209,0.73170125781067,0.137982248498129,18.3656113398239,1
260702_OBE_NWU_SP_2,O15,OBE,Control,SP,2,52,294350,1,99,432,1788,1788,2132,4264,2132,70.5266152581162,0.432,2257.78048903797,2.132,52.764169340578,NaN,52.62,1.18013566482674,-1.95308609387274,0.918555189682529,0.59006783241337,43.8477569001047,43.7718446601942,44.348,2.86825086846112,12.3344906274384,5.01289887746378,1.43412543423056,46.8574642189119,46.8075313807531,46.904,3.00966741274478,9.59074719010297,5.25890620064508,1.50483370637239,37.0028607939606,37.0526315789474,38.008,2.07352048291043,10.2289091656611,3.84443682157945,1.03676024145521,29.5568890259969,29.4040404040404,30.408,2.69104061612676,9.39914797038842,3.29670075351662,1.34552030806338,43.2777478341716,43.093023255814,43.8981481481481,2.83420739561734,12.8281544443105,4.9436339822874,1.22437759490669,39.9206242865444,40.5700197238659,40.070796460177,2.67165752462943,9.7015625905226,4.46242792968324,3.62276760339751,31.5057427772161,29.0897435897436,36.8197674418605,1.57688091547051,7.72543562845273,1.80471639257111,0.542447034921856,40.3643385259999,39.4258823529412,41.9710920770878,1.89976684894721,8.53150738892071,2.56616719241175,3.54876447383339,4.46833488190379,1494,27,1,182,796,7,0.397602397602398,180,53.4854835843278,1,1982,-1.56365016125973,3.72743514348457,22,8.00056306686076,1.32090678669139,0.702914918391357,22.1058670595392,1
260702_OBE_NWU_SP_2,O15,OBE,Control,SP,2,53,299317,1,99,328,1386,1386,1662,3324,1662,39.3524661621453,0.328,2439.49766183241,1.662,51.6384280882231,NaN,51.12,0.61954188034391,-1.58317807367563,3.24062528917207,0.309770940171955,42.2470470508593,40.66,43.608,1.79920054177337,11.6973694655275,5.51762754935729,0.899600270886685,34.0515184923164,33.1612903225806,35,1.90332219226694,12.0432557956546,5.19517569038479,0.95166109613347,32.9427202077314,31.1120689655172,36.344,1.7494608503006,9.85050063817013,4.58721686568402,0.874730425150301,35.583760520439,34.1754385964912,36.42,1.66399586146161,9.26014522604054,5.25132672327162,0.831997930730806,44.6288826631067,42,45.6585365853659,1.3166390875704,9.60639684099115,4.32753520745117,0.431857620723092,34.4576897612161,34.0465949820789,35.0812854442344,2.10156982726374,12.0490886144428,5.50896372226103,2.22346087724504,46.3569032807909,44.75,46.963768115942,1.09921134487554,7.0199986840912,4.42531274052478,0.303382331185649,36.1219035356238,35.3212121212121,36.604091456077,1.44395619848174,10.1294266716397,4.59685762455466,2.39985520187665,4.52926365732273,980,32,1,336,256,4,0.127872127872128,140,15.0614385301711,1,1506,-23.8565737051793,-15.0017679681394,21,4.58467179961041,1.27811615744187,0.587790284269138,22.1940247994965,1
260702_OBE_NWU_SP_2,O15,OBE,Control,SP,2,54,302184,1,99,1802,2056,2056,2310,4620,2310,296.86932482581,1.802,2219.19268912768,2.31,38.923112583968,NaN,38.6,1.00666925760411,8.28531529496922,2.3661848583612,0.503334628802053,46.1069402672281,45.1166666666667,45.12,3.37006691587334,9.42763133827503,4.40242239306421,1.68503345793667,42.8098436927503,42.7088607594937,42.448,2.39706321988939,11.3105398101641,4.47227227883197,1.19853160994469,34.305454047449,34.5074626865672,34.72,2.87507001562846,12.382750765623,6.10935080923439,1.43753500781423,30.8538978781664,31.093023255814,31.292,3.88653705407959,12.9864596002353,6.85250880913163,1.94326852703979,38.3597192740433,38.6769230769231,38.6814650388457,3.02938614290267,11.5991834919891,5.5836517395187,5.45895382951061,36.030435107127,35.7980769230769,36.3307086614173,3.48876442389881,12.2911588463072,5.28117507123635,0.886146163670298,39.4158346222665,NaN,39.5669291338583,0.898125403540604,9.28342534321352,3.25553053820069,0.228123852499313,49.1345358428108,48.3705583756345,45.7562130177515,1.26375394074296,6.0374980845022,1.00933409486402,2.13574415985561,6.05762040753564,1516,29,1,182,998,6,0.498501498501498,256,83.7564815303443,1,1954,10.5653576171505,-11.123683328991,26,7.65086833739507,0.891935253547976,0.350645369725338,17.2733078681212,1
260702_OBE_NWU_SP_2,O15,OBE,Control,SP,2,55,304366,1,99,386,1308,1308,2522,5044,2522,42.0304306142421,0.386,1532.80352484812,2.522,53.9768667777605,53.7872340425532,53.948,1.43120173142133,-3.28832017418638,0.403593093058977,0.715600865710666,46.0364452020386,45.0324324324324,47.052,2.90832616788582,11.1199783103837,5.45694328392972,1.45416308394291,47.4441061324574,46.2884615384615,47.308,1.31842550130493,5.11887139247279,2.92103616402808,0.659212750652463,42.9028011637153,44.3553299492386,42.096,2.77230893859805,5.42496166440939,4.00687048969494,1.38615446929903,28.0245104660543,28.219387755102,28.284,2.83119996134511,8.29040311971972,4.09731379964178,1.41559998067256,46.8913030753779,45.75,48.1243523316062,2.83842819523237,9.68091474341177,5.11702770152483,1.0956332833597,47.2866467831461,47.3918367346939,47.0347071583514,2.05490611114874,7.49519016589102,3.70884278127051,1.89462343447914,28.7668123468847,28.5549872122762,29.7429983525535,2.42642852220924,7.93198797878845,3.38353338927517,2.94568422596201,38.4007860893338,38.9503816793893,39.0487144790257,1.65063961846329,9.44145925083701,3.60110579075349,2.43964535608875,5.39371901056174,1678,27,1,162,756,10,0.377622377622378,142,39.1360184847202,1,1992,-24.4044773287801,8.32359400007445,26,9.03392510943064,1.09482274142064,0.543927917275954,19.2438472467605,1
260702_OBE_NWU_SP_2,O15,OBE,Control,SP,2,56,308936,1,99,302,812,812,1110,2220,1110,54.147489256888,0.302,2454.98585659478,1.11,38.6640027719856,37.1597222222222,39.56,2.31206348264154,10.1310031740089,3.169542730108,1.15603174132077,46.8983656995005,47.0220994475138,47.44,2.81092181474713,8.90305009176658,3.86188579042151,1.40546090737357,49.5098673325546,49.7297297297297,48.632,1.66765798678342,5.09065866970193,2.80144248034475,0.833828993391711,51.2842789512756,49.7377049180328,52.072,1.7974509438861,-0.497319982301926,2.34271085057046,0.898725471943051,55.7753115949914,58,54.008,1.46274390887036,-2.66154552647611,0.875811633945975,0.731371954435178,48.2972392622421,48.390243902439,48.4569536423841,1.92838282002249,5.55595606952372,3.22913286896284,0.582371611646791,46.1018998915045,45.7154471544715,46.3686274509804,2.34668088550404,9.25858388761805,2.89754769186452,1.19680725160706,50.9012249275296,50.8571428571429,51.1208053691275,3.06950837187032,0.174918987323611,5.02132911028157,0.914713494817355,54.7315325534967,55.6994535519126,53.6522522522523,1.6334381038877,-1.901130883667,0.977420207877195,1.81311629531535,5.15445294868617,406,46,1,266,502,4,0.250749250749251,242,105.246330005406,1,1784,-11.5803452855246,9.54712100346149,13,4.46490692591182,2.05394782221218,1.54150430712073,22.764657293125,1
260702_OBE_NWU_SP_2,O15,OBE,Control,SP,2,57,310348,1,99,768,1126,1126,1410,2820,1410,82.6468775964723,0.768,1677.83423151957,1.41,52.2788186552663,54,51.628,1.08956538191837,0.92099661284621,1.99276685979657,0.544782690959186,46.2290934709843,44.3157894736842,46.22,1.48167096886695,8.8010292019477,3.82353330003024,0.740835484433473,55.980407878567,56,55.856,1.94710079249524,-2.81363409739576,3.3644986059933,0.973550396247618,51.7936147432231,52,51.588,1.39943869990042,-3.5183182776231,2.96564731059285,0.699719349950212,38.2999729196723,38.2362204724409,38.024,2.36755653721985,13.7095514435912,5.73534168482938,1.18377826860992,50.2799837677849,49.5182481751825,49.6328125,1.64777592558108,7.09331549101356,3.60678537052453,1.26549191084627,55.0447743222604,56,53.877094972067,1.52734618164767,-2.99646753513488,3.53103282142653,0.546789933029866,51.9294435215301,52,51.9225352112676,1.6349774680284,-3.48914267827153,3.06719062449887,0.464333600920065,42.2729243012122,42.2520661157025,41.6397163120567,1.81859904711766,10.5972104151441,3.81100510961087,2.5642246564359,4.23728261092294,1752,38,1,682,212,3,0.105894105894106,164,21.6246421549215,1,1322,21.8205274141529,16.3799456582424,19,8.0686589143062,1.34361427240837,0.698270160566938,19.4427352062158,1
260702_OBE_NWU_SP_2,O15,OBE,Control,SP,2,58,313808,1,99,352,990,990,2190,4380,2190,68.1269703650037,0.352,2736.51236875241,2.19,45.2445251639943,44.8514851485149,46.008,2.33170291339744,12.38749190571,5.77587325991655,1.16585145669872,42.7792602939757,40.9851851851852,45.904,2.11063721176289,13.5704301689468,7.03076489610902,1.05531860588144,46.3650924179213,46.6505376344086,47.616,2.99252406216004,11.9901543261385,7.40458953683864,1.49626203108002,43.8493061992975,45.2920353982301,39.592,2.00116878666928,9.32739622902863,4.35762684136312,1.00058439333464,56.1897173289,56.3251533742331,55.868,2.72298544783712,1.36285783597918,6.12366159330533,1.36149272391856,46.2891505282626,44,49.0170454545455,1.64783367385063,8.88144454998273,5.67031065159079,0.580037453195423,44.4475571569848,44.3307692307692,45.448275862069,3.08053926722979,14.1417092176569,7.92764816716506,1.96538405249261,50.1015866047519,51.8079710144928,46.9116666666667,2.17710894532932,7.59127509256922,5.11730486205577,2.61253073439519,43.8458391430676,42.8699551569507,44.553591160221,1.41162944935906,9.48357755027666,4.36449923807424,2.55504930333991,4.7633874493944,1370,45,1,270,924,7,0.461538461538462,268,19.2843100993075,1,1304,-40.6385885031303,17.096438009454,21,7.11704684110086,1.78346937404876,1.14196419359925,27.4969339499542,1
260702_OBE_NWU_SP_2,O15,OBE,Control,SP,2,59,316443,1,99,668,1312,1312,2100,4200,2100,117.922787210938,0.668,3543.61607617226,2.1,42.6562821060324,42.1063829787234,42.912,1.28443749322356,8.27982642442809,2.43502493889959,0.642218746611781,52.8448301086298,52.3301886792453,53.78,2.03412659669104,-0.0483222127061912,2.3503864328425,1.01706329834552,41.0172521078615,41.3125,41.38,2.13080626804346,8.03955637394346,5.49536843520467,1.06540313402173,30.0364888970584,29.9230769230769,30.48,2.85054303770845,10.8084558413456,6.0824140961626,1.42527151885422,40.6302468926663,41.2075471698113,40.5,3.14379880172084,11.4220855989867,5.6780050131637,1.57189940086042,52.7627724553241,52.3072289156626,53.502994011976,2.07161167424537,0.132432701672657,2.86355329033946,1.3838365983959,31.4228220397263,30.5469613259669,32.6055900621118,2.45744664385326,9.84217757263121,5.89030799576347,1.5825956386415,39.6252697730878,40.059880239521,39.261421319797,3.14695642400305,11.32618630325,5.68489735559062,2.4798016621144,45.5372896878798,50.1935483870968,44.2031578947368,1.15027387648916,6.15423644130877,2.29790792714639,2.18552036532941,4.56098832557594,1160,26,1,170,758,7,0.378621378621379,154,65.7832678987866,1,2002,0.674634794156698,-35.6922060520341,30,9.40201262928706,1.68994275577758,1.27576914636108,21.8145332566538,1
260702_OBE_NWU_SP_2,O15,OBE,Control,SP,2,60,344027,1,99,1346,1942,1942,2350,4700,2350,371.415238196806,1.346,4893.89921623328,2.35,46.0838328976699,46.0214285714286,46.132,2.2586000526249,6.1971015470169,1.10678244211372,1.12930002631245,46.7349413192355,47.0597014925373,46.004,2.24187633212691,5.41820358586576,4.74900778999576,1.12093816606346,49.3693029676323,49.469387755102,48.832,1.84655845042928,3.50936715233195,5.57621475025718,0.923279225214638,54.7897446933088,55.4724409448819,53.564,2.28018754527933,0.0985435375539921,5.00416048556137,1.14009377263967,33.4906052454238,33.9071729957806,34.328,3.36245193934046,16.5520654498497,9.45789429144185,1.68122596967023,49.0181974261288,49.1879432624113,48.6953937592868,1.91863776548457,3.72902820093827,4.71277079064035,2.58248643234223,40.8386693203656,40.4666666666667,40.5335570469799,3.40782328849108,15.1658071222292,8.9829066325749,2.03106267994069,28.7841371597811,27.5217391304348,38.3186274509804,2.36839932121794,12.9420069782346,7.07359897159629,0.966306923056918,43.8228675966021,43.5638051044084,44.5709090909091,2.0671235326032,10.5589301914654,5.10917153420001,3.41075382879528,5.54138752088137,2000,27,1,88,724,8,0.361638361638362,146,313.017607930283,1,1986,-17.7252893189148,10.2079688837608,30,9.61855900571721,1.56282707015432,1.23104066836459,21.74961992778,1
260702_OBE_NWU_SP_2,O15,OBE,Control,SP,2,61,359395,1,99,998,1482,1482,1726,3452,1726,298.098236362123,0.998,3230.94799531545,1.726,43.0861717363374,42,42.928,1.15362957119406,7.99602569243311,3.35610138894533,0.576814785597028,49.4691791254948,50.4117647058824,48.16,2.74865017422405,7.95350194735402,2.66341419302285,1.37432508711203,35.9941887789189,32.6019417475728,38.812,1.96414811753627,13.2631698401929,6.9251107360538,0.982074058768135,28.3138750002795,27.2315789473684,29.968,2.05884787521301,14.0270059197101,7.79444370476682,1.02942393760651,27.2098902792589,26.1875,29.204,1.60977245515331,11.8915621674063,6.45332825885244,0.804886227576656,43.9216423316603,42.2081447963801,43.5150300601202,2.35029479220099,11.3435908724335,5.27075420530267,2.34559420261659,28.5985598076822,27.4827586206897,30.1487603305785,1.98346223774291,14.0614748170204,7.78618860197435,0.959995723067567,25.5241694166761,25.5268817204301,25.6885245901639,2.4839960611342,12.2099483356996,6.96959166250343,0.606095038916744,37.4082549226405,36.9058823529412,37.0057937427578,1.61838994040539,13.4325363952663,5.80819884981203,2.7933410371397,5.9100329442193,382,50,1,282,432,3,0.215784215784216,170,201.951139809554,1,1984,13.0180231455132,-29.6019280157814,27,10.313512607759,0.860878307962189,0.211154673660832,20.977972779088,1
260702_OBE_NWU_SP_2,O15,OBE,Control,SP,2,62,361185,1,99,298,1346,1346,1766,3532,1766,62.4878634630776,0.298,2958.75115711534,1.766,42.4543783901744,41.360824742268,42.872,1.9200837324942,12.9117650815055,6.16967757936572,0.960041866247098,53.6611285721638,53.7013574660633,53.844,3.18729230661184,1.5738456515672,8.77469287757173,1.59364615330592,54.9286586258994,55,54.492,0.995895061612409,-1.41040394133042,5.84669860763163,0.497947530806204,54.7492658684773,58,53.64,1.50377342855498,0.783173687271737,5.01921799548715,0.75188671427749,54.07782208494,54.0993788819876,54.072,2.01464366355632,0.247028295399424,7.47023233123528,1.00732183177816,52.4642718703479,52.5342465753425,52.5704697986577,3.4833879099936,1.69781654196396,8.14124622828361,1.03804959717809,55.4872567927634,56.4652777777778,54.8664122137405,1.57454771041821,0.23148443370512,6.68782408637227,1.65012600051829,53.6481816764775,54.140350877193,52.9095238095238,2.00226500595304,0.454389347047588,7.43200009437383,0.840951302500275,43.6989749461738,44.1691394658754,44.0260475651189,1.61824415412095,10.1171904399394,5.13882878907625,2.85781917617759,5.85950507405296,168,52,1,70,326,7,0.162837162837163,106,36.2897454705833,1,1902,12.3323847467274,-1.53133956154391,7,2.10097643860311,0.969122891524537,0.507947317158571,18.0255932019233,1
260702_OBE_NWU_SP_2,O15,OBE,Control,SP,2,63,362719,1,99,500,870,870,2064,4128,2064,115.823482565788,0.5,2626.28286244346,2.064,36.8252813162864,37.3983050847458,36.504,2.10977279118199,12.814744403831,5.74495428205327,1.054886395591,56.4884334284895,56.6606334841629,56.128,3.3346151239484,1.35849498798212,5.88492776155096,1.6673075619742,36.8169759719948,37.0514705882353,36.596,1.96363951703774,12.4705415084798,6.27529742312974,0.981819758518869,49.1622928139394,51.2058823529412,48.36,2.03279332034023,6.21493421010814,4.24969620280765,1.01639666017012,30.4567661327299,29.0774647887324,31.74,2.67275370865993,10.9421701800832,5.84698672559793,1.33637685432996,56.4884334284895,56.6606334841629,56.128,3.3346151239484,1.35849498798212,5.88492776155096,1.6673075619742,36.9811416823677,37.0514705882353,36.9135135135135,2.32660915727368,12.9259996788318,6.70718093191658,0.860845388191261,37.8769505233252,37.4624060150376,39.1038525963149,2.2047777130613,9.45003925834823,5.18629436392653,2.6325045893952,51.5751196700311,51.1443298969072,52.2799586776859,1.38116030924146,1.00229570699533,3.68979316374224,2.67392635869148,5.3573011445009,1746,32,1,114,724,9,0.361638361638362,152,60.1732994085311,1,1958,-3.55340542591539,-35.9209252986935,32,11.5898159857504,1.2145659787687,0.59668537332706,21.3904012319273,1
260702_OBE_NWU_SP_2,O15,OBE,Control,SP,2,64,364405,1,99,378,1224,1224,2284,4568,2284,67.3084317332354,0.378,2561.51571269514,2.284,30.5604625951786,27.7317073170732,32.3,1.11544903626381,8.63955015139891,3.04187568046228,0.557724518131904,42.4679260036692,41.6818181818182,42.868,2.48288008141129,10.7522851266909,5.50475380233025,1.24144004070565,55.4794102042993,56,55.064,1.29477093344059,-2.36980807031118,3.62193570232978,0.647385466720294,53.073790614069,52.7865168539326,53.42,2.63909972474471,-0.504252988100883,5.2882005123618,1.31954986237236,47.8612034544688,48.5860215053763,46.308,3.10215774272316,10.4875436610882,4.68528484955302,1.55107887136158,41.7860217111149,42.0943396226415,41.5820105820106,2.70411897099594,11.2988361771972,5.76519326917335,1.02215697103647,53.5353581769744,52.2230769230769,53.7777777777778,1.53566238966956,1.83623061586143,4.60714398340604,1.29917038166045,44.4771493090071,45.5864485981308,44.0490566037736,3.16595424951191,10.2340384972358,4.97026355575412,3.35591150448263,42.7213693003434,40.5910290237467,43.4195804195804,1.84453078692926,8.26621530052763,2.97623149698394,3.1652148303706,5.43394413977455,284,40,1,190,750,8,0.374625374625375,186,58.6405253192714,1,1994,16.7645608044014,22.9967059962035,21,7.3448518527943,1.51706055238131,1.05679832123087,17.6313268483653,1
260702_OBE_NWU_SP_2,O15,OBE,Control,SP,2,65,377143,1,99,638,1214,1214,2430,4860,2430,163.361756983786,0.638,2706.994235709,2.43,46.4279888731015,46.1071428571429,46.908,1.83084898283717,3.7354729581925,3.38737655978031,0.915424491418585,44.5049927670329,44.7578947368421,45.348,3.16737814836561,10.6657621483947,5.63577789507383,1.5836890741828,44.0079653224571,38,47.108,1.01937568734693,7.96138224047243,4.4325310829919,0.509687843673466,56.1514229561187,56.3706896551724,55.992,2.14704570584361,-2.95243546065145,7.68029790277209,1.07352285292181,53.6379754477803,53.8582677165354,53.316,1.99263903359097,-0.667235294654693,5.49688621952649,0.996319516795485,43.6886682888474,43.9444444444444,44.0909090909091,2.88420392831378,11.1526759269094,5.84022533816498,1.84012210626419,52.113353256209,NaN,52.0243055555556,0.80183522075548,0.794257074483701,4.51714900536374,0.461857087155156,53.2691668878477,53.1186943620178,53.2730263157895,2.21813131221826,0.320564160920099,6.02496173139124,2.6972476756574,50.4607756752768,53.4294871794872,49.2955414012739,1.43975913385238,7.88576270697997,4.52239574456943,2.26042184014823,5.14012576291991,464,38,1,28,528,5,0.263736263736264,206,66.9385933248943,1,1946,-29.3917662682603,17.2523914095358,19,7.05790875320386,1.29551369735966,0.657630725950164,22.9753712073346,1
260702_OBE_NWU_SP_2,O15,OBE,Control,SP,2,66,391546,1,99,246,922,922,1582,3164,1582,67.0990446945965,0.246,3530.56760466956,1.582,40.7469020403171,40.744769874477,40.752,3.24967596679868,13.8209861838559,6.15339096094088,1.62483798339934,39.8704994027255,37.974358974359,40.428,1.24913418381588,10.3069864463181,3.8260553978583,0.624567091907941,29.6467365275608,30.3310810810811,29.088,2.31435336737896,8.70546780639198,4.01595651717268,1.15717668368948,40.5434205028088,42.6497175141243,39.344,2.25799513757391,5.78285323206431,3.01755925346107,1.12899756878696,46.7993838701134,47.109756097561,46.652,1.69626124361572,7.1637059812615,2.30909786015335,0.848130621807859,41,NaN,41,1.1052375526989,10.1976897787243,2.7601776560686,0.27188843796393,32.0659810855853,32.0705882352941,33.1923076923077,2.03282095950033,9.49194454774927,4.38732177204778,1.37418696862222,40.5360620849567,42.6233766233766,39.1818181818182,2.21547171112856,6.12388215714299,3.008870661718,1.46221132934485,47.8505844347961,48.3607594936709,47.1908975979772,1.80974098728918,7.42411786457651,3.03192778067941,2.86301024189148,4.22260537281498,756,26,1,714,270,4,0.134865134865135,86,15.4067716429497,1,1460,-6.77025232403719,-19.2163248594931,26,10.1772689135851,1.88108760849931,1.33876291668286,21.7983638695941,1
260702_OBE_NWU_SP_2,O15,OBE,Control,SP,2,67,392424,1,99,998,NaN,NaN,NaN,NaN,NaN,475.922409411221,0.998,8891.92993835738,NaN,49.8573798965496,50.6898734177215,49.068,2.62624921625854,5.07448198213165,3.22797188114893,1.31312460812927,42.36972476938,41.7217391304348,43.044,1.72904799297177,9.21668105371229,1.9562679320342,0.864523996485884,47.7703074254008,49.0676691729323,46.696,1.97775325933724,8.09442241669618,3.375313745641,0.988876629668621,53.5983152061058,53.5035460992908,53.628,2.2587836485901,-0.739756897246118,3.10384672981541,1.12939182429505,34.2247417810064,34.4551282051282,35.232,2.67287936980636,9.57840812177192,4.87170294377625,1.33643968490318,45.2211417516729,45.6113360323887,44.8436873747495,1.85274798984718,8.69994033493624,2.71399569229753,1.84904249386749,53.6370397869394,53.5673758865248,53.664,2.25683756461546,-0.773814198545149,3.12687370524344,1.12841878230773,NaN,NaN,NaN,NaN,NaN,NaN,NaN,NaN,NaN,NaN,NaN,NaN,NaN,NaN,5.17767393555105,1870,30,1,768,304,4,0.151848151848152,136,18.4437050527956,1,1660,-17.8808575222918,17.1312390665128,29,9.17315295969519,0.912304652434317,0.229485617306805,17.1765552455376,1
260702_OBE_NWU_SP_2,O15,OBE,Control,SP,2,68,413185,1,99,286,1274,1274,1456,2912,1456,74.3182814710642,0.286,3996.61254896829,1.456,39.3238102278419,34.3787878787879,42.828,1.20389307636978,8.11070892251039,3.55163158091027,0.60194653818489,44.1033051612748,45.5,42.452,2.79358774434213,11.7668822983669,6.46538292922953,1.39679387217107,32.271869220717,32.5153846153846,34.168,2.43881780260455,12.4683693737218,7.49476835777294,1.21940890130227,28.6132800526754,28.6166666666667,28.836,1.91331969697758,12.6576025060693,6.4229205101612,0.956659848488792,32.8676201135053,32,33.684,2.24420818839328,13.1980437455471,6.22194466967325,1.12210409419664,44.4348507267487,44.9411764705882,43.1048951048951,3.33121659289911,12.7388903777164,6.92327993188865,0.952727945569145,33.446354092232,33.9035087719298,34.4392712550607,2.33482805665887,12.4506088146858,7.11653544239658,2.30681011997897,28.2724304017161,NaN,28.2527472527473,1.35547112015752,10.9661913332562,5.01506348257756,0.246695743868668,43.5148755428852,42.7022900763359,43.8118131868132,1.91559589092995,9.93069906798111,4.94802354171041,2.789107617194,5.95417881196977,996,27,1,126,670,5,0.334665334665335,204,70.4611885291615,1,1954,-3.24530449630054,-22.0601481371199,21,7.13518558759282,1.15357544037454,0.481568931385973,21.1193311938635,1
260702_OBE_NWU_SP_2,O15,OBE,Control,SP,2,69,426363,1,99,342,1412,1412,1704,3408,1704,89.3101157713102,0.342,3062.94519767901,1.704,47.3272824240265,46.5037037037037,48.892,2.1003989802598,6.18183840690023,2.5454502696143,1.0501994901299,48.1950861481956,46.4339622641509,48.288,1.50979142501944,6.97891724808973,2.24581335262607,0.754895712509718,39.7821408523287,40.2307692307692,38.728,1.52442420829181,12.4105180236999,4.53581585438841,0.762212104145905,34.9910800281474,36.0625,33.876,1.77083306782458,13.3298846121297,6.35164730803364,0.885416533912288,38.1141137513232,35,39.288,0.879951343307672,10.2606067704389,4.75937766053813,0.439975671653836,49.1984981398892,NaN,48.8362573099415,1.15463354425403,5.6864277836836,1.16072727737756,0.394884672134878,39.1109938247997,40.2098214285714,38.0261682242991,1.80840631744833,12.6144622042649,5.38113110129778,1.93499475966971,37.8695382218362,NaN,38.4246575342466,0.611399382196179,9.45874637297811,3.96671071227225,0.178528619601284,36.0681857147414,35.6506849315069,36.5269953051643,2.00176711576505,13.6603244621543,7.26573034601725,3.41101116526365,3.96997576436763,1136,37,1,502,238,3,0.118881118881119,136,68.3608454706153,1,1800,-14.8078163536331,-16.5100308929169,18,4.65673348492553,1.54862444137241,1.07998184576787,20.2697461379334,1
260702_OBE_NWU_SP_2,O15,OBE,Control,SP,2,70,427732,1,99,506,1328,1328,1518,3036,1518,126.592651203215,0.506,2736.18326775398,1.518,38.280015461055,38.1851851851852,38.304,2.10282948648264,12.9224629781361,6.98623068863097,1.05141474324132,38.1632461142829,39.7946428571429,37.256,2.21794108168873,13.2824461982348,7.68471146272662,1.10897054084436,28.6399752642809,28,28.648,1.5611487179211,13.4663214472046,6.9982143186633,0.780574358960549,32.8151872164613,33.51,32.468,1.77037185431402,14.212945931966,7.47728958290141,0.885185927157009,35.6175357720297,35.1836734693878,35.408,2.37630154505871,15.2339561304289,7.85775952457097,1.18815077252935,38.1149282259487,39.7946428571429,37.2055335968379,2.21234460494403,13.3106257756595,7.70046822089705,1.11944637010168,28.9808206551814,28,29.2798053527981,1.53058784910277,13.8723886208179,7.20837054173266,1.25814321196248,36.782626221373,36.9014084507042,36.6210526315789,2.39168336423356,13.8338947736104,7.40527192514897,0.454419839204376,42.6353852392381,42.9642058165548,41.8405797101449,2.15362796147775,12.3008328593152,6.85672569811448,3.26920724552322,4.16781799819515,342,40,1,278,292,4,0.145854145854146,136,41.213339709661,1,1616,2.22196926579395,-17.8602002456545,12,4.54007213408605,0.957028046382747,0.452449818882784,19.0483238467641,1
260702_OBE_NWU_SP_2,O15,OBE,Control,SP,2,71,429196,1,99,274,1678,1678,1934,3868,1934,46.3358701594299,0.274,2569.93327234085,1.934,49.8361817890009,49.9405940594059,50.328,2.6629419403602,3.51074670854808,6.64121659064348,1.3314709701801,37.0295420293896,36.4232804232804,38.696,2.41013800353225,13.1568385210478,7.14859219409976,1.20506900176612,28.9498283423444,28.7570093457944,29.032,1.86151985787645,15.7241970579982,8.48808999392229,0.930759928938225,28.8068862258596,25.4545454545455,29.604,1.79866903544711,10.175618734605,6.16393817771843,0.899334517723554,36.3455184763189,36.585,35.592,3.01859756582251,14.8754970907957,9.34491459047079,1.50929878291125,41.0383755149357,40.8157894736842,43.007299270073,2.05132559938076,9.95542275805898,6.71383386934911,0.562063214230328,29.9894777246321,29.5056179775281,30.022792022792,2.0522940478838,14.5298322946153,7.7644879224009,2.88142084322886,36.9266995050501,37.2016806722689,37.328125,3.2372902349046,14.1547933370174,9.91837529878053,0.828746300135577,43.6105175916375,44.6261467889908,41.7404343329886,1.96146414842819,9.65045316545704,5.46092013772611,3.79347166306012,4.77680465351834,1994,45,1,142,562,9,0.280719280719281,128,13.8722707077935,1,1644,-37.2232972870423,-15.1490676294339,20,6.42957307332013,1.33727223384343,0.72829094812699,24.7989947337215,1
260702_OBE_NWU_SP_2,O15,OBE,Control,SP,2,72,431184,1,99,226,1522,1522,1756,3512,1756,31.9934669909132,0.226,2875.71862740435,1.756,35.7746762432839,37,35.332,1.32612213170552,11.842550155979,5.85001819488687,0.66306106585276,37.6445989839321,37.4807692307692,37.78,2.46499888499214,13.7279797806916,8.066487175967,1.23249944249607,30.1261721167284,30.3089887640449,29.72,2.4564861904801,13.9089290841982,7.58231651656931,1.22824309524005,25.9605422776264,25.8820224719101,26.192,2.59709938075905,8.85652373699619,5.84922045570352,1.29854969037952,32.1182421900379,NaN,32.112,0.734805552971982,12.3007282223982,4.30664956319999,0.367402776485991,38.8391581505876,38.8941176470588,38.4247787610619,3.00877101010201,14.3353321711444,8.71766357661785,0.679982248283054,29.4636666392137,29.3747072599532,30.0046296296296,2.38201336748669,12.3107282287778,6.91936848965365,3.08708932426275,32.2052664853157,NaN,32.2820512820513,0.92778125593614,12.667056780974,4.88989939646909,0.217100813889057,41.4956157310537,41.6337209302326,39.2300683371298,1.29366938543503,9.27501439686383,4.53965680326209,2.27168344082391,4.59445169254778,1420,25,1,100,624,6,0.311688311688312,160,11.7644860414156,1,1318,-7.54543729842536,-18.3208024714334,15,5.11510689867598,1.08086274308031,0.383592799053845,23.8283627807944,1
260702_OBE_NWU_SP_2,O15,OBE,Control,SP,2,73,433803,1,99,286,1620,1620,1906,3812,1906,37.5868523162859,0.286,2173.2144024291,1.906,48.3845099417213,47.6829268292683,49.312,2.45835135846788,4.34333549692379,4.46608096213186,1.22917567923394,42.6392393839442,42.2269938650307,44.408,2.5910084821294,10.1674328598052,5.16640860749706,1.2955042410647,28.3547294182993,28.3525641025641,28.76,2.6455174370768,12.7225062078424,6.72923238422207,1.3227587185384,31.2160397683971,31,32.468,1.62207366833216,12.206493575467,6.14212190047741,0.811036834166078,53.4835195182828,53.455223880597,53.484,1.94067063543529,-1.09423100988261,6.13020231909363,0.970335317717643,49,49,49,2.42861701000554,4.73648339795464,3.41088557710305,0.694584464861584,31.7311202354255,30.6472303206997,33.8770614692654,2.14631795468788,12.1894599266518,6.3643198357869,2.86318815155364,53.2985167980929,53.3131313131313,53.2727272727273,2.27530051299465,-0.516652158187798,6.95712364548754,0.650735946716471,42.9022922194325,41.872268907563,44.2665267576076,2.41530862651667,12.0791157909466,5.74965104702395,4.60357824214076,4.83312615507958,780,28,1,70,414,3,0.206793206793207,198,25.2653010517219,1,1932,-39.3557199772339,-29.0462277142964,28,10.7502642806808,1.68334968749772,1.18311538410635,21.7203593405095,1
260702_OBE_NWU_SP_2,O15,OBE,Control,SP,2,74,438901,1,99,358,1148,1148,1410,2820,1410,80.1214021947252,0.358,3372.81170235408,1.41,57.8333547960492,58,57.8,1.56302911508365,-3.84952835550229,5.90800686689114,0.781514557541826,42.9777892637392,42.3636363636364,44.244,2.6707851129898,13.4960780221567,7.70897298511584,1.3353925564949,51.3499458495643,51.4646464646465,51.28,1.80997871186415,-0.229421889476492,6.29002060460361,0.904989355932076,51.3443562917498,51.5659574468085,51.488,3.17719861564914,2.03831144744125,3.95095697045326,1.58859930782457,46.6110342519184,46.4011976047904,47.028,2.45815630182021,5.16248090301462,5.74485426122375,1.22907815091011,42.4603055844292,42.3636363636364,43.0167597765363,3.28856083754706,14.8267926373212,8.35540714328991,1.17730477984185,51.4147594509049,52.1387283236994,50.9012658227848,1.9334685956345,0.794074387553488,6.02057110955555,1.52744019055126,51.2528437954946,51.4655172413793,51.3282442748092,2.81422276160264,1.71276775314304,2.28093641013851,0.737326363539892,50.4904906700021,49.7278481012658,51.3645390070922,2.06444933188583,2.43237756355537,4.89335749896187,2.91087355795903,5.13671186561652,174,42,1,62,636,8,0.317682317682318,200,19.1047298976825,1,1790,9.87933978372227,13.3725388022481,12,4.10860377572334,0.716915968693669,0.0981540046992365,17.1425354804372,1
260702_OBE_NWU_SP_2,O15,OBE,Control,SP,2,75,440817,1,99,2346,3014,3014,3282,6564,3282,-40.0072737304573,2.346,3425.4618727758,3.282,35.6663044838987,35.3116883116883,35.832,1.7989847362538,11.875481281402,4.77997167758651,0.899492368126898,47.7300313308373,47.6753246753247,46.652,2.10651427510512,4.41498872093278,3.26331329996926,1.05325713755256,54.4312094826201,54.3020134228188,54.556,2.05972905017597,-1.07902908421159,3.26525037398704,1.02986452508798,55,55,55,1.28219105748442,-1.72459614692807,1.82405427056211,0.64109552874221,41.8082958630473,37,42.384,1.21581322977418,9.42144779126608,2.60825386614246,0.607906614887088,48.2425595144045,48.1328976034858,48.5694799658994,1.883174424089,6.42817191085079,3.08153120922634,4.41792719891279,35.0650944794749,35.2175732217573,35.5838323353293,2.70635054344655,12.2730861245819,6.69489830979363,1.8078421630223,35.5991444942763,36.0241935483871,36.365671641791,3.45320200279757,13.1398135168442,7.92250482257369,0.925458136749748,48.8826145466184,47.9579831932773,48.9387186629526,1.87452210737007,3.87678425088464,3.77339686453643,1.34590687309171,4.73979611780346,168,48,1,108,144,2,0.0719280719280719,118,15.0477940955287,1,1716,28.9148169227851,11.0448691703577,18,5.06925866278455,0.838078600335176,0.133790618935498,14.7124591519581,1
260702_OBE_NWU_SP_2,O15,OBE,Control,SP,2,76,441853,1,99,274,992,992,1210,2420,1210,66.0558080265812,0.274,3200.10163447856,1.21,38.5168529847173,37,39.924,1.45573144769096,10.8542285296028,3.55096839142857,0.727865723845478,43.4815699479855,43.2615384615385,43.168,2.7440303919656,9.10680825887486,4.67098478870558,1.3720151959828,31.8436179331694,31.926267281106,32.068,3.24745884116022,13.2143509691068,7.39404404264659,1.62372942058011,41.5290671968012,39.9813664596273,42.852,2.34958776631301,9.79395975662198,6.17562364198386,1.17479388315651,44.0204524409266,43,44.256,1.40886566595512,6.02544590967311,3.21134074967447,0.704432832977558,44.2800303961378,44.1515151515151,44.021897810219,3.31327313997789,8.70343581720963,3.95018084175106,0.907836840353942,34.1665281169002,34.1304347826087,35.2701949860724,2.86136497230258,12.3345299041305,6.85022873645919,2.05446005011325,33.1972878144598,33.2666666666667,33.3211009174312,2.92276784988389,13.1435562931788,7.77261061957539,0.637163391274689,47.523010874459,46.9344262295082,47.695867768595,1.32716763344889,3.73677710024665,3.99304628014768,1.60587283647316,4.58105574837529,974,29,1,0,636,7,0.317682317682318,246,40.0518410198016,1,1948,-4.24852969076077,-21.9507202143894,22,7.05254626379725,1.08031278188574,0.475175603143561,19.8519607679009,1
260702_OBE_NWU_SP_2,O15,OBE,Control,SP,2,77,443200,1,99,364,1026,1026,1298,2596,1298,59.0085527390131,0.364,2066.99744644713,1.298,51.5223840409368,NaN,51.86,0.880010931692902,-0.875960938022807,2.81698696740207,0.440005465846451,52.5572970615396,51.9420289855072,53.912,2.18843331257194,2.00189745485321,2.14524727555542,1.09421665628597,46.8595373534854,48,46.096,1.50089808309637,5.25539649675119,3.46186075501259,0.750449041548185,40.9803486035668,41.1284403669725,41,3.02499746828755,12.6410183839396,5.50168640751795,1.51249873414378,45.2278944881037,44.3314285714286,46.092,2.51865957274756,7.2155484920853,4.73171276542199,1.25932978637378,55.8151370091159,55.5555555555556,56.1208791208791,1.75296271955811,-1.60525024884043,2.26251547362997,0.638078429919153,47.0608684107114,48,46.2084592145015,1.87460148312573,5.92345230420647,3.1418624675519,1.24098618182923,40.4920305181911,40.4920634920635,40.4485294117647,3.50838134732785,13.0026646697454,5.5121565412095,0.954279726473174,46.1031571047579,45.3739612188366,45.7781201848998,2.05202270670691,7.74268790008464,4.1644399801303,2.66352547330557,4.41191982125372,1212,41,1,230,638,7,0.318681318681319,208,40.5692245345133,1,1820,-22.3953708973629,-16.3669185245841,16,4.7776022388594,1.44148073801966,0.832915600646815,21.0193520352158,1
260702_OBE_NWU_SP_2,O15,OBE,Control,SP,2,78,458031,1,99,288,1474,1474,1620,3240,1620,67.8277965597152,0.288,3416.0051593062,1.62,52.9008639773915,52.696335078534,53.144,2.45626389489555,0.304702689735403,0.981494579411413,1.22813194744777,43.6206655828634,44.1216216216216,42.848,2.12955053686123,8.78851419499301,3.77145964968722,1.06477526843061,39.3262721327623,40.1428571428571,37.712,1.8478503280458,9.64164934755304,3.54871558203505,0.923925164022902,34.6612178843131,33.9710144927536,35.152,3.12320851054016,12.7124078129213,6.60045375959121,1.56160425527008,39.2839808056229,39.5117647058824,38.948,2.56844744649214,12.5168465970825,6.10615682742858,1.28422372324607,46.183213957873,46.7474747474747,45.6111111111111,2.37100906382801,8.34566410925756,4.42236874979695,0.682850610382467,36.5750064718082,36.3295774647887,36.8077571669477,2.32353486899166,10.9789199714794,4.89316800515383,2.75571235462411,40.226774991697,40.2191780821918,40.2191780821918,4.17135937380174,15.1315794395997,8.00807112954182,0.609018468575055,37.34902024778,35.9300911854103,38.4283950617284,1.57349462700547,9.88746832479426,2.93068206826673,2.54906129574887,5.04630641920175,1204,32,1,0,462,6,0.230769230769231,172,114.318982624962,1,1942,-26.1013090495162,-12.7277887371124,21,5.60330058151707,1.9226815435351,1.35199914819531,25.8918748753762,1
260702_OBE_NWU_SP_2,O15,OBE,Control,SP,2,79,471389,1,99,260,1118,1118,1398,2796,1398,69.4555789663526,0.26,3600.95991322078,1.398,57.1918301053045,NaN,57.288,1.00556647117445,-5.09665545952161,2.84507619627646,0.502783235587223,49.3227300000928,48.8011363636364,50.792,3.02079109859366,6.93489806633375,3.96138461833802,1.51039554929683,38.937354724448,39.9245283018868,38.172,1.77241198523023,11.4683719044783,4.05994076927079,0.886205992615113,38.0520153490935,39.0913978494624,38.308,3.10961271126901,10.1054414999878,4.99969843937247,1.5548063556345,41.6699616864679,42.34375,40.98,2.01427164770666,11.2221758680763,2.70476566847874,1.00713582385333,48.6194679541476,47.3770491803279,52.0538461538462,1.85285425120618,5.6709045046708,1.95678714021072,0.481742105313607,41.9006302001067,42.6387665198238,40.4149184149184,2.83486036135175,10.9186037610241,4.94544662200798,2.4323101900398,39.2924907259483,40.9473684210526,38.7,2.41005332739982,9.12228328178391,4.77089996186882,0.674814931671949,47.1885821986862,47.0818181818182,47.7639484978541,1.66662030444756,7.94049450285274,1.6765496439948,2.32993518561769,5.34779935589254,454,52,1,164,730,5,0.364635364635365,240,87.8681295182712,1,1956,-14.9516220830962,-25.4624632448729,21,6.24985506911505,1.35153094170915,0.733862738041293,23.1153669816604,1
260702_OBE_NWU_SP_2,O15,OBE,Control,SP,2,80,472816,1,99,310,1166,1166,1362,2724,1362,84.0029578702267,0.31,3988.31935521119,1.362,53.365841750562,54.6470588235294,53.312,1.61886425832093,-0.296322975870357,1.51464277303263,0.809432129160466,43.7001529077231,38.051724137931,46.92,1.79368820700162,8.49558541353008,3.94554118755318,0.896844103500808,40.0827410400439,39.8811475409836,39.872,3.19071925742979,11.8325457471336,6.12425056963564,1.5953596287149,31.295970009041,30.1836734693878,33.82,2.14841275558937,9.34452684300883,4.54750798003449,1.07420637779468,36.6930219566886,42.56,35.14,1.5007536541103,9.09164153447379,3.90250676593506,0.750376827055151,50.0539144402194,53,49.4645161290323,1.20083382766289,1.46076032684731,2.05838135435615,0.372258486575494,40.0119849832898,39.403785488959,40.6401869158879,2.78231655166167,11.5365347222802,5.64423739289195,2.38166296822239,32.24099031266,28,33.1734693877551,1.11795809108939,8.18395057951217,3.46578656531505,0.219119785853521,37.8028829117971,39.2740213523132,39.3318649045521,1.94789349413977,9.35993729653624,4.31595268096471,2.65303093901837,5.15064983355505,1424,26,1,410,512,3,0.255744255744256,200,31.4679851494746,1,1976,-19.5606146841207,-11.2318085383556,27,6.233323254712,0.96518343133967,0.288700816072049,20.4628987037787,1
260702_OBE_NWU_SP_2,O15,OBE,Control,SP,2,81,487968,1,99,272,1398,1398,1620,3240,1620,63.5529762927789,0.272,3370.42081805644,1.62,53.2263971073534,57,52.116,0.971951522724975,-0.488227138282298,0.582805090101626,0.485975761362487,50.7878453570996,50.8960396039604,50.744,2.92537771326745,3.92753702464969,2.80863270414464,1.46268885663372,41.9658261973638,45.5227272727273,40.288,1.88935005107713,9.82344207366885,4.98128096287424,0.944675025538565,34.5508705701795,34.4564102564103,34.516,3.05366003077987,13.1597905405516,7.03274890902319,1.52683001538993,32.837898790729,33.3916083916084,34.792,2.59141079267833,10.1335372695079,5.1150713138317,1.29570539633916,52.7651861492506,52.7786885245902,52.8014705882353,2.96532641974503,2.53640075827288,1.99039534370923,0.806568786170647,40.2916094245104,40.9391025641026,39.8081705150977,2.44535576073588,10.7671387850481,5.48744498224614,2.7534705865886,34.7542459869207,34.7252747252747,34.6576576576577,3.04223949492462,12.872391200459,6.87288438056775,0.675377167873265,39.3683660938323,40.3430353430353,39.7555555555556,2.26166434200803,11.1027028437699,4.84580514209949,3.66389623405301,6.50885000217673,1660,28,1,56,784,11,0.391608391608392,130,84.0002735095314,1,1986,-15.4627205463859,-25.8952432351956,25,8.71677710351204,1.24541483901919,0.641969632960375,20.6082820448401,1
260702_OBE_NWU_SP_2,O15,OBE,Control,SP,2,82,502855,1,99,346,1008,1008,1542,3084,1542,78.4405536096066,0.346,2689.31494496377,1.542,50.7865619315847,56.9692307692308,48.268,1.41418257818564,6.03971996711581,2.36840075364017,0.707091289092819,49.2299313962761,NaN,49.224,0.752111316039554,2.96634015913214,2.63391939446822,0.376055658019777,37.5542894750212,40.1323529411765,39.932,2.32119081297526,7.86088219717349,5.16367042423084,1.16059540648763,53.1963760558083,53.5182481751825,53.028,2.21077986500418,0.789677795842088,2.84516693415875,1.10538993250209,47.9734300202155,48.6228070175439,47.708,1.82097835678217,4.34276106425384,1.2786708137845,0.910489178391085,48.636308045636,NaN,48.878612716763,0.613746696520793,3.60137982301415,2.06487101546078,0.212356356996194,38.8879518081973,39.8920863309352,42.1480362537764,2.04222238049841,7.0827983612177,4.89592984290923,1.35195121588995,53.6835208988009,53.8843537414966,53.2996254681648,2.17607042761005,-0.05469687037292,2.75706365279049,1.16202160834377,46.2614080055304,46.1756756756757,47.2477302204929,1.98442097941958,6.64496217104935,2.03655341126053,3.05997715026499,6.86237624991297,986,27,1,624,178,3,0.0889110889110889,108,16.3920076762577,1,1404,19.7275659267691,-36.5321770201362,29,9.1367102766623,0.293673095878972,0.17808037339836,9.58152881081614,1
260702_OBE_NWU_SP_2,O15,OBE,Control,SP,2,83,504048,1,99,234,1222,1222,2784,5568,2784,47.9923006118251,0.234,3352.08829803903,2.784,47.021964903788,46.9240506329114,47.376,1.43269628158186,4.94891186399113,0.982497779167323,0.716348140790932,45.1073268406901,45.1151832460733,45.684,2.87385701755703,9.38932137553068,3.29869086113425,1.43692850877851,40.3625898714661,39.4191176470588,42.664,2.26052934524524,12.5625702319528,6.67948906840789,1.13026467262262,34.2999392389155,33.5342465753425,34.788,2.32657463677392,12.582291027997,5.78280262424411,1.16328731838696,41.9811130851833,40.9481481481481,43.064,2.00620042231835,11.4411862502113,5.29775459074492,1.00310021115918,46.4160239477103,46.4242424242424,47,2.8350858064158,8.62290749436303,2.68216497458434,0.663410078701296,40.9100177454762,40.4056939501779,42.0323886639676,2.44035408552991,12.0006145623542,5.80232079607725,2.41106983650355,47.7696860723013,47.4267782426778,47.6043533930858,2.28087563305751,9.10975291820616,6.62484923750772,3.56272773883583,53.7259690183513,55.4776119402985,52.4276315789474,1.35869656444412,2.7365480859946,3.08829515638109,1.65217502236405,5.03494915300095,972,38,1,130,616,7,0.307692307692308,224,36.7323930293802,1,1856,-7.69114020110036,-9.04101686083299,19,4.97455482423278,1.29165889246985,0.706353984463766,21.3591173406664,1
260702_OBE_NWU_SP_2,O15,OBE,Control,SP,2,84,505993,1,99,406,952,952,1158,2316,1158,92.1661325824311,0.406,2741.41278765871,1.158,43.2777698749208,44,42.228,1.57283932400587,8.39631463119736,2.99167549398675,0.786419662002933,47.1110621424769,47.0714285714286,47.448,2.39601119830991,7.72171419355186,4.02381290365875,1.19800559915496,38.6213959404435,37.1518987341772,41.816,2.23990693512432,11.4435617544097,5.83226646783418,1.11995346756216,51.4410865681424,38,50.968,1.19294111789948,4.27766786758295,3.65517424177879,0.59647055894974,53.1905244347854,NaN,52.304,0.561903678129619,-1.26233902838679,2.78132600054172,0.280951839064809,47.8447185827823,47.8387096774194,47.8866995073892,1.99145576656972,6.77031379419615,3.34791239157082,0.808531041227304,40.6084492327885,39.1881720430108,42.7948717948718,2.56371533764346,11.2733592653291,5.82555718804018,1.39978857435333,47.1767291305575,38,49.3883495145631,1.61803166746742,7.59062437673457,5.33272597888951,0.333314523498289,54.2507774034691,56.1574074074074,52.7219343696028,1.18009471188439,0.818655198128924,3.09259178259012,1.36654967636213,4.55844450260441,438,46,1,284,310,2,0.154845154845155,216,57.2249405351309,1,1878,-4.68336179093152,-22.6628391707299,24,8.08548271410426,1.54602744162898,0.815129613212819,20.9778944925342,1
260702_OBE_NWU_SP_2,O15,OBE,Control,SP,2,85,507075,1,99,1018,1220,1220,1460,2920,1460,266.008379733278,1.018,2501.86410415159,1.46,54.8318116201023,55.5,53.872,1.07315686968838,-3.41086035736139,2.77153207714417,0.53657843484419,55.0746530054741,54.6014492753623,55.036,2.14686357698786,-1.91919647354621,3.75490459717451,1.07343178849393,52.6910518993141,52.3014705882353,53.076,2.3467727625669,-0.367219223377132,6.35868845877901,1.17338638128345,34.6915219365992,34.374449339207,34.564,2.45208125389864,11.748183371209,6.59870345538882,1.22604062694932,34.2904099041975,33.9550561797753,33.184,2.76090614321672,12.7397504567879,5.97717477825518,1.38045307160836,53.8120967240839,53.4452296819788,54.0373280943026,2.25529257194916,-1.05856465176243,5.25108344943869,2.29588783824424,40.3318230201733,39.7386363636364,39.8019801980198,2.40386843332732,11.4242794344791,7.09926305199331,0.485581423532119,29.6840426922236,29.7181818181818,29.8666666666667,2.4475623114338,12.4497679734785,6.53195946593762,0.587414954744111,36.3253976868095,37.3485254691689,34.4123287671233,2.04104268718203,11.6602806626567,4.75339523911266,2.97992232328577,4.48820474358773,1930,38,1,164,450,7,0.224775224775225,192,17.2787379202364,1,1864,-15.8903433883513,-0.463393754419933,30,11.1430600750774,1.23774608868918,0.691018092330117,19.5234442898803,1
260702_OBE_NWU_SP_2,O15,OBE,Control,SP,2,86,508372,1,99,336,1436,1436,1654,3308,1654,92.4066555295642,0.336,3103.24035045276,1.654,29.7429042059169,30.4098360655738,29.744,1.46169805410804,8.24445163934674,2.40187791822852,0.730849027054022,45.5791626455529,45.2441314553991,44.988,3.0369806736388,10.647982016715,5.68152035245532,1.5184903368194,36.5447264642823,36.8869047619048,36.992,2.89722301728494,14.2811533967294,6.98869001450203,1.44861150864247,48.7766398133542,48.4869565217391,48.388,3.12368727885328,8.76018855175527,6.14344118576879,1.56184363942664,48.3007362398967,47.5909090909091,49.204,2.05435975391724,5.25149061600446,2.38656579467573,1.02717987695862,46.0026267708841,45.8014705882353,45.3511904761905,2.87842124245803,10.3411349405798,5.44240325395891,0.967149537465899,42.7900999781072,43.2761692650334,42.4381818181818,3.07953019348424,12.4331844754564,6.60681214365467,3.38748321283266,51,51,51,2.0891064325258,-0.670275085602947,3.69956606704518,0.455425202290624,51.8607847268177,52.7222222222222,49.8839177750907,1.69215485893295,5.07635538674381,1.94904605199656,2.7988241366751,5.60456284870693,920,34,1,110,1000,11,0.4995004995005,166,34.4237490649574,1,1974,4.40827167520393,-22.9004913090408,23,6.3208746210827,1.52801578969383,0.846618734955919,23.7981789959217,1
260702_OBE_NWU_SP_2,O15,OBE,Control,SP,2,87,521633,1,99,318,760,760,2108,4216,2108,43.2429881599182,0.318,2050.22132257243,2.108,36.2977712640844,37.5515463917526,36.74,2.53653302193472,8.61387539428059,3.31905227898981,1.26826651096736,49.4687412583515,48.6418918918919,49.36,2.45315729403185,5.64107844995678,2.37112353842261,1.22657864701593,43.5145775752017,42.5586206896552,43.656,2.59098911983703,7.74037071234691,3.89238678666688,1.29549455991852,40.3041330781664,41.2066115702479,40.672,2.06938184739847,10.1720083291973,2.70248509663141,1.03469092369924,57.6744312492005,58,56.416,1.56846878772851,-5.43588915666843,-0.953486519191766,0.784234393864256,52.434795206309,53.5555555555556,51.7672955974843,2.18428895182511,-0.637365265046374,0.573522501137905,0.694603886680384,45.617663391187,45.0970149253731,45.447963800905,2.53016646895219,8.2947480498902,4.49350679773808,1.11833357927687,46.3545638433704,46.2354838709677,48.0029673590504,1.91739712571183,7.09937960667001,1.47840309569215,2.58465132545954,49.5771177451667,48.18401937046,50,1.99829499529034,4.50385607651452,2.48688626188197,3.78077413108933,4.71530300987052,752,46,1,262,550,9,0.274725274725275,134,32.2538459368275,1,1822,-16.4397647505217,-16.6648676815424,27,8.29766031303792,1.70806683730251,0.981606340708791,22.6327702853721,1
260702_OBE_NWU_SP_2,O15,OBE,Control,SP,2,88,532631,1,99,306,1230,1230,1616,3232,1616,69.3176693630786,0.306,3324.7808940456,1.616,39.4023338032231,NaN,39.584,0.714744145328685,9.3678634431743,1.53703224156321,0.357372072664343,47.7449104870232,48.0681818181818,47.38,2.94278384168696,9.62353121082801,3.39717409512819,1.47139192084348,33.076980264277,32.87,33.172,2.63563370564526,11.9193305427335,5.07861924709391,1.31781685282263,41.8172570049754,42.1699346405229,42.104,2.28437932763334,10.7364847302528,5.11906375814151,1.14218966381667,33.1741747361292,26.537037037037,34.448,1.39217941867537,8.25818694525928,3.68605333131024,0.696089709337687,49.0569463229625,49.1565217391304,49.359477124183,3.0615025862976,8.91474235805849,3.09936885208547,0.936819791407065,38.0696342202065,37.6583850931677,38.0606060606061,2.43643679020603,10.905830700063,4.3664224209631,2.25126759415037,41.1054394726238,40.2934782608696,41.8652849740933,2.47383974113231,11.4333211908035,5.77446655093508,0.954902140077074,43.9228814873508,45.6993865030675,41.4665841584158,1.63309021547491,8.65573662589742,3.9772779511445,2.63907378820746,4.90156915585666,278,48,1,170,510,6,0.254745254745255,220,108.108082756128,1,1980,-19.3204325554923,-29.1448617262813,25,7.90897349479179,1.56593983205795,0.973987208641478,21.7209126480935,1
260702_OBE_NWU_SP_2,O15,OBE,Control,SP,2,89,534624,1,99,316,836,836,1504,3008,1504,45.7781064156063,0.316,5557.55254733313,1.504,47.4758741998886,48.037037037037,47.068,2.07710254132663,7.37091195036287,5.69589599168169,1.03855127066331,42.9166389477613,43.1483050847458,42.94,3.3117270986503,10.1467200859153,5.67327380187828,1.65586354932515,33.7127674069497,34.9186991869919,34.816,2.31973876186868,11.8876667492474,5.97604163677323,1.15986938093434,38.9957624155817,41,38.34,1.90869228606194,11.9333675255158,5.02568058753463,0.954346143030969,37.5470056388133,37.0493827160494,37.788,1.43472634712266,10.9617349096445,4.37950214063493,0.717363173561329,46.0191781106973,45.9038461538462,45.9050632911392,3.490870436105,8.61912170849679,5.28387218849171,1.10311505780918,33.3449664114383,34.3809523809524,34.3115384615385,2.62384949995948,11.6913291798101,6.15467179904142,1.36440173997893,39.2211338681962,40.7089552238806,38.6826347305389,1.96186398257269,12.0776348355703,5.21083679841683,1.31052514035855,39.1449322802576,37.8759124087591,39.8603723404255,1.10859840943789,9.60687185730353,3.33413618608516,1.66733200779458,5.68326942489364,86,47,1,4,444,3,0.221778221778222,200,16.6967172891489,1,1384,-27.0540694365396,-7.12342278631778,18,5.64060485075675,1.75743994335467,1.13512355243904,25.15582196192,1
260702_OBE_NWU_SP_2,O15,OBE,Control,SP,2,90,536529,1,99,400,1648,1648,1866,3732,1866,104.853589119126,0.4,3256.03791650131,1.866,42.5734263392881,42,44.26,1.66834282417609,9.65744581567175,2.63303775182922,0.834171412088047,47.1507601727665,47.2931034482759,47.176,1.85343340385266,7.21497169146883,2.72459626660445,0.926716701926328,34.5364676557943,34.7328767123288,34.28,2.44000105561394,10.4284921141901,5.01737227390674,1.22000052780697,30.188384476804,28.3414634146341,34.296,1.75695668815345,6.30880996882522,2.70432439682418,0.878478344076725,37.0136411361619,34.0740740740741,41.78,1.89198856509101,6.80109574974027,2.62062429293689,0.945994282545504,48.3415173574045,48.0192307692308,48.72,1.9410197865626,6.10340889956654,2.34234832945974,0.77640791462504,34.7300006662638,32.202846975089,37.5192307692308,1.92005051338599,8.43292232343336,3.57924045529696,2.39622304070571,32.0023879286897,32,34.9816513761468,1.89052304566421,7.76032141553382,3.33974361207266,0.412134023954798,41.1390931143852,40.2946428571429,41.5112540192926,1.42308894607645,9.13951996132446,3.27699096716303,2.65548397337865,4.64355979154695,1844,32,1,520,420,5,0.20979020979021,154,29.8815564457139,1,1790,-28.9364446974009,-28.3031227900398,23,8.26177417782579,1.45914140785629,0.859461327452284,20.108729884018,1
260702_OBE_NWU_SP_2,O15,OBE,Control,SP,2,91,538267,1,99,402,1308,1308,1480,2960,1480,119.981685699832,0.402,3594.86145580857,1.48,39.695784082199,36,41.888,0.932040070060719,8.66088507632333,2.1225523460091,0.466020035030359,53.136439723071,53.1151832460733,52.836,3.1551872420343,1.09156030774161,6.5116979883145,1.57759362101715,43.3129832052475,43.6377551020408,42.644,2.70502927856164,11.129900446236,5.74600183771791,1.35251463928082,31.847814696644,29.7017543859649,34.14,2.06650088632688,9.24037212115572,3.78242000424251,1.03325044316344,38.5121000553265,39.3444444444444,38.396,1.78427569557111,10.3328645335693,3.61861857512075,0.892137847785554,52.8782051377289,52.7721518987342,52.5024875621891,3.26691676886448,1.58586943706759,5.73463953814141,1.31330054108352,39.9159633679819,40.2994011976048,39.4194260485651,2.67448122602094,9.94076613743201,5.7626691448029,2.42307999077497,40.1507019651327,31.7777777777778,41.453488372093,1.24201968681173,9.8203949785758,3.29350968734266,0.213627386131618,34.253084998033,34.6396761133603,33.9135135135135,1.62786241426384,8.94804510009797,3.63619615439242,2.40923637311049,5.10892453379137,378,55,1,194,600,8,0.2997002997003,238,88.951843820786,1,1988,9.27983304875733,-27.3701939181896,26,8.8409632712648,1.87201677693306,1.35127407305023,24.4604485481988,1
260702_OBE_NWU_SP_2,O15,OBE,Control,SP,2,92,551788,1,99,410,958,958,1188,2376,1188,100.219885062476,0.41,2901.39795325342,1.188,42.4769861116734,41.8260869565217,43.012,2.30988128339642,11.489227193863,4.61450419239733,1.15494064169821,53.7584242008506,53.2738095238095,54.848,1.57103592087874,-2.03757567038753,1.01208748075971,0.785517960439371,49.4350469302856,49.3135593220339,49.268,2.00718849714567,5.52858017015368,2.20875890208884,1.00359424857283,54.783968869507,54,55.76,1.23013279134276,-3.37185580463986,2.7044728142381,0.615066395671382,46.7307794483673,43.0272727272727,50.636,1.98437602353202,9.85536289131391,5.71058505018948,0.992188011766008,54.6274596083313,53.8194444444444,55.9121951219512,1.55609254458088,-2.82992538950421,0.526343279763823,0.63799794327816,48.9513512404119,48.4862385321101,49.0255474452555,1.86920026716543,5.29645594286284,2.34611186724565,1.02432174640666,54,54,54,2.38713440056244,-2.23703274938278,3.13718572783415,0.549040912129361,46.3533203591978,43.875,50.3922558922559,1.9584295810205,8.3999832762375,5.42692806368269,2.32661434225235,4.29736468283782,50,55,1,8,306,5,0.152847152847153,106,42.8162765308594,1,1952,-12.5486624928856,-6.19058696542225,14,4.93384200487797,1.99702006259926,1.40706296368576,24.371414760838,1
260702_OBE_NWU_SP_2,O15,OBE,Control,SP,2,93,567101,1,99,278,1966,1966,2140,4280,2140,77.4007509076329,0.278,4259.97707037935,2.14,43.4583546585562,42.2990654205607,45.052,2.05459020078225,10.4143889027578,5.37576013869133,1.02729510039112,44.833152017566,44.8772727272727,45.072,2.69465809807606,8.29885342409081,4.89614425038497,1.34732904903803,41.7178915209334,42.0693069306931,41.852,1.78079217731327,9.6396465168001,6.34873150740096,0.890396088656634,43.0667495941484,42.8815789473684,43.484,2.35802651679374,9.05419583811726,6.25931828295839,1.17901325839687,35.9851650159522,35.5028901734104,35.384,2.82053810199452,11.4639561637424,7.28119514233465,1.41026905099726,47,47,47,2.54998421209128,3.20216956861452,2.57004992440019,0.708895610961375,40.7220518094667,40.7538759689922,40.8447867298578,2.36162348949976,10.2028239086288,6.64629693115996,3.98642045027559,32.3505190418108,33.0875,33.0804597701149,2.62216318638587,13.9446671449845,6.84613633464283,0.456256394431141,35.8989743941701,36.6742209631728,35.7935483870968,1.66929842868701,11.7237645302691,5.16011238567098,3.10489507735784,4.81648088532273,1566,45,1,74,602,7,0.300699300699301,156,18.1468830548508,1,1896,-17.1056725479036,-3.97941712881975,22,6.41054987023756,1.2672731863072,0.88183232269746,19.6619436079657,1
260702_OBE_NWU_SP_2,O15,OBE,Control,SP,2,94,567101,1,99,278,1966,1966,2140,4280,2140,77.4007509076329,0.278,4259.97707037935,2.14,43.4583546585562,42.2990654205607,45.052,2.05459020078225,10.4143889027578,5.37576013869133,1.02729510039112,44.833152017566,44.8772727272727,45.072,2.69465809807606,8.29885342409081,4.89614425038497,1.34732904903803,41.7178915209334,42.0693069306931,41.852,1.78079217731327,9.6396465168001,6.34873150740096,0.890396088656634,43.0667495941484,42.8815789473684,43.484,2.35802651679374,9.05419583811726,6.25931828295839,1.17901325839687,35.9851650159522,35.5028901734104,35.384,2.82053810199452,11.4639561637424,7.28119514233465,1.41026905099726,47,47,47,2.54998421209128,3.20216956861452,2.57004992440019,0.708895610961375,40.7220518094667,40.7538759689922,40.8447867298578,2.36162348949976,10.2028239086288,6.64629693115996,3.98642045027559,32.3505190418108,33.0875,33.0804597701149,2.62216318638587,13.9446671449845,6.84613633464283,0.456256394431141,35.8989743941701,36.6742209631728,35.7935483870968,1.66929842868701,11.7237645302691,5.16011238567098,3.10489507735784,4.81648088532273,1566,45,1,74,602,7,0.300699300699301,156,18.1468830548508,1,1896,-17.1056725479036,-3.97941712881975,22,6.41054987023756,1.2672731863072,0.88183232269746,19.6619436079657,1
260702_OBE_NWU_SP_2,O15,OBE,Control,SP,2,95,569206,1,99,462,1250,1250,1732,3464,1732,118.236510023245,0.462,2815.55170773035,1.732,48.433537332249,49,47.652,1.59737065878393,4.28891890191162,2.3501720858072,0.798685329391966,42.6444879613099,42.4307692307692,42.576,2.02545545056987,10.0783800344335,5.610860404742,1.01272772528493,57.4791893595843,57.1153846153846,57.568,1.58834017860431,-0.496396537956085,7.68131449866209,0.794170089302155,52.7145824154432,57,49.664,1.35374658769618,1.51756551754943,3.74862721695931,0.676873293848091,43.0464091289768,42.8897637795276,42.576,2.07345867146193,6.37557426171973,4.98119774301963,1.03672933573097,42.6469915547081,42.4307692307692,42.6536796536797,2.18409124129838,10.2819487093133,5.79932290356391,1.00905015347985,56.7408441684614,57.0582524271845,55.8299492385787,1.68873277064497,0.595972077095578,6.93282999584116,1.33072142326824,29.7536577497252,25.1666666666667,36.3609958506224,1.2225141011179,6.77065627809866,3.60834513375972,0.589251796738827,46.95150931569,46.7111517367459,47.5496535796767,2.51828905231603,9.31067809981428,5.18232951158384,4.36167663861136,5.10788828571937,1004,57,1,124,348,5,0.173826173826174,130,47.3006177248051,1,1918,-23.9700246632518,29.0048200394536,33,11.2554811435232,1.21964190129838,0.6948783067097,19.4217157103736,1
260702_OBE_NWU_SP_2,O15,OBE,Control,SP,2,96,572094,1,99,322,1068,1068,1314,2628,1314,81.1685233669658,0.322,3131.89880165963,1.314,55.3973370522628,54.7826086956522,55.56,1.37230204166861,-4.56342955761475,0.760588427548019,0.686151020834304,36.8075003810324,35.8612716763006,38.908,2.66365992561288,13.6951917353149,7.26021939352901,1.33182996280644,31.5347929681306,29.15625,35.308,1.67015886595918,9.42029200790358,3.94303194621502,0.835079432979588,48.0723395118744,47.3454545454545,47.312,3.09966007710504,8.67971716834569,5.43135916291736,1.54983003855252,52.3289985341007,51.24,52.5,1.64269616069941,-0.0502878586535045,5.97688010274479,0.821348080349707,39.4951248457682,38.6785714285714,42.0621118012422,2.37332594729425,13.1852357274076,7.22859994381504,0.76421095502875,33.1614114412849,32.3540669856459,35.4155495978552,2.08392678517851,11.4031272143337,4.98385395049631,1.55460938174316,46.4727177087266,45.7394957983193,45.7479674796748,3.04491010616544,9.71817757258165,5.43771274457552,0.749047886116699,50.6556698232312,52.2142857142857,49.5433789954338,1.81664377964252,5.42142009936351,5.63116168908795,2.38706992645027,5.2589851441562,1324,51,1,176,556,5,0.277722277722278,202,36.2697679530963,1,1796,-38.472775564409,6.60726914058138,29,8.67738675686168,1.66463441508429,1.21440309387132,20.7239803623595,1
260702_OBE_NWU_SP_2,O15,OBE,Control,SP,2,97,572094,1,99,322,1068,1068,1314,2628,1314,81.1685233669658,0.322,3131.89880165963,1.314,55.3973370522628,54.7826086956522,55.56,1.37230204166861,-4.56342955761475,0.760588427548019,0.686151020834304,36.8075003810324,35.8612716763006,38.908,2.66365992561288,13.6951917353149,7.26021939352901,1.33182996280644,31.5347929681306,29.15625,35.308,1.67015886595918,9.42029200790358,3.94303194621502,0.835079432979588,48.0723395118744,47.3454545454545,47.312,3.09966007710504,8.67971716834569,5.43135916291736,1.54983003855252,52.3289985341007,51.24,52.5,1.64269616069941,-0.0502878586535045,5.97688010274479,0.821348080349707,39.4951248457682,38.6785714285714,42.0621118012422,2.37332594729425,13.1852357274076,7.22859994381504,0.76421095502875,33.1614114412849,32.3540669856459,35.4155495978552,2.08392678517851,11.4031272143337,4.98385395049631,1.55460938174316,46.4727177087266,45.7394957983193,45.7479674796748,3.04491010616544,9.71817757258165,5.43771274457552,0.749047886116699,50.6556698232312,52.2142857142857,49.5433789954338,1.81664377964252,5.42142009936351,5.63116168908795,2.38706992645027,5.2589851441562,1324,51,1,176,556,5,0.277722277722278,202,36.2697679530963,1,1796,-38.472775564409,6.60726914058138,29,8.67738675686168,1.66463441508429,1.21440309387132,20.7239803623595,1
260702_OBE_NWU_SP_2,O15,OBE,Control,SP,2,98,621045,1,99,508,828,828,1604,3208,1604,155.93927562472,0.508,3183.59788926544,1.604,53.7452257711168,53.5421686746988,53.952,2.62436035013308,1.06186142188841,8.52071877645679,1.31218017506654,50.9343070716602,51.4109589041096,51.828,3.01408981482418,5.01184026713327,8.15607603464236,1.50704490741209,56.5175417959363,56.4765625,55.972,2.09825710172631,0.60883860394834,10.1906595228029,1.04912855086316,54.6972419068726,54.9807692307692,53.852,1.69619180100957,0.419848624552178,5.6831867692387,0.848095900504787,46.6582814565835,45.9745762711864,47.18,1.70590144325091,6.14744517792965,6.34019168153837,0.852950721625457,50.9353633755089,51.4035874439462,51.8149606299213,3.01510495696526,4.97594905197067,8.21630450778714,1.53167331813835,56.3622044095855,56.1444444444444,56.0125,2.31269348318735,0.917277128602288,11.1285002701438,0.740061914619953,54.7858690209008,55.7246376811594,53.7912371134021,1.62310576809353,0.271935100959153,6.36569811404536,1.25953007604058,46.6199039799459,46.0858585858586,47.4775561097257,1.92661275211578,5.23009563039535,5.94463162430948,3.09028685439371,4.32941891034905,288,44,1,0,436,5,0.217782217782218,126,24.2225192865227,1,1238,-21.6915196357427,14.721033237801,16,5.36425215514514,1.34558190135912,1.42531226751116,18.1694531567988,1
260702_OBE_NWU_SP_2,O15,OBE,Control,SP,2,99,638426,1,99,236,862,862,1024,2048,1024,69.3679193869974,0.236,4213.40316600769,1.024,53.2311224225879,57.4,51.532,1.00059999455031,1.4395035672571,-0.758045277491774,0.500299997275157,47.535964068744,47.4622222222222,46.604,3.37531746703452,10.3121139222602,6.41142491563967,1.68765873351726,28.8710849227,28.9607843137255,27.908,1.84579953252589,11.3732399844129,5.68998199087518,0.922899766262947,33.4056582070946,33.6161616161616,32.796,3.14576213186298,17.4085187520505,9.29527635743498,1.57288106593149,35.3859743786383,35.9823008849558,34.204,2.12092400372423,13.1717145888795,6.38217729581374,1.06046200186212,49.2854298466527,49.2627118644068,49.2627118644068,3.35654690671321,7.65050427556914,5.02534418158662,0.792145069984317,39.9822011495182,40.2567567567568,34.2012779552716,2.08475151391127,10.1237285892253,5.77976804576648,1.30505444770846,30.4111527346873,30.4383561643836,30.4938271604938,3.7334548330039,14.9874169019786,8.30639736398483,0.604819682946631,34.4803366205347,34.7741935483871,33.79296875,2.57114166926007,15.6810498990336,7.94006188641658,2.63284906932232,5.67389032750861,258,50,1,76,822,4,0.410589410589411,290,98.8883243068531,1,2000,-22.4003035477139,-29.6188632895373,25,7.59781752917742,1.59867166386211,1.14548992959712,23.5360377221214,1
