task,metric,ctrl_mean,ctrl_sd,dupi_sd,d_sep,p_sep,rho,p_rho,S1,S2,S3,d_S1_ctrl,d_S3_ctrl,recover_gain,p_sep_fdr,p_rho_fdr
audiobook,inhalePeakMs__mean,812.5519957643522,88.58986564865127,148.60857262715427,-0.33800404829149283,0.4110835236848801,0.023810573681597405,0.9024232493071618,756.5659521409499,717.7634677525099,763.8264103308593,-0.38805896285837216,-0.3697597523450778,0.01829921051329436,0.6397605648827044,0.9967397636835182
audiobook,returnCrossMs__mean,1507.7919751136478,184.42905027529284,383.3969459832905,-0.11382344273158732,0.7730738036075413,0.04338815648646638,0.8231622329327181,1482.897531637637,1357.3937476041128,1437.4348990086235,-0.06046646443547985,-0.2843149794501845,-0.22384851501470468,0.8995214679130524,0.9967397636835182
audiobook,exhaleStartMs__mean,1507.7919751136478,184.42905027529284,383.7821648381446,-0.11403045226518978,0.7726019911765332,0.04338815648646638,0.8231622329327181,1483.251193914185,1356.6101880264357,1436.8275063067895,-0.05958105063088314,-0.28650346543942223,-0.22692241480853909,0.8995214679130524,0.9967397636835182
audiobook,exhaleTroughMs__mean,2172.6957119450685,325.58904174060683,648.5398007738307,0.47239458954593644,0.26697959660967124,0.012963534559980809,0.9467865993958071,2410.081187458899,2228.8062487063307,2547.7775734565985,0.3775983974615022,0.6152492668037008,-0.23765086934219865,0.5707839651655043,0.9967397636835182
audiobook,endSymMs__mean,4345.391423890137,651.1780834812137,1297.0796015476615,0.4723945895459364,0.2669795966096714,0.012963534559980809,0.9467865993958071,4820.162374917798,4457.6124974126615,5095.555146913197,0.3775983974615022,0.6152492668037008,-0.23765086934219865,0.5707839651655043,0.9967397636835182
audiobook,breathLenMs__mean,4241.526268687157,533.9616731484865,1776.6645255709764,0.6923398757263672,0.07400032602751684,-0.03280567929464532,0.8658452532306651,5424.7627446940905,5113.1451229748145,4569.245412450794,0.6334921948590461,0.42988974965332866,0.2036024452057174,0.3588927780877786,0.9967397636835182
audiobook,inhaleVolume__mean,1595.7704627729865,297.7422022436823,473.2940381231559,0.3005773432048728,0.4711920761475761,-0.04682746157380823,0.8093898167123548,1775.8200924624284,1640.4148650883535,1590.8759595789252,0.3395872679851232,-0.016131347143735892,0.3234559208413873,0.6626140934028462,0.9967397636835182
audiobook,inhaleDuration__mean,1.5652346430402417,0.215101881626991,0.44140626230297664,0.20305024146409525,0.6144508436559565,0.026456192979552675,0.8916413435081655,1.6774425952197094,1.4846009644007214,1.6468475742048712,0.23327253067327675,0.28968051128505035,-0.0564079806117736,0.7755864970374979,0.9967397636835182
audiobook,peakInspFlow__mean,1.7822397933411362,0.12864280763762878,0.2981756806697012,0.7516105224849154,0.07827451125881676,-0.22884606927313061,0.23244224982844902,1.942135324918452,2.0091231836780885,1.7456204302128933,0.6204474869417315,-0.3185182723709971,0.30192921457073435,0.3588927780877786,0.9967397636835182
audiobook,breathLength__mean,4.241526268687157,0.5339616731484866,1.7766645255709763,0.6923398757263673,0.07400032602751674,-0.03280567929464532,0.8658452532306651,5.424762744694091,5.113145122974815,4.569245412450794,0.6334921948590463,0.42988974965332877,0.20360244520571752,0.3588927780877786,0.9967397636835182
audiobook,w1_rfreqPW__mean,42.30144263503125,2.2940987320685027,1.775030155521562,0.5778154396513643,0.34402975371028804,-0.1960403899784853,0.30810563118859174,43.6660194566272,42.69637703707171,43.384571879956326,0.6190052354779542,0.6241877370758926,-0.005182501597938427,0.6290413087861608,0.9967397636835182
audiobook,w1_rfreqGated__mean,42.05641164352125,2.4573263828062952,1.9330459000253495,0.5512854330238209,0.37180924012621047,-0.1463027471769263,0.4488718011771392,43.52120363104791,42.25545592739463,43.16945865961395,0.6040327519092943,0.5890430610043953,0.014989690904898989,0.6397605648827044,0.9967397636835182
audiobook,w1_rfreqRaw__mean,42.46447902495663,2.2461307667452006,1.5971961760508866,0.6323149441783154,0.31501592711438514,-0.14709643296631286,0.4463878376146263,43.82419002032029,43.03480570184507,43.446784805728,0.6744506069695295,0.5816491722540572,0.09280143471547231,0.6167680257186909,0.9967397636835182
audiobook,w1_rpowZ__mean,1.923797736414367,0.13286211912313883,0.1746105486155596,-0.38067515612933894,0.4295941176901419,0.23889942260536062,0.21199807413826247,1.84521506374948,1.8913882961015842,1.956615435259226,-0.5309524836818537,0.1903933554738174,0.34055912820803624,0.6397605648827044,0.9967397636835182
audiobook,w1_rpowDb__mean,2.621986345000934,3.1912636420052087,5.51618473186044,-1.413299357615042,0.002397749314940514,0.03545129859260058,0.8551350152968851,-4.724289714360052,-2.958512878050993,-4.232182421974589,-1.3663496182193902,-2.05942720282553,-0.6930775846061399,0.06965275070647967,0.9967397636835182
audiobook,w1_bandDb__mean,-1.3868995173094998,3.0967356428568205,5.759987052756308,-1.1876617699284333,0.007137079458727573,0.029101812277507938,0.8808783006465745,-7.7421129912648565,-6.1514172653544765,-7.812684216473443,-1.1273526678752008,-1.8313405565515488,-0.703987888676348,0.08080395806170748,0.9967397636835182
audiobook,w1_aucZ__mean,0.9618988682071836,0.06643105956156939,0.08730527430777982,-0.3806751561293393,0.42959411769014155,0.23889942260536062,0.21199807413826247,0.9226075318747402,0.9456941480507922,0.9783077176296133,-0.530952483681852,0.19039335547381983,0.34055912820803214,0.6397605648827044,0.9967397636835182
audiobook,w2_rfreqPW__mean,42.580179936967845,1.8425263749699237,1.5417996614803187,0.5988750587598081,0.3271354639571781,0.059261872274197984,0.7600877838431723,43.481687559015086,42.659684167192594,44.14456246107447,0.6534707200886722,0.9616560244126094,-0.3081853043239372,0.626849026107545,0.9967397636835182
audiobook,w2_rfreqGated__mean,42.191799026536074,1.9070572139271489,1.600529724275173,0.7057665280629971,0.24632121732187903,0.0015873715787731602,0.9934795787102112,43.46169632175888,42.2827854924908,43.9033159958754,0.8608388566989966,1.0089603518593322,-0.14812149516033557,0.5528970165655037,0.9967397636835182
audiobook,w2_rfreqRaw__mean,42.77312322913188,1.878323974991833,1.5097785696933448,0.5637331737132024,0.3687743622142389,0.08836368455170593,0.6485230455560795,43.57518820667115,42.95331231498752,44.23601307649397,0.5724524296326907,0.8680367740648637,-0.29558434443217296,0.6397605648827044,0.9967397636835182
audiobook,w2_rpowZ__mean,1.904010682277065,0.07571779383981517,0.21285088394811486,-0.6333956504395969,0.12632283642744735,0.16270558682424893,0.3990633198080241,1.8336645275066004,1.8219487145258069,1.8639865553386505,-0.4695353926574534,-0.16820081817037663,0.3013345744870768,0.390145688308448,0.9967397636835182
audiobook,w2_rpowDb__mean,2.6718745569378517,3.0753787516413866,5.565297832117344,-1.446929229584261,0.0018286581370405843,-0.014550906138753969,0.9402815358143273,-4.645503641609489,-3.0145224365950463,-4.815514711180505,-1.388074784034059,-2.328080484726516,-0.9400057006924571,0.06965275070647967,0.9967397636835182
audiobook,w2_bandDb__mean,-1.3230148470666847,3.001516564443081,5.647820431832635,-1.238198750729647,0.005337193304528886,-0.011640724911003176,0.9522100604969364,-7.674469270162088,-6.249632852375652,-8.040258076183694,-1.1541611227869888,-1.9430321879650219,-0.7888710651780331,0.06965275070647967,0.9967397636835182
audiobook,w2_aucZ__mean,0.9520053411385325,0.03785889691990781,0.10642544197405733,-0.633395650439597,0.1263228364274477,0.16270558682424893,0.3990633198080241,0.9168322637533001,0.9109743572629034,0.931993277669325,-0.4695353926574551,-0.16820081817037855,0.30133457448707657,0.390145688308448,0.9967397636835182
audiobook,w3_rfreqPW__mean,44.25929483574055,2.7501591742767815,1.4380529608870207,-0.336396083191689,0.5986329388713614,0.2735570354085747,0.1510288608353287,43.30554184717273,43.63700155270632,44.352476810015304,-0.4394461700120676,0.04254118403409544,0.39690498597797214,0.7755864970374979,0.9967397636835182
audiobook,w3_rfreqGated__mean,44.1869747647867,2.872772810711641,1.4912965041659703,-0.32338257157068295,0.6076623062562343,0.14312800401937997,0.45888124871750424,43.35493972064548,43.46191046116794,43.96248587050987,-0.36310795677312285,-0.09807425261810514,0.2650337041550177,0.7755864970374979,0.9967397636835182
audiobook,w3_rfreqRaw__mean,44.30696089986055,2.584707543703781,1.3694715027833995,-0.3061563370617698,0.6278042102345487,0.3296441645252263,0.0807606544507398,43.420419540939854,43.8266332032806,44.49022151444448,-0.43954352460361246,0.08904426237159996,0.3504992622320125,0.7837019000243359,0.9967397636835182
audiobook,w3_rpowZ__mean,2.1624012130906562,0.20559014068234346,0.16313700848436105,-1.1758110428659296,0.05454824963805179,0.11693637296962282,0.545776963288316,1.9493797475029115,2.0072919736946004,2.0225105238527394,-1.3113159742009075,-0.7259420051590034,0.5853739690419041,0.3498611873337128,0.9967397636835182
audiobook,w3_rpowDb__mean,3.3788718911317703,3.4406744456319442,5.661376616520763,-1.4636392873232213,0.002008959952176486,0.052118700169718764,0.7883111308277374,-4.373817989651615,-2.545291409157657,-4.309995211589714,-1.438244458620224,-2.199027794543361,-0.7607833359231368,0.06965275070647967,0.9967397636835182
audiobook,w3_bandDb__mean,-0.8213395718832117,3.1256617815839296,5.8354885515212915,-1.2298917307183168,0.005617157315038683,0.04894395701217244,0.8009418042424925,-7.442704742461429,-5.822096313680633,-7.667598138617812,-1.1806189502873288,-1.8601070458935471,-0.6794880956062184,0.06965275070647967,0.9967397636835182
audiobook,w3_aucZ__mean,1.0812006065453281,0.10279507034117172,0.08156850424218075,-1.175811042865928,0.05454824963805199,0.11693637296962282,0.545776963288316,0.9746898737514558,1.0036459868473004,1.01125526192637,-1.3113159742009082,-0.7259420051589999,0.5853739690419083,0.3498611873337128,0.9967397636835182
audiobook,w4_rfreqPW__mean,43.60757310784736,3.0298489017927706,1.4172271056730896,-0.021720460868274186,0.9724336716977995,-0.06084924385297114,0.753855254772851,43.43016355809523,43.47906300703541,43.38401460987624,-0.08686921902892286,-0.09568328199440486,-0.008814062965481997,0.9780948614493896,0.9967397636835182
audiobook,w4_rfreqGated__mean,43.10712013941778,3.1767976890537435,1.494530180790953,0.07480334061244945,0.9049557604055468,0.044975528065239544,0.816799088326703,43.04773842039654,43.25810181684616,43.24859001327341,-0.027261591524589845,0.0575331533262102,-0.030271561801620356,0.9515157154248863,0.9967397636835182
audiobook,w4_rfreqRaw__mean,43.83129003929677,2.939993146594597,1.3989277339238442,-0.03250514252541197,0.9585479955598342,-0.09233211349863882,0.6338094224707029,43.6034962865439,43.7523172989533,43.508728545180205,-0.11622416175157096,-0.1422403483048292,-0.02601618655325824,0.9742618971263889,0.9967397636835182
audiobook,w4_rpowZ__mean,2.067905807609859,0.20062050299193399,0.1915968686539084,-0.38547870353000363,0.4676204841898207,0.10450196226923306,0.5895509601194318,1.9696862207760928,2.044566003497967,2.0586106352994444,-0.558097227631394,-0.044233749788797426,0.5138634778425966,0.6626140934028462,0.9967397636835182
audiobook,w4_rpowDb__mean,3.2234342019411506,3.4289734854895086,5.956713097165232,-1.3337133308338958,0.003658437606963876,0.06852153981704143,0.7239504847999649,-4.28722972112389,-2.3587746110161074,-3.704118964296567,-1.3668372234544026,-1.7792684382715325,-0.41243121481712985,0.06965275070647967,0.9967397636835182
audiobook,w4_bandDb__mean,-0.829613029069506,3.107346323525005,6.046294815698902,-1.1636273212536603,0.007675222770766515,0.06243661543174431,0.7476378133376279,-7.376656612568214,-5.662642174932975,-7.324270068664363,-1.1536321391207776,-1.6765657502829299,-0.5229336111621523,0.08080395806170748,0.9967397636835182
audiobook,w4_aucZ__mean,1.0339529038049298,0.10031025149596692,0.0957984343269541,-0.3854787035300068,0.46762048418981716,0.10450196226923306,0.5895509601194318,0.9848431103880464,1.0222830017489832,1.029305317649722,-0.5580972276313971,-0.04423374978880164,0.5138634778425955,0.6626140934028462,0.9967397636835182
audiobook,w5_rfreqPW__mean,44.05714945369941,1.5251754204986578,1.346996255695519,-0.3822871844284746,0.480120172995426,-0.40134044749981407,0.030938264966210997,43.88866537274317,43.93915325600323,42.20561758693076,-0.14703058597819046,-1.4485204127967568,-1.3014898268185664,0.6626140934028462,0.9590862139525409
audiobook,w5_rfreqGated__mean,43.857999728715974,1.7870038609340522,1.4624073188852786,-0.39589243535756274,0.4802361271292481,-0.40901274346388433,0.027587638904762825,43.65118864352913,43.60113232498101,41.92409756301515,-0.15950761501407415,-1.275821477507306,-1.1163138624932318,0.6626140934028462,0.9590862139525409
audiobook,w5_rfreqRaw__mean,44.136302506278895,1.5244983993478403,1.2239836905398294,-0.3772290102864095,0.49936769351298027,-0.420918030304683,0.022977365208747925,44.00668897302242,44.032437379370954,42.45649166512458,-0.11413834059268803,-1.3614408502670072,-1.247302509674319,0.6779736568862359,0.9590862139525409
audiobook,w5_rpowZ__mean,2.033435839212056,0.09755671886533128,0.17340594752501393,-0.5015599986677619,0.2385300229395327,0.07751664543008932,0.6893920864303669,1.9702134054868476,1.9701127903860607,1.96321984232516,-0.35131389565440335,-0.5835244701162192,-0.23221057446181587,0.5477356082315196,0.9967397636835182
audiobook,w5_rpowDb__mean,3.274007050923694,3.4474918462695254,5.999535249714428,-1.3379317825118797,0.003541389406133829,0.08201419823661328,0.6723344214849738,-4.233874678583009,-2.6313939980828227,-3.677051316027595,-1.3182879728128634,-1.793830847425482,-0.4755428746126187,0.06965275070647967,0.9967397636835182
audiobook,w5_bandDb__mean,-0.9200733442014211,3.1203474384163656,6.062682981450189,-1.1447489921600338,0.00856301549039987,0.051854138239923235,0.789361731290929,-7.277040556397278,-5.76019761383693,-7.551006482288211,-1.1110081121887916,-1.7330109380990162,-0.6220028259102246,0.08080395806170748,0.9967397636835182
audiobook,w5_aucZ__mean,1.0167179196060283,0.04877835943266575,0.08670297376250706,-0.5015599986677651,0.23853002293953024,0.07751664543008932,0.6893920864303669,0.9851067027434238,0.9850563951930302,0.9816099211625801,-0.35131389565440596,-0.5835244701162188,-0.2322105744618128,0.5477356082315196,0.9967397636835182
audiobook,p1_rfreqPW__mean,43.36823893119147,1.941399433019416,1.3061905099471351,0.05929722450277125,0.9255177538685937,0.242603289622498,0.20478501439446156,43.394117949442176,43.04629155202935,44.38756582127092,0.018579000294707253,0.6399459688512189,-0.6213669685565116,0.9515157154248863,0.9967397636835182
audiobook,p1_rfreqGated__mean,43.26227339874948,2.06677893344822,1.4398249134684225,-0.015534513774696697,0.9802780243945826,0.2531857668143191,0.18510958953498835,43.199571991034354,42.81334009915909,44.31732472276765,-0.042194464431510086,0.6251905196767928,-0.5829960552452828,0.9802780243945826,0.9967397636835182
audiobook,p1_rfreqRaw__mean,43.37413366543276,1.8344947561821197,1.3107334179042165,0.17028938160508028,0.7883325294494107,0.21217866769601243,0.269160784762483,43.51726015730922,43.259317295494505,44.4650968955048,0.10643435122683378,0.6996378149315996,-0.5932034637047658,0.9008134597391068,0.9967397636835182
audiobook,p1_rpowZ__mean,2.0239575668497394,0.09553260452564385,0.16673370400397194,-1.4967725038794666,0.004801084335792203,0.22620044997517536,0.23803427463227522,1.8461028173265037,1.8681510292223347,1.9357696159755935,-1.2541954764802008,-0.4755891628220471,0.7786063136581537,0.06965275070647967,0.9967397636835182
audiobook,p1_rpowDb__mean,3.1334478512196156,3.1137665067727953,5.633001760095726,-1.4570298601299716,0.001701052336739321,0.012698972630185282,0.9478711131818545,-4.404678115649234,-2.7688024373516757,-4.449112874180284,-1.4171839289006098,-2.3431038290488946,-0.9259199001482847,0.06965275070647967,0.9967397636835182
audiobook,p1_bandDb__mean,-1.0806504404748012,2.9457834786890085,5.719451024315961,-1.250102532165122,0.004743327862204064,0.018519335085686872,0.924036200355522,-7.602955499946863,-6.134458917397173,-7.8862907301302005,-1.1771520402111382,-1.97677568262403,-0.7996236424128917,0.06965275070647967,0.9967397636835182
audiobook,p1_aucZ__mean,1.638002481263295,0.21518319506761702,0.30860727794958476,-0.7826504151695423,0.08513090918596934,0.037303232101169266,0.8476526839027856,1.3979819808168907,1.3447933397680654,1.456186603151606,-0.7840956845742262,-0.6241545596114985,0.15994112496272772,0.3588927780877786,0.9967397636835182
audiobook,p2_rfreqPW__mean,43.669214560686555,2.926211587596194,1.5948189259813708,-0.06389995968854291,0.9175521033080574,0.24101591804372485,0.20785542813341326,43.01682245726257,43.75932388697378,43.70641770873983,-0.3323291689479785,0.0161588921743932,0.3161702767735853,0.9515157154248863,0.9967397636835182
audiobook,p2_rfreqGated__mean,43.44336082547988,3.1973758764299025,1.687913403297178,-0.020942542697745942,0.9728362869254682,0.11825918261860044,0.5412113412026924,42.99133859068149,43.557353599527445,43.442144551723004,-0.21137991253745705,-4.92086487145689e-4,0.21088782605031137,0.9780948614493896,0.9967397636835182
audiobook,p2_rfreqRaw__mean,43.87713988685223,2.700409942893496,1.5167619603193885,-0.07443619158801544,0.9031663056110449,0.18678072243564187,0.3319596112936102,43.226371030628485,44.00087518029667,43.86128035168643,-0.36159656951009356,-0.007371702369286595,0.354224867140807,0.9515157154248863,0.9967397636835182
audiobook,p2_rpowZ__mean,2.0993436166902715,0.20412831536306417,0.20423456393871506,-0.47444245912681954,0.36859074856212504,0.06825697788724588,0.7249753787782905,1.9989309799654413,2.055824135252402,2.0616738755520974,-0.5465376419460208,-0.15786799177740632,0.38866965016861454,0.6397605648827044,0.9967397636835182
audiobook,p2_rpowDb__mean,3.4576764756995604,3.6406136139998875,6.100832390610513,-1.27910213430129,0.0051896805294735894,0.06561135858929064,0.7352496253741649,-3.9147578815456088,-2.0770567051894235,-3.699355934172103,-1.2756450824254542,-1.8636212018345846,-0.5879761194091304,0.06965275070647967,0.9967397636835182
audiobook,p2_bandDb__mean,-0.7341900448208505,3.189979974006391,6.020831946534592,-1.1566558128346018,0.008272980093633472,0.04127166104810217,0.8316634490300817,-7.206799614549758,-5.527753581818828,-7.38974238169332,-1.1331679711805,-1.7162147902509022,-0.5830468190704021,0.08080395806170748,0.9967397636835182
audiobook,p2_aucZ__mean,1.4450082712015715,0.24797218639904256,0.5765452862925255,-0.05003930284588835,0.8977266941352003,0.03889060367994243,0.8412495241534526,1.449423706803611,1.3307967677976809,1.3960178172962803,0.007058033705257001,-0.15771536679227732,-0.1506573330870203,0.9515157154248863,0.9967397636835182
audiobook,p3_rfreqPW__mean,43.75609615339347,2.731356224655343,1.3362911568976392,-0.1693706281376159,0.7894225480509376,-0.24339697541188457,0.20326153149004852,43.682491907907554,43.47346201048908,42.76501379397879,-0.03882503800368527,-0.4579220806205068,-0.41909704261682157,0.9008134597391068,0.9967397636835182
audiobook,p3_rfreqGated__mean,43.58074858406509,2.8665903795332417,1.4031981409047414,-0.1891615259174742,0.7662314927660765,-0.10106265718189121,0.6019222069295853,43.329792330402434,43.31587917212372,42.8005267280515,-0.1259167760535528,-0.34689584721829486,-0.22097907116474205,0.8995214679130524,0.9967397636835182
audiobook,p3_rfreqRaw__mean,43.857673377135185,2.72654122742291,1.3535824946817947,-0.18204026382351715,0.7737819078821956,-0.2674721110232775,0.16069660028791669,43.797925889252255,43.570536832689676,42.83608784328824,-0.030787362756185578,-0.4791522457714223,-0.4483648830152367,0.8995214679130524,0.9967397636835182
audiobook,p3_rpowZ__mean,2.0342862685666474,0.12749169290272155,0.15887068546820537,-0.5026821173016207,0.299772928301454,0.09074474191986567,0.6396788964262914,1.9621515936215643,1.9718327627302752,1.9917514941411736,-0.4763653386230771,-0.31660676794938514,0.15975857067369198,0.5936899399376391,0.9967397636835182
audiobook,p3_rpowDb__mean,3.4466920653010726,3.414414207233899,5.995050197137343,-1.3434194357444573,0.0034215817741548643,0.06243661543174431,0.7476378133376279,-4.034404926119418,-2.4105159811734334,-3.627755478789923,-1.3084981515057141,-1.8024960973467883,-0.49399794584107415,0.06965275070647967,0.9967397636835182
audiobook,p3_bandDb__mean,-0.8292727901302885,3.1971479508264946,6.055673697997624,-1.1483148753875334,0.008688597641043815,0.03518673666280506,0.856204938958244,-7.211843511180616,-5.6851799075648515,-7.488435820556055,-1.123959681952727,-1.724683737180178,-0.6007240552274509,0.08080395806170748,0.9967397636835182
audiobook,p3_aucZ__mean,1.338521167193523,0.3709149446948732,0.6442660966778484,0.5755757046701891,0.19345232581805996,-0.10079809525209568,0.6028783957993578,1.6506605328722939,1.4910070954920391,1.8761337489041616,0.7090373981910918,0.719472775018075,-0.010435376826983256,0.5067906000304107,0.9967397636835182
audiobook,p4_rfreqPW__mean,43.7618084606664,1.659828971496744,0.8710387362320742,0.08309605888181339,0.8942351796555027,0.019842144734664502,0.9186274043566124,43.852214410232804,43.83236168481438,43.776232566153894,0.06805594344602311,0.011280458100121538,0.05677548534590158,0.9515157154248863,0.9967397636835182
audiobook,p4_rfreqGated__mean,43.63063554130708,1.9013931523952208,0.9032644716824827,0.09716610976700334,0.8757404758630326,-0.05608712911665167,0.7725966575019555,43.893825610478395,43.63075877420197,43.56690952377788,0.17641360785153454,-0.04435283976758169,0.13206076808395284,0.9515157154248863,0.9967397636835182
audiobook,p4_rfreqRaw__mean,43.903700124014904,1.397775426363439,0.866861572535758,0.10410527886185506,0.8659054773560569,0.010317915262025542,0.9576356101014131,43.98675107516321,43.932422199440744,44.005910036104076,0.06753125749429313,0.09504641600565812,-0.02751515851136499,0.9515157154248863,0.9967397636835182
audiobook,p4_rpowZ__mean,1.987591693711462,0.1178399344283634,0.1231345166254566,-0.1335566681163771,0.7877358373295614,-0.28440407453019123,0.1348441993196834,2.004830622566508,1.9597682820580309,1.9344524577376814,0.12496792671534292,-0.5653619962259541,-0.44039406951061116,0.9008134597391068,0.9967397636835182
audiobook,p4_rpowDb__mean,3.442944193870058,3.400525069849055,5.9324867943972635,-1.3027024232127795,0.004255671200474633,0.026191631049757146,0.8927187158825658,-3.789449172647838,-2.04441000388415,-3.7470154718422104,-1.2572395649284078,-1.9356300019301163,-0.6783904370017084,0.06965275070647967,0.9967397636835182
audiobook,p4_bandDb__mean,-1.0249939599460196,3.1269329272741313,5.978038178223053,-1.1348962984930229,0.009201552293294444,0.024604259470983988,0.899186807480414,-7.26750261100544,-5.712385877712928,-7.571865117460603,-1.090528717037421,-1.761977434128233,-0.6714487170908121,0.08149946316917937,0.9967397636835182
audiobook,p4_aucZ__mean,3.2847139410411814,0.43980612320827484,0.5452792877966341,-0.6268499577939236,0.2040360870605318,-0.11746549682921387,0.5439485544491802,2.959062749865665,3.1106178599577055,2.8849799944185794,-0.5288596005144992,-0.8719831103361654,-0.3431235098216662,0.5144467890216436,0.9967397636835182
audiobook,peakZ__mean,4.794369456290391,0.10862580855914186,0.18454738830858636,-0.05051872470572856,0.9045643610882613,-0.07169628297458774,0.7116886070707056,4.79647957642308,4.7431310715356725,4.7575213575548885,0.013999666015494783,-0.21833341001361972,-0.20433374399812493,0.9515157154248863,0.9967397636835182
audiobook,peakLatMs__mean,959.3275586601417,66.33078991118867,89.57449597968024,1.0236937126399424,0.060053912098232014,-0.13466202226592308,0.48614014622729385,1030.8934144243335,1006.222204536911,989.6835094572091,0.7576487060862113,0.49817098546914335,0.2594777206170679,0.35365772241143034,0.9967397636835182
audiobook,peakFreq__mean,42.424745029659974,3.2878483172011603,1.9422455052581058,-0.2222478735562345,0.7268659328470011,0.03598042245219163,0.8529959232683562,41.758449393877214,41.879647018366136,42.33975541907235,-0.2547493039687462,-0.03216685915069499,0.22258244481805117,0.8779030098022221,0.9967397636835182
audiobook,anyBurst__mean,0.997867803837953,0.005641260791182512,0.009487984233833116,-0.48082247910687353,0.28892719792016025,-0.030125452917022996,0.876719330464642,0.9953703703703703,0.9935545447226571,0.9981684981684982,-0.2536206380625139,0.05840452661663433,0.19521611144587955,0.5859665268205214,0.9967397636835182
audiobook,burstLatMs__mean,291.0065347309484,50.097803346566344,76.71212740229278,0.9386758260491739,0.05682342009848153,-0.22487764032619773,0.24086359847028435,350.5811090797579,342.20998789582757,310.21576921249994,0.883827433165278,0.2971882147150732,0.5866392184502048,0.3523052046105855,0.9967397636835182
audiobook,timeAboveMs__mean,419.4211743184741,59.2234708259352,52.826005417757,-0.8606240933453265,0.12916218316787464,0.12249217349532887,0.5267234634043363,370.3980486814748,383.0679194817964,395.6956913899617,-0.9209651917510798,-0.44305404850331165,0.4779111432477682,0.390145688308448,0.9967397636835182
audiobook,nBursts__mean,5.599211524331337,0.8823156340181304,1.606932687486497,-0.04230582112485725,0.9196483472333271,-0.13137117785631292,0.49695434211037726,5.347079591476391,5.893490338972581,5.381889124120335,-0.352733482498256,-0.2538875205124553,0.0988459619858007,0.9515157154248863,0.9967397636835182
audiobook,dutyCycle__mean,0.2095010860731641,0.029582153259707922,0.026386616092785746,-0.8606240933453266,0.12916218316787456,0.12249217349532887,0.5267234634043363,0.18501401033040718,0.19134261712377462,0.19765019549948154,-0.9209651917510799,-0.44305404850331326,0.4779111432477667,0.390145688308448,0.9967397636835182
audiobook,maxBurstMs__mean,152.53677023937507,17.394324862479706,15.14541695619982,-0.8577421139883348,0.17746905026238355,0.20662286717030637,0.2821904096830954,138.55648580441434,142.72130312964825,149.34663812970746,-0.9944688019616311,-0.20438253697322678,0.7900862649884044,0.47432664405052016,0.9967397636835182
audiobook,peakZ_base__mean,152.25879738574605,317.67390739328334,19.751182115927815,-0.6347396722059431,0.36921520314366385,-0.00820141982366133,0.9663202426394213,32.93852326114855,41.96642257165975,30.32468118007222,-0.630931236147917,-0.5195410136599466,0.11139022248797037,0.6397605648827044,0.9967397636835182
audiobook,anyBurst_base__mean,1,0,0.0020184275888810075,-0.33968311024339953,0.3370490579535558,-0.07278579038813836,0.7074965602645708,1,0.9990118577075099,1,NA,NA,NA,0.6269112477936668,0.9967397636835182
audiobook,timeAboveMs_base__mean,1623.3194186071794,78.81468629899054,102.85255187111038,-0.6074636486817252,0.20363505671811236,0.16508664419240868,0.3921042489001454,1549.6158764101422,1577.5380676953162,1578.9273964984448,-0.7354683846230016,-0.580512375641768,0.15495600898123352,0.5144467890216436,0.9967397636835182
audiobook,chirpSlope__mean,4.473812434316293,6.194774999902721,4.08792727611129,-0.7789154377306874,0.21617041214771823,0.32567573557829343,0.08470234277072165,-0.40847717549134754,2.4289745350321206,2.582870048654562,-1.0367837799039559,-0.36768467924139686,0.6690991006625591,0.5221778786944882,0.9967397636835182
audiobook,chirpSlope2__mean,2.0498962684419566,5.665566768259392,4.247398100514421,-0.41299308861333656,0.4871199583946577,0.05238326209951429,0.7872608934465493,-0.25297884056805264,1.425124773764703,-0.5492057688725291,-0.4559833250550776,-0.5588847980028847,-0.1029014729478071,0.6662081783926936,0.9967397636835182
audiobook,freqSpan__mean,22.4289501448185,0.6907418805511444,0.8555464705616772,0.4504370242730851,0.4119539546643428,-0.051992822656123844,0.7888109571752404,22.615129440081787,22.937890784368488,22.323932065180237,0.24050677451286964,-0.10643282981782451,0.13407394469504513,0.6397605648827044,0.9967397636835182
audiobook,freqJitter__mean,7.081764272331051,0.4360575489142943,0.34303498603964033,0.9264826085205831,0.14699344505010428,-0.1463027471769263,0.4488718011771392,7.371174208745119,7.419739680822631,7.212602440399223,0.6993044979411788,0.3187012214668157,0.3806032764743631,0.4206273966049138,0.9967397636835182
audiobook,apExp__mean,1.323115858770349,0.6126152560550756,0.7318564083721983,0.4020514347445633,0.36228556440302206,0.23413730786904116,0.22152373217742086,1.524547772104437,1.3924250810755128,1.7689123485333342,0.2603226333110723,0.9242270457376728,-0.6639044124266005,0.6397605648827044,0.9967397636835182
audiobook,apOffset__mean,0.6005922861027907,0.7174465536200144,0.8019053339276675,-0.05373484909822072,0.9060893583737344,0.15979540559649816,0.4076633008344419,0.46187075608483286,0.3064026192020204,0.6300902189205781,-0.15550995702719497,0.0503306023752444,0.10517935465195058,0.9515157154248863,0.9967397636835182
audiobook,gammaBumpDb__mean,16.36203461913464,3.4095869773843765,3.317129635475822,-0.5782043786261811,0.28749292259436876,0.2616517485677759,0.17034913392972084,13.570697932939515,14.66955515039109,16.058041463307028,-0.8992883220172799,-0.0958277441460722,0.8034605778712077,0.5859665268205214,0.9967397636835182
audiobook,gammaPeakPresent__mean,0.9901866151866152,0.017284162551122507,0.05137783907306675,-0.7022930363003729,0.08150336457689351,0.42464300765577206,0.021671970055980865,0.9489359780370464,0.9723366189094463,1,-0.7907500015886363,0.7687607548972788,0.02198924669135749,0.3588927780877786,0.9590862139525409
audiobook,inhalePeakMs__var,104180.14586337352,102551.8521277466,55328.72118291788,-0.40963861789363637,0.4809295839214206,0.14921292840467706,0.4398001616928081,63065.62268429743,71094.46090093012,71571.67182040589,-0.5506569750987191,-0.41917730102487805,0.1314796740738411,0.6626140934028462,0.9967397636835182
audiobook,returnCrossMs__var,187468.6399330919,182885.30260185627,108979.11487476526,-0.29236505937686136,0.6148942147922936,0.25821244348043404,0.17624177526978596,121794.93869902469,135903.2409605649,183183.08618418418,-0.48354199402939396,-0.028047606077931053,0.4554943879514629,0.7755864970374979,0.9967397636835182
audiobook,exhaleStartMs__var,187468.6399330919,182885.30260185627,108143.57630338563,-0.2966405825010999,0.6102488399602899,0.25821244348043404,0.17624177526978596,121171.43480801613,136165.60526057862,181263.96633976317,-0.4889825841660416,-0.04082836671102645,0.44815421745501516,0.7755864970374979,0.9967397636835182
audiobook,exhaleTroughMs__var,186535.82795880476,182236.503496566,2606148.5910589662,0.6210596413791555,0.09457811090871883,0.1603245294560892,0.4060919689641036,452825.5298212789,1802633.7884407563,780301.0081067057,0.5175273313419824,0.983763457541894,-0.4662361261999116,0.3588927780877786,0.9967397636835182
audiobook,endSymMs__var,746143.311835219,728946.013986264,10424594.364235863,0.6210596413791555,0.09457811090871883,0.1603245294560892,0.4060919689641036,1811302.1192851155,7210535.153763024,3121204.032426823,0.5175273313419824,0.983763457541894,-0.4662361261999116,0.3588927780877786,0.9967397636835182
audiobook,breathLenMs__var,863853.8803491103,686873.9597125342,7488985.313255397,0.8144032264326181,0.034222373998619555,0.1881035320846195,0.32848478360268885,4087569.6176301274,6404988.346723343,3006525.7995648743,0.4466962832618904,1.1006659348295655,-0.6539696515676752,0.24482159860550914,0.9967397636835182
audiobook,inhaleVolume__var,193195.60422287195,115916.62438550421,316631.33459145273,0.48075375250179575,0.22220056310593816,0.34102032750643396,0.07023745097332601,238185.53987640384,358845.1674255304,349865.4742760145,0.14808171212551413,0.8077486302874746,-0.6596669181619604,0.5298628812526218,0.9967397636835182
audiobook,inhaleDuration__var,0.13812991604740105,0.13115293746483966,0.45419203793101753,0.48720838403685124,0.20885596291181752,0.2505401475163638,0.18989980661767866,0.278878009725903,0.25766447760730565,0.3372575310211559,0.3111941257468212,0.8810041179247091,-0.5698099921778879,0.5179627880213075,0.9967397636835182
audiobook,peakInspFlow__var,0.1761515248093068,0.12756035980133923,0.5703231855589751,0.6983740169764432,0.07839311083480925,0.3180034396142231,0.0927369760252901,0.2801998083343389,0.5610305099180171,0.34059298488916717,0.35325879003900884,1.2010754621032784,-0.8478166720642696,0.3588927780877786,0.9967397636835182
audiobook,breathLength__var,0.8638538803491104,0.6868739597125343,7.488985313255395,0.814403226432618,0.034222373998619555,0.1881035320846195,0.32848478360268885,4.087569617630127,6.404988346723344,3.0065257995648746,0.4466962832618904,1.1006659348295658,-0.6539696515676754,0.24482159860550914,0.9967397636835182
audiobook,w1_rfreqPW__var,57.197458994593624,7.730714880629216,13.285319970769502,0.16910389917457727,0.7411327054095277,0.16297014875404447,0.39828664678007686,54.015507666092375,62.32347877412535,62.202995501341555,-0.41664932501082397,0.3205231292057054,0.09612619580511855,0.8893592464914332,0.9967397636835182
audiobook,w1_rfreqGated__var,66.6784500208874,9.024644957655998,16.929598984960723,0.4157036920567345,0.42529123019769777,0.04047797525871559,0.834856253979643,65.59846367169614,74.25535729751064,73.27575913111966,-0.10094415480463524,0.323212621460576,-0.22226846665594074,0.6397605648827044,0.9967397636835182
audiobook,w1_rfreqRaw__var,54.0836878825279,7.461162187533849,11.509219288435954,-0.04714708038197288,0.9259373359779808,0.13995326086183363,0.46900745404496613,50.25584993929511,56.909414262647395,56.64011364838102,-0.5450508266962955,0.19148106294897238,0.3535697637473231,0.9515157154248863,0.9967397636835182
audiobook,w1_rpowZ__var,0.3585557815823763,0.05845794561103208,0.10978263814333065,0.7273497494874334,0.09647655324940284,-0.27990652172366726,0.14139398150883709,0.44155866005950734,0.4107953791042153,0.3767127498683154,0.9063413537920513,0.2128094303733662,0.6935319234186851,0.3588927780877786,0.9967397636835182
audiobook,w1_rpowDb__var,7.476954298743313,3.516423814101709,6.737602942818289,0.8854188401612488,0.044650870777047436,-0.0465628996440127,0.8104473136041546,11.81436630995069,12.020131964462134,11.541317147187275,0.7574682810752956,0.5990946842845528,0.1583735967907428,0.3075948875752157,0.9967397636835182
audiobook,w1_bandDb__var,1.569671084082734,0.3604588819237464,2.3555242431538055,1.204534350431237,0.004024566054932776,-0.36033334838150743,0.05483698424809871,3.629236420995451,2.772134007238469,2.268373004190304,0.959690898549803,0.6225382960092405,0.33715260254056256,0.06965275070647967,0.9967397636835182
audiobook,w1_aucZ__var,0.08963894539559417,0.014614486402757995,0.02744565953583267,0.7273497494874342,0.09647655324940232,-0.27990652172366726,0.14139398150883709,0.11038966501487689,0.102698844776054,0.0941781874670789,0.9063413537920505,0.21280943037336428,0.6935319234186862,0.3588927780877786,0.9967397636835182
audiobook,w2_rfreqPW__var,53.5159219316909,11.48508335130324,10.816971658084173,0.3215051119409943,0.5749400332671548,-0.2613871866379804,0.17079740590479792,58.28810978264756,57.742510288625745,50.93719521082441,0.5031867807137124,-0.2078430889714441,0.29534369174226827,0.7693442171776316,0.9967397636835182
audiobook,w2_rfreqGated__var,63.406263003367286,16.3006125646313,13.728086102809186,0.4816260336012477,0.4085875658722279,-0.14736099489610838,0.4455614930718359,67.46235318392088,72.96502582130626,65.31526874890508,0.34718533573058424,0.10290212961560052,0.24428320611498372,0.6397605648827044,0.9967397636835182
audiobook,w2_rfreqRaw__var,49.593643733281986,9.97982858221574,9.175004003699406,0.47838495842901463,0.42605346729626714,-0.33996207978725185,0.07116908882218004,55.588104051243924,53.887694610468,46.091295070819235,0.7506339160063992,-0.3671747239973351,0.3834591920090641,0.6397605648827044,0.9967397636835182
audiobook,w2_rpowZ__var,0.35700839306224913,0.06723768458902185,0.0911879305530408,0.4013862034983914,0.40198850280918996,0.015873715787731602,0.9348635013609234,0.3961349374503762,0.3736979651254044,0.4084892496281807,0.524303825177355,0.7199730220507159,-0.19566919687336093,0.6397605648827044,0.9967397636835182
audiobook,w2_rpowDb__var,8.279923672714087,3.59225945138953,5.740978517122145,0.724838431764857,0.10460561518917941,-0.15027117612385918,0.4365261692974518,12.257802783050154,10.691319857063045,11.528171265614422,0.8187078013091591,0.573952765355417,0.24475503595374215,0.381502831866419,0.9967397636835182
audiobook,w2_bandDb__var,1.7991731928838244,0.3712025545858882,2.314449715684039,1.2972671521075676,0.00244728264509454,-0.29022443698569284,0.12669992036274497,3.5031788076921946,2.6692578142767798,3.3563691374959856,1.2005055178530364,0.729210259684062,0.47129525816897444,0.06965275070647967,0.9967397636835182
audiobook,w2_aucZ__var,0.0892520982655622,0.016809421147255487,0.02279698263826021,0.40138620349839393,0.4019885028091874,0.015873715787731602,0.9348635013609234,0.09903373436259406,0.09342449128135102,0.1021223124070451,0.5243038251773611,0.7199730220507171,-0.19566919687335604,0.6397605648827044,0.9967397636835182
audiobook,w3_rfreqPW__var,41.08255117468701,10.664503835874411,12.548976838749745,0.8257459247611746,0.09515613710383836,-0.22937519313272167,0.23133448673301837,51.0639226840273,51.08331292234591,48.105709707238745,0.7135072865346902,0.7486066687258616,-0.03509938219117137,0.3588927780877786,0.9967397636835182
audiobook,w3_rfreqGated__var,47.19577570084472,14.335673455088777,16.121709620736546,0.9190120965560813,0.08086822551016627,-0.16270558682424893,0.39906331980802434,59.852705591133095,62.14187642683914,54.99001302652461,0.7424184550678402,0.5932916895463968,0.14912676552144344,0.3588927780877786,0.9967397636835182
audiobook,w3_rfreqRaw__var,39.414478429266715,9.959530648976392,10.88671353994049,0.7298174812362492,0.14098090090168872,-0.1870452843654374,0.33126286004819316,47.06907156986502,48.07469788039473,45.1244576681419,0.6107080990518092,0.6897705987061604,-0.07906249965435119,0.40972574324553285,0.9967397636835182
audiobook,w3_rpowZ__var,0.37517521343340915,0.06300104269957733,0.06769567309434825,0.42879485130630884,0.4163915515813984,0.08756999876231934,0.6514815932743097,0.3862644515520629,0.3979223128356608,0.404772490097207,0.14609208739432009,0.4394721307770335,-0.2933800433827134,0.6397605648827044,0.9967397636835182
audiobook,w3_rpowDb__var,7.0609111438699035,3.0195657919092977,6.3642187441061955,0.9924529635766292,0.025776995886493907,0.11217425823330333,0.562360705448121,10.102683972361774,12.412615512669634,12.898507240340049,0.7743476872416145,1.0096461881524776,-0.23529850091086313,0.19977171812032776,0.9967397636835182
audiobook,w3_bandDb__var,2.79821518556612,2.321181074146129,4.819681131951322,0.22451422822475867,0.6399458259587189,-0.2791128359342807,0.1425733434128551,3.070031075641372,4.390370484834666,2.4004773795992183,0.13667855197437662,-0.1976739713590515,-0.06099541938467487,0.7935328241888113,0.9967397636835182
audiobook,w3_aucZ__var,0.09379380335835232,0.015750260674894444,0.01692391827358714,0.42879485130630907,0.4163915515813982,0.08756999876231934,0.6514815932743097,0.0965661128880158,0.09948057820891525,0.10119312252430179,0.14609208739432206,0.4394721307770301,-0.29338004338270807,0.6397605648827044,0.9967397636835182
audiobook,w4_rfreqPW__var,50.52905391453669,14.10487784485689,8.272102481027154,0.08297167370901412,0.8897463053223904,0.10556020998841516,0.5857668030553751,51.51803214846168,50.61314043044377,53.744881174829764,0.09455282154655062,0.2864033590230625,-0.1918505374765119,0.9515157154248863,0.9967397636835182
audiobook,w4_rfreqGated__var,58.31373575727566,19.592164431712842,11.358449050153965,0.18569469192077548,0.753975396603104,-0.08042682665784012,0.6783371517974405,61.81872916172058,59.49029685912689,62.238472136837856,0.2274721613297576,0.26725292441644016,-0.039780763086682575,0.898970665180624,0.9967397636835182
audiobook,w4_rfreqRaw__var,46.759097150090916,11.814976654766996,8.051796234756784,0.08919985281407258,0.8791503861182961,0.12804797402103493,0.507996226672865,48.03363452121303,46.5806415262295,50.644790998211676,0.1430344480190965,0.3671921225168431,-0.22415767449774657,0.9515157154248863,0.9967397636835182
audiobook,w4_rpowZ__var,0.36246035963764406,0.03839444817207769,0.0972109149244872,0.20774002214255904,0.6066317186900773,0.0010582477191821069,0.9956530271188633,0.3759271816622887,0.37187061108843383,0.3950826483643179,0.18365626252696587,0.4629086102908576,-0.27925234776389174,0.7755864970374979,0.9967397636835182
audiobook,w4_rpowDb__var,9.16653954341082,5.524603203301504,7.589297221157992,0.53588260424869,0.2522791661433269,0.03518673666280506,0.856204938958244,10.895378442327447,13.522623132785366,13.376210781851343,0.3481375567405251,0.5061459720364323,-0.1580084152959072,0.5528970165655037,0.9967397636835182
audiobook,w4_bandDb__var,3.454224885123152,4.804990286078666,4.349475680869243,-0.07662201125298307,0.8997298293651912,-0.30451078119465125,0.10824816913525549,3.084754298728422,4.129777135559025,2.190127716390621,-0.11574046205626234,-0.34844814449143025,-0.2327076824351679,0.9515157154248863,0.9967397636835182
audiobook,w4_aucZ__var,0.09061508990941097,0.009598612043019535,0.024302728731121877,0.20774002214256482,0.6066317186900683,0.0010582477191821069,0.9956530271188633,0.09398179541557228,0.09296765277210853,0.09877066209107943,0.18365626252697367,0.4629086102908559,-0.2792523477638822,0.7755864970374979,0.9967397636835182
audiobook,w5_rfreqPW__var,47.33916245334942,12.999295467793651,8.827068604957308,1.0879205040873223,0.11546014365584786,0.12910622174021702,0.504466905573322,53.581303312306495,58.62484640891918,56.475433788501974,0.6165125866882758,0.9225025789522392,-0.3059899922639634,0.390145688308448,0.9967397636835182
audiobook,w5_rfreqGated__var,56.74852904273347,17.014365040049437,11.320568848370314,0.792775492776632,0.226952475765289,0.05476431946767404,0.7778253800412471,63.75908983628681,66.42943037620526,66.68815057581789,0.488348265039356,0.7654391302648473,-0.2770908652254913,0.5343438037005539,0.9967397636835182
audiobook,w5_rfreqRaw__var,45.12077037745453,12.385610619269798,8.77369519368888,0.8663646392878134,0.17851002733084093,0.2563605099718654,0.17947341361510977,48.7601248413397,55.17609058007397,52.4931320297723,0.37558398092799894,0.7644078972100958,-0.3888239162820969,0.47432664405052016,0.9967397636835182
audiobook,w5_rpowZ__var,0.38745623926171213,0.044658402179147016,0.07956024208372099,-0.36591631139289593,0.45407958157265527,-0.042594470697079806,0.8263479491577348,0.3690461411005589,0.3827403185502987,0.3686974410846117,-0.24943652268603078,-0.4326904796821369,-0.18325395699610614,0.6626140934028462,0.9967397636835182
audiobook,w5_rpowDb__var,8.518314509664934,5.224953416797153,7.831467472110098,0.5500611211129399,0.21305435306431122,0.006878610174683695,0.971750113996334,10.62059898520646,14.33529074317554,10.352510135866268,0.38110976149271775,0.2699372606439514,0.11117250084876634,0.5214224956573932,0.9967397636835182
audiobook,w5_bandDb__var,1.7510218976715004,0.5120469947867867,2.3807379620993405,0.8994914126589774,0.025283623361136594,-0.311918515228926,0.09950929659583709,3.051274371478006,3.2437072274874303,1.8120136781437925,0.8091545917831328,0.14185112039289843,0.6673034713902344,0.19977171812032776,0.9967397636835182
audiobook,w5_aucZ__var,0.09686405981542802,0.011164600544786676,0.0198900605209302,-0.3659163113928923,0.45407958157265804,-0.042594470697079806,0.8263479491577348,0.0922615352751398,0.0956850796375746,0.09217436027115303,-0.2494365226860249,-0.4326904796821315,-0.18325395699610658,0.6626140934028462,0.9967397636835182
audiobook,p1_rfreqPW__var,38.80887519847605,10.49004708902639,13.533946414067168,0.6701890675780271,0.16570364533382947,-0.31377044873749466,0.0974099526558342,48.903629043566106,49.31258419756111,38.93209557866466,0.7719720429785086,0.013635992926209983,0.7583360500522986,0.46698300048624675,0.9967397636835182
audiobook,p1_rfreqGated__var,44.25869595542062,12.397644837017179,17.075609293988215,0.8019019034068361,0.08947176548920863,-0.217999030151514,0.25593534308969934,56.698166580797576,61.110001443642716,46.38923743463282,0.792886285201437,0.20130994294114657,0.5915763422602904,0.3588927780877786,0.9967397636835182
audiobook,p1_rfreqRaw__var,36.89188937384767,8.800292105358919,11.513074079481918,0.7488932599926383,0.13004856276948265,-0.34551788031295794,0.06638284218189085,46.62425896369331,46.14533132054242,35.77400583326237,0.887537207898333,-0.1390985322370565,0.7484386756612765,0.390145688308448,0.9967397636835182
audiobook,p1_rpowZ__var,0.26912999752340205,0.05125757046695161,0.11520513350243357,0.3173071122498306,0.42994661618461316,0.005291238595910535,0.9782675694230698,0.3170130726635501,0.2874297988941491,0.32695972132251927,0.5929444645262466,0.519680452172691,0.07326401235355562,0.6397605648827044,0.9967397636835182
audiobook,p1_rpowDb__var,5.677556391402523,2.127596068098131,5.250818375301017,0.9965544558104911,0.017115264067690723,0.025662507190166092,0.8948740191153152,9.724797216191527,9.873544471916203,10.102276945342826,0.9330250708938224,0.9988474320355499,-0.06582236114172757,0.14470177802683976,0.9967397636835182
audiobook,p1_bandDb__var,1.680546223235886,1.2124361251488713,3.0186660627545674,0.6092117427918712,0.17367625754487254,-0.21403060120458112,0.26490560632469884,2.5142243784973384,3.0039132783000873,2.8260817463889305,0.6654451439415728,0.5696576263027854,0.09578751763878746,0.47432664405052016,0.9967397636835182
audiobook,p1_aucZ__var,0.5311599811887125,0.41768987377021377,0.20213244904132008,-0.48368076762202616,0.42844377648586796,0.031747431575463204,0.8701359719463158,0.35260379357379695,0.40909817432991136,0.349189350407006,-0.6357478002176755,-0.5750123608653883,0.0607354393522872,0.6397605648827044,0.9967397636835182
audiobook,p2_rfreqPW__var,40.53384306155459,10.930605963674147,11.685754636594089,0.2805616673939846,0.58895007145854406,-0.17910842647157157,0.3525526431625513,45.96909058161294,42.12215388909595,44.05346655704366,0.4919916481439274,0.36413943551883776,0.1278522126250896,0.7755864970374979,0.9967397636835182
audiobook,p2_rfreqGated__var,45.49477310367082,14.705489061203616,15.524876974255506,0.44450992390436783,0.4190831317376006,-0.13545570805530968,0.483550074661675,53.65395383365007,48.049074929439676,52.038521216003346,0.5660110473925035,0.46606455457426016,0.09994649281824336,0.6397605648827044,0.9967397636835182
audiobook,p2_rfreqRaw__var,38.41116240350714,9.387754511912968,9.843707213147594,0.25620516202461774,0.6171333417287618,-0.20477093366173768,0.28662171887495896,43.107633988329226,39.615445693033145,41.19031697896283,0.4811451747575667,0.3384581308166539,0.1426870439409128,0.7755864970374979,0.9967397636835182
audiobook,p2_rpowZ__var,0.2746358664179612,0.07007996351496612,0.12917960550906019,0.4609121890599248,0.28983290573918263,-0.06561135858929064,0.7352496253741658,0.3250554110116772,0.31395173632422807,0.32913351880692,0.49257919553790014,0.5063322540334714,-0.013753058495571235,0.5859665268205214,0.9967397636835182
audiobook,p2_rpowDb__var,7.16817713039817,4.165742598088661,6.335688466494067,0.7236356930495718,0.12912910754608067,0.09603598051577619,0.6201986954239486,9.02502466134841,12.457692281582634,10.376075328136977,0.4151856491464032,0.5954261801048529,-0.18024053095844972,0.390145688308448,0.9967397636835182
audiobook,p2_bandDb__var,3.157976458718238,4.044329055019845,5.424713423138632,0.07551897878345246,0.8886446652078741,-0.21138498190662586,0.27099789930328094,2.8157305371189754,5.274091758739473,1.6889401085548543,-0.11685402880028661,-0.48813342825665307,-0.37127939945636645,0.9515157154248863,0.9967397636835182
audiobook,p2_aucZ__var,0.25879980800628516,0.09091798090204357,0.24524270550344565,0.385633203565071,0.33027529332548067,0.19260108489114347,0.31683758157487224,0.2784146149266146,0.29433781959268085,0.4564246946701326,0.11042122237606286,0.9453338791794412,-0.8349126568033783,0.626849026107545,0.9967397636835182
audiobook,p3_rfreqPW__var,43.78928556161189,18.30156022445374,11.480388788410465,0.13814803386320623,0.8085944741179729,0.07460646420233853,0.7005099217433041,44.208719595530006,48.09505669768619,44.89656123744894,0.030574818877951708,0.07068685877354292,-0.04011203989559121,0.911506498096624,0.9967397636835182
audiobook,p3_rfreqGated__var,51.5651208772928,20.15661400505355,13.669634242911771,0.046080090741977574,0.9344762130325088,0.051854138239923235,0.789361731290929,51.91559619839858,53.27176396625637,52.10389743744683,0.02157323098804866,0.030235387202211687,-0.008662156214163028,0.955014151780476,0.9967397636835182
audiobook,p3_rfreqRaw__var,40.69251044422714,16.955591978602733,10.60339956878149,0.1405200910001718,0.8075565612773912,0.1293707836700126,0.5035864850989786,40.872572877082135,45.01610752294135,42.021074921596124,0.013903863149291821,0.09150224656422719,-0.07759838341493537,0.911506498096624,0.9967397636835182
audiobook,p3_rpowZ__var,0.3427571018944459,0.06411598506016333,0.1083697574220642,-0.8574207663264573,0.06789505417072361,0.05502888139746956,0.7767788681618242,0.25376538457092634,0.30357099256063186,0.28272193335674733,-1.1133721167374235,-0.6451904784553769,0.4681816382820466,0.3588927780877786,0.9967397636835182
audiobook,p3_rpowDb__var,8.247096864440099,6.2852831187892,6.920980941529997,0.3472035939045898,0.47997613107776393,7.936857893865801e-4,0.9967397636835182,9.023933454727562,12.446457418170276,8.856517352211055,0.1499094429244102,0.08791259217162102,0.06199685075278917,0.6626140934028462,0.9967397636835182
audiobook,p3_bandDb__var,1.794451887880993,0.6965103428350282,5.34859652900763,0.5782905751485521,0.11944555083355701,-0.14286344208958443,0.45972065822150443,3.941658501026394,3.909742578777806,1.4693137677029136,0.38151054723875333,-0.5573209121704229,-0.17581036493166957,0.390145688308448,0.9967397636835182
audiobook,p3_aucZ__var,0.40519140464054243,0.328579136802734,0.7510115801173733,0.5250512526019678,0.20467237842796573,-0.05158957631012771,0.7904126931076669,0.7420389828677766,0.7198718630012647,0.7969839299705826,0.5610936157485278,0.6257912711543641,-0.06469765540583627,0.5144467890216436,0.9967397636835182
audiobook,p4_rfreqPW__var,23.058713590363016,9.532486853149695,9.617688108365778,0.4868694904155138,0.34495813707628176,0.10106265718189121,0.6019222069295841,28.252535632572055,26.027647812684272,29.431283590096832,0.44687532417738207,0.6908443615739026,-0.24396903739652054,0.6290413087861608,0.9967397636835182
audiobook,p4_rfreqGated__var,26.821253941712225,11.284179978065659,7.520284342259127,0.5122432083066897,0.38776821584415777,0.13545570805530968,0.48355007466167454,30.16191268359191,30.141052784866098,35.1560326077927,0.3846252079251851,0.8036455753732437,-0.41902036744805854,0.6397605648827044,0.9967397636835182
audiobook,p4_rfreqRaw__var,22.470867260310587,9.250901403161064,9.97072287606531,0.36343112276230327,0.4682732156885132,0.06799241595745037,0.7260007377212438,26.952718821475667,24.163343965728675,27.468493724625997,0.3779692258178274,0.5292911536768696,-0.15132192785904225,0.6626140934028462,0.9967397636835182
audiobook,p4_rpowZ__var,0.12477217626864831,0.0423205998884534,0.16847917435515397,0.5911901129629038,0.12663426436504527,-0.13651395577449177,0.48010766615753,0.220892549149686,0.14731281873911714,0.16040873566385347,0.4817545616745822,0.5009609613710212,-0.019206399696439003,0.390145688308448,0.9967397636835182
audiobook,p4_rpowDb__var,3.23864558633562,1.8033160470522693,6.542205046912536,0.6784303915969218,0.07875891086554841,0.0031747431575463204,0.9869595681524297,7.028491609484688,6.357312020502114,5.781577933812902,0.5286383844169804,0.7292305166131847,-0.2005921321962043,0.3588927780877786,0.9967397636835182
audiobook,p4_bandDb__var,0.84287650382477175,0.2872334011539558,3.1107395047037305,0.7031892867404747,0.06299344671880999,-0.12698972630185282,0.511537724157038,1.6153454440321184,2.4566793779294,1.4732634105851572,0.7554628305760002,0.875816484395074,-0.12035365381907381,0.3550539724151109,0.9967397636835182
audiobook,p4_aucZ__var,0.6516232152036017,0.32392774847626143,0.3976050340931467,0.37652008507676377,0.42363574248873936,-0.07275453069376984,0.7076167209500484,0.8142164554632614,0.7369555133371087,0.7525457657707233,0.40694218044538105,0.25531315744606814,0.1516290229993129,0.6397605648827044,0.9967397636835182
audiobook,peakZ__var,0.44061673641801025,0.15214856268499694,0.27157108941645575,0.46013457793062373,0.28582631403423026,0.03307024122444084,0.8647731512168139,0.5627462644422617,0.4890033072668057,0.4744029161967415,0.38533452167442755,0.2466601154238462,0.13867440625058136,0.5859665268205214,0.9967397636835182
audiobook,peakLatMs__var,317551.7508674466,60751.55671433439,68132.10229464942,0.5153458301719791,0.30003685136633373,0.08783456069211487,0.650494832687334,342676.9717449895,344551.0160926281,338339.34210336156,0.33625187489606756,0.2952255589237324,0.04102631597233514,0.5936899399376391,0.9967397636835182
audiobook,peakFreq__var,75.57605873861765,10.84864137721828,16.380375738781883,0.7607663134272218,0.1283411629590048,0.24630715663963537,0.19774208101496785,77.61796995024302,89.8949525398188,84.7058434076693,0.12522275396241567,0.8281908895194152,-0.7029681355569996,0.390145688308448,0.9967397636835182
audiobook,anyBurst__var,0.002132196162046907,0.005641260791182493,0.009487984233833104,0.4808224791068834,0.28892719792015037,0.030125452917022996,0.8767193304646415,0.0046296296296296285,0.006445455277342881,0.0018315018315018317,0.253620638062518,-0.05840452661662239,0.19521611144589562,0.5859665268205214,0.9967397636835182
audiobook,burstLatMs__var,97780.95882933047,30158.701216808848,33736.25368664988,1.034132671355479,0.0661217194983972,-0.4100709911830664,0.0271495827554257,135511.42552340447,118466.7339077984,101516.783616611,1.302034831444568,0.12590798048655308,1.176126850958015,0.3588927780877786,0.9590862139525409
audiobook,timeAboveMs__var,23934.874710240834,2624.653116565086,5470.431645562544,0.4959591251355327,0.25266799144122404,0.2259358880453798,0.23859836093772657,25186.106312195665,24955.98281645095,29939.77059157475,0.313325656324976,1.1928673596166635,-0.8795417032916875,0.5528970165655037,0.9967397636835182
audiobook,nBursts__var,4.359599790619535,1.6885499663778092,9.08314383263018,0.5084071996722118,0.17146359515996773,-0.14497993752794866,0.4530281294561719,5.438464445756759,9.635380078651297,5.533212356042577,0.7181013065372216,0.6771224917888955,0.0409788147483261,0.47432664405052016,0.9967397636835182
audiobook,dutyCycle__var,0.005971769167456138,6.548529184514536e-4,0.0013648767929279899,0.49595912513553225,0.2526679914412248,0.2259358880453798,0.23859836093772657,0.006283952389317902,0.006226536404766807,0.007469995187523464,0.3133256563249771,1.192867359616661,-0.8795417032916839,0.5528970165655037,0.9967397636835182
audiobook,maxBurstMs__var,2734.4514715189575,566.5337641436771,653.642338256476,0.42633553422273346,0.4226276772702897,0.2018607524339869,0.29367423863941283,2844.9138006127264,2842.5018331484166,3328.974345166973,0.20970216147990559,1.094893984726393,-0.8851918232464874,0.6397605648827044,0.9967397636835182
audiobook,peakZ_base__var,7356825.306927351,19458459.285555016,24652.430091426555,-0.6541463103205476,0.3562634970052188,0.064288548940313,0.7404036790970083,3594.573579075129,17672.863666914178,1266.2353879698285,-0.6360898371231931,-0.5118326116339106,0.12425722548928253,0.6397605648827044,0.9967397636835182
audiobook,anyBurst_base__var,0,0,0.0020184275888809975,0.3396831102433787,0.3370490579535843,0.07278579038813836,0.7074965602645708,0,9.881422924901183e-4,0,NA,NA,NA,0.6269112477936668,0.9967397636835182
audiobook,timeAboveMs_base__var,101923.62043023387,17949.39609605313,41280.051185636046,0.6254587063954868,0.13945660596515572,-0.17249437822668343,0.37090266544238404,128413.6494329709,113844.15263608638,111656.64499903048,0.8800518386384043,0.2469416834571905,0.6331101551812138,0.40972574324553285,0.9967397636835182
audiobook,chirpSlope__var,841.4052577164056,80.0740789337384,155.4556577460442,-0.2016057132262786,0.6454223962809017,0.1079412673565749,0.5772915895633484,782.5325830451768,841.8742000089677,841.1853957515452,-0.40206778875452726,-0.0017332706269529822,0.40033451812757426,0.7950236139619055,0.9967397636835182
audiobook,chirpSlope2__var,327.0193544000844,52.83114026725111,59.69690700278208,0.3226561531983972,0.5578338972663633,-0.19260108489114347,0.31683758157487224,346.29623473553113,345.80312571403476,327.1708102874927,0.4230263649786561,0.0031127562881056174,0.41991360869055044,0.7518630789242289,0.9967397636835182
audiobook,freqSpan__var,36.29438471614929,6.012956153529778,6.332516398715827,0.24099123940942418,0.677261929959676,0.09788791402434488,0.6134387069790281,36.43587783298902,37.0964380952517,41.305558319617994,0.027045473463229483,0.6101413605107202,-0.5830958870474907,0.8233380324999983,0.9967397636835182
audiobook,freqJitter__var,4.263268170924253,1.01954214258964,0.9176083873655483,1.047298958634655,0.10941156372167521,0.004497552806523954,0.9815268360496989,4.949113572812394,5.024227703903432,5.270283588723018,0.8119116538503534,0.8086952032867984,0.0032164505635549068,0.390145688308448,0.9967397636835182
audiobook,apExp__var,0.11234979077522433,0.044510676558681385,0.12000802344881331,0.7655389116325629,0.06084433933960092,-0.24286785155229354,0.20427631928306714,0.21466949590106024,0.13095973104744318,0.1400218865776506,0.7180669725887989,0.6704269711729557,0.047640001415843236,0.35365772241143034,0.9967397636835182
audiobook,apOffset__var,0.214608724190179,0.15722023133518676,0.31257829619936656,0.4340997439011053,0.32244887698623015,-0.20688742910010188,0.2815609625676439,0.369303281241631,0.2599656413498886,0.21253780863675248,0.4443942487853904,-0.016793174752436392,0.427601074032954,0.6247446991608209,0.9967397636835182
audiobook,gammaBumpDb__var,8.201002384276569,3.816851327479588,3.1330849850958606,-0.24102528469492387,0.6712121688793298,-0.06111380578276667,0.7528179570632313,7.942180481072114,6.759198270638864,6.906593447799555,-0.06503651846658833,-0.42622101090359193,-0.3611844924370036,0.8213517329707587,0.9967397636835182
audiobook,gammaPeakPresent__var,0.009592821646651473,0.016862723641613852,0.045629077434039926,0.6876980055898394,0.09198923354536863,-0.42464300765577206,0.02167197005598079,0.046002445671315055,0.025695772133542568,0,0.7952217077437087,-0.7702635817966552,0.02495812594705349,0.3588927780877786,0.9590862139525409
focusedBreathing,inhalePeakMs__mean,843.4883577718543,212.4102438002512,139.15805007563515,-0.2244351001694988,0.6870453733282754,0.09389023862935045,0.6346291464066165,801.3467544660241,759.5616324037835,823.3017894012779,-0.22940636667767209,-0.10313449667105772,0.12627187000661438,0.8777934855262458,0.9905419254002077
focusedBreathing,returnCrossMs__mean,1711.7318487651703,686.5015649823508,415.5347362263694,-0.21102732479095335,0.7047018702047763,0.11530894931667103,0.5590227090540272,1595.8171703322007,1495.3999872759318,1572.0630089717047,-0.19223104768639365,-0.2591872030201565,-0.06695615533376287,0.8777934855262458,0.9905419254002077
focusedBreathing,exhaleStartMs__mean,1711.7318487651703,686.5015649823508,412.01240720907975,-0.21675160045513833,0.6981236789502874,0.11530894931667103,0.5590227090540272,1595.0641792756383,1495.3999872759318,1569.3814878784187,-0.19465295496090584,-0.2644702911306585,-0.06981733616975266,0.8777934855262458,0.9905419254002077
focusedBreathing,exhaleTroughMs__mean,2735.0061773199595,829.6430323109726,1119.8180709669068,0.14842729465152227,0.7468798234364729,-0.004107697940034082,0.9834491217539438,2843.141427077518,2844.7065551147143,2945.450040780476,0.1234140345060393,0.21111369453543968,-0.08769966002940038,0.8905105587127177,0.9905419254002077
focusedBreathing,endSymMs__mean,5470.012354639919,1659.2860646219451,2239.6361419338136,0.14842729465152227,0.7468798234364729,-0.004107697940034082,0.9834491217539438,5686.282854155036,5689.413110229429,5890.900081560952,0.1234140345060393,0.21111369453543968,-0.08769966002940038,0.8905105587127177,0.9905419254002077
focusedBreathing,breathLenMs__mean,6189.213096130725,2084.7779128107327,1718.9616226151186,-0.20331135694556599,0.702168853421464,0.013496721802969128,0.9456544762039047,5819.169206203929,6049.694863641716,5300.611378135931,-0.1820606492169123,-0.5034620452987533,-0.32140139608184093,0.8777934855262458,0.9905419254002077
focusedBreathing,inhaleVolume__mean,1934.9472553907085,670.9109479451549,590.4335859714535,-0.04683339657954374,0.9242557008222534,0.04782534030182539,0.8090373840791363,1917.2672266466564,1886.3978159756543,1735.1728349382588,-0.0240906844064428,-0.3649160365582288,-0.340825352151786,0.9719930388231902,0.9905419254002077
focusedBreathing,inhaleDuration__mean,1.8674367358657977,0.7043236826477939,0.5326939120997312,-0.04230063657291933,0.9361750133962925,-0.024939594635921217,0.8997552532877746,1.88686196357908,1.7119380906765977,1.7972600229125806,0.029153797181120683,-0.11752670047124761,-0.08837290329012693,0.9719930388231902,0.9905419254002077
focusedBreathing,peakInspFlow__mean,1.947614298191285,0.2992369741386221,0.3289927870304486,-0.1211663218277941,0.8084381460724914,0.12469797317960607,0.5272356838983587,1.8361477567391113,2.0785873062372198,1.8234655532328519,-0.391593643177753,-0.5314939095211914,-0.13990026634343833,0.9140994938275138,0.9905419254002077
focusedBreathing,breathLength__mean,6.189213096130724,2.084777912810732,1.7189616226151188,-0.20331135694556587,0.7021688534214641,0.013496721802969128,0.9456544762039047,5.819169206203929,6.049694863641717,5.300611378135931,-0.18206064921691217,-0.5034620452987526,-0.32140139608184043,0.8777934855262458,0.9905419254002077
focusedBreathing,w1_rfreqPW__mean,41.9892529255478,2.269877454813856,2.069087917014958,0.9362948334386069,0.1475806734776917,-0.21154644391175523,0.2798520775044047,43.775466894144685,43.21457496544214,43.18775568993118,0.9525406296266032,0.6482715703327332,0.30426905929387005,0.39397319614590987,0.9905419254002077
focusedBreathing,w1_rfreqGated__mean,41.79017623471154,2.2949104416111883,2.005845076688015,0.8490577811768274,0.18240575572970363,-0.1249913801753228,0.5262565216773344,43.36391808419315,42.91557718427011,43.07413691324527,0.8870768378731113,0.6828398870700031,0.20423695080310822,0.4584793319692551,0.9905419254002077
focusedBreathing,w1_rfreqRaw__mean,42.15726990907308,2.201152083597808,1.9836678736621756,0.9463138203838266,0.14826948242050372,-0.13995513695687553,0.4775079011785336,43.71926754734785,43.406711344807476,43.31524490729504,0.8354742054563505,0.6247865757926601,0.21068762966369048,0.39397319614590987,0.9905419254002077
focusedBreathing,w1_rpowZ__mean,1.9067428044443233,0.13801873541366697,0.2366925926417454,-0.48063808920340456,0.28715137196997764,0.13467381103397455,0.494442878971025,1.8225334749176407,1.7590090179531712,1.9129372428684914,-0.45817171417563957,0.04998774880046904,0.40818396537517054,0.5942445875235906,0.9905419254002077
focusedBreathing,w1_rpowDb__mean,2.144624063090949,3.1319856881530015,5.270998111883446,-1.4527359916424012,0.001971391576285938,-0.002347255965733761,0.9905419254002077,-4.6824851346153125,-3.7886124810208117,-4.7293565741731065,-1.3016077481450237,-2.02993555308541,-0.7283278049403863,0.06111313886486408,0.9905419254002077
focusedBreathing,w1_bandDb__mean,-1.667115047583599,3.1453038485797045,5.582377067400951,-1.2118318950440516,0.00656071119096757,0.009095616867218326,0.9633612784366756,-7.564633296309345,-6.7606967953253205,-8.155390529337838,-1.0586746231996444,-1.797756245363001,-0.7390816221633565,0.0717818989129393,0.9905419254002077
focusedBreathing,w1_aucZ__mean,0.9533714022221618,0.06900936770683394,0.11834629632087264,-0.48063808920340545,0.2871513719699778,0.13467381103397455,0.494442878971025,0.9112667374588205,0.8795045089765856,0.9564686214342457,-0.45817171417563884,0.04998774880046698,0.4081839653751719,0.5942445875235906,0.9905419254002077
focusedBreathing,w2_rfreqPW__mean,42.41009385190241,1.8330478835292958,1.996982815757417,0.9525050837498361,0.12855894775374163,-0.09330342463791702,0.6367567763447389,43.760856348481,43.861838527185235,43.56268990048458,0.7407647006900387,0.8295287043589579,-0.08876400366891912,0.37199931354664556,0.9905419254002077
focusedBreathing,w2_rfreqGated__mean,42.29468262168411,2.1233473112704617,2.091121459848915,0.7722461230986005,0.2187973512214635,-0.004107697940034082,0.9834491217539438,43.46902028103,43.59165191499742,43.37720912378889,0.5598062352656027,0.6462129813617419,-0.08640674609613919,0.5087038415899027,0.9905419254002077
focusedBreathing,w2_rfreqRaw__mean,42.52958703299932,1.9116764625141982,2.031960057397608,0.8845740433790511,0.16200347067056242,-0.09477045961650062,0.6314430243981494,43.853448163219106,43.9061507183726,43.574332068301125,0.7283351673767177,0.7164400738862188,0.011895093490498887,0.424403458376403,0.9905419254002077
focusedBreathing,w2_rpowZ__mean,1.9826839114102257,0.15290750682979573,0.23018563246526663,-0.8237087641580385,0.08392361843132656,-0.011442872832952086,0.9539150097350031,1.8621108323224733,1.7713551922715252,1.8825650241556717,-0.7017758429099165,-0.53550008319985,0.16627575971006647,0.2890702412634603,0.9905419254002077
focusedBreathing,w2_rpowDb__mean,2.3462099071256377,3.027297271852181,5.295734602835389,-1.5030102197605293,0.0013817860846798075,-0.038142909443173625,0.8471930653747861,-4.4670097212614195,-3.9033333779761685,-5.102653040509843,-1.2715205297678758,-2.399307222297387,-1.1277866925295112,0.06111313886486408,0.9905419254002077
focusedBreathing,w2_bandDb__mean,-1.6138131581551716,3.189996623044956,5.575822660837799,-1.2209141740409517,0.006426789643013542,0.009095616867218326,0.9633612784366756,-7.4764011342064265,-6.732342885175947,-8.278192323808454,-1.0499367999737532,-1.885596949233636,-0.8356601492598827,0.0717818989129393,0.9905419254002077
focusedBreathing,w2_aucZ__mean,0.9913419557051127,0.07645375341489795,0.11509281623263326,-0.8237087641580371,0.08392361843132719,-0.011442872832952086,0.9539150097350031,0.9310554161612368,0.8856775961357626,0.9412825120778356,-0.7017758429099139,-0.5355000831998518,0.16627575971006214,0.2890702412634603,0.9905419254002077
focusedBreathing,w3_rfreqPW__mean,44.23282014390463,1.3894367429045933,1.2117574172542884,-0.10665541218692452,0.8494199809909637,0.06337591107481155,0.7486753324964539,43.98457786629747,44.29087013901036,44.410234798833265,-0.20349390834946168,0.16466568668726286,0.03882822166219882,0.9305302457173722,0.9905419254002077
focusedBreathing,w3_rfreqGated__mean,44.213423229859615,1.4211202966845176,1.3598180191662088,-0.20495856260366552,0.7173366118278999,0.030220920558822178,0.878668139784293,43.921921581612885,44.18331860930523,44.10541278528608,-0.25025702662593285,-0.09233813829761603,0.15791888832831683,0.8777934855262458,0.9905419254002077
focusedBreathing,w3_rfreqRaw__mean,44.293147948597365,1.2732532525069997,1.228560590500887,-0.10277560173802104,0.8549923353547491,0.15491889373842826,0.4311946113597057,44.043538083604744,44.38192618386731,44.48217900738079,-0.2075573295506846,0.19185410602669084,0.015703223523993753,0.9305302457173722,0.9905419254002077
focusedBreathing,w3_rpowZ__mean,2.1213967907348636,0.11858960540139968,0.19444847956552821,-0.9968130361648304,0.03921440019454503,0.08244736579639836,0.6766116281825789,1.9458630520857525,2.0116415237369827,2.024586435428038,-1.0608033917165907,-0.768798616228813,0.2920047754877777,0.19194416937329933,0.9905419254002077
focusedBreathing,w3_rpowDb__mean,3.026398723304764,3.4192540851575353,5.6352275010413475,-1.4933226759370728,0.001695972179260544,-0.002347255965733761,0.9905419254002077,-4.381062492582859,-3.3638455628318615,-4.832790784719743,-1.3604309418223834,-2.1802110632935725,-0.8197801214711891,0.06111313886486408,0.9905419254002077
focusedBreathing,w3_bandDb__mean,-1.0435300776870753,3.2763019468490486,5.840221020906979,-1.231963807938016,0.005925677780640292,0.009095616867218326,0.9633612784366756,-7.282223864312455,-6.309734236670935,-7.9743050714653325,-1.110678440582631,-1.8268143947341804,-0.7161359541515493,0.0717818989129393,0.9905419254002077
focusedBreathing,w3_aucZ__mean,1.060698395367432,0.05929480270069956,0.09722423978276391,-0.9968130361648369,0.03921440019454375,0.08244736579639836,0.6766116281825789,0.9729315260428764,1.0058207618684913,1.0122932177140191,-1.060803391716594,-0.7687986162288156,0.29200477548777837,0.19194416937329933,0.9905419254002077
focusedBreathing,w4_rfreqPW__mean,44.34926151796247,2.287164822712858,1.57331013089762,-0.2504880108872884,0.6790325283561538,0.13320677605539094,0.4992000417241722,43.57561112997839,44.42092871089009,43.8237494162677,-0.4245386227127484,-0.26638849900201034,0.15815012371073806,0.8777934855262458,0.9905419254002077
focusedBreathing,w4_rfreqGated__mean,44.08032728680658,2.3853830944194603,1.637573795196231,-0.15837888046376505,0.7883862101680451,0.19981016408308644,0.3080044496771579,43.30828183681355,44.41074735347836,43.74357699545299,-0.4333146433885573,-0.16489601355523978,0.26841862983331755,0.9108064291382384,0.9905419254002077
focusedBreathing,w4_rfreqRaw__mean,44.56131310193936,2.133458610449448,1.4844525052593027,-0.37897645978807565,0.5326887689901346,0.14611668386692664,0.45813465062664893,43.594150660841,44.56732891878692,43.732178474296376,-0.5657160163351507,-0.4699715500339684,0.09574446630118227,0.7992899659236236,0.9905419254002077
focusedBreathing,w4_rpowZ__mean,2.0895950073222376,0.09762592573924626,0.17412450079901282,-1.0019873868694198,0.03685734000623244,0.025526408627354655,0.89740868658287265,1.9564527080631842,1.9911414189371242,1.9904749909128236,-0.8849580580833605,-0.6038138078273579,0.28114425025600254,0.19194416937329933,0.9905419254002077
focusedBreathing,w4_rpowDb__mean,2.868698130029197,3.758903742063609,5.933287477922969,-1.3074943691726733,0.004967387049384835,-0.021712117683037293,0.9126756006030841,-3.912855203236208,-3.192475122676816,-4.747490048142664,-1.1788228376380288,-1.9652358667620335,-0.7864130291240048,0.0717818989129393,0.9905419254002077
focusedBreathing,w4_bandDb__mean,-1.0430710594359005,3.383789562579703,6.008832775657668,-1.151294112744498,0.009231374017773443,0.009095616867218326,0.9633612784366756,-7.015869448853732,-6.081697778446127,-7.918332489394676,-1.0474937223469745,-1.7562701428376242,-0.7087764204906497,0.09070201060379204,0.9905419254002077
focusedBreathing,w4_aucZ__mean,1.0447975036611188,0.048812962869623375,0.08706225039950645,-1.0019873868694156,0.03685734000623338,0.025526408627354655,0.89740868658287265,0.9782263540315923,0.9955707094685622,0.9952374954564118,-0.8849580580833577,-0.6038138078273569,0.28114425025600076,0.19194416937329933,0.9905419254002077
focusedBreathing,w5_rfreqPW__mean,44.800320694273864,1.6051197002250108,1.2232897934546905,-0.906508862369779,0.1301513956778118,0.08098033081781476,0.6820664003652936,43.374104859536686,44.16244370898448,43.614333065471456,-1.0532196570325696,-0.8532311940476166,0.19998846298495299,0.37199931354664556,0.9905419254002077
focusedBreathing,w5_rfreqGated__mean,44.57250139181305,1.673631861687473,1.3458352308859654,-0.7636208798623091,0.19543188327379854,0.17252331348143146,0.3800005436895818,43.1134638274881,44.110836821944424,43.72324141095124,-0.9668255323306145,-0.5681416849345067,0.39868384739610785,0.4720822115445004,0.9905419254002077
focusedBreathing,w5_rfreqRaw__mean,45.01741772471704,1.594536722015233,1.1515104307969628,-1.1453756461073274,0.0744868733217181,0.10269244850085206,0.6030629332782315,43.35560612221226,44.239297894944585,43.524153780206724,-1.269725682391355,-1.1112718212014199,0.1584538611899351,0.2880117016590714,0.9905419254002077
focusedBreathing,w5_rpowZ__mean,2.013931661869742,0.18229890904976928,0.1475680726112429,-0.57588577152681375,0.3366664090261823,0.008508802875784885,0.9657236508695061,1.9040591012728552,1.9590947595464525,1.9083302780454996,-0.6071167405279316,-0.6709115060547807,-0.06379476552684904,0.5998233971011396,0.9905419254002077
focusedBreathing,w5_rpowDb__mean,2.5490618120711925,3.363259535075417,5.833423639913994,-1.290591872912852,0.004484930529363589,-0.02024508270445369,0.9185558708778904,-4.14358591593756,-3.0709888095211806,-4.793172698194597,-1.1961243354959368,-2.062146009646012,-0.866021674150075,0.0717818989129393,0.9905419254002077
focusedBreathing,w5_bandDb__mean,-1.3036994838800038,3.2271079104423017,6.116536376053314,-1.0955552456997584,0.011478686969722934,-0.002347255965733761,0.9905419254002077,-7.081475644929569,-6.040580799932916,-7.956782469018673,-1.014471502086001,-1.740847162012062,-0.7263756599260611,0.09704708074402117,0.9905419254002077
focusedBreathing,w5_aucZ__mean,1.006965830934871,0.09114945452488456,0.07378403630562143,-0.5758857715268155,0.33666640902618067,0.008508802875784885,0.9657236508695061,0.9520295506364276,0.9795473797732261,0.9541651390227497,-0.6071167405279321,-0.6709115060547823,-0.06379476552685026,0.5998233971011396,0.9905419254002077
focusedBreathing,p1_rfreqPW__mean,43.57480188212777,1.4523152539071225,1.8433604713724405,0.2371556494955424,0.6613189547521794,0.1032792624922855,0.6009823600199009,43.60445393638431,44.172215827368554,44.271596121912914,0.02013476229554093,0.5989375899270836,-0.5788028276315427,0.8777934855262458,0.9905419254002077
focusedBreathing,p1_rfreqGated__mean,43.49127611077388,1.7207524103288587,1.8675311871220266,0.20868979706272184,0.7093386492617193,0.08244736579639836,0.6766116281825789,43.60515827834234,43.95937018610643,44.18931664824201,0.0684110153167258,0.4834106881865366,-0.41499967286981077,0.8777934855262458,0.9905419254002077
focusedBreathing,p1_rfreqRaw__mean,43.51456991725579,1.495929224673571,1.7902266141458218,0.3521028309099845,0.5333948594288551,0.08479462176213214,0.6679172051338371,43.743102097314285,44.21856968784849,44.205692506662146,0.15273296446581194,0.5905761191269211,-0.4378431546611091,0.7992899659236236,0.9905419254002077
focusedBreathing,p1_rpowZ__mean,2.065519288187559,0.11541781668940258,0.16990240439060783,-1.529147265269987,0.006138065788900421,0.025233001631637934,0.8985818656315354,1.8730774096502698,1.8595993467992342,1.9103200574563406,-1.131478754734799,-1.2128054651885851,-0.08132671045378603,0.0717818989129393,0.9905419254002077
focusedBreathing,p1_rpowDb__mean,2.6838756091027887,3.0550090198573927,5.623053881588418,-1.4263581487784107,0.0019153730176657416,-0.054573701203309954,0.7826891163637284,-4.150689574241032,-3.50971388561499,-4.93509025914948,-1.2522728137303645,-2.358465124262034,-1.1061923105316693,0.06111313886486408,0.9905419254002077
focusedBreathing,p1_bandDb__mean,-1.3907420325205893,3.1180325250534904,5.695115161864993,-1.2155028544407445,0.0061817779996824924,0.009095616867218326,0.9633612784366756,-7.35339762715758,-6.509995866060976,-8.19561892675474,-1.0702185870099201,-1.9141712202498726,-0.8439526332399525,0.0717818989129393,0.9905419254002077
focusedBreathing,p1_aucZ__mean,1.7293719611965814,0.38492771110719176,0.2857283073563153,-0.67918129420835,0.22998413144397362,0.005868139914334403,0.9763575489913681,1.5060580345643333,1.4020493766084405,1.5687704506213327,-0.6277437600866729,-0.41495196625223435,0.21279179383443853,0.5216713225436475,0.9905419254002077
focusedBreathing,p2_rfreqPW__mean,44.56666508070405,1.7952643310120031,1.5508166884312338,-0.41582717604898484,0.4608639887992756,0.10797377442375303,0.5844489151691525,43.671757725792496,44.43231927100824,43.95570225454876,-0.5106621138233848,-0.4035224826958537,0.10713963112753105,0.7326555719373099,0.9905419254002077
focusedBreathing,p2_rfreqGated__mean,44.37502745679621,2.0397477012255907,1.7047013568548568,-0.33768925652456333,0.5449198192249833,0.027873664593088418,0.8880310507414422,43.47900687120274,44.341265392148955,43.69562796756421,-0.4669544819430641,-0.40127779592342294,0.06567668601964116,0.8018376428700811,0.9905419254002077
focusedBreathing,p2_rfreqRaw__mean,44.733144894718684,1.630291023217699,1.3624015845378359,-0.5945086176525558,0.3088177444140833,0.06513635304911188,0.7419252333279798,43.68454958681115,44.50918357937815,43.85936419034104,-0.7033361915760508,-0.6496010791092754,0.053735112466775314,0.5997348924864724,0.9905419254002077
focusedBreathing,p2_rpowZ__mean,2.0997714271997325,0.06922070144376245,0.18201722974165654,-0.8298356463806938,0.04724630796518076,0.07833966785636429,0.6919243347515924,1.9794476382361648,2.0252992386035915,2.039670899341594,-0.7843273140048233,-0.4144836482740356,0.36984366573078764,0.21433690930545418,0.9905419254002077
focusedBreathing,p2_rpowDb__mean,2.9277559928475405,3.6461758734632785,6.080139877228,-1.2727561306079407,0.005392664855882988,0.004107697940034082,0.9834491217539434,-3.9524698578952693,-2.8547731045001883,-4.388325741394784,-1.1743134440943683,-1.9382228626735316,-0.7639094185791633,0.0717818989129393,0.9905419254002077
focusedBreathing,p2_bandDb__mean,-0.9777590140257884,3.3926022034975594,6.115588057638506,-1.1385708637487622,0.009752904365999144,-0.002347255965733761,0.9905419254002077,-7.007250172393382,-5.966564460953283,-7.735917266984021,-1.0395421347563594,-1.7073221791371171,-0.6677800443807578,0.09070201060379204,0.9905419254002077
focusedBreathing,p2_aucZ__mean,1.8130655925740933,0.9723782961187536,0.6095854807531524,-0.31478229312082195,0.5705878464063145,0.2197618397918234,0.26115841942636253,1.5546858036605955,1.499346716167676,1.5002641589990917,-0.30254131090921615,-0.4274749866930597,-0.12493367578384357,0.8101476292486604,0.9905419254002077
focusedBreathing,p3_rfreqPW__mean,43.973498277525174,2.1487291473087184,1.1952918692116765,-0.28941614098122653,0.6540502241699917,0.10210563450941862,0.605146549906229,43.27491777647002,44.10813776753208,43.17067938091379,-0.459622791847733,-0.4671098101334987,-0.007487018285765701,0.8752038970907802,0.9905419254002077
focusedBreathing,p3_rfreqGated__mean,43.95595502999022,2.33863565165744,1.4090568323735417,-0.31868070406909205,0.6176578357062101,0.10269244850085206,0.6030629332782315,43.099726155722244,43.99647545615512,43.04651750276503,-0.5025240881895222,-0.4757843066075494,0.02673978158197282,0.8573459510548888,0.9905419254002077
focusedBreathing,p3_rfreqRaw__mean,44.11212416438717,1.894727351095215,1.0958029626587298,-0.4057822554043678,0.5262625925745839,0.048705561288975546,0.8055884210183545,43.3028544371077,44.262679945988076,43.08949810618442,-0.5908788833079022,-0.7052342043522211,-0.11435532104431889,0.7992899659236236,0.9905419254002077
focusedBreathing,p3_rpowZ__mean,2.022386265210676,0.13689630563072322,0.1549489476572348,-0.5598429630164249,0.2907325670142298,0.12293753120530576,0.5331289591384714,1.9371348438527947,1.9867145499668715,1.956797845258339,-0.554891537050803,-0.43579047472127597,0.119101062329527,0.5942445875235906,0.9905419254002077
focusedBreathing,p3_rpowDb__mean,3.1113830246604373,3.5469488243349456,5.8353478279534245,-1.3405319888024847,0.003787028915900167,-0.03315499051598938,0.8669870599762743,-3.6440908239317213,-3.0029400148189747,-4.3710303801725665,-1.1847232716848177,-1.9694337240181086,-0.7847104523332908,0.0717818989129393,0.9905419254002077
focusedBreathing,p3_bandDb__mean,-1.0213199138721314,3.395792084595862,6.118291386142512,-1.1250454766266065,0.010428780736733291,-0.02024508270445369,0.9185558708778904,-6.917921403666544,-6.003542064107628,-7.8420455803966345,-1.0273730263925445,-1.723468214378366,-0.6960951879858215,0.0923692008110663,0.9905419254002077
focusedBreathing,p3_aucZ__mean,1.9840123101190388,0.48872974076833003,0.8830476467292716,0.12562650404355902,0.7666548447898791,-0.14288920691404272,0.46823038119422167,2.1836696788028753,2.026043043440776,2.0619333578117574,0.28022151240154664,0.09973249224123559,0.18048902016031104,0.896841516546651,0.9905419254002077
focusedBreathing,p4_rfreqPW__mean,45.24007448301478,2.608546660695861,1.3913337015963456,-1.0435109169849812,0.12396066567057545,0.11706939129097135,0.5529965846046907,43.12576046456493,43.55671637601444,43.948589972028245,-1.0247344760138384,-0.640553683415237,0.3841807925986014,0.3659791081702704,0.9905419254002077
focusedBreathing,p4_rfreqGated__mean,45.414372614367664,3.034427948243718,1.5285562846390746,-1.0483992649028584,0.13199975641977746,0.1643079176013633,0.40343817370065715,43.009587606158824,43.455344246131844,43.90957312839285,-1.0519132946681726,-0.6347186860472834,0.4171946086208892,0.37199931354664556,0.9905419254002077
focusedBreathing,p4_rfreqRaw__mean,45.270585828929676,2.5420384848116058,1.4898774138399178,-1.0214318464147458,0.11819331080743749,-0.01877804772587009,0.9244403358443711,43.25809163565897,43.524055444977975,43.76753887704878,-0.9641801085299555,-0.7914354853566753,0.1727446231732802,0.3659791081702704,0.9905419254002077
focusedBreathing,p4_rpowZ__mean,2.067279181534309,0.17273836958770208,0.1937255572424834,-0.9160772697222248,0.13605492508105846,-0.09829134356510125,0.6187633123357497,1.989015112651886,1.9248133030718348,1.911976010104238,-0.4172189662206282,-0.9634956488214922,-0.546276682600864,0.3777047173892071,0.9905419254002077
focusedBreathing,p4_rpowDb__mean,3.0180166464767892,3.598436894495239,5.5842531847024635,-1.3306239778959594,0.004378471597559978,-0.056040736181893556,0.7769910760516636,-3.4448258945797265,-2.8387641885660737,-4.488741409203513,-1.12884276518617,-2.1478013313541706,-1.0189585661680005,0.0717818989129393,0.9905419254002077
focusedBreathing,p4_bandDb__mean,-1.2485162623486925,3.2629249021002233,5.939679994700515,-1.1329075912493152,0.00965344357449844,-0.06102865510907779,0.7577036521951932,-6.94539267113464,-6.16287341297796,-8.231396356414049,-0.980703403110223,-1.9460903023489813,-0.9653868992387583,0.09070201060379204,0.9905419254002077
focusedBreathing,p4_aucZ__mean,2.5255161246452205,0.9936100271631448,0.7297412829533427,0.12480482437671578,0.8158092256740177,0.030514327554538895,0.877498871883676,2.588100704247922,2.631213099588778,2.7585185387237865,0.0737504794944615,0.286128159301577,-0.21237767980711547,0.9140994938275138,0.9905419254002077
focusedBreathing,peakZ__mean,4.742201004044358,0.15893708386701605,0.21820045706375482,0.10891948966026492,0.8157723169367246,0.012323093820102247,0.9503741616825478,4.797893100243623,4.778456429530308,4.767218490947184,0.2651426647636966,0.15175776437618493,0.11338490038751164,0.9140994938275138,0.9905419254002077
focusedBreathing,peakLatMs__mean,957.6463739637836,134.49453648067185,100.8696853902887,0.3675390044303761,0.5111941152287551,-0.39228515327325486,0.03894855632645694,1025.7345086423702,983.4955681244624,913.7860855115332,0.6455400065388694,-0.4088770673554601,0.23666293918340936,0.7858025242359377,0.9905419254002077
focusedBreathing,peakFreq__mean,43.110554924765616,2.158942918405067,2.1764522616479445,0.04266454637725376,0.9360646411272175,-0.012909907811535688,0.9480141043776374,43.06142914774895,43.78416795463113,42.73644110223394,-0.024160388176130036,-0.20286096367033563,-0.1787005754942056,0.9719930388231902,0.9905419254002077
focusedBreathing,anyBurst__mean,0.9950738916256158,0.013033257689973337,0.01586434514823838,-0.24491834293906498,0.6288296294231047,0.0651911960713465,0.7417152444527961,0.9944946485439443,0.9889610389610389,0.9967948717948718,-0.05212723743730463,0.15666592036625263,-0.104538682928948,0.8663874894273887,0.9905419254002077
focusedBreathing,burstLatMs__mean,333.8848950078556,80.22556090250173,73.92573499850707,0.034918098816238204,0.9463201436248965,-0.085968249744999,0.6635855824339041,333.11943859449576,342.3023813677229,312.85504127869854,-0.010536220147369208,-0.26930198042620046,-0.25876576027883125,0.9724615840565235,0.9905419254002077
focusedBreathing,timeAboveMs__mean,426.2880194598397,14.075954364469997,44.54452687430963,-1.7059693018068605,3.071188932455418e-4,0.0624956900876614,0.7520572252695372,379.5139517745112,382.6624345760106,389.5826188020561,-1.394134909121638,-1.1637179254717924,0.23041698364984553,0.028562057071836126,0.9905419254002077
focusedBreathing,nBursts__mean,5.515457942458798,0.3183173771269815,2.477303807321569,0.19623439705688142,0.5797356667292661,0.12616500815818968,0.5223486371784837,5.261373814017538,6.489008532261508,5.542690522038348,-0.4302079683092639,0.06397439545192977,0.3662335728573341,0.816900257663966,0.9905419254002077
focusedBreathing,dutyCycle__mean,0.21293107865126876,0.007030946235999029,0.022250013423731115,-1.7059693018068562,3.0711889324554973e-4,0.0624956900876614,0.7520572252695372,0.189567408478777,0.19114007721079468,0.19459671268833992,-1.394134909121636,-1.1637179254717895,0.23041698364984642,0.028562057071836126,0.9905419254002077
focusedBreathing,maxBurstMs__mean,156.01466918978807,11.533582223343275,16.87039259761853,-1.1427199009593636,0.03366754611445677,-0.05222644523757619,0.7918287289395192,144.06213113693187,141.89263487616083,146.38431663533964,-1.0493144982431868,-0.7617919281210384,0.28752257012214844,0.19194416937329933,0.9905419254002077
focusedBreathing,peakZ_base__mean,38.726959433211334,9.37383167990495,116.94900363350962,0.25774436095567005,0.4654375854172187,-0.05750777116047716,0.7713043029390503,89.14888700454625,35.90972742492572,32.07242645098547,0.3420786438719675,-0.7464267658939131,-0.4043481220219456,0.7336558549796837,0.9905419254002077
focusedBreathing,anyBurst_base__mean,0.9976580796252927,0.006196138901790617,0.007433386645092579,0.09309843472542623,0.8554874839659712,-0.09196424453352267,0.6416228302505256,1,0.9951298701298702,1,0.6172133998483675,0.511766315719159,0.10544708412920856,0.9305302457173722,0.9905419254002077
focusedBreathing,timeAboveMs_base__mean,1659.6944905999426,80.56465545072486,97.84319166259993,-1.0129141572365707,0.060478673988717466,0.11824301927383822,0.5489958962256567,1557.2683578531569,1617.094264127346,1570.1924326880849,-1.1058287985462514,-1.1954497981754741,-0.08962099962922276,0.24997851915336555,0.9905419254002077
focusedBreathing,chirpSlope__mean,3.7589279054529054,5.960409208220436,4.055160521417503,-0.930223249041399,0.12148234505581754,-0.006161546910051123,0.9751757768881661,0.33070836135851894,-0.015058304665605508,-0.2184724855971236,-0.6903470131517631,-0.6953235875511801,-0.004976574399417011,0.3659791081702704,0.9905419254002077
focusedBreathing,chirpSlope2__mean,2.8068544361659096,4.2732668961472315,3.3577750473689516,-0.6192499154989926,0.3308646638096202,0.199223350091653,0.3094567454499634,0.27391702265791396,0.8381224823207836,1.7671977740243705,-0.787457560405373,-0.2972254402439889,0.49023212016138407,0.5998233971011396,0.9905419254002077
focusedBreathing,freqSpan__mean,23.191441941128293,1.0969342061860285,1.201758118644221,-1.096406515533949,0.04717312968320469,0.26289266816218126,0.1765065285609693,22.0744889364939,21.63077034314064,23.095158840874955,-1.0123751066803786,-0.11088228931459632,0.9014928173657822,0.21433690930545418,0.9905419254002077
focusedBreathing,freqJitter__mean,7.432344838790973,0.5523734750902067,0.4694736680160697,-0.688741215594394,0.21837630696829533,0.2150673278603559,0.2717384330205301,7.128161714864001,6.973092543775484,7.423013469423255,-0.5778698171924176,-0.021342376063151695,0.5565274411292659,0.5087038415899027,0.9905419254002077
focusedBreathing,apExp__mean,1.3074776654060893,0.5902209491949058,0.6716508348639507,0.479439448138948,0.2895746353267157,0.1525716377726945,0.43829273696186066,1.5714293962363048,1.48574408181895,1.6854177756512727,0.3730193186866358,0.8151628620286727,-0.4421435433420369,0.5942445875235906,0.9905419254002077
focusedBreathing,apOffset__mean,0.567643932110098,0.7073049388085036,0.7005781336666765,0.009770637062646068,0.9835921146723575,0.06308250407909484,0.7498021281503934,0.5560035055965389,0.4123344529532159,0.5420209961803838,-0.014980314739914166,-0.04455304350696059,-0.029572728767046426,0.9942833333101005,0.9905419254002077
focusedBreathing,gammaBumpDb__mean,16.174197155088752,3.55100746801599,2.8394883354905507,-0.6162161791311139,0.2964499832124443,0.15931999867417904,0.41805627201695383,13.961297176791353,14.620736964440313,15.04010622814354,-0.7565313882979989,-0.37699278992138463,0.3795385983766143,0.5993445312773331,0.9905419254002077
focusedBreathing,gammaPeakPresent__mean,0.9848723522332262,0.02576435610988656,0.03636169186861609,-0.3216921641764121,0.4737506158297816,0.09597565328698829,0.6270910426763456,0.9674432495921379,0.9789267939173062,0.987663906142167,-0.4096471096946452,0.12275002002486925,0.28689708966977595,0.7404841558347847,0.9905419254002077
focusedBreathing,inhalePeakMs__var,103195.76221298418,93687.38708153921,80215.15642188743,0.12242279266464805,0.8150359559830767,0.09770452957366782,0.6208693244069936,94870.68829150939,105032.3468951969,137213.59947131344,-0.1106204750148541,0.3021449023518901,-0.191524427337036,0.9140994938275138,0.9905419254002077
focusedBreathing,returnCrossMs__var,247562.76391818747,240241.26686035772,175296.60020497662,-0.0022361221433564718,0.9967031458808533,0.12205731021815558,0.5360873011981451,219397.57993627855,221666.84611718095,281593.17727660754,-0.1344148748179954,0.13762856864141645,-0.0032136938234210433,0.9967031458808533,0.9905419254002077
focusedBreathing,exhaleStartMs__var,247562.76391818747,240241.26686035772,175485.3934975078,0.014164977669123889,0.9789826913228443,0.1106144373852035,0.5752373175603549,225242.96479251707,221666.84611718095,279364.5037026325,-0.10529095744615319,0.1297673364069063,-0.02447637896075311,0.9942833333101005,0.9905419254002077
focusedBreathing,exhaleTroughMs__var,299093.5082033374,170975.8975861341,1486493.834977387,0.8941012814147463,0.022661049124523193,0.11237487935950383,0.5691323739030314,438448.098806072,1511681.420598129,1195290.5359284033,0.46675908076188155,0.8500288467560584,-0.38326976599417684,0.1624976124783956,0.9905419254002077
focusedBreathing,endSymMs__var,1196374.0328133495,683903.5903445364,5945975.339909548,0.8941012814147463,0.022661049124523193,0.11237487935950383,0.5691323739030314,1753792.395224288,6046725.682392516,4781162.143713613,0.4667590807618816,0.8500288467560584,-0.3832697659941768,0.1624976124783956,0.9905419254002077
focusedBreathing,breathLenMs__var,4891865.7904135,5203843.216032276,4276564.021413715,-0.2167916172803683,0.7052278722576373,0.30396964756252215,0.11581218201097666,2797302.614046058,5719606.345706254,4509116.381303274,-0.5518394284208572,-0.08578525468438075,0.46605417373647645,0.8777934855262458,0.9905419254002077
focusedBreathing,inhaleVolume__var,251578.08953873083,239257.0614188714,249054.91098811087,0.3881116411599573,0.45904787267761893,0.26523992412791503,0.17253354732889423,253674.429158628,380742.8183864955,425692.17601765064,0.010040065694884644,0.6337237441015208,-0.6236836784066361,0.7326555719373099,0.9905419254002077
focusedBreathing,inhaleDuration__var,0.19927635921945974,0.1464962928768147,0.3700517319747699,0.36507333320867874,0.36253257280419515,0.03608906047315658,0.8553332497334944,0.23517005032031849,0.24164393547613844,0.4812777610357303,0.2199371362193043,0.5799032487583159,-0.35996611253901156,0.6243616531627806,0.9905419254002077
focusedBreathing,peakInspFlow__var,0.24933975144347628,0.25631303945937456,0.5074438799721241,0.47947166984143386,0.30922354269298513,0.14582327687120994,0.4590476675595916,0.2647295620233109,0.6119031608378382,0.34757879961195126,0.07959106890268315,0.42240375533067864,-0.3428126864279955,0.5997348924864724,0.9905419254002077
focusedBreathing,breathLength__var,4.891865790413499,5.203843216032275,4.276564021413715,-0.21679161728036822,0.7052278722576373,0.30396964756252215,0.11581218201097666,2.797302614046058,5.7196063457062545,4.509116381303274,-0.5518394284208572,-0.08578525468438067,0.4660541737364765,0.8777934855262458,0.9905419254002077
focusedBreathing,w1_rfreqPW__var,64.46995469958631,9.470250852915957,13.129017456908104,-0.9159669407551154,0.1138770574170042,0.1701760575156977,0.38661517830420256,56.746240113716766,60.081332488364495,59.027173430255765,-0.6279235110969476,-0.35359005123630294,0.2743334598606446,0.35900224880614884,0.9905419254002077
focusedBreathing,w1_rfreqGated__var,73.86409850417246,9.268394871638495,16.39393515164813,-0.429690111673641,0.39328331808848027,0.13731447399542504,0.48593783882282593,68.78370643922358,73.37121860216635,72.48706881011981,-0.37298669926376443,-0.07441653177120029,0.29857016749256415,0.6485460963053767,0.9905419254002077
focusedBreathing,w1_rfreqRaw__var,59.7806270774695,9.279928589298489,10.742662370139263,-0.9418135955413626,0.12296164714823966,0.22797723567189157,0.24329668756448286,51.97354107570656,54.98844979536542,55.32732954465593,-0.7544352427089963,-0.33165435648538216,0.42278088622361415,0.3659791081702704,0.9905419254002077
focusedBreathing,w1_rpowZ__var,0.3796896907045332,0.04855865681568978,0.10878543609728607,0.7004595047785475,0.11175865163202395,0.022005524678754013,0.9115000764027512,0.4544009985436343,0.4008101729381126,0.4517086176965339,0.6780101793242224,1.2765821012207834,-0.598571921896561,0.35839843454407677,0.9905419254002077
focusedBreathing,w1_rpowDb__var,9.337474487675413,4.905512337601237,7.265250911683727,0.571627924932317,0.1989063649789126,0.03462202549457298,0.8611565991020381,13.370233164036513,12.952086744116421,13.96481451257226,0.6201999420674023,0.7230886930921167,-0.1028887510247144,0.4743151780266377,0.9905419254002077
focusedBreathing,w1_bandDb__var,2.1075146408880765,0.9805457230639426,3.180495002508333,0.6895680384838554,0.07897095045490668,-0.031687955537405776,0.8728243384824046,4.23943876127013,3.5872508449415372,3.632284714872852,0.693589888357824,1.073209891218205,-0.3796200028603811,0.2880117016590714,0.9905419254002077
focusedBreathing,w1_aucZ__var,0.09492242267613321,0.012139664203922302,0.027196359024321583,0.7004595047785511,0.1117586516320206,0.022005524678754013,0.9115000764027512,0.11360024963590862,0.10020254323452815,0.11292715442413345,0.6780101793242266,1.2765821012207899,-0.5985719218965633,0.35839843454407677,0.9905419254002077
focusedBreathing,w2_rfreqPW__var,57.173481713181324,13.18018022617909,16.10058498434732,-0.320456558541958,0.5564771757179884,0.10680014644088613,0.5885635703621486,54.75434270070129,51.65303618189766,61.69515684159109,-0.14452227883065372,0.2911568757917979,-0.14663459696114417,0.8018376428700811,0.9905419254002077
focusedBreathing,w2_rfreqGated__var,68.95841245776693,20.878455723604976,18.59332903996026,-0.35215621526314067,0.5545732835592201,0.10680014644088613,0.5885635703621486,63.75676861390169,61.893155851652836,71.63948235333552,-0.2748036050097919,0.13040653363736424,0.14439707137242766,0.8018376428700811,0.9905419254002077
focusedBreathing,w2_rfreqRaw__var,55.09129644015113,13.680505017696177,13.881747952707242,-0.6143720215570827,0.30141080282497984,0.13320677605539094,0.4992000417241722,49.2290016236081,46.58892136637043,56.99886150751516,-0.4193757059498667,0.12981071587087475,0.28956499007899195,0.5997348924864724,0.9905419254002077
focusedBreathing,w2_rpowZ__var,0.39194597217667726,0.05308536444686758,0.0946658070444522,0.4066934313683442,0.3708463886920119,0.028460478584521855,0.8856888949481858,0.4306654621078685,0.3954659928816067,0.4598713582077309,0.5794147412484362,0.9995452876972227,-0.42013054644878656,0.6257677181987455,0.9905419254002077
focusedBreathing,w2_rpowDb__var,8.14400532884536,4.095960370831032,6.293146882794518,0.7980303912161135,0.07640503667206831,-0.015257163777269447,0.9385783607132483,12.372624598472804,13.170292315275482,13.290176096708677,0.8165307945940674,0.828238257644465,-0.011707463050397604,0.2880117016590714,0.9905419254002077
focusedBreathing,w2_bandDb__var,2.2304639812200024,1.0784884089471805,2.8506379179085237,0.7128361356279787,0.08234946512125597,0.007921988884351444,0.9680863064322609,3.708553084112099,3.68556040085781,4.013230487399551,0.637101982037193,1.0420934456321107,-0.40499146359491767,0.2890702412634603,0.9905419254002077
focusedBreathing,w2_aucZ__var,0.09798649304416933,0.013271341111716952,0.023666451761113087,0.4066934313683367,0.370846388692022,0.028460478584521855,0.8856888949481858,0.10766636552696703,0.09886649822040162,0.11496783955193256,0.5794147412484278,0.9995452876972055,-0.4201305464487777,0.6257677181987455,0.9905419254002077
focusedBreathing,w3_rfreqPW__var,43.98819422321684,12.036012583766425,13.771335084686898,0.46372465095579507,0.3458703200094818,-0.03462202549457298,0.8611565991020377,50.72805616761364,48.30650110876547,48.258846478658185,0.5286061450364529,0.3271251580016876,0.20148098703476525,0.6012325188949871,0.9905419254002077
focusedBreathing,w3_rfreqGated__var,49.53779435276105,15.72299039522572,15.72102000603516,0.45478987739722093,0.3734420253766707,-0.004107697940034082,0.9834491217539438,56.51373111141007,52.71500819109795,58.18988816155843,0.4732731827603533,0.5782116971703961,-0.10493851441004282,0.6257677181987455,0.9905419254002077
focusedBreathing,w3_rfreqRaw__var,42.62711006039925,11.967757296432474,12.114321730624477,0.44058149193158064,0.3940091875403633,-0.05750777116047716,0.7713043029390503,48.791668341245085,46.14042723571975,46.099839290829124,0.5842568896331447,0.25595061352433274,0.32830627610881197,0.6485460963053767,0.9905419254002077
focusedBreathing,w3_rpowZ__var,0.3715093516381691,0.05041467628364668,0.11797679016612132,0.9666167453991107,0.03308190093644223,-0.056040736181893556,0.7769910760516636,0.44813891552455404,0.4432835162922097,0.40009743506969253,0.7158668388032914,0.5228598220026898,0.19300701680060162,0.19194416937329933,0.9905419254002077
focusedBreathing,w3_rpowDb__var,9.539280744055727,4.556701402049089,6.037312212798912,0.45568288278717967,0.32301084721139695,-0.04019675841319067,0.8390681936024605,11.805354986363836,13.133420972246746,11.46875131128389,0.45333386422107247,0.3589135750423246,0.0944202891787479,0.5997348924864724,0.9905419254002077
focusedBreathing,w3_bandDb__var,1.8671261885873915,0.4159828595837509,3.0260722058535108,0.7870470815599637,0.040375128554689846,-0.0378495024474569,0.8483550299674553,4.259889125297046,3.038035273367445,3.633406626196249,0.7301878196807724,1.1769718024153906,-0.44678398273461817,0.19255830541467464,0.9905419254002077
focusedBreathing,w3_aucZ__var,0.09287733790954239,0.01260366907091181,0.029494197541530282,0.9666167453991034,0.03308190093644388,-0.056040736181893556,0.7769910760516636,0.11203472888113858,0.11082087907305244,0.1000243587674231,0.7158668388032903,0.5228598220026771,0.19300701680061316,0.19194416937329933,0.9905419254002077
focusedBreathing,w4_rfreqPW__var,51.98614697852312,19.311761966415638,13.585735106755784,0.17973097891575118,0.7623181059910388,-0.10650673944516942,0.5895941975166199,58.8810471778725,51.16182826716024,54.998023498319526,0.3964680321637345,0.20391445075858514,0.19255358140514936,0.896841516546651,0.9905419254002077
focusedBreathing,w4_rfreqGated__var,61.08151474138576,23.155317049002857,15.763745326719828,0.0781537472478487,0.8952428308365665,-0.13261996206395751,0.5011092905229846,66.13489454171061,60.79275017767428,61.319403384915525,0.2401514973425121,0.013708941133646044,0.22644255620886605,0.962574091968639,0.9905419254002077
focusedBreathing,w4_rfreqRaw__var,48.97595009478607,16.874743611842497,10.819736831816247,0.07090522317720728,0.9056476671747946,-0.015843977768702888,0.9362206432550242,53.108928339306736,46.74074146348852,52.48384276193761,0.29944464926073877,0.26306609931624997,0.0363785499444888,0.962574091968639,0.9905419254002077
focusedBreathing,w4_rpowZ__var,0.3753644306592772,0.10082693143315893,0.12854792228016534,0.5121561367958702,0.32088075311923403,-0.05193303824185947,0.7929731025631681,0.43308450938983156,0.41453614368710123,0.39067230877436987,0.4538416762882178,0.19323034762300095,0.26061132866521686,0.5997348924864724,0.9905419254002077
focusedBreathing,w4_rpowDb__var,10.069966640637187,7.27101723133527,8.169668674878917,0.4829570964640503,0.3256624953824393,-0.21007940893317165,0.2832779917602656,14.46934770926376,13.41229958067714,12.683141940280668,0.6959793522097345,0.3404751618602114,0.35550419034952313,0.5997348924864724,0.9905419254002077
focusedBreathing,w4_bandDb__var,1.7776729137211313,0.6423228580647737,3.8189807086515346,0.9206171058148788,0.020191174376588655,-0.31775977636120795,0.09939524221889923,5.3988523542695965,2.6718261700433583,2.7274839636497146,0.8087586858964059,1.1551544684745376,-0.34639578257813175,0.1624976124783956,0.9905419254002077
focusedBreathing,w4_aucZ__var,0.09384110766481939,0.025206732858289792,0.03213698057004131,0.5121561367958672,0.3208807531192375,-0.05193303824185947,0.7929731025631681,0.10827112734745803,0.10363403592177524,0.0976680771935925,0.453841676288219,0.19323034762299815,0.26061132866522085,0.5997348924864724,0.9905419254002077
focusedBreathing,w5_rfreqPW__var,54.96670204461947,12.284085415273566,9.95644040625467,0.18703053746704004,0.737270189069488,-0.10445289047515238,0.5968303966687869,57.03151638637901,54.866564226539275,61.61687868147298,0.19862336966312935,0.48180516810261576,-0.28318179843948643,0.8904691893956155,0.9905419254002077
focusedBreathing,w5_rfreqGated__var,65.50967214967086,14.78759554888256,11.05768129240787,0.07187789530246676,0.9006319638362335,0.010856058841518646,0.9562760548010043,67.37158851778548,65.01467212158263,70.38592108407595,0.1411185628130033,0.3477889573256887,-0.2066703945126854,0.962574091968639,0.9905419254002077
focusedBreathing,w5_rfreqRaw__var,50.96650103919919,12.42319231187716,9.89872367337339,0.19547552098836563,0.7305313987868509,-0.10503970446658582,0.5947590329411216,52.74652913408201,51.4636185130085,57.600728516826976,0.17977827575448563,0.45580093697523905,-0.2760226612207534,0.8880969946036226,0.9905419254002077
focusedBreathing,w5_rpowZ__var,0.3400623281602032,0.10466071150265568,0.1094349909984821,0.7239038768616671,0.1881994214462568,-0.06895064399342925,0.7273645355028553,0.3971323581826523,0.42054269632536667,0.39356428335619115,0.6795382339881185,0.5003826252256736,0.17915560876244496,0.4605933209079442,0.9905419254002077
focusedBreathing,w5_rpowDb__var,9.864178739803483,5.629717086316448,7.436670284615213,0.6607212718093093,0.1650440232843479,-0.0349154324902897,0.8599913509213113,14.537793779222469,13.376392415635596,14.673034366320795,0.7779519374472477,0.6650623313166567,0.11288960613059096,0.42636372681789875,0.9905419254002077
focusedBreathing,w5_bandDb__var,1.8513100750187512,0.71643181425512,4.974872679418624,0.7059043775883819,0.06287102506415637,-0.11032103038948678,0.576257632137831,5.386892456423011,2.676207321090685,3.5912635594633713,0.5858849038874495,1.0345061805661497,-0.4486212766787002,0.2542176230855019,0.9905419254002077
focusedBreathing,w5_aucZ__var,0.08501558204005076,0.026165177875663914,0.027358747749620493,0.7239038768616722,0.18819942144625418,-0.06895064399342925,0.7273645355028553,0.09928308954566324,0.10513567408134163,0.09839107083904777,0.6795382339881278,0.5003826252256741,0.17915560876245373,0.4605933209079442,0.9905419254002077
focusedBreathing,p1_rfreqPW__var,40.211553921145494,15.98186598568198,14.500008150864081,0.2832896706236538,0.6022502788493826,0.0756990048949138,0.7018316371857196,43.59892994768476,44.23975777602032,46.88821565318352,0.23456296580769867,0.42405801042616953,-0.18949504461847086,0.842244750872069,0.9905419254002077
focusedBreathing,p1_rfreqGated__var,49.359068412201815,25.98066075788532,16.72097032432629,0.10828496624052032,0.8531144611971995,0.07628581888634725,0.6996258219103699,50.53669405880235,51.60672253368343,54.396394932854705,0.05875301375096399,0.23237217355053874,-0.17361915979957476,0.9305302457173722,0.9905419254002077
focusedBreathing,p1_rfreqRaw__var,38.85127911271767,14.438833803353086,12.076061748461266,0.1385265873484789,0.8013882935567109,0.07980670283494788,0.6864415178555693,40.171145518629466,40.91048217426842,43.39850344242324,0.09990189614320118,0.33884510823077313,-0.23894321208757197,0.9140994938275138,0.9905419254002077
focusedBreathing,p1_rpowZ__var,0.2723603255628431,0.03897559445654326,0.061108893969823136,0.46562842880516353,0.32194030840810567,-0.1819123373443665,0.35420400652805306,0.3191428926898578,0.275243362032595,0.29953070664648707,0.8665641424982863,0.5234024555427619,0.3431616869555244,0.5997348924864724,0.9905419254002077
focusedBreathing,p1_rpowDb__var,6.548866767456179,3.1460501194156953,5.263642683368015,0.7624613622961557,0.0771862746016619,-0.025233001631637934,0.898581865631535,10.331688164093496,10.715413995997102,9.82942326624443,0.8511094823222051,0.7182890696042157,0.1328204127179894,0.2880117016590714,0.9905419254002077
focusedBreathing,p1_bandDb__var,1.7404007832028758,0.8144795448893898,2.0892547017352467,0.7274509714472542,0.07782302579105328,0.017897826738719928,0.9279729028709912,2.9704135212555913,2.806201179108643,2.895244863116114,0.7604890249339772,0.9017013746394825,-0.14121234970550534,0.2880117016590714,0.9905419254002077
focusedBreathing,p1_aucZ__var,0.5743492378967936,0.4169440270321871,0.3036986556456736,-0.0054214591766319825,0.991998685540048,0.07335174892918005,0.7106784021983372,0.5213824008386678,0.510347117080472,0.6296875348739612,-0.16020454821051205,0.12569139361130063,0.03451315459921142,0.9967031458808533,0.9905419254002077
focusedBreathing,p2_rfreqPW__var,38.29122793666323,13.75316919329309,11.245940971397252,0.6161699169870712,0.28037655686581975,-0.25761134223928034,0.18567922293203382,50.024434195124385,41.14618379203629,43.82477504844248,0.9651904837334271,0.47293132959249334,0.49225915414093374,0.5942445875235906,0.9905419254002077
focusedBreathing,p2_rfreqGated__var,42.77824649503524,17.692808505146367,14.563052156304591,0.6157312710891664,0.29063002781513647,-0.21917502580038997,0.26246604904340176,57.96272513330238,45.02918132000007,52.32167205391416,0.9641213586516711,0.6432355500138285,0.32088580863784266,0.5942445875235906,0.9905419254002077
focusedBreathing,p2_rfreqRaw__var,36.44420053288027,12.063950718157024,10.098812571546741,0.5600907441660826,0.3149537888352455,-0.2719882850293996,0.16146275502880345,46.102568506797326,38.890313713689245,41.53177415198664,0.8632171200270334,0.4614116515746019,0.40180546845243154,0.5997348924864724,0.9905419254002077
focusedBreathing,p2_rpowZ__var,0.2778066906491423,0.12665482309332604,0.1258165364024108,0.6584021750401965,0.23961234253999214,-0.21360029288177226,0.2751004987255077,0.3509433344966319,0.36062067130598147,0.3206693065109439,0.5825497571252696,0.4430322300137918,0.1395175271114778,0.5305701870528398,0.9905419254002077
focusedBreathing,p2_rpowDb__var,9.345567907848752,7.847696259087624,6.181890024353429,0.25203479397543566,0.6409969477957835,-0.019071454721586813,0.9232631217400691,11.59690311862568,10.722004495085505,12.000528038867266,0.34748397772505135,0.36299083493860246,-0.015506857213551106,0.8752038970907802,0.9905419254002077
focusedBreathing,p2_bandDb__var,1.5322872931237836,0.7983813049996947,1.732282587139123,1.0015002148128838,0.022714720023861747,-0.15521230073414496,0.43031177947548915,3.363179475552534,2.3101186644445657,3.0335566733243158,0.9798573221564021,1.1277231765934321,-0.14786585443703004,0.1624976124783956,0.9905419254002077
focusedBreathing,p2_aucZ__var,0.5325946188079184,0.47685262783572385,0.2709879529564163,-0.21091158654603065,0.7170160954762039,0.1587331846827456,0.4197951143856903,0.41560576050596537,0.46902746380409743,0.4375602704328413,-0.3001643895750042,-0.2480305008089014,0.05213388876610278,0.8777934855262458,0.9905419254002077
focusedBreathing,p3_rfreqPW__var,39.946626394366,17.36033754685431,11.55010401451103,0.18329737215011538,0.7555521923545078,0.24206077146629415,0.21459674173610926,40.02107614477442,42.30774028741592,47.52293140669295,0.00513444443765915,0.5305566525520498,-0.5254222081143906,0.8951127883945124,0.9905419254002077
focusedBreathing,p3_rfreqGated__var,45.305324800939616,19.778120592932797,12.922647572855698,0.35727468351044894,0.5560393134093033,0.3450466269628629,0.07213600399929714,46.45133724139461,49.42810999570732,57.85524540481273,0.06802260691414688,0.7955831579024017,-0.7275605509882549,0.8018376428700811,0.9905419254002077
focusedBreathing,p3_rfreqRaw__var,37.20865831056831,15.178976136219909,11.339526560164149,0.16180848185169375,0.7762764568799013,0.28577841382808544,0.14042815645251058,36.41946114577732,39.61647444149443,43.86069559109761,-0.05998237199748495,0.5146174754337333,-0.4546351034362483,0.9024213811228854,0.9905419254002077
focusedBreathing,p3_rpowZ__var,0.22946060250759617,0.09622346717765679,0.14245869974093997,0.5340891400980126,0.23883089260196183,0.023472559657337612,0.9056252369129945,0.29435436795283754,0.29647544636825457,0.2582703828469522,0.42639417273470887,0.2963157931843712,0.13007837955033769,0.5305701870528398,0.9905419254002077
focusedBreathing,p3_rpowDb__var,7.237147027097322,5.289018954607893,7.781847695062031,0.6737879705694861,0.14217180082716785,-0.1320331480725241,0.5030221726293354,11.254321185435325,12.322940903760069,10.601319368396787,0.7720426619914685,0.5402564996167487,0.23178616237471983,0.3888816904978415,0.9905419254002077
focusedBreathing,p3_bandDb__var,0.982258632069626,0.4404350760037764,3.493337135372381,1.1472095494819374,0.005480458299823523,0.07100449296344628,0.7195619977846535,4.101871870412762,2.4561290203307116,3.049851296339042,0.7471121506208157,1.5533795146714768,-0.8062673640506611,0.0717818989129393,0.9905419254002077
focusedBreathing,p3_aucZ__var,0.9137799538802519,0.5786726697194685,0.7885499574513697,0.21390622761476166,0.6510463018796103,-0.012323093820102247,0.9503741616825478,0.931577916123147,1.0608823344252043,1.3903989723268528,0.03487294690360349,0.45551561005493296,-0.4206426631513295,0.8752038970907802,0.9905419254002077
focusedBreathing,p4_rfreqPW__var,27.472507654859644,16.20532355155286,19.539911489199582,0.4888857484287597,0.3434793170127567,-0.13878150897400865,0.4812452151233758,38.326277403403765,33.26618037436037,30.135391571731073,0.5123226507281026,0.19414806002210722,0.31817459070599535,0.6012325188949871,0.9905419254002077
focusedBreathing,p4_rfreqGated__var,24.81975958846404,12.038629280872556,19.415450504771048,0.9245717796437367,0.0543165432662658,-0.12264412420958902,0.5341142093507277,42.8529231494102,30.509959711979217,34.528644263259565,0.8378696260409372,0.9884637813042974,-0.15059415526336017,0.24054469160774858,0.9905419254002077
focusedBreathing,p4_rfreqRaw__var,26.755847351976062,16.143694256299177,23.353138495458776,0.3994418233627595,0.4150094965059812,-0.21741458382608964,0.2664144240885362,36.17214680916255,35.042063970791965,26.971044447442054,0.43770403935335345,0.016480585439989603,0.42122345391336385,0.6712327508705435,0.9905419254002077
focusedBreathing,p4_rpowZ__var,0.3195217172972005,0.37357895443677075,0.17280072676080008,-0.3942012886871577,0.5371572351637255,-0.009095616867218326,0.9633612784366756,0.26927414382437675,0.19959625183834498,0.20330050505282846,-0.16809181174003984,-0.4055564326592685,-0.23746462091922865,0.7992899659236236,0.9905419254002077
focusedBreathing,p4_rpowDb__var,4.634256307502497,1.3461312843948392,5.4628798310966715,0.8133566331450166,0.038453044598669696,-0.10562651845801926,0.5926907653128956,7.656382256111631,8.571928389952081,7.3395578655843385,1.1367330030650078,0.8799208607397446,0.25681214232526317,0.19194416937329933,0.9905419254002077
focusedBreathing,p4_bandDb__var,1.1245925876102674,0.578263970675797,3.7381638412538267,0.5965346561784919,0.11147750705390809,-0.10826718141946974,0.5834222227184378,2.1929118058372605,3.245691664414224,1.985656680789219,0.8056588149072823,0.9219705153232265,-0.11631170041594419,0.35839843454407677,0.9905419254002077
focusedBreathing,p4_aucZ__var,0.6222593981592887,0.22665644027563703,0.6486002072411883,0.869614957951564,0.036086982966968675,-0.04166379339177426,0.8332745298940518,1.1704991202509427,0.7779685694195768,0.9644537369481462,0.7578180025463388,1.2593466486034344,-0.5015286460570956,0.19194416937329933,0.9905419254002077
focusedBreathing,peakZ__var,0.382435445220677,0.13598896342086567,0.33167274583239414,0.8361948837517991,0.05776665984781387,0.05516051519474339,0.7804085657587195,0.47446334977759613,0.5917214416312007,0.5220281637905432,0.5655569649035763,0.8249775719479534,-0.2594206070443771,0.24987438910914836,0.9905419254002077
focusedBreathing,peakLatMs__var,305828.43396059587,60220.54517509582,67462.61501913631,0.6464294436924588,0.22858160609052472,-0.0874352847235826,0.6581859098558839,348435.48122510593,309771.35770050174,347262.8762889704,0.7081197824608405,0.7023835441014554,0.005736238359385082,0.5216713225436475,0.9905419254002077
focusedBreathing,peakFreq__var,88.865331072521,28.960738014981636,22.30709192521762,-0.480133728436134,0.40499380769986826,0.2573179352435636,0.18619835445574373,77.23408972012295,68.92665833517164,95.01562896211622,-0.5887062871521731,0.24626500904052995,0.34244127811164315,0.6607793704576798,0.9905419254002077
focusedBreathing,anyBurst__var,0.004926108374384236,0.01303325768997335,0.015241897153190036,0.2359019091189593,0.6454563077553842,-0.0651911960713465,0.7417152444527961,0.0055053514560556805,0.01062573789846517,0.0032051282051282046,0.052127237437303735,-0.15666592036625185,-0.1045386829289481,0.8752038970907802,0.9905419254002077
focusedBreathing,burstLatMs__var,119103.59269738212,31479.204021510835,39726.72787483218,-0.21610654483063174,0.6764911115562262,-0.06660338802769547,0.7363143625450848,117355.60355799389,104423.02908175433,119145.95988414138,-0.050533966797781125,0.0011271291369955795,0.049406837660785546,0.8777934855262458,0.9905419254002077
focusedBreathing,timeAboveMs__var,26902.995773582803,6499.94212094344,7111.744118226724,0.04032438846892583,0.9406384246676034,0.22034865378325683,0.2598550354208301,24039.186157753375,28754.47657332646,27533.244878342575,-0.5325667187113668,0.0922914102796434,0.44027530843172347,0.9719930388231902,0.9905419254002077
focusedBreathing,nBursts__var,4.409094769346639,0.8941307721079133,29.677396232802998,0.3832149041407463,0.28169477177925245,0.3916983392818214,0.03926793540559927,4.591961565687626,19.635369338527596,6.085084167276219,0.18220727793917235,1.6241720930036116,-1.4419648150644393,0.5942445875235906,0.9905419254002077
focusedBreathing,dutyCycle__var,0.006712317595886343,0.0016217404276401566,0.001774385484202795,0.04032438846892585,0.9406384246676034,0.22034865378325683,0.2598550354208301,0.005997794951739921,0.007174263442183816,0.006869565219581273,-0.5325667187113665,0.09229141027964344,0.4402753084317231,0.9719930388231902,0.9905419254002077
focusedBreathing,maxBurstMs__var,2945.878590914626,1227.0753766296243,1216.9836569738493,0.02672626325622258,0.9598413485910662,0.029634106567388737,0.8810074204682228,2689.1484614719375,3105.4235529851962,2862.6475561346756,-0.2819434340310362,-0.07845823423547661,0.20348519979555962,0.9809367628458148,0.9905419254002077
focusedBreathing,peakZ_base__var,2787.107223532487,3910.6999021669226,2592434.811263066,0.3385441917273616,0.33860998223451433,-0.07247152794202989,0.7140054902951649,1248343.0105862431,1137.9894114551728,1098.3900155669498,0.3809215636338228,-0.5514732143362346,-0.17055165070241185,0.5998233971011396,0.9905419254002077
focusedBreathing,anyBurst_base__var,0.00234192037470726,0.006196138901790611,0.007324238217065865,-0.09859761659906172,0.8478990662805738,0.09196424453352267,0.6416228302505259,0,0.004811097992916174,0,-0.6172133998483676,-0.5117663157191589,0.10544708412920878,0.9305302457173722,0.9905419254002077
focusedBreathing,timeAboveMs_base__var,97202.54198118558,24906.176590341736,57934.42969126788,0.7963090441506206,0.08695863096119033,-0.06865723699771252,0.7284813791947882,122084.108764569,125346.44747679977,122615.0239223113,0.8969930848311571,0.7574725226797859,0.1395205621513712,0.29407827925057095,0.9905419254002077
focusedBreathing,chirpSlope__var,812.0382481091837,233.74369922154116,213.3302856875683,-0.07366774018139874,0.90392325964337,0.10680014644088613,0.5885635703621486,849.2311664989228,709.1882008644203,952.4820556391883,0.1607760188341444,0.6562968667578322,-0.4955208479236878,0.962574091968639,0.9905419254002077
focusedBreathing,chirpSlope2__var,364.5128476291328,57.9465059111521,88.1234538098674,-0.269606625879952,0.5604241589952179,0.09271661064648358,0.6388872284994647,357.6769540336158,313.69718837137,383.4253851313082,-0.07735551210991617,0.2636882984552508,-0.18633278634533465,0.8018376428700811,0.9905419254002077
focusedBreathing,freqSpan__var,35.34936110189165,4.680506331798652,11.647440746480866,0.960705856791852,0.02381875214438116,-0.21741458382608964,0.2664144240885362,46.8405091893945,39.94520713040984,40.705422849721614,0.9433064647397814,0.9574602430159375,-0.014153778276156048,0.16408473699462578,0.9905419254002077
focusedBreathing,freqJitter__var,4.690808457850244,1.0446733475012153,1.7672027160059234,0.5972954348175532,0.17545173223213736,-0.15667933571272857,0.4259124596082755,5.930908977108619,5.089328511281258,5.414446344099508,0.7742963141330514,0.49945482599322144,0.27484148813983,0.44704139993393904,0.9905419254002077
focusedBreathing,apExp__var,0.09054154865913226,0.04817677643106779,0.128365462524955,0.8813221022097457,0.027556555707850594,-0.14054195094830896,0.4756448637250499,0.23119782527686877,0.15432786327895914,0.13984396126778348,0.9296087746437389,0.9241133194470891,0.0054954551966498455,0.1830542629164361,0.9905419254002077
focusedBreathing,apOffset__var,0.14763244628684374,0.1200202926540306,0.28346767492314157,0.7664614886183849,0.05981017775120219,-0.06337591107481155,0.7486753324964539,0.3939866883379678,0.2366236306563161,0.2304671953322167,0.710287690977162,0.7372254599534195,-0.026937768976257437,0.24997851915336555,0.9905419254002077
focusedBreathing,gammaBumpDb__var,5.993003679206984,2.336906343693714,3.5310839070588362,0.896985385080585,0.03903835575687197,-0.11208147236378711,0.5701478396859456,10.02464048437294,6.91239934072339,9.318354836064636,1.0473995129394946,1.3239758336348944,-0.2765763206953997,0.19194416937329933,0.9905419254002077
focusedBreathing,gammaPeakPresent__var,0.014722892419039792,0.024879197882198955,0.03263207261961623,0.31084748807583096,0.49785518915547877,-0.09597565328698829,0.6270910426763459,0.02978625928697552,0.020445614489877067,0.012142520493527915,0.39910745025142225,-0.11712174111955397,0.28198570913186827,0.7716755431909921,0.9905419254002077
