task,metric,n_ctrl,n_dupi,control_mean,control_SD,control_CV,sep_control_dupi,sep_resp_nonresp,recovery_rho_dupi,recovery_rho_resp,max_separation,control_CV_rank,goodness
cueTask,anyBurst_base__mean,11,30,1,0,0,NA,NA,NA,NA,-Inf,6.5,Inf
cueTask,anyBurst_base__var,11,30,0,0,0,NA,NA,NA,NA,-Inf,6.5,Inf
threshTask,anyBurst_base__mean,5,29,1,0,0,NA,NA,NA,NA,-Inf,6.5,Inf
threshTask,anyBurst_base__var,5,29,0,0,0,NA,NA,NA,NA,-Inf,6.5,Inf
O15,w3_rfreqGated__mean,11,28,41.88060032288012,2.0695837160229966,0.049416285822505984,0.9421273142683207,2.0979843076961586,0.2517166344242037,0.23518705668897225,2.0979843076961586,115,1.9991916802127874
O15,w3_rfreqRaw__mean,11,28,42.23532522069877,1.9080578133007184,0.045176823033445876,1.0872041417503278,2.070967269836561,0.24816716366851577,0.21508039122074407,2.070967269836561,96,1.9814515823513335
audiobook,w5_aucZ__mean,7,28,1.0167179196060283,0.04877835943266575,0.04797629553297413,-0.40503776532440655,-2.0273781974916796,0.12147049622672215,0.2700555367241678,2.0273781974916796,110,1.9345649382847983
audiobook,w5_rpowZ__mean,7,28,2.033435839212056,0.09755671886533128,0.047976295556567745,-0.40503776532440433,-2.0273781974916796,0.12147049622672215,0.2700555367241678,2.0273781974916796,111,1.9345649382412444
O15,w3_rfreqPW__mean,11,28,42.00609675940108,1.9954351822866843,0.047503465834220764,1.0996165519922847,1.9952180674263824,0.2360398052532486,0.18339716078596024,1.9952180674263824,108,1.904736482983769
audiobook,timeAboveMs_base__mean,7,28,1623.3194186071794,78.81468629899054,0.048551557626634934,-0.599657747680781,-1.9868296663777352,0.22298931674470734,0.5237989940488893,1.9868296663777352,114,1.8948325925668974
audiobook,w3_rfreqRaw__var,7,28,39.414478429266715,9.959530648976392,0.2526871100577189,0.7075608171773278,2.221141327624558,-0.2197618397918234,-0.33107479669987466,2.221141327624558,411,1.7731014471141295
audiobook,w3_rfreqPW__var,7,28,41.08255117468701,10.664503835874411,0.2595871855734644,0.7580447942227687,2.1149139521043736,-0.25409045829067967,-0.34678272501045265,2.1149139521043736,419,1.679053245640552
audiobook,nBursts__mean,7,28,5.599211524331337,0.8823156340181304,0.15757855012736258,-0.01607485313256984,-1.9382571405122384,-0.118992820419781,-0.10001524613617452,1.9382571405122384,320,1.6744065794057619
threshTask,w5_aucZ__mean,5,29,1.1123122215486014,0.07467575979293999,0.06713561019930003,-1.3024249950278595,-1.7404807823825867,-0.06799241595745037,0.14862116786162255,1.7404807823825867,175,1.6309836966808107
threshTask,w5_rpowZ__mean,5,29,2.224624443097203,0.14935151958587978,0.06713561022947835,-1.30242499502786,-1.7404807823825854,-0.06799241595745037,0.14862116786162255,1.7404807823825854,176,1.6309836966346853
focusedBreathing,p1_rpowZ__mean,3,27,2.1392383807554296,0.03557208377378949,0.016628387035856902,-1.6344646251951724,0.15999117513733271,0.07748137120376086,0.14969422457095444,1.6344646251951724,21,1.6077306575716581
O15,p2_rfreqRaw__mean,11,28,43.59206517159155,1.8359421666435007,0.04211643012035702,0.25614168508589047,1.650711972244599,0.22834928528259138,0.14257453695652722,1.650711972244599,78,1.5839995652443113
focusedBreathing,p2_aucZ__mean,3,27,1.1853434187095064,0.2378759191935758,0.2006810138211864,0.58692262561829,-1.8633997138698275,0.18536682477861774,0.3194862848481944,1.8633997138698275,362,1.551952344061416
O15,p2_rfreqPW__mean,11,28,43.49270875665555,2.0379594594243637,0.04685749675376666,0.27712923658891997,1.6235012802326558,0.21415140225983958,0.12977938620401835,1.6235012802326558,104,1.5508331222415868
audiobook,p2_aucZ__mean,7,28,1.4450082712015715,0.24797218639904256,0.17160606701665418,-0.07022893411655391,-1.8076628300852269,0.004401104935750803,0.03806151859870822,1.8076628300852269,337,1.5428930260562839
O15,p2_rfreqGated__mean,11,28,43.412297330516346,2.192841560463929,0.05051199073198957,0.26754013822686645,1.6121456954727862,0.1549935563317071,-0.01157656496655563,1.6121456954727862,118,1.534628552263791
cueTask,peakFreq__var,11,30,82.30283022216332,14.92320251211853,0.1813206480464209,-0.4353945617414591,1.7995975388961616,0.06458561330552778,-0.05080619708278709,1.7995975388961616,344,1.5233777060209694
audiobook,w3_rfreqGated__var,7,28,47.19577570084472,14.335673455088777,0.30374908012219504,0.777234334070576,1.9699581065946064,-0.18249915133579994,-0.2537434573247214,1.9699581065946064,477,1.5109948199618062
audiobook,dutyCycle__mean,7,28,0.2095010860731641,0.029582153259707925,0.14120286282513153,-0.7043537674086335,-1.7153661728498693,0.12264412420958902,0.2785136519683252,1.7153661728498693,311,1.5031211616516227
audiobook,timeAboveMs__mean,7,28,419.4211743184741,59.2234708259352,0.14120286349879071,-0.7043537674086332,-1.7153661728498686,0.12264412420958902,0.2785136519683252,1.7153661728498686,312,1.5031211607643205
O15,peakFreq__var,11,28,82.89807984528369,15.78871666585637,0.19045937728754492,-0.3629005954102042,1.7863329797804428,-0.018043143008080405,-0.08530100501672569,1.7863329797804428,353,1.5005408952723718
audiobook,w4_rfreqGated__var,7,28,58.31373575727566,19.592164431712842,0.3359785507985123,0.21342894912376079,1.9632915844296657,-0.1249913801753228,-0.3733653729206615,1.9632915844296657,509,1.4695532224347534
focusedBreathing,nBursts__mean,3,27,5.265911660648503,0.12859512680214152,0.024420297009290236,0.22862535216406873,-1.499203659159493,0.12161632948438414,0.20582955878506232,1.499203659159493,28,1.4634653994422928
cueTask,w2_rfreqGated__mean,11,30,45.28572507878309,1.9141978463242961,0.042269342998305044,-0.35587556065126186,1.511631964676209,0.2310729720486661,0.10478778148324837,1.511631964676209,80,1.4503275711129378
threshTask,w4_rfreqGated__mean,5,29,40.693123835296916,2.1691311870203362,0.05330461224226643,1.521439826757711,0.4630418949950093,-0.01375722034936739,-0.11962191559594011,1.521439826757711,126,1.444444284278678
focusedBreathing,w5_rfreqPW__mean,3,27,45.31781375244087,2.015835813878856,0.04448219468058074,-1.1865388312327925,1.4954916319685378,0.034981041007605115,0.08247042927751655,1.4954916319685378,92,1.431801939357983
audiobook,w3_aucZ__mean,7,28,1.0812006065453281,0.10279507034117172,0.09507492839330664,-0.9914388046535693,-1.564856901278856,0.05486710819902667,0.1588917363723851,1.564856901278856,236,1.4289952775878207
audiobook,w3_rpowZ__mean,7,28,2.1624012130906562,0.2055901406823434,0.09507492843727393,-0.9914388046535729,-1.5648569012788602,0.05486710819902667,0.1588917363723851,1.5648569012788602,237,1.4289952775304504
focusedBreathing,w5_rfreqRaw__mean,3,27,45.61347774495143,2.0041606588253296,0.043937905151361,-1.48708941649449,1.2545796348598803,0.04969269376781287,0.07554014110293533,1.48708941649449,90,1.424499876052375
cueTask,w4_rfreqPW__mean,11,30,41.334550518827925,2.946310278884195,0.07127960124958582,1.519841267996747,0.3746138921584706,0.17653400970177596,-0.05292312196123656,1.519841267996747,195,1.4187157733834752
focusedBreathing,w3_rfreqGated__var,3,27,38.72223938156109,8.266997148394163,0.21349481022312156,1.0513092593861415,1.7134157261179301,0.03890414841032718,-0.04851201722206856,1.7134157261179301,379,1.4119679059879042
focusedBreathing,freqSpan__mean,3,27,22.646782409940304,0.9582953696585219,0.04231485746052757,-0.4461244356170537,1.453817022182043,0.26350204721616566,0.22939253857863848,1.453817022182043,82,1.3947964108696387
threshTask,w4_rfreqPW__mean,5,29,41.04009601634416,2.2932105951764696,0.05587732041872721,1.4558298444045787,0.5838960764143145,0.007407734034274748,-0.09122681441912604,1.4558298444045787,134,1.3787869255750687
O15,maxBurstMs__mean,11,28,178.07454435089642,17.489232168168748,0.09821298283716483,-1.5135769173653562,-0.9410019693950038,0.01331051533382981,0.2175175627926505,1.5135769173653562,248,1.3782180151022478
focusedBreathing,freqJitter__mean,3,27,7.123587072058316,0.6374902532865473,0.08949006262555002,0.018846189908858144,1.4996507429168309,0.20400158494154758,0.16008965683282625,1.4996507429168309,231,1.3764703271389547
cueTask,w4_rfreqGated__mean,11,30,41.13313473761156,3.100815304427721,0.0753848527259702,1.479238646471522,0.11075724975748245,0.10620745299131236,-0.0857354575772032,1.479238646471522,209,1.375543502144215
cueTask,peakZ__mean,11,30,5.092249886702882,0.25542524318997917,0.05015960505135417,-0.4650031223047956,-1.4419428885593804,-0.06171514160305989,-0.1577109034444849,1.4419428885593804,116,1.3730702282048521
cueTask,w1_aucZ__mean,11,30,0.8591838406959281,0.10017651619697782,0.11659497226954493,0.09551487297046907,1.5326034536095823,0.010046650958637656,0.03492926049441612,1.5326034536095823,276,1.3725688290486169
cueTask,w1_rpowZ__mean,11,30,1.7183676813918562,0.20035303239395605,0.11659497233739732,0.09551487297046905,1.5326034536095827,0.010046650958637656,0.03492926049441612,1.5326034536095827,277,1.3725688289652103
cueTask,w2_rfreqRaw__mean,11,30,45.57542025560646,1.2309766020235773,0.027009659923983676,-0.5808107725493369,1.4072167071729285,0.28704717024679016,0.17782168978975482,1.4072167071729285,31,1.3702078588794253
threshTask,freqSpan__mean,5,29,23.493030303030302,1.5944413408684748,0.06786869638502716,-1.4547838225659142,-0.6660282937110604,-0.25149708872593235,-0.4323921970418904,1.4547838225659142,180,1.3623246261367907
cueTask,w2_rfreqPW__mean,11,30,45.57123848796524,1.4337831009038204,0.03146245633089391,-0.5268773261794572,1.4016148686762762,0.31718712312270314,0.20851710052727201,1.4016148686762762,43,1.3588617405058874
focusedBreathing,w5_aucZ__mean,3,27,0.9700828118994593,0.0941596332133196,0.09706350010664341,-0.10685566662955423,-1.4770752489965966,0.04217340457926224,0.14622908048366381,1.4770752489965966,245,1.3463899298928577
focusedBreathing,w5_rpowZ__mean,3,27,1.9401656237989184,0.18831926642663843,0.09706350015667148,-0.10685566662955136,-1.477075248996594,0.04217340457926224,0.14622908048366381,1.477075248996594,246,1.3463899298314572
O15,timeAboveMs_base__mean,11,28,1720.6177690566296,96.99761214379849,0.05637371291180109,-1.408756770906626,-0.3535569099712048,-0.01478946148203312,0.09200322683946842,1.408756770906626,139,1.3335780261168293
threshTask,peakFreq__mean,5,29,40.766666666666666,2.1516405509526972,0.05277940844398818,1.4023623951162838,0.389487490066025,0.08599321813353816,-0.1166340936814603,1.4023623951162838,124,1.332057203881847
focusedBreathing,p2_rfreqRaw__mean,3,27,44.37527323253757,1.9242348561053755,0.043362772009955614,-0.23277506136236498,1.3854768305510543,0.07094285886589076,0.10326129380126023,1.3854768305510543,86,1.3278955965450474
focusedBreathing,timeAboveMs_base__mean,3,27,1672.9666022297602,115.59642681750269,0.06909667333667306,-0.8863390184240276,-1.4174631646200133,0.10657775110728288,0.2730533540785002,1.4174631646200133,187,1.3258512536533118
focusedBreathing,p2_rfreqPW__mean,3,27,44.23360810153024,2.005597875487736,0.045341041834952925,-0.13330635552709316,1.3756931613000918,0.11802014769855558,0.18157355017402804,1.3756931613000918,101,1.3160232940679828
cueTask,p1_rfreqGated__mean,11,30,45.7104329704585,2.071712938270919,0.045322540251685924,-0.6483151677795724,1.3702515320500641,0.22963773619743216,0.09737854440867526,1.3702515320500641,100,1.3108408929172655
audiobook,returnCrossMs__mean,7,28,1507.7919751136478,184.42905027529284,0.12231730458790208,-0.20783324792706936,-1.4672414338538824,0.02083189669588713,-0.018728683754919918,1.4672414338538824,283,1.3073320957058854
O15,dutyCycle__mean,11,28,0.2433244889124153,0.029991919710070834,0.12325894414025663,-1.4609015789498334,-0.40972662625842043,0.015085250711673782,0.2431078642976682,1.4609015789498334,284,1.3005919842178586
O15,timeAboveMs__mean,11,28,487.13562680265494,60.04382325956174,0.1232589446465656,-1.4609015789498336,-0.4097266262584201,0.015085250711673782,0.2431078642976682,1.4609015789498336,285,1.3005919836316173
O15,w4_rfreqPW__mean,11,28,41.342296657727644,1.3747054169322739,0.033251791217120595,1.3245420330853073,0.9024371840910324,0.17303669933978752,-0.09687756998328131,1.3245420330853073,49,1.2819160289333356
cueTask,p1_rfreqRaw__mean,11,30,45.86826594066624,1.5365483406630283,0.03349915914887997,-0.80031578704442,1.3233436677871155,0.262648160775813,0.18840631418200215,1.3233436677871155,53,1.2804496801690017
focusedBreathing,p2_rfreqGated__mean,3,27,43.89387016841714,1.8437507669072724,0.042004743710020304,-0.022646360856422385,1.3336713158842695,0.036615669092072645,0.08316345809497468,1.3336713158842695,77,1.2799090636917647
audiobook,w4_rfreqPW__var,7,28,50.52905391453669,14.10487784485689,0.2791439132906448,0.12037198647562354,1.6256651529498314,0.07599241189063054,-0.03383246097662952,1.6256651529498314,449,1.2709009018131103
cueTask,p1_rfreqPW__mean,11,30,45.9333590028444,1.6402663420217574,0.0357096972134016,-0.7891510383496868,1.3110673752776552,0.2770005192881525,0.2042832507703731,1.3110673752776552,60,1.2658637635672516
cueTask,w4_rfreqRaw__mean,11,30,41.57079667229323,2.927241196811502,0.07041580703436655,1.354400400591256,0.4795927181813899,0.1492645285283309,-0.04868927220433763,1.354400400591256,193,1.2653030641837035
threshTask,w4_rfreqRaw__mean,5,29,41.447607676767674,2.3091438280265724,0.05571235488375817,1.3233936063073752,0.6165823185288972,0.07989770279824908,-0.04954038928720752,1.3233936063073752,132,1.2535550997251432
threshTask,w3_rfreqRaw__mean,5,29,41.68462787878788,1.2501970976293808,0.029991801803647116,1.2784309042414328,1.0297479650667491,0.11931743033778255,-0.05256114473154945,1.2784309042414328,38,1.2412049319254164
threshTask,w3_rfreqPW__mean,5,29,41.46619107685917,1.567317954111155,0.03779749027751968,1.2874271927530774,1.111320104668914,0.11032232472473465,-0.06826907304212744,1.2874271927530774,65,1.2405379708605804
audiobook,timeAboveMs_base__var,7,28,101923.62043023387,17949.39609605313,0.1761063433607052,0.47884818159555853,1.4529595720723696,-0.2021574200488202,-0.45371746774015664,1.4529595720723696,341,1.235398125581536
focusedBreathing,w3_rpowDb__mean,3,27,5.811439458261332,2.5227203926577286,0.43409561612784675,-1.7647934574347555,-0.643346296534428,-0.02092323948118437,0.07346105465056096,1.7647934574347555,592,1.2305967869839913
threshTask,w3_rfreqGated__mean,5,29,41.35774560054401,1.779271659906929,0.04302148567402822,1.2821460549766053,1.1927818545189637,0.06614048244888168,-0.09908077857441504,1.2821460549766053,84,1.2292614031321207
audiobook,w4_aucZ__mean,7,28,1.0339529038049298,0.10031025149596696,0.09701626740426049,-0.24926961876278633,-1.3471598975976233,0.10269244850085206,0.19091174408240946,1.3471598975976233,243,1.2280218057160155
audiobook,w4_rpowZ__mean,7,28,2.067905807609859,0.20062050299193407,0.09701626745117581,-0.24926961876278383,-1.3471598975976249,0.10269244850085206,0.19091174408240946,1.3471598975976249,244,1.228021805663499
O15,w4_rfreqRaw__mean,11,28,41.54997537569993,1.3833646454896944,0.03329399435132871,1.2667893603998928,0.8776856075149935,0.10027254884818455,-0.1675555455685683,1.2667893603998928,50,1.2259718602111354
focusedBreathing,w5_rfreqGated__mean,3,27,45.04980710431974,1.8591425157039942,0.041268601025473785,-0.9831497217046137,1.2701827676505488,0.12750099058846726,0.20097835706285547,1.2701827676505488,75,1.2198416108962022
focusedBreathing,w2_rpowDb__mean,3,27,4.799900401955305,2.0970479077593143,0.4368940460656557,-1.7501232995447724,-0.4687957842070979,-0.05263502431985443,-0.00900937462695559,1.7501232995447724,595,1.217990501343343
focusedBreathing,maxBurstMs__mean,3,27,165.20758410232094,10.00855178516023,0.06058167268459586,-1.2909828608232452,-0.3892770886353189,-0.024192495650119425,0.07900528519022594,1.2909828608232452,150,1.2172404012558946
focusedBreathing,nBursts__var,3,27,4.543705353863969,0.5652565293246505,0.12440430995807239,0.22394500334190373,-1.3641096881076213,0.3753106081937446,0.3326538323798987,1.3641096881076213,286,1.213184328827846
audiobook,p2_rfreqRaw__var,7,28,38.41116240350714,9.387754511912968,0.24440172919139297,0.2727945157427068,1.4933355485456896,-0.16870902253711412,-0.2513268529692479,1.4933355485456896,404,1.2000429712646357
audiobook,p4_rpowDb__var,7,28,3.23864558633562,1.8033160470522693,0.5568117901211375,0.5456301130868811,-1.8669234392514142,0.01760441974300321,0.13593399499538647,1.8669234392514142,667,1.1991966216456689
focusedBreathing,p4_aucZ__var,3,27,0.6551654672357274,0.11976903116033373,0.18280730131100414,0.5160459171394056,-1.4174137403998481,-0.0624427928266596,-0.047125959587152315,1.4174137403998481,345,1.1983471346759613
audiobook,p4_rpowZ__mean,7,28,1.987591693711462,0.11783993442836335,0.059287797761436174,-0.13186851036690694,-1.2649738406863562,-0.2499827603506456,-0.2827427095904039,1.2649738406863562,146,1.1941739000105456
threshTask,p3_rpowZ__mean,5,29,2.2623883579769584,0.2064597490083307,0.09125743075414817,-1.3014920955607316,-1.277165495058544,0.04894395701217244,0.08578945461931059,1.3014920955607316,233,1.1926535928935613
focusedBreathing,w2_aucZ__mean,3,27,1.0430262807439632,0.00396950210749776,0.0038057546362692445,-1.1890148442900075,1.0285980921922087,0.04609651198198431,0.07415408346801908,1.1890148442900075,14,1.1845069016573322
focusedBreathing,w2_rpowZ__mean,3,27,2.086052561487927,0.007939004214995693,0.0038057546380937082,-1.189014844290009,1.0285980921922073,0.04609651198198431,0.07415408346801908,1.189014844290009,15,1.184506901655181
O15,p1_rpowZ__mean,11,28,2.159920144108863,0.196253594681389,0.09086150482266905,-0.48785849704720363,-1.2831592258756763,-0.10530096575207581,-0.042650502508362845,1.2831592258756763,232,1.1762806004271524
focusedBreathing,w1_rpowDb__mean,3,27,4.383210675829495,1.8631984669149626,0.42507618371259054,-1.669964047248612,-0.5080120364861594,-0.014057801526420747,0.05336321894427542,1.669964047248612,578,1.171841945248178
cueTask,w3_rfreqGated__mean,11,30,43.005789566593016,2.899067653982243,0.06741110169424337,0.5119422300599997,1.2404892601165916,0.11481886809871608,-0.07726775806340537,1.2404892601165916,177,1.1621476094333576
focusedBreathing,returnCrossMs__mean,3,27,1279.108120266015,168.52184344914988,0.13174949074201076,0.7038309162761802,-1.3060008475775169,0.07780829682065436,0.11434975488059018,1.3060008475775169,293,1.1539663664626538
focusedBreathing,p1_rpowDb__mean,3,27,5.150880471209419,2.240607899751398,0.4349951259479162,-1.6530685004696621,-0.6115467583397838,-0.07061593324899725,-0.02702812388086677,1.6530685004696621,594,1.1519680245448172
focusedBreathing,p4_rpowDb__mean,3,27,5.586986771268333,2.3549988891520544,0.42151502860922613,-1.6265175081682763,-0.5434585775855658,-0.06505819776180764,0.02425600861103428,1.6265175081682763,573,1.1442140782427177
cueTask,w4_rfreqPW__var,11,30,52.861554074125785,19.581995818939006,0.3704392759832499,0.3413253170220792,-1.5622844451401616,-0.011481886809871607,0.007409237074573117,1.5622844451401616,531,1.139988084491572
cueTask,w4_rfreqRaw__var,11,30,49.384385913906115,17.22245271040051,0.348742874723124,0.24290269206020587,-1.5200544703673715,0.02870471702467902,0.087852382455652675,1.5200544703673715,520,1.1270157558232996
threshTask,p1_rfreqGated__mean,5,29,46.58499414450228,4.016803777954868,0.08622527171322367,-0.7776043552284028,1.2191005153395245,0.28070020751305386,0.3075129042340076,1.2191005153395245,227,1.1223275199781777
audiobook,breathLength__mean,7,28,4.241526268687157,0.5339616731484866,0.12588904068908904,0.5449704541849388,-1.261197889054105,-0.04665171231895851,-0.0924351165968628,1.261197889054105,287,1.120179558975191
audiobook,breathLenMs__mean,7,28,4241.526268687157,533.9616731484865,0.12588904071873944,0.5449704541849391,-1.2611978890541053,-0.04665171231895851,-0.0924351165968628,1.2611978890541053,289,1.1201795589456915
audiobook,exhaleStartMs__mean,7,28,4241.526268687157,533.9616731484863,0.1258890407187394,0.5449704541849393,-1.261197889054105,-0.04665171231895851,-0.0924351165968628,1.261197889054105,288,1.1201795589456913
audiobook,p2_rfreqPW__var,7,28,40.53384306155459,10.930605963674147,0.269666163822791,0.2808118200607157,1.4165955186881471,-0.15227823077697777,-0.21507778763714486,1.4165955186881471,436,1.1157228246698896
O15,w4_rfreqGated__mean,11,28,41.16587099738582,1.4725177020090086,0.03577035214599853,1.153811851219862,0.708163990568054,0.300521857314913,0.12368645727425225,1.153811851219862,61,1.113964933278207
threshTask,p2_rfreqPW__mean,5,29,42.19903539829119,1.268236074208077,0.030053674502459823,1.1414867392978003,0.9428799636860211,0.24339697541188457,-0.01087471959963092,1.1414867392978003,39,1.108181804068769
audiobook,w3_rfreqRaw__mean,7,28,44.30696089986055,2.584707543703781,0.05833637629733209,-0.3206558284479734,-1.171801601680436,0.354435650825798,0.5612563615587292,1.171801601680436,144,1.1072109283251421
focusedBreathing,dutyCycle__mean,3,27,0.216469473554494,0.010387465698657327,0.047985822112033574,-1.1589704402891976,-1.086184815747944,0.09807768506805173,0.31255599667361317,1.1589704402891976,112,1.1059027859303419
focusedBreathing,timeAboveMs__mean,3,27,433.37188605609657,20.79570632871193,0.04798582233359758,-1.158970440289199,-1.0861848157479435,0.09807768506805173,0.31255599667361317,1.158970440289199,113,1.1059027856965344
focusedBreathing,anyBurst_base__mean,3,27,1,0,0,-0.2721655269759077,1.0912866182058403,-0.07772689265868551,-0.05911702364976692,1.0912866182058403,6.5,1.0912866182058403
cueTask,timeAboveMs_base__mean,11,30,1758.3709991158266,107.78824195778155,0.06130005670698625,-0.8552035782662599,-1.1516037664479708,0.05740943404935804,-0.032812335615966665,1.1516037664479708,151,1.0850878214603887
focusedBreathing,anyBurst_base__var,3,27,0,0,0,0.27287510938441606,-1.0842870931864983,0.07772689265868551,0.05911702364976692,1.0842870931864983,6.5,1.0842870931864983
audiobook,inhaleVolume__mean,7,28,1595.7704627729865,297.74220224368224,0.1865820988603248,0.22891820598984672,-1.285953285033029,-0.09623749459508422,-0.11539285797386141,1.285953285033029,348,1.0837457317687054
focusedBreathing,peakFreq__var,3,27,95.59870888976873,21.222974588797545,0.22200064033340614,-0.8208713527413823,1.3218989623536639,0.3073100798798954,0.17325720436453057,1.3218989623536639,386,1.081749811516467
cueTask,w5_rfreqPW__mean,11,30,41.21468975089442,2.9712200371181705,0.07209128723288763,1.1568741236180053,-0.1723908278109109,-0.010046650958637656,0.05504004683968602,1.1568741236180053,200,1.0790817324930844
audiobook,p2_rpowZ__mean,7,28,2.0993436166902715,0.20412831536306425,0.09723435155777366,-0.2931669399971152,-1.1831937157643238,0.03403521150313954,0.10753889381857243,1.1831937157643238,247,1.0783418456453822
cueTask,peakLatMs__mean,11,30,932.1465195723816,189.20496243357982,0.2029777062517745,-0.5030583239227753,1.2863306176886933,0.04879801894195433,0.051864659522011816,1.2863306176886933,366,1.0692888247252967
focusedBreathing,p1_rfreqPW__var,3,27,35.204193865793165,6.270208471521265,0.17810970179424346,0.6476199076584759,1.254549067936797,0.06996208201521023,0.08039134282514218,1.254549067936797,342,1.0648830631189417
threshTask,p2_rfreqRaw__mean,5,29,42.43575295447589,1.124138647440815,0.026490366475181323,1.0890869159524665,0.887405804828272,0.19815688541684953,-0.0888102100636525,1.0890869159524665,30,1.0609811368149833
threshTask,p1_rfreqPW__mean,5,29,46.697222768591786,3.8485077145499242,0.08241405990113804,-0.9003003772200381,1.1428383226595635,0.16429295840302208,0.19876570823769846,1.1428383226595635,222,1.055823612235732
O15,p3_rfreqPW__mean,11,28,41.460152787236765,1.9477940847660573,0.046979906097179,1.103532184824061,0.4484976999730169,0.21829245147480886,0.09992403444816438,1.103532184824061,105,1.0540146743958931
audiobook,p1_rfreqRaw__var,7,28,36.89188937384767,8.800292105358917,0.23854273268418785,0.6386203035973035,1.2983966937789424,-0.33829826606137836,-0.47848766238376045,1.2983966937789424,398,1.0483261170690803
cueTask,w5_rfreqRaw__mean,11,30,41.4013012137288,2.83468598452368,0.06846852396791869,1.118916023434129,0.08940391077983784,0.008611415107403706,0.05504004683968602,1.118916023434129,181,1.0472147736078048
cueTask,w3_rfreqRaw__mean,11,30,42.87713340567478,2.7311220806819714,0.0636964709085895,0.6664047511823361,1.1137618167303802,0.12055981150365189,-0.02646156098061828,1.1137618167303802,161,1.0470673234245347
audiobook,p2_rfreqGated__var,7,28,45.49477310367082,14.705489061203616,0.3232346939585868,0.3496859180973619,1.3848742380218657,-0.11589576330810447,-0.19876570823769846,1.3848742380218657,494,1.046582472742517
focusedBreathing,w3_rfreqPW__var,3,27,37.50573462874633,10.354998943234335,0.27609108434904883,0.8353168123355837,1.3288047423458327,-0.00850006603923115,-0.09147980390447213,1.3288047423458327,446,1.0413086954711184
threshTask,p4_rpowDb__var,5,29,4.30315227917554,3.251365307267205,0.7555775616508209,0.492457925485577,-1.8259006414839563,-0.01375722034936739,0.1437879591506755,1.8259006414839563,728,1.0400569484193045
cueTask,w5_rpowDb__mean,11,30,7.039008202569001,6.102161530189329,0.8669064381961281,-1.9380609757697687,-1.0563150623908633,-0.03875136798331667,0.0719754458672817,1.9380609757697687,746,1.0381136066156549
audiobook,freqJitter__mean,7,28,7.081764272331051,0.4360575489142943,0.06157470541012315,0.7392017661534972,1.1012004906270645,-0.1381946949825752,-0.22172344961469706,1.1012004906270645,156,1.037327363787961
audiobook,w4_rfreqRaw__var,7,28,46.759097150090916,11.814976654766996,0.2526776044582235,0.15437873372488475,1.2986082642866958,0.10738696043231959,0.05679020235362813,1.2986082642866958,410,1.036665986256166
focusedBreathing,w4_rpowDb__mean,3,27,5.69627979892782,3.1598568016551036,0.5547228915432039,-1.609036895429483,-0.6916683455004962,-0.027788677435947987,0.08247042927751655,1.609036895429483,666,1.034934845419538
O15,freqSpan__var,11,28,32.34915456846229,5.851873568196056,0.18089726442867365,0.8510049137996517,1.2219218902383095,-0.22065876531193415,-0.46367189155520183,1.2219218902383095,343,1.0347402158048726
audiobook,p1_aucZ__mean,7,28,1.638002481263295,0.21518319506761704,0.13136927287820077,-0.8219047306104648,-1.1678192986412999,0.04019675841319067,0.00966641742189415,1.1678192986412999,292,1.0322176203976003
focusedBreathing,w3_aucZ__mean,3,27,1.0962002565025866,0.030324028074326215,0.027662854361493946,-1.0577854294170703,-0.9703884016339004,0.07486596626861282,0.2238483080389735,1.0577854294170703,32,1.0293117289661036
focusedBreathing,w3_rpowZ__mean,3,27,2.1924005130051727,0.060648056148653304,0.02766285437411196,-1.0577854294170674,-0.9703884016338986,0.07486596626861282,0.2238483080389735,1.0577854294170674,33,1.0293117289534623
threshTask,w1_rpowDb__var,5,29,11.563904248828049,8.29272209036733,0.7171213036021671,-0.13202560624629014,-1.7633171397671659,0.07751664543008932,0.25434760841358983,1.7633171397671659,719,1.0269030708943447
audiobook,p4_rfreqRaw__var,7,28,22.470867260310587,9.250901403161064,0.41168421741731726,0.3721518662877657,-1.4473907310896597,0.05251985223329291,0.2138694854594081,1.4473907310896597,567,1.0252935559042147
focusedBreathing,p2_rpowDb__mean,3,27,5.728603522642649,2.8973117151189496,0.5057623037030559,-1.5430880977917834,-0.7984833134843125,-0.014057801526420747,0.10464735143617647,1.5430880977917834,637,1.0247886362920189
audiobook,p4_rfreqPW__var,7,28,23.058713590363016,9.532486853149695,0.4134006355289581,0.4966455941175114,-1.4453609460950971,0.08244736579639836,0.24286873772509052,1.4453609460950971,568,1.0226123504990345
threshTask,w2_rfreqPW__mean,5,29,46.3819124764117,2.8860008188662816,0.062222548935897876,-0.7387939795526415,1.0826939164170353,0.19392389454012107,0.06524831759778552,1.0826939164170353,158,1.0192722019520721
audiobook,inhalePeakMs__mean,7,28,812.5519957643522,88.58986564865133,0.10902670365753947,-0.4772246946447393,-1.123264763659214,0.012323093820102247,-0.0060415108886838435,1.123264763659214,259,1.0128383382967405
cueTask,w4_rpowDb__mean,11,30,6.927194400192322,6.0158218349522246,0.8684355435321361,-1.8873300083289093,-1.0850482704844695,-0.011481886809871607,0.11325548099704622,1.8873300083289093,747,1.0101124520255351
audiobook,nBursts__var,7,28,4.359599790619535,1.6885499663778092,0.38731765462135104,0.3255212973356841,-1.4010533672174004,-0.11824301927383822,-0.16010003855012186,1.4010533672174004,545,1.009900913860855
focusedBreathing,p1_rfreqGated__var,3,27,43.53589083303405,5.789593247159979,0.13298437533369553,0.5002455593158339,1.1335790824745386,0.06603897461248816,-0.0062372593571231,1.1335790824745386,298,1.0005249032147228
threshTask,nBursts__mean,5,29,5.891616161616161,0.831447790313709,0.1411238898401871,0.3315783965520305,-1.1408863791470794,-0.11561356332064518,-0.21689024090375,1.1408863791470794,310,0.9997918624829236
audiobook,w3_rfreqGated__mean,7,28,44.1869747647867,2.872772810711641,0.06501401885824475,-0.39050403674010936,-1.0595312712374274,0.20831896695887134,0.4247182154744742,1.0595312712374274,167,0.9948519479333285
O15,peakLatMs__var,11,28,328037.2619757729,52806.090987493255,0.16097589240149515,0.17978490870464686,-1.1548404017332627,-0.3954702000295657,-0.5367870387123952,1.1548404017332627,322,0.9947152299127063
cueTask,p3_rpowDb__mean,11,30,7.5698389884683195,6.409255629396722,0.846683217214226,-1.833695490581425,-1.0308652294199545,-0.02870471702467902,0.05504004683968602,1.833695490581425,744,0.9929669980688981
threshTask,p2_rfreqGated__mean,5,29,42.29254903232363,1.4181538504304354,0.03353200227569702,1.0152159005312411,0.9654987450295395,0.19947969506582713,-0.07551888610854805,1.0152159005312411,54,0.9822781474553992
O15,w4_rpowDb__mean,11,28,5.759576844398431,5.175431228452606,0.8985783795188835,-1.8599867406193573,-0.2775204172699091,-0.11062517188560773,0.09687756998328131,1.8599867406193573,752,0.9796734023120469
O15,w4_aucZ__mean,11,28,1.0464734099950446,0.06426151819470106,0.06140769322901159,-1.0313436723678855,0.09834940110805754,0.0857788765957921,0.20045736178930537,1.0313436723678855,152,0.9716753316817731
O15,w4_rpowZ__mean,11,28,2.092946819990089,0.1285230363894019,0.06140769325835179,-1.0313436723678855,0.09834940110805868,0.0857788765957921,0.20045736178930537,1.0313436723678855,153,0.9716753316549133
focusedBreathing,peakLatMs__mean,3,27,878.6589342378817,75.54800219259853,0.08598103228534319,1.0543627500583068,-0.5830917383562226,-0.40440698809726666,-0.3977985412209622,1.0543627500583068,226,0.9708850511316034
cueTask,w5_aucZ__mean,11,30,1.0651450021693203,0.07648843935653457,0.07181035364100151,-1.0371952053674098,0.19246438963326737,-0.07319702841293149,-0.15136012880913655,1.0371952053674098,198,0.9677040363008231
cueTask,w5_rpowZ__mean,11,30,2.13029000433864,0.1529768787130689,0.0718103536747106,-1.0371952053674092,0.19246438963326926,-0.07319702841293149,-0.15136012880913655,1.0371952053674092,199,0.9677040362703877
audiobook,p1_rfreqPW__var,7,28,38.80887519847605,10.49004708902639,0.27030020929769216,0.6068108788978537,1.22558790055516,-0.30396964756252215,-0.3775944305427403,1.22558790055516,439,0.9648017780243835
threshTask,w2_rfreqGated__mean,5,29,46.499360393638206,2.945619836167041,0.06334753448580119,-0.6826991216380202,1.021372567005909,0.22434851646660667,0.1244551243068872,1.021372567005909,160,0.9605256361456748
O15,p3_rfreqRaw__mean,11,28,41.73310122271491,1.8439347559905381,0.044183985899009084,1.0019491997956835,0.33686413195501974,0.08400414121794814,-0.034120402006690274,1.0019491997956835,91,0.9595523521968565
O15,p3_rfreqGated__mean,11,28,41.272516902304574,2.073469641552268,0.05023850729554735,1.005358206343109,0.43969185312025955,0.2345608591050453,0.08895676237458536,1.005358206343109,117,0.9572665631276377
cueTask,w3_rfreqPW__mean,11,30,42.87621976251421,2.8414461361874,0.06627091081861994,0.6541188330597485,1.0193184537275735,0.12199504735488581,-0.056098509278910746,1.0193184537275735,170,0.9559657338349415
O15,w2_rfreqPW__mean,11,28,45.94561594219193,1.338096396474139,0.02912348368838037,-0.9779611202189631,0.3617090321844629,-0.14582409021284656,-0.2492007932274343,0.9779611202189631,37,0.9502854960747262
cueTask,p2_rpowDb__mean,11,30,7.08469584607062,5.934357702038759,0.8376305532569189,-1.7406230688121582,-1.2162249393945783,-0.030139952875912972,0.06244928391425913,1.7406230688121582,741,0.9472105618439846
O15,p3_rpowDb__mean,11,28,5.881412539776424,5.205130901902882,0.885013738760066,-1.7771339393034917,-0.25820686460880465,-0.06448205206166441,0.10479837759197727,1.7771339393034917,751,0.9427697542790665
cueTask,p3_rfreqPW__mean,11,30,41.558458321017255,2.974286415662662,0.0715687380079476,1.008509938287047,-0.6490774114337455,0.2023682550239871,0.25614791029238493,1.008509938287047,196,0.941152818774718
focusedBreathing,gammaBumpDb__mean,3,27,17.895736375838194,4.0144477101098435,0.2243242538656078,-1.1494632436290897,-0.17402602101036668,0.15561659364130873,0.15177331102332878,1.1494632436290897,387,0.9388552419833581
O15,p1_rfreqPW__mean,11,28,45.952526565735504,1.4815032673457726,0.03223986531391759,-0.9645469117960888,0.4950571197327456,-0.08784940120327674,-0.182178575000007,0.9645469117960888,48,0.9344212950957456
focusedBreathing,w5_rpowDb__mean,3,27,4.959953191007387,3.0992861385333828,0.6248619731991952,-1.517959387004424,-0.7471869359220137,-0.026480974968373965,0.08454951572989092,1.517959387004424,693,0.9342082047841329
O15,apOffset__var,11,28,0.22237818427834075,0.10454574039629067,0.4701258815716815,1.1505808024091202,1.3693192135060492,0.09376518579608999,-0.03960403804347978,1.3693192135060492,617,0.9314299072417785
focusedBreathing,gammaPeakPresent__mean,3,27,0.990990990990991,0.015604061329449314,0.015745916416555247,-0.3903167253598165,0.9457050372879056,0.05924339795065851,-0.03817639053099776,0.9457050372879056,20,0.9310448823897353
audiobook,w3_rfreqPW__mean,7,28,44.25929483574055,2.7501591742767815,0.06213743767091875,-0.36394040700635627,-0.9867584795437844,0.30573008953682246,0.5147367277158634,0.9867584795437844,157,0.9290308810765326
focusedBreathing,w3_rfreqRaw__var,3,27,36.63724958964441,9.026860695265762,0.24638478041132317,0.8527809209694902,1.1570288882890618,-0.027788677435947987,-0.08247042927751655,1.1570288882890618,407,0.9283079402712439
audiobook,inhaleDuration__mean,7,28,1.565234643040242,0.2151018816269911,0.13742468737579314,0.09255389582882304,-1.0518028828530221,0.01643079176013633,-0.013291323955104458,1.0518028828530221,305,0.9247230999352466
cueTask,p3_rpowZ__mean,11,30,2.153490476666518,0.19910838598284353,0.09245844736615397,-1.009739376032891,0.3622367246199729,0.041621839685784576,0.006350774635348386,1.009739376032891,234,0.9242817229957868
focusedBreathing,w4_aucZ__mean,3,27,1.0246669872791652,0.03267111341536798,0.031884615967023716,-0.4289527232169123,-0.951046252560254,0.049365768150919365,0.24533220138017528,0.951046252560254,46,0.9216594935558637
focusedBreathing,w4_rpowZ__mean,3,27,2.0493339745583303,0.06534222683073553,0.031884615982582035,-0.4289527232169139,-0.951046252560253,0.049365768150919365,0.24533220138017528,0.951046252560253,47,0.9216594935419663
cueTask,w3_rpowDb__mean,11,30,6.755144733554017,5.957396015954292,0.8819050146299503,-1.733737788884829,-1.1330122974818522,-0.01435235851233951,0.09949546928712472,1.733737788884829,750,0.9212674260426177
threshTask,freqJitter__mean,5,29,7.349560732540362,0.60349138595505,0.08211257894651641,-0.8326634436675522,-0.9954152678425338,-0.16349927261363553,-0.2537434573247214,0.9954152678425338,220,0.9198814312015611
O15,w2_aucZ__mean,11,28,1.1320787400164438,0.1269628551630882,0.11215019818241072,-0.5980983927209794,-1.022177846611129,0.016268407630236435,0.10357979180602404,1.022177846611129,265,0.9191005390114361
O15,w2_rpowZ__mean,11,28,2.2641574800328876,0.25392571032617656,0.11215019823194365,-0.5980983927209793,-1.0221778466111306,0.016268407630236435,0.10357979180602404,1.0221778466111306,266,0.9191005389705025
O15,w3_rpowDb__mean,11,28,5.909061767401293,5.37551156846807,0.9097064439592792,-1.7466343808963904,-0.2768688798088174,-0.008873676889219874,0.2071595836120481,1.7466343808963904,753,0.9146088323790743
threshTask,p1_rfreqRaw__mean,5,29,46.64287057811633,3.8307085384469386,0.08212849018263647,-0.921217071802765,0.988909998335198,0.1563561005091563,0.19151589517127784,0.988909998335198,221,0.9138563556055108
threshTask,freqSpan__var,5,29,30.60646229739253,8.107665463287393,0.2649004443650847,0.7155198178658472,1.1503825601469684,0.022223202102824247,-0.13291323955104456,1.1503825601469684,429,0.9094649031642973
audiobook,p1_rpowZ__mean,7,28,2.0239575668497394,0.09553260452564387,0.047200892964934085,-0.9512308209801259,-0.30254091196299304,0.2268036076890247,0.26099327039114206,0.9512308209801259,106,0.9083556243796845
cueTask,w4_aucZ__mean,11,30,1.0628156645019244,0.11956651538780366,0.11249976761618137,-1.0104076623899503,0.453996965989668,-0.15357023608203274,-0.26990792200230646,1.0104076623899503,267,0.9082317963580434
cueTask,w4_rpowZ__mean,11,30,2.1256313290038493,0.23913303077560671,0.11249976766910641,-1.0104076623899518,0.4539969659896699,-0.15357023608203274,-0.26990792200230646,1.0104076623899518,268,0.9082317963148374
O15,p1_rfreqGated__mean,11,28,46.06105082740101,1.535820151971117,0.033343141859545636,-0.9374200213651875,0.6029961549840056,-0.06477784129130507,-0.141355951170574,0.9374200213651875,51,0.9071720548493308
O15,w5_rpowDb__mean,11,28,5.296853767989692,5.125308224306713,0.9676136906615606,-1.7844047634505573,-0.25763722262281186,-0.11121675034488906,0.06519433954849749,1.7844047634505573,759,0.9068877554163572
O15,w2_rfreqRaw__mean,11,28,45.82419118972394,1.3108656477833593,0.0286064110183076,-0.9305638460168895,0.34029889992121004,-0.1431619871460806,-0.2333591780100424,0.9305638460168895,36,0.9046840813442363
cueTask,w5_rfreqGated__mean,11,30,41.06899228895088,3.159540381416626,0.07693250321580766,0.9718815225016294,-0.5960311582121797,0.011481886809871607,0.02116924878449462,0.9718815225016294,211,0.9024535145884375
threshTask,w2_rfreqRaw__mean,5,29,46.158892525252526,2.886779963817615,0.06254006120653308,-0.661516782467153,0.9581152320831704,0.22434851646660667,0.12203851995141364,0.9581152320831704,159,0.9017215134413037
cueTask,p3_rfreqRaw__mean,11,30,41.829589197776556,2.901399451741863,0.06936237021009817,0.9618209249485458,-0.21255119563449756,0.09472556618144076,0.11008009367937203,0.9618209249485458,189,0.8994340475619844
cueTask,nBursts__mean,11,30,6.249244433727192,1.9168852704282895,0.3067387250490819,-0.2513910737092684,-1.1666867270119898,-0.1779692455530099,-0.39480648983082467,1.1666867270119898,478,0.8928232588868662
O15,p1_rfreqRaw__mean,11,28,45.84124497352502,1.4434194446390076,0.03148735261097615,-0.9161798942100826,0.4437476075259351,-0.10825885804848244,-0.233968470903019,0.9161798942100826,44,0.8882124360429442
O15,p4_rpowDb__mean,11,28,5.557712483037893,5.247207054084657,0.9441307136983017,-1.717890802110334,-0.16015565096799275,-0.06448205206166441,0.0859102979097023,1.717890802110334,757,0.8836292693727401
audiobook,freqJitter__var,7,28,4.263268170924253,1.01954214258964,0.23914567450948396,0.8224141519890749,1.0908727387412405,0.026113222618788096,-0.037457367509839835,1.0908727387412405,399,0.8803426111890054
cueTask,p2_rfreqGated__mean,11,30,43.11707773751966,2.9629645756829377,0.06871904894973677,0.6299523356416656,0.9385093538201289,0.2425548588585377,0.01905232390604516,0.9385093538201289,182,0.8781628387202709
focusedBreathing,p1_rfreqRaw__var,3,27,32.16137638487972,8.690384620192024,0.2702118378244375,0.7371055167227895,1.1151126823678994,0.08957761902882057,0.1365266770392501,1.1151126823678994,438,0.8778950480242845
O15,w5_aucZ__mean,11,28,1.0199480377452645,0.05746891656337848,0.05634494540925484,-0.9259647632726066,-0.6512431338571324,0.1659377578284116,0.35460846371238824,0.9259647632726066,137,0.8765742358088005
O15,w5_rpowZ__mean,11,28,2.039896075490529,0.114937833126757,0.05634494543687634,-0.9259647632726059,-0.6512431338571322,0.1659377578284116,0.35460846371238824,0.9259647632726059,138,0.876574235785879
threshTask,returnCrossMs__mean,5,29,1502.6545454545455,161.81301906195654,0.10768477661836855,-0.9688028927256671,-0.288877147355724,0.09444860893700305,-0.007249813066420612,0.9688028927256671,257.5,0.8746196690391543
threshTask,exhaleStartMs__mean,5,29,1502.6545454545455,161.81301906195654,0.10768477661836855,-0.9688028927256671,-0.288877147355724,0.09444860893700305,-0.007249813066420612,0.9688028927256671,257.5,0.8746196690391543
cueTask,p3_rfreqGated__mean,11,30,41.45250894367515,3.040558608499333,0.07335041197524217,0.9349708097997362,-0.483155942495273,0.18371018895794572,0.24662174833936235,0.9349708097997362,205,0.871076956200304
cueTask,dutyCycle__mean,11,30,0.2500899209302877,0.050469712556716645,0.201806262992017,-1.0468262470684906,-0.002845565779008044,0.05166849064442223,0.014818474149146233,1.0468262470684906,364,0.8710440936314576
cueTask,timeAboveMs__mean,11,30,500.6800217024355,101.04036453854667,0.20180626379854885,-1.0468262470684906,-0.0028455657790087984,0.05166849064442223,0.014818474149146233,1.0468262470684906,365,0.8710440930469001
O15,w2_rfreqPW__var,11,28,25.289029092612918,11.622336243769137,0.45958016817278735,1.2691589500317098,0.9690957622788976,-0.12807673643440684,-0.17303918160535783,1.2691589500317098,609,0.8695369926960153
cueTask,p2_rfreqPW__mean,11,30,43.29690369184477,2.8254309003449065,0.06525711215723347,0.5906354406799349,0.9258007916386031,0.23681391545360192,-0.004233849756898924,0.9258007916386031,168,0.8690867031751426
O15,p3_rpowZ__mean,11,28,2.142991471139742,0.17762866980991812,0.0828881832332066,-0.9358138331071753,0.08845816444731255,0.13813357024218936,0.29002341705686735,0.9358138331071753,223,0.8641832532635938
cueTask,w5_rfreqPW__var,11,30,56.63912187706823,26.220984453796284,0.4629482870557985,0.30231582312116545,-1.2611738453858772,0.05310372649565618,0.13230780490309138,1.2611738453858772,612,0.8620768461501842
O15,w2_rfreqRaw__var,11,28,24.085504768555747,11.034187334111268,0.45812564194455085,1.2553410463687753,0.6696001699854375,-0.1180199026266243,-0.12734221463211193,1.2553410463687753,608,0.8609278996662162
O15,p2_rpowDb__mean,11,28,5.888445385355678,5.556834709539409,0.9436845117754414,-1.6725286333659808,-0.24729898536705608,0.006803152281735236,0.21812685568562712,1.6725286333659808,756,0.8604938832579493
cueTask,p1_rpowZ__mean,11,30,2.209601141092935,0.35544966540831197,0.16086598555594062,-0.14790835707623065,-0.9975076857899982,0.03731613213208272,-0.06244928391425913,0.9975076857899982,321,0.8592789333148477
cueTask,p2_rfreqRaw__mean,11,30,43.29254146122044,2.5874580891744783,0.059766832848850954,0.6686433967594675,0.9047433604990808,0.2454253305610056,0.056098509278910746,0.9047433604990808,147,0.8537192639506954
O15,p4_rpowZ__mean,11,28,1.9496594904940945,0.157232291134313,0.08064602656016627,-0.5368875251822179,-0.9221886740922628,0.14464093329428393,0.30769291095318907,0.9221886740922628,218,0.8533679404973215
O15,w2_rfreqGated__mean,11,28,45.880307425854625,1.3111572522024564,0.02857777826124615,-0.875844617981853,0.4192628761208402,-0.10500517652243516,-0.20045736178930537,0.875844617981853,35,0.851510344178755
O15,dutyCycle__var,11,28,0.007887788993975332,0.0020116189855315194,0.25502948063627295,-0.4687902719118141,1.0633902503558177,0.08548308736615144,0.14013736538462077,1.0633902503558177,412,0.847303005039134
O15,timeAboveMs__var,11,28,31614.289839009045,8062.576940486259,0.2550295129684535,-0.4687902719118147,1.0633902503558177,0.08548308736615144,0.14013736538462077,1.0633902503558177,413,0.8473029832108396
O15,timeAboveMs_base__var,11,28,69517.17630312698,31477.463952594928,0.4528012446210157,1.229611304243416,0.4567983717735841,-0.05886205669849182,-0.19862948311037554,1.229611304243416,603,0.8463726946793593
O15,w3_rfreqGated__var,11,28,54.082510874848914,17.333519107715667,0.320501375158159,0.16187332991752706,1.1142990161190214,0.10411780883351317,0.037166866471573336,1.1142990161190214,492,0.843845403785028
audiobook,p4_rpowZ__var,7,28,0.12477217626864831,0.042320599888453395,0.33918298786541534,0.3764400375977527,-1.1295535288938243,-0.18015189537006618,-0.057998504531364896,1.1295535288938243,515,0.8434646639995562
threshTask,peakFreq__var,5,29,81.81523138360348,4.635801970535602,0.056661845136674605,-0.19459329916052334,0.8796833847508194,-0.04338815648646638,-0.20903627674846098,0.8796833847508194,140,0.8325117338149333
focusedBreathing,w4_rfreqRaw__mean,3,27,43.8474482498693,2.8709480258783704,0.06547582904830619,0.112798802040778,0.883767802175532,0.11082778412689845,0.07900528519022594,0.883767802175532,169,0.8294583303357734
audiobook,w4_aucZ__var,7,28,0.09061508990941097,0.009598612043019537,0.10592730136545786,0.1809908927168451,0.9159274827627422,0.005868139914334403,-0.00845811524415738,0.9159274827627422,255,0.8281986362321211
audiobook,w4_rpowZ__var,7,28,0.362460359637644,0.03839444817207766,0.10592730224219209,0.1809908927168427,0.9159274827627464,0.005868139914334403,-0.00845811524415738,0.9159274827627464,256,0.8281986355755627
O15,p2_rpowZ__mean,11,28,2.2261552846028203,0.16144042310016823,0.0725198390895053,-0.8860345292234186,0.10026886288878332,0.3626375955394521,0.34729694899666885,0.8860345292234186,202,0.8261241395549386
O15,freqJitter__var,11,28,3.8520584456709175,0.9002580912182956,0.23370831561404004,0.9433005277810025,1.0189396638693025,-0.17983985162152274,-0.4198028032608857,1.0189396638693025,394,0.8259161837311252
O15,w3_aucZ__mean,11,28,1.0733845048518957,0.09112840382666086,0.08489819196182308,-0.894621389291343,0.16886317310550472,0.32714288798257263,0.3990868448996809,0.894621389291343,224,0.8246132180141234
O15,w3_rpowZ__mean,11,28,2.1467690097037915,0.18225680765332183,0.0848981920013701,-0.8946213892913442,0.1688631731055032,0.32714288798257263,0.3990868448996809,0.8946213892913442,225,0.8246132179840654
O15,w4_aucZ__var,11,28,0.10469147483679256,0.02033287100513919,0.19421706344876502,0.014230354233071889,0.9814747584595016,-0.17244512088050618,-0.33632967692308985,0.9814747584595016,355,0.8218562508436386
O15,w4_rpowZ__var,11,28,0.4187658993471702,0.08133148402055687,0.1942170648401183,0.01423035423307187,0.9814747584595023,-0.17244512088050618,-0.33632967692308985,0.9814747584595023,356,0.8218562498861144
O15,peakFreq__mean,11,28,41.32583825833686,2.124774559354232,0.051415159349470094,0.8601874705673499,0.07004922355156114,0.24018085446821788,0.17486706028428764,0.8601874705673499,121,0.8181235194474119
threshTask,p3_rfreqGated__mean,5,29,41.72745465480711,3.344292806628098,0.08014610127106521,0.879285597361222,0.028892172731736925,-0.07910401700886249,-0.10149738292988858,0.879285597361222,217,0.814043207975773
audiobook,p1_rfreqGated__var,7,28,44.25869595542062,12.397644837017179,0.2801177162839261,0.7072027190437973,1.0365675944820933,-0.2021574200488202,-0.21809854308148677,1.0365675944820933,451,0.8097439643997443
cueTask,p4_rpowDb__mean,11,30,7.582848422347616,7.918901421904293,1.0443175149752393,-1.6518320388838157,-1.1868976451088669,-0.011481886809871607,0.12172318051084408,1.6518320388838157,774,0.8080114888140665
focusedBreathing,w4_rfreqGated__mean,3,27,43.27333680583723,2.8830015328787635,0.0666230465597755,0.3344146210339102,0.8614039888825687,0.1755590562718126,0.21899710631676667,0.8614039888825687,171,0.8075992654207984
focusedBreathing,w3_rfreqPW__mean,3,27,44.35577557194007,1.656894643654174,0.03735465386981055,-0.15679398610282796,0.8318824674071045,0.12259710633506465,0.1836526366264024,0.8318824674071045,63,0.8019267704673612
O15,gammaBumpDb__mean,11,28,17.387635017022898,3.0296760061135726,0.17424313329404523,-0.9397287427076432,0.20089368663379778,0.15824723785775438,0.21934544147158033,0.9397287427076432,339,0.8002846395801092
threshTask,p1_rfreqRaw__var,5,29,28.783543245778844,19.69222132512315,0.6841486177115077,1.343690818182792,0.56407559997245,-0.015609153857936077,-0.08337285026383705,1.343690818182792,713,0.7978457506966671
cueTask,w2_aucZ__var,11,30,0.10110763715781745,0.03278832384698338,0.3242912646797719,0.15729042577197458,-1.0478012846497322,-0.09041985862773891,0.02116924878449462,1.0478012846497322,495,0.7912166398704608
cueTask,w2_rpowZ__var,11,30,0.40443054863127004,0.13115329538793374,0.32429126708531203,0.15729042577197522,-1.0478012846497313,-0.09041985862773891,0.02116924878449462,1.0478012846497313,496,0.7912166384332361
focusedBreathing,dutyCycle__var,3,27,0.0069632678837454895,1.4001180302171187e-4,0.02010719467526875,-0.22152236581300475,-0.805278245789509,0.2847522123142435,0.19751321297556484,0.805278245789509,24,0.7894055154133618
focusedBreathing,timeAboveMs__var,3,27,27908.8055311234,561.1678665582358,0.020107197562877113,-0.22152236581300602,-0.80527824578951,0.2847522123142435,0.19751321297556484,0.80527824578951,25,0.7894055131787996
threshTask,w5_rpowDb__var,5,29,12.329638245003734,12.34519745317882,1.0012619354164853,0.04071769224176233,-1.5749943836169749,0.019048458945277926,0.1969532549710933,1.5749943836169749,771,0.7870006198310072
cueTask,w5_rpowDb__var,11,30,31.17170668467221,38.79778028106813,1.2446472909646995,-0.7854242034934278,-1.7653219023166709,-0.040186603834550624,0.14924320393068707,1.7653219023166709,799,0.7864584825520515
cueTask,maxBurstMs__mean,11,30,186.36170725825897,39.133731474719156,0.2099880498533847,-0.9488465538360721,-0.3284212908450118,-0.024399009470977166,0.001058462439224731,0.9488465538360721,374,0.7841784503169636
threshTask,p3_rfreqPW__mean,5,29,41.965703682792494,3.2033224992868905,0.07633191435138596,0.8420087957461738,0.07301477199997264,0.04021341332892006,0.001812453266605153,0.8420087957461738,210,0.7822947406085058
threshTask,w1_aucZ__var,5,29,0.07801031560251077,0.015624267140986556,0.20028462671927788,0.9356083376318787,0.06317148436237909,-0.14894836647488155,-0.08760190788591574,0.9356083376318787,360,0.7794887285936208
threshTask,w1_rpowZ__var,5,29,0.3120412624100431,0.06249706856394594,0.200284628644836,0.9356083376318809,0.06317148436237412,-0.14894836647488155,-0.08760190788591574,0.9356083376318809,361,0.7794887273431268
focusedBreathing,anyBurst__mean,3,27,1,0,0,-0.4802824340905811,0.7787438101653684,0.09247108940278917,0.3065024090910023,0.7787438101653684,6.5,0.7787438101653684
threshTask,nBursts__var,5,29,4.32677237491191,0.5990841895314825,0.13845983506475068,0.43088389420796824,-0.883390354732382,-0.09153842770925225,-0.17822457121617338,0.883390354732382,309,0.7759521482654138
focusedBreathing,w4_rfreqPW__mean,3,27,43.51438700876691,2.945203601330305,0.06768344457361303,0.2741745970213428,0.827327674932915,0.09709690821737121,0.07900528519022594,0.827327674932915,178,0.7748810559325608
threshTask,breathLength__mean,5,29,2.263918787878788,0.22560406302761013,0.0996520123141613,-0.06570685562981278,-0.8511281516737628,-0.07090259718520116,-0.041686425131918524,0.8511281516737628,250,0.7739977212269245
threshTask,exhaleTroughMs__mean,5,29,2263.918787878788,225.60406302761004,0.09965201235813474,-0.06570685562981364,-0.8511281516737621,-0.07090259718520116,-0.041686425131918524,0.8511281516737621,251.5,0.7739977211959729
threshTask,breathLenMs__mean,5,29,2263.918787878788,225.60406302761004,0.09965201235813474,-0.06570685562981364,-0.8511281516737621,-0.07090259718520116,-0.041686425131918524,0.8511281516737621,251.5,0.7739977211959729
threshTask,endSymMs__mean,5,29,4527.837575757576,451.2081260552201,0.09965201235815674,-0.06570685562981364,-0.8511281516737621,-0.07090259718520116,-0.041686425131918524,0.8511281516737621,253,0.7739977211959573
focusedBreathing,p4_rfreqRaw__mean,3,27,44.839008438138045,3.0382771331115213,0.06775968601615061,-0.8251494964326955,0.08745101982672256,-0.012750099058846723,-0.03811658496019672,0.8251494964326955,179,0.7727857749634262
threshTask,w4_aucZ__mean,5,29,1.116963385130311,0.14639637470072345,0.13106640425153923,-0.8733965964472765,-0.8214079904765078,-0.13572026998510522,-0.20299476585977716,0.8733965964472765,290,0.7721886117068691
threshTask,w4_rpowZ__mean,5,29,2.2339267702606214,0.292792749401447,0.13106640431021016,-0.8733965964472766,-0.8214079904765038,-0.13572026998510522,-0.20299476585977716,0.8733965964472766,291,0.7721886116668142
focusedBreathing,inhaleDuration__mean,3,27,1.3735673608831505,0.14273182795515146,0.10391323492097773,0.8504244868556113,-0.818287059372294,-0.06701975146316869,-0.03742355614273861,0.8504244868556113,254,0.7703725799758964
focusedBreathing,w2_rfreqGated__mean,3,27,41.62165507033153,3.370332792723984,0.08097546305998359,0.8317416608856728,-0.08911566299798734,0.019615537013610344,0.046432930769694195,0.8317416608856728,219,0.7694362076741416
focusedBreathing,p2_aucZ__var,3,27,0.1955054167331794,0.09422704865318142,0.48196643216189533,0.9500481718372408,-1.1396205460491582,0.13338565169255034,0.1864247518962349,1.1396205460491582,624,0.7689921453798908
threshTask,p1_rfreqPW__var,5,29,29.548841548397615,22.186243803755094,0.7508329477710907,1.3461341986962172,0.6056170438582825,-0.11138057244391676,-0.22716080941451253,1.3461341986962172,727,0.7688535907494328
threshTask,peakLatMs__mean,5,29,1032.338181818182,34.431636932845926,0.03335305962642072,-0.7914694411649119,-0.19095682356202992,0.0870408749027283,0.1661415494388057,0.7914694411649119,52,0.7659235474185804
focusedBreathing,inhaleVolume__mean,3,27,1465.4587217990659,417.00240430417443,0.28455417958955415,0.7384721541820242,-0.9805931829471826,-0.025173272500799943,0.025642066245950525,0.9805931829471826,459,0.7633723812727818
focusedBreathing,p4_rfreqPW__mean,3,27,44.765139619074354,3.105097991303004,0.06936419762467495,-0.8130890842239339,0.1195470729397389,0.12259710633506465,0.11850792778533892,0.8130890842239339,190,0.7603481452156411
cueTask,w4_rfreqGated__var,11,30,59.317516108990816,21.96908702260176,0.37036424421186304,0.6350174978979941,-1.0418389519680211,-0.004305707553701853,0.02752002341984301,1.0418389519680211,530,0.7602642555572613
threshTask,p3_rfreqRaw__mean,5,29,42.23502510301775,3.0234821998453807,0.07158708186863992,0.8096758650387991,0.05040977820522184,0.06746329209785933,0.042894727309655295,0.8096758650387991,197,0.7555856903639426
cueTask,w4_rpowDb__var,11,30,28.685890447496696,30.093564192418842,1.0490719905121828,-0.9484140679636353,-1.548133107466797,-0.08037320766910125,0.11537240587549567,1.548133107466797,776,0.7555289002217184
cueTask,w5_rfreqGated__var,11,30,61.95521438784527,26.72906561799452,0.43142560124538865,0.5221201478240316,-1.0805438738154614,-0.017222830214807413,0.15665244100526018,1.0805438738154614,586,0.7548725360754703
O15,p3_rfreqGated__var,11,28,59.15335084184872,23.757030480444545,0.4016176622615898,-0.2124703978250594,1.05687769586681,0.14523251175356525,0.1608533237458256,1.05687769586681,560,0.7540413654330509
O15,w1_aucZ__mean,11,28,0.8560924769534303,0.08203237407514427,0.09582186059063431,0.09772409156758063,-0.8225593909413206,0.046438909053584,-0.0353389877926435,0.8225593909413206,241,0.7506323979501297
O15,w1_rpowZ__mean,11,28,1.7121849539068608,0.16406474815028824,0.09582186064659878,0.09772409156757987,-0.8225593909413216,0.046438909053584,-0.0353389877926435,0.8225593909413216,242,0.7506323979117953
focusedBreathing,anyBurst__var,3,27,0,0,0,0.4886715415272459,-0.7486639242242903,-0.09247108940278917,-0.3065024090910023,0.7486639242242903,6.5,0.7486639242242903
O15,apExp__var,11,28,0.15643032042621594,0.05661022023461249,0.36188777034070113,0.960370941129005,1.0155422604714681,0.254082948261329,0.26382382265887305,1.0155422604714681,525,0.745687186997363
focusedBreathing,w1_aucZ__var,3,27,0.09388617464440908,0.006055370379938646,0.06449693299760306,0.5740102631479062,0.7932315321712234,-0.026480974968373965,-0.18434566544386055,0.7932315321712234,163,0.7451703312451061
focusedBreathing,w1_rpowZ__var,3,27,0.37554469857763617,0.024221481519753934,0.06449693351282844,0.5740102631479093,0.7932315321712313,-0.026480974968373965,-0.18434566544386055,0.7932315321712313,164,0.7451703308844448
audiobook,p2_aucZ__var,7,28,0.2587998080062851,0.09091798090204357,0.35130621328949885,0.28920579722428985,-1.003525889431061,0.1915947682030183,0.23018156485885444,1.003525889431061,521,0.7426339637617498
threshTask,peakZ__var,5,29,0.311345780012392,0.10117389876046026,0.32495670386628234,0.7575576826530471,0.9827760798267112,0.08651175104313724,-0.027790950087945684,0.9827760798267112,498,0.7417420335011152
cueTask,w5_rfreqRaw__var,11,30,53.9849147535406,24.46384181804512,0.45316070108247225,0.16356599831884194,-1.077525074765864,0.05166849064442223,0.032812335615966665,1.077525074765864,604,0.7415044144554735
cueTask,peakFreq__mean,11,30,41.700807812876775,2.6910304852178855,0.06453185504771905,0.5689476506961824,0.7877902075837171,0.13060646246228952,0.18628938930355265,0.7877902075837171,165,0.7400344140461662
cueTask,w1_rfreqGated__var,11,30,68.10184074444696,27.208751768020946,0.39953034264848447,-0.27789147732411634,-1.0353310413893138,-0.15357023608203274,-0.17464630247208063,1.0353310413893138,553,0.7397703428351854
cueTask,w3_rpowDb__var,11,30,29.911291381622572,39.025412675932394,1.304705041876086,-0.9269401737257609,-1.704472743232457,-0.24399009470977162,-0.04339696000821397,1.704472743232457,807,0.7395622052551135
threshTask,p3_aucZ__mean,5,29,1.7058620836971952,0.45707622318574986,0.26794441783192846,0.32765005923904705,-0.9354767055787623,-0.10741214349698384,-0.057394353442496514,0.9354767055787623,433,0.7377899949103003
O15,w5_rfreqPW__mean,11,28,42.21403663128031,1.9530769003836108,0.04626605404729593,0.7712310995118403,0.2234372512683584,0.037565232164364123,-0.05727353193980154,0.7712310995118403,102,0.7371271356157152
threshTask,timeAboveMs_base__mean,5,29,1796.6751515151516,76.645852222358,0.04265982760304735,-0.7663275938936067,-0.5747748461009436,-0.04180078490769323,-0.06645661977552228,0.7663275938936067,83,0.7349737408175626
threshTask,w3_rfreqPW__var,5,29,42.89606849413386,12.055572907731307,0.28104144110779977,0.4357561116994597,0.938101083776515,-0.27540896891714334,-0.3298664945221379,0.938101083776515,452,0.7322956570126866
O15,w5_rfreqGated__mean,11,28,42.095081964726624,1.9696990023525065,0.046791665685702075,0.7628640141323116,0.09826695072515719,0.13872514870147068,0.07798949030100634,0.7628640141323116,103,0.7287639356897216
focusedBreathing,w1_aucZ__mean,3,27,0.9881080071781045,0.0555867627480382,0.05625575573517545,-0.7074564576093427,0.7694165557305688,0.18373219669415025,0.2390949420230522,0.7694165557305688,135,0.7284377401522789
focusedBreathing,w1_rpowZ__mean,3,27,1.9762160143562086,0.11117352549607569,0.05625575576364151,-0.7074564576093416,0.7694165557305704,0.18373219669415025,0.2390949420230522,0.7694165557305704,136,0.7284377401326491
threshTask,p3_rfreqRaw__var,5,29,53.44239700260829,14.432490951169363,0.2700569540358551,-0.9226694674371905,0.5431680726777954,0.11799462068880492,0.14982947003935934,0.9226694674371905,437,0.7264788122337563
focusedBreathing,p1_aucZ__var,3,27,0.28510807751221134,0.060016991353865644,0.210506105849593,0.8772766457671777,0.5182612585070826,0.056558131722576496,0.026335095063408646,0.8772766457671777,375,0.7247188936328922
threshTask,p3_rfreqPW__var,5,29,57.023960082531524,15.047662379862045,0.2638831529381594,-0.9157070813227421,0.5613361959390738,0.06772785402765484,0.10391398728536211,0.9157070813227421,427,0.7245187810233806
focusedBreathing,burstLatMs__mean,3,27,300.4690763638132,35.07269993992891,0.11672648767803828,0.4948249919263045,-0.8015062906035585,-0.14515497390071655,-0.2612718641817121,0.8015062906035585,278,0.717728377939791
threshTask,w2_rfreqPW__var,5,29,25.18620468870952,15.817987681642213,0.6280417346129592,1.163112669441214,0.880241533474223,-0.07645839771090722,-0.18668268646033076,1.163112669441214,695,0.7144243570130131
O15,p3_rfreqPW__var,11,28,54.66589035675648,22.400929175507475,0.4097789138511495,-0.2575236128270223,1.0032348012283268,0.26591451744695555,0.2918512957357972,1.0032348012283268,564,0.7116256253881327
threshTask,p4_aucZ__mean,5,29,2.946025417781645,0.10027993970775662,0.03403906126147013,-0.7344951868832661,0.06843876384660137,0.02116495438364214,-0.0966641742189415,0.7344951868832661,56,0.7103166740985808
audiobook,w5_rpowDb__var,7,28,8.518314509664934,5.224953416797153,0.6133787864084508,0.43978694610246355,-1.1459701323440756,0.03726268845602346,0.07310228175307451,1.1459701323440756,690,0.7102920541648651
O15,w2_rpowDb__mean,11,28,4.727613920199931,5.424866869799452,1.1474851712135048,-1.516309126878029,-0.22744862144450936,0.011535779955985833,0.19923877600335213,1.516309126878029,784,0.7060859591506238
threshTask,w2_rfreqRaw__var,5,29,24.92976556399342,15.003122518147421,0.6018156279501853,1.1269546198693567,0.8487888844329649,-0.08095595051743118,-0.1661415494388057,1.1269546198693567,684,0.7035482737245486
focusedBreathing,freqSpan__var,3,27,34.4235665262702,1.9664462974117483,0.05712500172967081,0.7432317080931613,-0.06025998938365416,-0.21740553523418132,-0.25156946073729836,0.7432317080931613,142,0.7030688961826498
threshTask,p2_aucZ__mean,5,29,2.1005139646784827,0.6654391175544224,0.3167982353021301,-0.921541004936859,-0.3137707356488851,-0.12804797402103493,-0.26884723454643106,0.921541004936859,489,0.6998346293541454
threshTask,p2_rfreqRaw__var,5,29,27.757365077901266,8.914491505078837,0.32115769921745413,0.9228862922271099,0.6979199348191601,-0.19286564682093899,-0.224744205059039,0.9228862922271099,493,0.6985436278907147
cueTask,p4_rpowZ__var,11,30,0.14266150135220904,0.07037091253908954,0.49327191554000827,0.6245471089230872,-1.042643090453566,-0.020093301917275312,0.05398158440046129,1.042643090453566,627,0.6982272147511175
O15,p3_rpowZ__var,11,28,0.4526913307851492,0.26671786431265976,0.5891826186750271,0.028036274120891904,1.1042155138843173,0.1416830409978773,0.07006868269231038,1.1042155138843173,676,0.6948323628186617
O15,w3_rfreqPW__var,11,28,48.74478512465116,16.05988838479257,0.3294688517632076,0.03165210811178215,0.9234618047941823,0.1795440623918821,0.1267329217391353,0.9234618047941823,502,0.6946095830447184
focusedBreathing,p4_rfreqGated__mean,3,27,44.631233045092976,3.1584575904578536,0.07076787654949958,-0.7349540607992758,-0.090347210901743,0.17359750257045156,0.1365266770392501,0.7349540607992758,194,0.6863803788806511
cueTask,p1_bandDb__var,11,30,3.2362539068749587,2.024818563088755,0.62566739839592,0.2916059368191855,-1.1118750329915226,0.06602084915676175,0.18734785174277738,1.1118750329915226,694,0.683949886728757
audiobook,w5_rfreqPW__var,7,28,47.33916245334942,12.999295467793651,0.27459918582905357,0.8677183077682457,-0.17214979216747878,0.18807388425441762,0.04349887839852368,0.8677183077682457,443,0.680777390583256
focusedBreathing,w2_rfreqPW__mean,3,27,42.24390513934181,2.824905331454144,0.06687131130678622,0.7222231934216599,-0.0429631733905243,-0.10494312302281535,-0.07692619873785157,0.7222231934216599,172,0.6769543671926328
threshTask,freqJitter__var,5,29,3.4295338978556744,1.0176674812717155,0.2967363820521729,0.8764814362811694,0.47925512176595125,-0.02328144982200635,-0.1631207939944638,0.8764814362811694,471,0.6759133532554075
cueTask,w2_rpowDb__mean,11,30,5.624707409933073,6.68276683757004,1.1881092382832847,-1.4784641245775745,-1.2231578524479862,-0.04449231138825248,0.04868927220433763,1.4784641245775745,791,0.6756811308641641
O15,p4_rpowZ__var,11,28,0.23180255049500928,0.15791741797040154,0.6812583250353114,0.3236394816459531,-1.1338620041672585,-0.19877036231852516,-0.19253655418060941,1.1338620041672585,711,0.67441272247288
focusedBreathing,w3_rfreqGated__mean,3,27,44.10672085675985,1.7260036210822542,0.03913244030651153,-0.05351071639257463,0.6995519171304645,0.08303910669095046,0.08593557336480717,0.6995519171304645,70,0.6732076586157955
focusedBreathing,p4_aucZ__mean,3,27,3.145246690409021,0.2793989012520714,0.08883211037634224,-0.7311463741295261,0.0022229339482433023,0.05492350363810897,0.11989398542025516,0.7311463741295261,230,0.6714959700047914
audiobook,p1_rfreqPW__mean,7,28,43.36823893119147,1.941399433019416,0.04476546617571667,0.07899865613684744,-0.6988716330175442,0.23883329451341023,0.370948768565188,0.6988716330175442,94,0.6689268124220356
focusedBreathing,peakFreq__mean,3,27,41.73467799783589,2.1846489663103617,0.052346132067229524,0.7025434339775127,0.32372151681266664,-0.007519289188550632,0.12543821595992014,0.7025434339775127,122,0.6675972976661546
audiobook,p4_aucZ__var,7,28,0.6516232152036017,0.32392774847626143,0.4971089740532652,0.35067481758646984,-0.9914100915410629,-0.12997929910250705,-0.0888102100636525,0.9914100915410629,631,0.6622163841934126
threshTask,p1_bandDb__var,5,29,2.0937822674593534,0.538270505661039,0.25708045854123557,0.8317243948140951,0.17530893708725145,-0.381233740835354,-0.41988500676352714,0.8317243948140951,416,0.6616317906804947
focusedBreathing,freqJitter__var,3,27,4.10823341951545,0.8046977444757786,0.19587439712099297,0.7897102352191279,0.47600010268168746,-0.14973193253722564,-0.07068893938072847,0.7897102352191279,357,0.6603621894743422
focusedBreathing,w5_rfreqRaw__var,3,27,43.46939237425396,16.80972897471015,0.38670264423294565,0.9108682495234578,0.021259077894764385,-0.08238525545716345,0.09841009207905337,0.9108682495234578,544,0.6568590990372737
audiobook,freqSpan__var,7,28,36.29438471614929,6.012956153529778,0.1656718029631902,0.24312329686317316,0.7645087706451015,0.06807042300627908,0.01691623048831476,0.7645087706451015,329,0.6558525038537312
threshTask,w4_rpowDb__var,5,29,9.336821064742804,10.25146820582424,1.0979613011367773,0.3641849272340174,-1.371893137018432,0.11402619174187202,0.287575918301351,1.371893137018432,783,0.6539172749635913
audiobook,p2_rpowZ__var,7,28,0.2746358664179612,0.07007996351496612,0.2551741117204958,0.3513455096148643,0.8206020995123459,-0.01701760575156977,-0.0030207554443419217,0.8206020995123459,414,0.6537755135719999
O15,p1_rpowDb__mean,11,28,4.143377444569469,5.4300766233502085,1.3105435588921814,-1.509728786672095,-0.2930202882752041,-0.03194523680119154,0.13952807249164417,1.509728786672095,809,0.6534084937987289
focusedBreathing,p2_rpowZ__mean,3,27,2.1077270456708552,0.09962666713120091,0.047267347680792327,-0.5568055785820766,-0.6842121485016424,0.10755852795796339,0.30354662204665755,0.6842121485016424,107,0.6533309283602248
audiobook,w2_rpowDb__var,7,28,8.279923672714087,3.5922594513895296,0.4338517591404519,0.5667354794839689,-0.9274286913663214,-0.11501554232095432,-0.026582647910208916,0.9274286913663214,591,0.646809327013195
audiobook,p1_rpowDb__mean,7,28,3.1334478512196156,3.1137665067727953,0.9937189491017446,-1.2871812320688,-0.5132308553745246,0.013496721802969128,0.06766492195325904,1.2871812320688,770,0.6456181964106475
threshTask,peakLatMs__var,5,29,314087.9316513977,54769.07612910144,0.17437497786412495,0.5517933665166547,-0.757816381553617,-0.0455046519248306,-0.06283171324231197,0.757816381553617,340,0.6452933652689731
cueTask,w2_rfreqGated__var,11,30,37.634124339017816,24.20882564854083,0.6432679402825551,0.1999850051315247,1.0577233973055427,-0.21528537768509265,-0.3725787786071053,1.0577233973055427,698,0.6436706828976838
cueTask,w2_rfreqPW__var,11,30,33.001013997851885,17.536867727541885,0.5314039055936888,0.25651945296033046,0.984299851442453,-0.24399009470977162,-0.4382034498390386,0.984299851442453,655,0.6427434642468561
threshTask,peakZ__mean,5,29,4.922441660932415,0.21988657750421986,0.044670225186152525,0.21771193662578164,0.6707660531438598,-0.14736099489610838,-0.19212004626014623,0.6707660531438598,93,0.6420840155794947
cueTask,p4_aucZ__mean,11,30,2.902351455285431,0.440264767942948,0.1516924378643033,-0.7387512930619713,0.39087768943620316,0.07319702841293149,0.02116924878449462,0.7387512930619713,316,0.6414484186697541
threshTask,w2_rfreqGated__var,5,29,29.30565622548133,17.01389270979727,0.580566856388054,1.0114706200985515,0.5435432647004896,-0.2156179727833543,-0.3238249836334541,1.0114706200985515,670,0.6399416867502754
cueTask,chirpSlope__var,11,30,604.9140342073531,219.50833577723535,0.36287525724957664,0.056530867322881935,0.8713941389476043,-0.13347693416475745,-0.17888015222897954,0.8713941389476043,526,0.6393792346822467
audiobook,w3_rpowDb__mean,7,28,3.3788718911317703,3.440674445631944,1.018290883902432,-1.2886540550823367,-0.491769675673332,0.0378495024474569,0.11418455579612465,1.2886540550823367,772,0.638487774661441
O15,w1_rpowDb__mean,11,28,3.388691851045745,5.129768267395125,1.5137901265050984,-1.6048207060501933,-0.15214523350295722,-0.10175149499638787,0.013404443645485466,1.6048207060501933,820,0.6384067982164296
audiobook,burstLatMs__mean,7,28,291.0065347309484,50.097803346566344,0.1721535339153548,0.6834114907606046,-0.7470201571832745,-0.28489819284093526,-0.22655665832564414,0.7470201571832745,338,0.6373057245222786
O15,anyBurst__mean,11,28,0.9908943660845422,0.01890220704829838,0.019075905238934175,-0.3613304909270087,-0.6486195675114796,-0.07393231566708387,0.1634192509562505,0.6486195675114796,23,0.6364781702491565
focusedBreathing,w2_rfreqPW__var,3,27,47.5510665074627,13.729152762010358,0.28872439190332294,0.46017279468904415,0.8190845863971563,0.12030862701681011,0.10811249552346708,0.8190845863971563,464,0.6355777787269523
focusedBreathing,breathLength__mean,3,27,6.190916815601023,3.3030469981757276,0.5335311547586239,-0.17917444467478988,-0.9726088462446899,-0.043154181429942755,-0.00970240344441371,0.9726088462446899,657,0.6342282928042485
focusedBreathing,breathLenMs__mean,3,27,6190.916815601024,3303.046998175728,0.5335311548447174,-0.17917444467479068,-0.9726088462446896,-0.043154181429942755,-0.00970240344441371,0.9726088462446896,658.5,0.6342282927686422
focusedBreathing,exhaleStartMs__mean,3,27,6190.916815601026,3303.0469981757296,0.5335311548447174,-0.17917444467479207,-0.9726088462446881,-0.043154181429942755,-0.00970240344441371,0.9726088462446881,658.5,0.6342282927686413
threshTask,p1_rpowDb__var,5,29,8.570611224496295,4.663831569772014,0.5441655731504665,0.7738490481740131,-0.9748365176525036,-0.08307244595579538,0.1123721025295195,0.9748365176525036,664,0.6313031028554821
focusedBreathing,p4_rpowDb__var,3,27,3.803027298311633,1.6850648137930682,0.44308512171292413,0.7728800763268818,-0.9109950971287557,-0.09775075945115821,-0.054749276579191666,0.9109950971287557,596,0.6312829946215618
audiobook,dutyCycle__var,7,28,0.005971769167456143,6.548529184514514e-4,0.10965809133448381,0.4269797631446081,-0.6996371888470279,0.23883329451341023,0.29240912701229804,0.6996371888470279,260,0.6304979833974251
audiobook,timeAboveMs__var,7,28,23934.874710240838,2624.6531165650854,0.10965810969722707,0.42697976314460745,-0.6996371888470272,0.23883329451341023,0.29240912701229804,0.6996371888470272,261,0.6304979729638752
focusedBreathing,returnCrossMs__var,3,27,64415.39230120793,38747.130192305696,0.6015197425348677,1.008609546325752,0.21977684209146703,0.10200079247077379,0.14484302284874756,1.008609546325752,683,0.6297827741600838
audiobook,p1_rpowZ__var,7,28,0.26912999752340205,0.05125757046695161,0.19045654794403952,0.36218795765199957,0.7496260832005067,0.011442872832952086,0.16553739834993733,0.7496260832005067,352,0.629696299705468
focusedBreathing,maxBurstMs__var,3,27,3516.1386706744456,1754.191967070942,0.498897265258871,-0.5075939419068628,-0.937972401279005,0.08140447860648294,0.022176922158659913,0.937972401279005,634,0.6257749767239785
O15,anyBurst_base__mean,11,28,0.9991503823279524,0.0028178630334370434,0.002820259172649622,-0.5576768401202511,-0.625733915813151,-0.03542789872225152,0.12899734044975905,0.625733915813151,13,0.6239741470015736
focusedBreathing,exhaleTroughMs__mean,3,27,2098.855491118649,351.2041240481969,0.1673312553123153,0.7272588120497516,-0.2702876234669263,-0.025827123734586954,0.004851201722206855,0.7272588120497516,331,0.6230098001232531
focusedBreathing,endSymMs__mean,3,27,4197.710982237298,702.4082480963938,0.16733125531235515,0.7272588120497516,-0.2702876234669263,-0.025827123734586954,0.004851201722206855,0.7272588120497516,332,0.6230098001232318
focusedBreathing,w3_aucZ__var,3,27,0.09944790357191759,0.016345450496859364,0.16436193972331362,0.35758255401210465,-0.724630886850615,-0.10363542055524132,-0.3077047949514063,0.724630886850615,327,0.6223416122849297
focusedBreathing,w3_rpowZ__var,3,27,0.397791614287669,0.06538180198743723,0.1643619409628717,0.35758255401211464,-0.7246308868506118,-0.10363542055524132,-0.3077047949514063,0.7246308868506118,328,0.6223416116223937
focusedBreathing,p2_rfreqGated__var,3,27,46.900206667672975,18.366438376294806,0.3916067685169217,0.2952025784273609,0.8613223634490185,-0.1768667587393866,-0.29730936268953445,0.8613223634490185,549,0.618940912717
O15,p4_aucZ__mean,11,28,2.6073104349000156,0.3528516751435752,0.13533166986376693,-0.702303402651223,-0.07664359775903862,0.2463924282906718,0.2485915003344577,0.702303402651223,303,0.6185887536595321
focusedBreathing,w1_rpowDb__var,3,27,12.420922020208947,5.859714477373842,0.4717616347134516,0.11698752097909963,-0.9092661866876169,0.04151955334547523,0.10326129380126023,0.9092661866876169,619,0.6178080507341455
O15,p1_rfreqPW__var,11,28,34.36178468624545,15.611336023690837,0.4543226193220843,0.8218269520183241,0.8890593416851713,-0.16150091938380168,-0.1663369597826151,0.8890593416851713,607,0.6113219514522824
focusedBreathing,w1_rfreqPW__mean,3,27,41.99103567936084,3.056111429989777,0.07278009176180232,0.6554873093288269,0.02169179502006489,-0.199751551921932,-0.10741946670600895,0.6554873093288269,203,0.6110174064214178
threshTask,w4_aucZ__var,5,29,0.08023624391585332,0.014752660613262174,0.18386529215984407,0.48226699674987394,0.7232334342066027,-0.19180739910175687,-0.23924383119188022,0.7232334342066027,346,0.610908554373729
threshTask,w4_rpowZ__var,5,29,0.32094497566341296,0.05901064245304893,0.18386529387850678,0.4822669967498752,0.7232334342066055,-0.19180739910175687,-0.23924383119188022,0.7232334342066055,347,0.6109085534868519
O15,p3_rfreqRaw__var,11,28,51.144154741477315,20.74701785679408,0.40565765455036124,-0.19517541336107508,0.8571474000855804,0.2957892296406624,0.29489776020068026,0.8571474000855804,561,0.6097838953253258
threshTask,p1_rfreqGated__var,5,29,33.93723589427276,24.486996149865295,0.7215377299857287,1.04948897099731,0.28732214281765833,-0.1198465541973736,-0.2622015725688788,1.04948897099731,722,0.6096229857280038
focusedBreathing,w3_rfreqRaw__mean,3,27,44.459976997240155,1.531525978943615,0.03444729580054072,-0.1778752235209235,0.6285036181662854,0.2219824938706904,0.3666122444353467,0.6285036181662854,57,0.6075743256498123
focusedBreathing,w1_rfreqRaw__mean,3,27,42.13197011586485,2.962117812142922,0.07030570381415008,0.6502116934399085,-0.09500127712240473,-0.12259710633506465,-0.015939662801536813,0.6502116934399085,192,0.6075009141059501
O15,w2_rfreqGated__var,11,28,31.199562093011348,19.023219852057085,0.6097271427956525,0.9635945963568237,0.9775213037419453,-0.21444719148948024,-0.26565170133780286,0.9775213037419453,686,0.6072590054263856
audiobook,p1_rfreqRaw__mean,7,28,43.37413366543276,1.8344947561821197,0.04229467198792342,0.18027503800424163,-0.6302652576705596,0.206558524984571,0.34255366738837395,0.6302652576705596,81,0.6046900887140506
audiobook,p1_rpowDb__var,7,28,5.677556391402523,2.1275960680981307,0.3747379895592396,0.830614918183305,-0.2763474688464671,0.04899896828469227,0.10753889381857243,0.830614918183305,533,0.6041987087660332
threshTask,gammaPeakPresent__mean,5,29,0.991010101010101,0.012311221170853927,0.012422901790690772,-0.044157188537965894,-0.6113397176021732,-0.013571192594273607,0.010236929877464095,0.6113397176021732,19,0.6038382937810727
cueTask,p2_rpowZ__mean,11,30,2.2309807610967813,0.2993784880567405,0.13419142519874103,-0.6822270898627311,0.4199300057940294,0.020093301917275312,-0.001058462439224731,0.6822270898627311,300,0.6015096523439034
threshTask,p4_aucZ__var,5,29,0.8235373138987345,0.2542360819243528,0.3087122797290791,-0.786908674746784,-0.4375628624264252,-0.043652718416261914,0.07068567739760097,0.786908674746784,481,0.6012847032425528
threshTask,p1_rpowZ__var,5,29,0.4763080733906308,0.1157199801850198,0.24295195989080648,0.702492870728445,0.7454202733205136,-0.24366153734168014,-0.4247182154744742,0.7454202733205136,403,0.5997176861010773
threshTask,p1_aucZ__mean,5,29,1.2282497053546015,0.557706768944244,0.45406627500811414,-0.8701883536385756,-0.17398937265238798,0.07460646420233853,0.1008932318410202,0.8701883536385756,606,0.5984516446017701
audiobook,p1_rfreqGated__mean,7,28,43.26227339874948,2.0667789334482207,0.04777323915345117,0.03361862290803981,-0.6235473137546844,0.23883329451341023,0.29603403354550833,0.6235473137546844,109,0.5951166630849245
threshTask,apExp__mean,5,29,1.0258491069203644,0.340939094083858,0.3323481898571039,0.791158698189219,0.6744345829076193,-0.012434410700389757,-0.037457367509839835,0.791158698189219,506,0.593807763024823
O15,p3_aucZ__mean,11,28,1.8004724255921842,0.7211691294472846,0.40054438979233137,-0.15047679878732292,-0.828817914953195,-0.2496461098167191,-0.11576564966555629,0.828817914953195,558,0.5917826817871084
audiobook,w2_rpowDb__mean,7,28,2.6718745569378517,3.0753787516413866,1.1510191384190427,-1.268051445058396,-0.4602284971113877,-0.015843977768702888,0.023561892465866992,1.268051445058396,785,0.5895119306053173
audiobook,w5_rfreqRaw__mean,7,28,44.136302506278895,1.5244983993478394,0.03454069128460458,-0.3128500961418259,-0.6097411966612007,-0.47561274005680343,-0.49177898633886485,0.6097411966612007,58,0.5893834837023916
cueTask,dutyCycle__var,11,30,0.008688367208770902,0.002934685250173167,0.3377717402918772,-0.7859442622762983,0.06300265980876829,0.2856119343955562,0.2879017834691268,0.7859442622762983,511,0.5875025152682772
cueTask,timeAboveMs__var,11,30,34823.01052622258,11762.230221435058,0.3377717791681875,-0.7859442622763021,0.06300265980876846,0.2856119343955562,0.2879017834691268,0.7859442622763021,512,0.587502498195166
focusedBreathing,chirpSlope__var,3,27,642.5165556798117,247.19258860361035,0.38472563300985235,0.8134405785565588,0.7193891911227613,0.08859684217814007,0.14068484994399882,0.8134405785565588,541,0.5874380882142385
audiobook,w5_rfreqGated__mean,7,28,43.857999728715974,1.7870038609340522,0.04074522030067113,-0.3578446900372181,-0.6105729768583671,-0.4621160182538343,-0.5304446560264415,0.6105729768583671,74,0.5866690184577285
O15,freqSpan__mean,11,28,22.467964614955267,1.7289294241736695,0.07695086999317677,-0.6311485541120277,-0.12787072448217404,0.13635883486434536,0.28819553837793754,0.6311485541120277,212,0.5860513898057639
threshTask,p2_rfreqPW__var,5,29,29.690029111652084,9.647245783436746,0.3249321766183677,0.7761176863926716,0.680497181721374,-0.14894836647488155,-0.18607853537146238,0.7761176863926716,497,0.5857791818246587
audiobook,maxBurstMs__mean,7,28,152.53677023937507,17.394324862479714,0.1140336512636846,-0.6519689540352986,-0.5881715000880083,0.24118055047914397,0.40055217191973885,0.6519689540352986,273,0.5852327290973204
focusedBreathing,inhalePeakMs__mean,3,27,712.240495556285,31.175979332959347,0.0437717028551796,0.6084412382334451,-0.5356294011249081,0.05426965240432196,0.047125959587152315,0.6084412382334451,88,0.582925592415552
threshTask,chirpSlope__var,5,29,586.7060698425985,238.76338720096072,0.4069557133857661,0.47066166932564035,0.8190898546262672,-0.06508223472969958,-0.27307629216850976,0.8190898546262672,562,0.5821717391908307
audiobook,p4_rpowDb__mean,7,28,3.442944193870058,3.400525069849055,0.9876794038415705,-1.1541616571521107,-0.6187860311109024,0.01701760575156977,0.11720531124046656,1.1541616571521107,769,0.5806578540389726
cueTask,w1_rfreqPW__var,11,30,56.41392431500076,20.837090222267012,0.36936076465003087,-0.22173271516520332,-0.7933885502632896,-0.12199504735488581,-0.18840631418200215,0.7933885502632896,529,0.5793860688465519
audiobook,p4_rfreqGated__var,7,28,26.821253941712225,11.284179978065659,0.4207178382549767,0.539210326061202,-0.8202107975586957,0.1337935900468244,0.28455516285700905,0.8202107975586957,572,0.5773213902671448
audiobook,w5_rpowDb__mean,7,28,3.274007050923694,3.4474918462695254,1.0529885218921253,-1.179238500345641,-0.5492416823528546,0.07775285386493085,0.16916230488314765,1.179238500345641,778,0.5744009222510423
focusedBreathing,inhalePeakMs__var,3,27,34046.13882704464,23479.153211139845,0.6896274884624635,0.9675411485197222,0.8328562633777563,0.07028900763210374,0.0062372593571231,0.9675411485197222,714,0.5726357763036695
cueTask,breathLength__mean,11,30,2.246822132465236,0.2974672766361469,0.13239467076878406,0.39410579929896,-0.6451453961378527,-0.22820250034619818,-0.20216632589192363,0.6451453961378527,294,0.5697177960930024
cueTask,exhaleTroughMs__mean,11,30,2246.822132465236,297.4672766361468,0.13239467082765038,0.39410579929896006,-0.6451453961378526,-0.22820250034619818,-0.20216632589192363,0.6451453961378526,295.5,0.5697177960633861
cueTask,breathLenMs__mean,11,30,2246.822132465236,297.4672766361468,0.13239467082765038,0.39410579929896006,-0.6451453961378526,-0.22820250034619818,-0.20216632589192363,0.6451453961378526,295.5,0.5697177960633861
cueTask,endSymMs__mean,11,30,4493.644264930472,594.9345532722936,0.13239467082767983,0.39410579929896006,-0.6451453961378526,-0.22820250034619818,-0.20216632589192363,0.6451453961378526,297,0.5697177960633714
audiobook,p4_aucZ__mean,7,28,3.2847139410411814,0.43980612320827484,0.133894802094995,-0.5653331696899757,0.6456834148318406,-0.07159130695487971,-0.1232468221291504,0.6456834148318406,299,0.5694385525349174
O15,p4_rfreqRaw__var,11,28,26.998146956859497,7.000893422493714,0.25931014574523115,0.7152001503196034,-0.3094418572218079,-0.04732627674250598,-0.05849211772575475,0.7152001503196034,418,0.567930110573646
threshTask,anyBurst__var,5,29,0,0,0,0.4790692927681684,0.5659426965157801,-0.13516597708859635,-0.1739590550813391,0.5659426965157801,6.5,0.5659426965157801
threshTask,anyBurst__mean,5,29,1,0,0,-0.47906929276816845,-0.5659426965157773,0.13516597708859635,0.1739590550813391,0.5659426965157773,6.5,0.5659426965157773
cueTask,gammaBumpDb__var,11,30,11.057309194356353,6.591150844227968,0.5960899462769839,-0.9032193799280773,0.85398736565346,-0.03875136798331667,-0.09314469465177633,0.9032193799280773,681,0.56589503745381875
threshTask,dutyCycle__mean,5,29,0.2542452496997954,0.05249543014447453,0.20647555854036165,-0.6807230721692282,-0.5514996610165455,-0.09815247595414042,-0.1516419233059645,0.6807230721692282,370,0.5642245028094824
threshTask,timeAboveMs__mean,5,29,508.9989898989899,105.09585114923796,0.20647555935206788,-0.6807230721692287,-0.5514996610165456,-0.09815247595414042,-0.1516419233059645,0.6807230721692287,371,0.5642245024298775
focusedBreathing,w5_rfreqPW__var,3,27,48.73455450833433,17.700051445737284,0.36319304903766225,0.7687677143709001,0.1006791400419499,-0.07388518941793229,0.04573990195223607,0.7687677143709001,527,0.5639463280080594
audiobook,w4_rpowDb__mean,7,28,3.2234342019411506,3.4289734854895086,1.0637640695010366,-1.1620318887949006,-0.6165438326746996,0.05633414317761027,0.1897034419046727,1.1620318887949006,780,0.5630643085456222
audiobook,w1_rpowDb__mean,7,28,2.621986345000934,3.1912636420052087,1.2171168041635834,-1.2457168833724095,-0.43974027852262704,0.026406629614504816,0.04954038928720752,1.2457168833724095,794,0.5618634440156892
O15,chirpSlope__var,11,28,573.9714892485554,288.17132811675054,0.5020655790647772,0.5493046035531255,0.8431445376481745,-0.12866831489368816,-0.19862948311037554,0.8431445376481745,635,0.5613233865415763
focusedBreathing,w3_bandDb__mean,3,27,1.4826678305617706,2.4086317283420406,1.624525518844571,-1.470034356409959,-0.7447937939962267,-0.0016346280844675288,0.15801057038045188,1.470034356409959,827,0.5601143314686196
threshTask,p2_rfreqGated__var,5,29,33.166931214885686,11.27336813951665,0.3398978357731553,0.7487915549737497,0.6231974379658651,-0.17461087366504766,-0.21447363654827648,0.7487915549737497,516,0.5588422751214296
threshTask,w3_rfreqRaw__var,5,29,41.1117708751891,10.20791315905103,0.24829660560701353,0.43347186140050126,0.6948893486630108,-0.33387715540195473,-0.35403253807687324,0.6948893486630108,408,0.5566700618601014
threshTask,p3_rfreqGated__var,5,29,59.7439797742133,11.880472348489675,0.19885639345068656,-0.6665142546144754,0.5467487853238787,0.0783103312194759,0.10935134708517757,0.6665142546144754,359,0.5559583768795171
focusedBreathing,p4_rpowZ__var,3,27,0.12748219303172653,0.014084781512409683,0.1104843042543212,0.6172672720683421,-0.10910693883372526,-0.05623120610568299,-0.13306153295195947,0.6172672720683421,262,0.5558541167160672
cueTask,p1_rpowZ__var,11,30,0.6263671751207173,0.1947986127917394,0.310997479143442,-0.010907978844879582,-0.7272651773865625,-0.01578759436357346,0.02752002341984301,0.7272651773865625,482,0.5547418579795677
cueTask,w2_bandDb__var,11,30,3.288517527189928,3.9143749116090216,1.1903159639728542,0.08164112947348215,-1.214568182396724,0.005740943404935804,0.06985852098883225,1.214568182396724,792,0.5545173401346659
audiobook,exhaleTroughMs__mean,7,28,2172.6957119450685,325.58904174060683,0.14985487380972412,0.32625769884196926,-0.6370656070847421,0.032274769528839224,0.027790950087945684,0.6370656070847421,314,0.5540400111311461
audiobook,endSymMs__mean,7,28,4345.391423890137,651.1780834812137,0.1498548738097586,0.32625769884196926,-0.6370656070847421,0.032274769528839224,0.027790950087945684,0.6370656070847421,315,0.5540400111311294
O15,breathLength__mean,11,28,1.9304710760646808,0.5063159330419427,0.26227584502939355,0.3600920510113529,-0.6976635072875769,-0.24077243292749922,-0.22604766329432308,0.6976635072875769,423,0.5527028898119578
O15,exhaleTroughMs__mean,11,28,1930.4710760646808,506.3159330419425,0.26227584516511865,0.3600920510113531,-0.6976635072875765,-0.24077243292749922,-0.22604766329432308,0.6976635072875765,424.5,0.5527028897525287
O15,breathLenMs__mean,11,28,1930.4710760646808,506.3159330419425,0.26227584516511865,0.3600920510113531,-0.6976635072875765,-0.24077243292749922,-0.22604766329432308,0.6976635072875765,424.5,0.5527028897525287
O15,endSymMs__mean,11,28,3860.9421521293616,1012.631866083885,0.2622758451651866,0.3600920510113531,-0.6976635072875765,-0.24077243292749922,-0.22604766329432308,0.6976635072875765,426,0.5527028897524989
O15,p1_rfreqGated__var,11,28,36.73866244227577,18.77000559563547,0.5109060686304578,0.790441638320917,0.8326531988317265,-0.16150091938380168,-0.21812685568562712,0.8326531988317265,644,0.5510952772772133
audiobook,w4_rpowDb__var,7,28,9.16653954341082,5.524603203301504,0.6026923438812916,0.4248278468299656,-0.8826544662005189,0.05780117815619388,0.05316529582041783,0.8826544662005189,685,0.5507323158872565
audiobook,p2_rpowDb__mean,7,28,3.4576764756995604,3.6406136139998875,1.0529075344477992,-1.1244887373204366,-0.7037339196192925,0.05281325922900963,0.19453665061561978,1.1244887373204366,777,0.5477542063885049
threshTask,w1_rfreqRaw__mean,5,29,45.03270424242424,3.0950458216237138,0.06872884659321028,-0.5853013325904071,0.4412968485907898,0.05979099613378904,0.0386656696875766,0.5853013325904071,183,0.5476612093480714
audiobook,w1_rfreqRaw__mean,7,28,42.46447902495663,2.2461307667452006,0.052894344126351855,0.5761351640271796,-0.3692422453117253,-0.2080255599631546,-0.08639360570817897,0.5761351640271796,125,0.5471918120191183
focusedBreathing,p1_rfreqGated__mean,3,27,42.732255655374196,2.5637776410968,0.05999630961943784,0.5788962072149316,0.27645212350360465,0.10102001562009329,0.1309824464995851,0.5788962072149316,148,0.5461303987206976
cueTask,w1_rfreqRaw__var,11,30,50.304889137707505,16.57793083830756,0.32954909795341414,-0.01512409763223719,-0.7251364688739611,-0.11912457565241792,-0.21169248784494624,0.7251364688739611,503,0.5454002939719711
cueTask,w3_bandDb__var,11,30,6.417465399101557,9.24513525391462,1.44062097378325,-0.590541292894564,-1.329840651365231,-0.07463226426416544,0.001058462439224731,1.329840651365231,816,0.5448779903353126
audiobook,peakLatMs__mean,7,28,959.3275586601417,66.33078991118867,0.06914300471442868,0.5825114172834126,-0.5743250970574858,-0.08186055180496493,-0.018728683754919918,0.5825114172834126,188,0.5448395721758506
threshTask,w3_rfreqGated__var,5,29,47.7768479143141,15.77905211842623,0.3302656580943782,0.39801723777264897,0.7225962809596556,-0.25133383330575043,-0.2881800693902194,0.7225962809596556,504,0.543196974651502
cueTask,maxBurstMs__var,11,30,6643.174704311756,4896.903802346674,0.7371330757217025,-0.9430722030398044,-0.26497196484175783,-0.13347693416475745,0.057156971718135476,0.9430722030398044,726,0.5428900158659401
O15,w1_rfreqRaw__mean,11,28,44.32356576829628,1.708174226928939,0.03853873661293338,-0.11482308690166464,-0.5635700725856133,-0.14286619791643995,-0.22300119882944,0.5635700725856133,68,0.5426567663943167
audiobook,burstLatMs__var,7,28,97780.95882933047,30158.701216808848,0.30843122810289014,0.7099940470703107,0.08460455250339599,-0.40959616602054133,-0.30992950858948115,0.7099940470703107,480,0.5426300074630132
focusedBreathing,w1_rfreqRaw__var,3,27,61.775768024345034,15.524555006585276,0.25130492914658614,-0.678769043783393,0.4922390949943043,0.19027070903202034,0.13444759058687572,0.678769043783393,409,0.5424489490713718
focusedBreathing,w2_rfreqRaw__mean,3,27,42.587535786798945,2.762602406118977,0.06486880151704962,0.5775914843538931,-0.020011423282701273,-0.09938538753562574,-0.06999591056327036,0.5775914843538931,166,0.5424062415304457
audiobook,w2_bandDb__var,7,28,1.7991731928838244,0.3712025545858882,0.20631841106112953,0.6542726654098815,0.12982212579244684,-0.29927513563105457,-0.20964042783732942,0.6542726654098815,369,0.5423714497023676
cueTask,p1_rpowDb__mean,11,30,4.56271978000588,6.862834507882528,1.5041104510629346,-1.353086176251327,-1.3077257106696636,-0.05310372649565618,0.03175387317674193,1.353086176251327,819,0.5403460441119818
audiobook,w1_bandDb__var,7,28,1.569671084082734,0.3604588819237465,0.2296397540537911,0.6631025720699115,0.2301134013299596,-0.34240596400141243,-0.29603403354550833,0.6631025720699115,390,0.5392657238706222
cueTask,w3_aucZ__mean,11,30,1.0467798057032454,0.14454814300955998,0.13808839460211172,-0.6136846777175169,0.5715364445904374,-0.06745608500799569,-0.15665244100526018,0.6136846777175169,307,0.5392240889443987
cueTask,w3_rpowZ__mean,11,30,2.0935596114064907,0.28909628601911996,0.13808839466807038,-0.6136846777175172,0.5715364445904365,-0.06745608500799569,-0.15665244100526018,0.6136846777175172,308,0.5392240889131478
cueTask,p3_bandDb__mean,11,30,4.142382953694913,8.102960675982585,1.956110954637551,-1.5934257023816631,-1.3444211194460463,-0.008611415107403706,0.1397170419776645,1.5934257023816631,840,0.5390277045866274
cueTask,w2_rfreqRaw__var,11,30,32.41303755603412,14.944446754150496,0.46106282781594243,0.31332854850654845,0.7860658225584757,-0.20523872672645496,-0.3694033912894311,0.7860658225584757,611,0.5380095965712299
cueTask,w1_rpowDb__mean,11,30,4.519271181605695,7.547892363586482,1.6701569918259613,-1.435431953505155,-0.5585722033698168,-0.06745608500799569,0.05292312196123656,1.435431953505155,828,0.5375833547987561
O15,breathLength__var,11,28,0.38809539520322783,0.15526869683425262,0.40007868774857996,0.7515366004146203,0.5042108078111422,-0.22006718685265286,-0.25041937901338757,0.7515366004146203,554,0.5367816873372605
O15,exhaleTroughMs__var,11,28,388095.3952032278,155268.69683425265,0.40007868877945624,0.7515366004146207,0.5042108078111422,-0.22006718685265286,-0.25041937901338757,0.7515366004146207,555.5,0.5367816869420291
O15,breathLenMs__var,11,28,388095.3952032278,155268.69683425265,0.40007868877945624,0.7515366004146207,0.5042108078111422,-0.22006718685265286,-0.25041937901338757,0.7515366004146207,555.5,0.5367816869420291
O15,endSymMs__var,11,28,1552381.5808129113,621074.7873370106,0.400078688779457,0.7515366004146207,0.5042108078111422,-0.22006718685265286,-0.25041937901338757,0.7515366004146207,557,0.5367816869420289
threshTask,w2_bandDb__var,5,29,1.7191515770532362,0.5493935409268239,0.3195724844396537,0.7076763641318976,0.32089519288456114,-0.33123153610399947,-0.4410302948739206,0.7076763641318976,491,0.5362921495232654
cueTask,w5_bandDb__mean,11,30,4.064310220129772,8.181487718371768,2.0130076872177165,-1.6153449968808857,-1.3708171666299231,-0.034445660429614826,0.08679392001642794,1.6153449968808857,841,0.5361237555860782
threshTask,p4_rfreqRaw__mean,5,29,44.28465533235942,0.8994187491741945,0.020309941274323676,-0.4584901313796444,-0.5467231909400154,-0.1613827771752713,0.00966641742189415,0.5467231909400154,26,0.5358403057968654
audiobook,w5_rfreqRaw__var,7,28,45.12077037745453,12.385610619269798,0.27449909466049394,0.680966188950992,-0.33467278959822233,0.32480154425840924,0.19816155714883008,0.680966188950992,442,0.5343010377990033
focusedBreathing,chirpSlope__mean,3,27,5.971298304911218,8.386101348648353,1.4044016759883906,-1.2773680077556222,0.29462332527730045,-0.05623120610568299,-0.058214420666482275,1.2773680077556222,814,0.5312623179862522
O15,burstLatMs__mean,11,28,239.15480302419797,54.36386448592172,0.22731663256703985,0.3505245173193658,0.6519920593052798,-0.17362827779906884,-0.27052604448161577,0.6519920593052798,389,0.531233784342661
threshTask,inhaleDuration__mean,5,29,0.5711369696969697,0.29844830284280055,0.5225511885154243,-0.8082020015635529,-0.024549981768775837,0.1246086689336931,0.1631207939944638,0.8082020015635529,650,0.5308209061605323
threshTask,inhalePeakMs__mean,5,29,571.1369696969697,298.44830284280056,0.5225511894294408,-0.808202001563553,-0.024549981768776166,0.1246086689336931,0.1631207939944638,0.808202001563553,651,0.5308209058418705
threshTask,chirpSlope__mean,5,29,-6.59813624769801,7.793802293168169,1.1812126939188465,1.1545627756350167,0.7114460558069678,-0.0267207549093482,-0.24528534208056404,1.1545627756350167,790,0.5293215003075592
O15,w1_rfreqPW__var,11,28,52.42546270173318,14.455702739609773,0.27573820037750724,0.099366428241325,0.6738477123491087,0.1440493548350026,0.0755523187290999,0.6738477123491087,444,0.5282021908176054
audiobook,w2_rfreqGated__mean,7,28,42.191799026536074,1.9070572139271482,0.0451997131642224,0.5510074055895959,0.1969161688167356,-0.013203314807252408,0.01691623048831476,0.5510074055895959,97,0.5271790631490744
focusedBreathing,w5_rpowDb__var,3,27,12.841611621038151,6.312828653629565,0.4915916194503029,0.16075221796620198,-0.7844783027592536,-0.025827123734586954,-0.04573990195223607,0.7844783027592536,626,0.5259337023148184
threshTask,p4_rfreqGated__mean,5,29,44.387025942646424,1.6464580208749122,0.03709322681283599,-0.5450664468919251,-0.3254622456962618,-0.16561576805199973,-0.011478870688499303,0.5450664468919251,62,0.5255713110450129
O15,peakLatMs__mean,11,28,927.8861107777768,87.50200557410943,0.09430252760294991,-0.5741549144780236,0.5462571242224235,-0.069214679735915,-0.14257453695652722,0.5741549144780236,235,0.5246765862230983
O15,p1_rfreqRaw__var,11,28,33.30437886054367,15.037088304931792,0.4515048416739882,0.7604278940067476,0.7125090739877545,-0.18664300390325797,-0.193145847073586,0.7604278940067476,601,0.5238893265624681
O15,w5_rfreqRaw__mean,11,28,42.37531522896102,1.906935761507614,0.045001099134227444,0.5454725307615282,0.10100666724525527,-0.09139887195896469,-0.1864436252508433,0.5454725307615282,95,0.5219827340023342
cueTask,gammaBumpDb__mean,11,30,17.76306866450397,7.271670876349052,0.40937019460329505,-0.7344080117408278,-0.15746266725216052,-0.15357023608203274,-0.029636948298292467,0.7344080117408278,563,0.52108950122047
O15,p2_rfreqRaw__var,11,28,33.48351997115377,13.009190841783871,0.38852518649780055,0.7202900523293613,0.6637842744078589,0.233081912956842,0.26991675158863915,0.7202900523293613,547,0.5187446791268573
threshTask,p2_rpowDb__mean,5,29,4.736219226223754,6.070506638266363,1.2817199430662194,-1.1829859153952527,-0.556543250195415,0.044710966135444015,0.1631207939944638,1.1829859153952527,804,0.5184623638804389
audiobook,w3_rpowDb__var,7,28,7.0609111438699035,3.0195657919092977,0.4276453463237757,0.7399951376510265,-0.28887465908320703,0.12851226412392341,0.08699775679704735,0.7399951376510265,583,0.5183326093952769
threshTask,p4_rpowZ__mean,5,29,1.9016544802295687,0.11060343920411483,0.05816169041002708,-0.5480405150024068,-0.5376609107986406,0.257154195761252,0.3534283869880049,0.5480405150024068,143,0.5179175545374796
cueTask,w4_bandDb__mean,11,30,3.873591134795942,8.192399068072696,2.1149364455031283,-1.6130172928406203,-1.3048484503995244,-0.05166849064442223,0.07726775806340537,1.6130172928406203,846,0.5178331311283251
cueTask,w3_aucZ__var,11,30,0.11056459410293848,0.03447140119271093,0.31177612653143777,-0.12258325915251306,-0.678660405434985,0.1550054719332667,0.3302402810381161,0.678660405434985,485,0.5173599303331431
cueTask,w3_rpowZ__var,11,30,0.4422583764117536,0.13788560477084377,0.31177612864632936,-0.12258325915251089,-0.6786604054349842,0.1550054719332667,0.3302402810381161,0.6786604054349842,486,0.5173599294990366
O15,returnCrossMs__var,11,28,182277.0647883601,107418.05166844149,0.5893119454889337,0.8204079381842724,0.3286708907923363,-0.13517567794578272,-0.21264321964883762,0.8204079381842724,677.5,0.5162032164377165
O15,exhaleStartMs__var,11,28,182277.0647883601,107418.05166844149,0.5893119454889337,0.8204079381842724,0.3286708907923363,-0.13517567794578272,-0.21264321964883762,0.8204079381842724,677.5,0.5162032164377165
O15,w1_rfreqGated__var,11,28,66.16461493537078,21.10703072651032,0.31900783744919453,-0.3556240099176054,0.68001265642021,-0.02218419222304968,-0.03655757357859672,0.68001265642021,490,0.5155486094269722
threshTask,w5_aucZ__var,5,29,0.08222207961855946,0.009966069649161175,0.12120916393973614,0.5767725066026008,0.47505438589389426,-0.24154504190331588,-0.3570532935212152,0.5767725066026008,280,0.5144200789225817
threshTask,w5_rpowZ__var,5,29,0.32888831847423805,0.03986427859664429,0.12120916504536086,0.5767725066026002,0.4750543858938969,-0.24154504190331588,-0.3570532935212152,0.5767725066026002,281,0.5144200784153112
focusedBreathing,w1_rfreqGated__mean,3,27,41.95283330463544,3.10221824583416,0.07394538107197268,0.5517447173366571,0.4386853018175837,-0.12521251127021268,-0.03603749850782236,0.5517447173366571,208,0.5137549144128035
audiobook,w5_rfreqGated__var,7,28,56.74852904273347,17.014365040049437,0.29982037114895527,0.6650767874314621,0.058587027957470776,0.09066276167646653,-0.08035209481949512,0.6650767874314621,475,0.5116682290827449
threshTask,w1_rfreqGated__mean,5,29,45.197711708469456,3.9920900042641576,0.088325046850276,-0.5545744221040854,0.5070582995043014,0.056880814906038246,0.07974794373062674,0.5545744221040854,229,0.5095669016431078
audiobook,peakInspFlow__mean,7,28,1.7822397933411362,0.12864280763762886,0.07218041480506046,0.5264175384374524,-0.5456361091329929,-0.2373662595348266,-0.15768343419464834,0.5456361091329929,201,0.5089032606813642
focusedBreathing,p2_bandDb__var,3,27,1.9492445594318808,0.9683627266214828,0.49678872845330874,0.5473649989618666,0.7615486559334088,-0.14973193253722564,-0.1774153772692793,0.7615486559334088,630,0.5087883423068981
O15,w3_rfreqRaw__var,11,28,46.486380266928,13.656462055537743,0.29377340151733955,0.013554215921360947,0.6580421105962744,0.2203629760822935,0.2114246338628844,0.6580421105962744,468,0.508622383042132
cueTask,nBursts__var,11,30,8.924082178139516,13.678137878140472,1.5327220887895672,0.1684428925710659,-1.2862995055596271,0.10190174543761052,-0.012701549270696772,1.2862995055596271,822,0.507872344641797
threshTask,p4_rfreqGated__var,5,29,30.64455400732497,9.537896697297983,0.31124279683453365,0.6659010176117326,-0.42260258237266474,0.07010891139581457,0.11116380035178273,0.6659010176117326,483,0.5078396001253785
focusedBreathing,peakZ__var,3,27,0.3992470557327492,0.1708581493250702,0.4279509302417736,0.41737594065688316,-0.7245677657211529,0.05296194993674793,-0.19058292480098363,0.7245677657211529,584,0.5074178323469929
focusedBreathing,w2_rfreqRaw__var,3,27,44.72709755147778,12.952055616904156,0.28957961338107535,0.3638216820682666,0.6523682299355269,0.14940500692033212,0.21761104868185038,0.6523682299355269,465,0.5058766617945516
O15,p2_rfreqPW__var,11,28,34.49101108123235,14.588607880949473,0.42296840316358914,0.7172328132367293,0.686262155196171,0.19167142080714925,0.23518705668897225,0.7172328132367293,575,0.5040398730162625
focusedBreathing,p2_bandDb__mean,3,27,1.5639019153260225,2.679118131219707,1.7130985666374732,-1.3672264979744215,-0.8182690835305985,-0.014057801526420747,0.13791273467416632,1.3672264979744215,831,0.503935431903205
focusedBreathing,w5_rfreqGated__var,3,27,58.331361225081,22.46087043936888,0.3850565110646899,0.6931430875369751,0.46775546447199545,0.050019619384706386,0.0900937462695559,0.6931430875369751,542,0.5004439039127417
O15,p2_rfreqGated__var,11,28,39.011485565824366,16.8647694517508,0.4323026720646782,0.7090783700937404,0.7152506484724382,0.12778094720476615,0.15049534456522318,0.7152506484724382,587,0.49937116115366703
cueTask,freqSpan__mean,11,30,22.328313640382607,0.8640613367440154,0.03869801144062178,-0.35268451795342254,0.351125858196106,-0.3602441986597217,-0.5165296703416687,0.5165296703416687,69,0.4972857025356852
focusedBreathing,w4_bandDb__mean,3,27,1.48687106750801,2.6898042510885776,1.8090366461885914,-1.3945650657916293,-0.790085253939143,-0.0016346280844675288,0.15801057038045188,1.3945650657916293,837,0.4964567007994818
focusedBreathing,w2_aucZ__var,3,27,0.09981844336892116,0.011154410233503673,0.11174698527937227,0.27643509503365393,-0.5502106272045901,0.006538512337870115,-0.10534038025363458,0.5502106272045901,263,0.49490633614475427
focusedBreathing,w2_rpowZ__var,3,27,0.39927377347568443,0.04461764093401416,0.11174698611899778,0.276435095033661,-0.5502106272045959,0.006538512337870115,-0.10534038025363458,0.5502106272045959,264,0.49490633577099097
threshTask,p3_rpowZ__var,5,29,0.32303368453203746,0.16362957475390547,0.5065402838233637,-0.18446432745125713,0.7438235736015832,0.09259667542843436,0.054373597998154596,0.7438235736015832,638,0.4937296278025008
focusedBreathing,w4_rpowDb__var,3,27,13.052658523122844,10.945443520913678,0.8385604741505506,0.06410251559095353,-0.905735916867477,-0.18471297354483074,-0.15801057038045188,0.905735916867477,742,0.49263319297992847
focusedBreathing,w2_rfreqGated__var,3,27,56.229289019186325,13.617238806091306,0.2421734125288818,0.4529802841276333,0.6106270195816417,0.12717406497157374,0.11019158197584145,0.6106270195816417,402,0.49157952780400854
O15,w1_rfreqPW__mean,11,28,44.363307377943435,1.7934539678683346,0.04042651627726877,-0.0773307731215075,-0.5112555916747926,-0.070102047424837,-0.141355951170574,0.5112555916747926,73,0.4913903900720514
O15,w4_rpowDb__var,11,28,16.73133786484901,9.83811700802084,0.5880053996220951,-0.7249507124417215,-0.7771842188988971,0.08489150890687011,0.20106665468228196,0.7771842188988971,675,0.4894090530698744
focusedBreathing,p2_rfreqPW__var,3,27,44.059966161207946,14.932974993723342,0.33892388702131987,0.05695873295950691,0.6523187044298435,-0.20073232877261254,-0.28899301688003703,0.6523187044298435,513,0.48719625570430697
threshTask,maxBurstMs__var,5,29,2602.7673854827344,317.2867923235839,0.12190362999520024,0.5444941249269679,-0.47677147054093855,-0.08148507437702224,-0.28395101176814064,0.5444941249269679,282,0.4853305670552981
audiobook,w2_aucZ__mean,7,28,0.9520053411385325,0.03785889691990781,0.03976752571037434,-0.3670690535237358,0.5033610201464269,0.18895410524156778,0.21689024090375,0.5033610201464269,71,0.48410919527663476
audiobook,w2_rpowZ__mean,7,28,1.904010682277065,0.07571779383981517,0.039767525731260286,-0.3670690535237344,0.5033610201464287,0.18895410524156778,0.21689024090375,0.5033610201464287,72,0.4841091952669121
threshTask,w1_bandDb__var,5,29,1.8670788874990438,0.6185139767018336,0.3312736170452127,0.6433184404997722,-0.34243722364061663,-0.24551347085024883,-0.1818494777493837,0.6433184404997722,505,0.48323532612899656
audiobook,w5_rfreqPW__mean,7,28,44.05714945369941,1.5251754204986578,0.03461811395825504,-0.334775849067973,-0.4631108626202922,-0.45419402936948283,-0.4996329504941539,0.4996329504941539,59,0.48291533248209995
threshTask,w2_rpowDb__var,5,29,6.8245548801512905,4.378783165797723,0.6416217968869247,0.7924159089441494,-0.7772308649300759,-0.07540014999172512,0.10693474272970405,0.7924159089441494,697,0.4827030869392941
cueTask,p2_bandDb__mean,11,30,3.684562157497361,8.176239292997705,2.2190531578200163,-1.5506864046802677,-1.2841681411617607,-0.021528537768509264,0.07938468294185483,1.5506864046802677,847,0.48172127910134055
threshTask,w3_rpowDb__mean,5,29,4.37268771052607,6.205152519320061,1.4190705874018292,-1.1637553834910677,-0.6087561155813414,0.029630936137098992,0.1268717286623607,1.1637553834910677,815,0.48107541365338324
O15,w1_aucZ__var,11,28,0.10265716579173098,0.022789607702001186,0.22199724007809737,0.3866697755681712,0.586626065608197,-0.14464093329428393,-0.2924605886287738,0.586626065608197,384,0.48005514772742525
O15,w1_rpowZ__var,11,28,0.41062866316692415,0.09115843080800466,0.2219972416999802,0.3866697755681696,0.5866260656081977,-0.14464093329428393,-0.2924605886287738,0.5866260656081977,385,0.4800551470902778
audiobook,w1_aucZ__mean,7,28,0.9618988682071836,0.06643105956156939,0.06906241569482581,-0.24115506825279492,0.5124771608751615,0.25643771425641343,0.15405852766143802,0.5124771608751615,185,0.47937066475401474
audiobook,w1_rpowZ__mean,7,28,1.923797736414367,0.13286211912313883,0.06906241573072483,-0.24115506825279623,0.5124771608751617,0.25643771425641343,0.15405852766143802,0.5124771608751617,186,0.4793706647379177
O15,p2_aucZ__mean,11,28,1.4052985651553078,0.4699492943273934,0.33441241999777044,-0.30308136483350584,-0.6392406222664838,2.957892296406624e-4,0.10297049891304744,0.6392406222664838,508,0.4790427702010986
audiobook,w1_rfreqPW__mean,7,28,42.30144263503125,2.2940987320685027,0.05423216299754397,0.5050121194223297,-0.3781805613665293,-0.23472559657337613,-0.09364341877459958,0.5050121194223297,131,0.4790331173224756
cueTask,w1_rfreqRaw__mean,11,30,44.46252446748654,2.27985101004945,0.05127578870752891,-0.5034017584281927,0.24702123072625953,0.09903127373514262,0.11431394343627095,0.5034017584281927,120,0.4788484276300992
cueTask,freqJitter__var,11,30,3.87161848580909,1.303806490185291,0.33676006420246796,0.6393386820288435,0.13219308043184347,0.04305707553701853,0.11431394343627095,0.6393386820288435,510,0.4782748221987638
cueTask,peakZ_base__mean,11,30,68.2164133135782,33.69703424573514,0.4939725296072391,0.04471339711196194,-0.712572647470376,-0.06171514160305989,-0.0984370068479,0.712572647470376,629,0.4769650266981209
cueTask,freqSpan__var,11,30,32.41437804098145,8.67505108160549,0.2676297250056752,0.6039612170694749,0.3009278213561129,0.04736278309072038,0.10478778148324837,0.6039612170694749,432,0.47644923841366293
focusedBreathing,w4_rfreqGated__var,3,27,63.22517668772209,32.797832092460624,0.5187463888623818,0.003851505643253664,0.7214685468458563,-0.17948216367453468,-0.35968195626076543,0.7214685468458563,648,0.4750421480088409
audiobook,w1_aucZ__var,7,28,0.08963894539559417,0.014614486402758,0.1630372398428404,0.5500024889168967,0.156967741018631,-0.2693476220679491,-0.2398479822807486,0.5500024889168967,325,0.47290187285079355
audiobook,w1_rpowZ__var,7,28,0.3585557815823763,0.0584579456110321,0.16303724120695695,0.5500024889168967,0.15696774101863262,-0.2693476220679491,-0.2398479822807486,0.5500024889168967,326,0.4729018722961309
audiobook,w3_aucZ__var,7,28,0.09379380335835232,0.015750260674894444,0.16792431848396272,0.2749014156617769,-0.5521199388662431,0.09829134356510125,0.15345437657256963,0.5521199388662431,333,0.4727360584313619
audiobook,w3_rpowZ__var,7,28,0.37517521343340915,0.06300104269957733,0.16792431982672873,0.2749014156617774,-0.5521199388662343,0.09829134356510125,0.15345437657256963,0.5521199388662343,334,0.4727360578878483
threshTask,w3_bandDb__var,5,29,1.5670302617395013,0.2929084732474997,0.1869194745067868,0.5610850954191785,0.29368531869688363,-0.17752105489279843,-0.2905966737456929,0.5610850954191785,349,0.4727238093825465
O15,p3_rpowDb__var,11,28,15.931819544140906,9.448269582365668,0.5930439743932027,-0.7510036334820117,-0.03381159572155221,0.2156303484080429,0.3436411916388092,0.7510036334820117,679,0.47142680651240165
threshTask,p4_rfreqPW__var,5,29,24.184488755515112,7.290197141344468,0.3014410275421078,0.6133298662253976,-0.5473199271531005,0.13783676542346943,0.35524084025461,0.6133298662253976,476,0.4712698103453278
cueTask,timeAboveMs_base__var,11,30,64371.917394394135,37787.555967810345,0.5870192701623722,0.7027492336984259,0.747872469045501,-0.11481886809871608,0.013760011709921504,0.747872469045501,674,0.47124347076704626
cueTask,w3_bandDb__mean,11,30,3.4982291736441598,8.277890148249277,2.3663087050582683,-1.5783186560419673,-1.1869946356689718,-0.010046650958637656,0.11113855611859676,1.5783186560419673,853,0.4688573729647435
focusedBreathing,timeAboveMs_base__var,3,27,90401.25253269401,25240.07246517291,0.27920047298066414,0.5988164183289761,0.310897446615659,-0.08075062737269592,-0.1392987923090826,0.5988164183289761,450,0.46811772742209395
O15,p4_rfreqPW__var,11,28,29.461140128533987,10.09403663295595,0.34262206379572374,0.6280441760250699,-0.10562866646915987,-0.06714415512843036,-0.16511837399666188,0.6280441760250699,518,0.46777435956141494
threshTask,w3_rpowDb__var,5,29,9.21396146872111,7.390450393970441,0.8020926089453396,0.38488006252014206,-0.8411989543337137,0.18360597927809555,0.2742845943462465,0.8411989543337137,736,0.46679008068626326
audiobook,peakZ__mean,7,28,4.794369456290391,0.10862580855914186,0.022656954063889217,-0.13694043366906314,-0.47659714964580646,-0.09007594768503309,-0.010270568510762535,0.47659714964580646,27,0.4660381448068964
O15,w5_rpowDb__var,11,28,17.39385733011175,10.333967526312879,0.5941159186024191,-0.6310798371971391,-0.7412535301499243,0.008282098429938546,0.22604766329432308,0.7412535301499243,680,0.4649934935721553
threshTask,w3_aucZ__var,5,29,0.09696128890752091,0.01481962045326474,0.15284058687131016,0.21159176679852487,0.5359718787842348,-0.06825697788724588,-0.19514080170448816,0.5359718787842348,318,0.4649141302691354
threshTask,w3_rpowZ__var,5,29,0.38784515563008415,0.05927848181305819,0.1528405880535369,0.21159176679851968,0.5359718787842365,-0.06825697788724588,-0.19514080170448816,0.5359718787842365,319,0.46491412979237196
threshTask,w4_rpowDb__mean,5,29,4.11297230489881,6.17159787523516,1.5005201630907838,-1.1597791481541613,-0.5272179692420237,0.02513338333057504,0.1268717286623607,1.1597791481541613,818,0.4638151554517396
O15,p3_bandDb__var,11,28,3.0906770904036085,1.4672084846910445,0.47472072989181874,0.4286731364293815,0.682333253694034,0.2156303484080429,0.08408241923077246,0.682333253694034,620,0.46268641910532304
threshTask,w1_rfreqPW__mean,5,29,44.98131478693928,3.508540537615273,0.07799995518485843,-0.49757088185286263,0.48234460851751865,0.029366374207303467,0.025978496821340527,0.49757088185286263,215,0.46156855523016954
threshTask,p4_rfreqPW__mean,5,29,44.306131234912094,1.2317044921032378,0.027799865565894557,-0.4720764504581634,-0.4513416997427072,-0.1611182152454758,0.01691623048831476,0.4720764504581634,34,0.4593077565720867
threshTask,maxBurstMs__mean,5,29,171.649898989899,20.553760495418103,0.11974233958918835,-0.5128878243760234,-0.4065028892912787,0.01375722034936739,-0.08216454808610028,0.5128878243760234,279,0.45804093159877474
audiobook,w1_rpowDb__var,7,28,7.476954298743313,3.516423814101709,0.4703016326076019,0.6718790424242902,-0.5764764292716318,-0.025233001631637934,-0.0012083021777367687,0.6718790424242902,618,0.4569668070304069
O15,p3_aucZ__var,11,28,1.5229730695893935,0.59389994511522,0.3899608972635213,-0.6276549795716025,-0.23887508771028623,-0.10796306881884178,0.04204120961538623,0.6276549795716025,548,0.4515630481456674
cueTask,apExp__mean,11,30,1.1709070153192973,0.44348222291858047,0.3787510167226176,0.6217914215953282,0.20341218088377638,0.08611415107403705,0.087852382455652675,0.6217914215953282,536,0.4509816595264369
threshTask,w2_rpowDb__mean,5,29,3.374015396836803,5.389213151553988,1.597269874645266,-1.171091578208922,-0.5102461262526277,0.0023810573681597408,0.1008932318410202,1.171091578208922,825,0.45089329747409057
focusedBreathing,p4_bandDb__mean,3,27,1.0854745739443283,2.1886423783747913,2.016299993472479,-1.3566572977613898,-0.7603598861279006,-0.07748137120376086,0.035344469690364234,1.3566572977613898,842,0.4497753209883989
focusedBreathing,p1_bandDb__mean,3,27,1.0216340366472356,2.2958460373276854,2.2472293920579296,-1.4546570189016383,-0.7283768009742384,-0.0016346280844675288,0.13583364822179197,1.4546570189016383,850,0.4479686659832031
focusedBreathing,w1_bandDb__var,3,27,2.3825254169490746,0.18418763963114898,0.07730773331673471,0.4819006363922933,-0.3843824685596542,-0.019615537013610344,0.02841418151578301,0.4819006363922933,213,0.44731938840599755
O15,apExp__mean,11,28,1.444252341599723,0.5797508514407634,0.4014193602741085,0.6263229595909594,0.5313271641142936,0.29401449426281845,0.14013736538462077,0.6263229595909594,559,0.4469204417644514
focusedBreathing,w4_bandDb__var,3,27,1.5948493646545516,0.5198774642728997,0.3259727692587028,0.5903566191123288,0.11204816665285958,-0.3370603110172044,-0.3666122444353467,0.5903566191123288,499,0.4452252963251826
audiobook,gammaBumpDb__mean,7,28,16.36203461913464,3.4095869773843765,0.2083840461496542,-0.5343656083029359,-0.4516427132892234,0.25643771425641343,0.2863676161236142,0.5343656083029359,373,0.4422150474475534
audiobook,peakFreq__var,7,28,75.57605873861765,10.84864137721828,0.1435460059460778,0.5050228117023575,0.4572220081037412,0.2634794821536147,0.20420306803751392,0.5050228117023575,313,0.44162876620301983
focusedBreathing,p2_rfreqRaw__var,3,27,42.075176619251764,12.554880810030618,0.2983916365543588,-0.02290333382635054,0.5733825277917376,-0.22819408059166701,-0.25295551837221464,0.5733825277917376,474,0.4416098437859371
cueTask,p4_rfreqRaw__var,11,30,25.557698528248064,10.815564406696314,0.4231822514972955,0.62774740043182,0.11763923395653422,0.18083971725547782,0.3514095298226107,0.62774740043182,576,0.4410871480243533
cueTask,p4_rpowZ__mean,11,30,1.8931443413709204,0.1487365063648352,0.07856585630367825,0.18901795912191724,-0.475473791088574,-0.04592754723948643,0.051864659522011816,0.475473791088574,216,0.4408389050234322
threshTask,p1_rpowZ__mean,5,29,2.213860344712448,0.29825457046361237,0.1347214927270538,-0.4987229167645035,-0.2580458987305398,-0.168261387349955,-0.23380647139206473,0.4987229167645035,301,0.4395112985530331
threshTask,p3_rpowDb__var,5,29,10.362340517596683,10.200073670093156,0.9843407145121011,-0.032456391311612806,-0.8700717640805881,0.197892323487054,0.29663818463437674,0.8700717640805881,767,0.4384689371726753
focusedBreathing,p1_aucZ__mean,3,27,1.5185386089589747,0.04579382319951406,0.030156508961435784,-0.1263751747681138,-0.4510847688140036,0.004576958636509081,0.04019567141257109,0.4510847688140036,40,0.43787984145124703
focusedBreathing,w3_bandDb__var,3,27,2.197532603508319,0.33489781363245574,0.15239719899736665,0.5044692269406582,0.22541604483916888,-0.05459657802121546,-0.11920095660279703,0.5044692269406582,317,0.43775638068156303
focusedBreathing,p4_rfreqPW__var,3,27,21.473095411280894,12.559094809746052,0.5848758443351048,0.693624377565414,-0.10446342034496385,-0.14417419705003603,-0.22800648094372222,0.693624377565414,672,0.43765218584450494
O15,gammaPeakPresent__mean,11,28,0.995667182242235,0.009680581516126422,0.009722708229273076,-0.4411780349790623,-0.2959892718504708,-0.09457769956869354,-0.137403021833168,0.4411780349790623,18,0.4369298931116899
audiobook,w2_aucZ__var,7,28,0.0892520982655622,0.016809421147255487,0.18833642329510314,0.36430816867930327,0.5178498358993243,0.029340699571672017,0.09183096550799442,0.5178498358993243,350,0.4357771299001286
audiobook,w2_rpowZ__var,7,28,0.35700839306224913,0.06723768458902185,0.18833642487772448,0.36430816867930155,0.5178498358993208,0.029340699571672017,0.09183096550799442,0.5178498358993208,351,0.4357771293197595
audiobook,w2_rfreqPW__mean,7,28,42.580179936967845,1.8425263749699237,0.04327192552154957,0.45194986226980416,0.024757265776798508,0.059855027126210915,0.09726832530780989,0.45194986226980416,85,0.4332042789744071
focusedBreathing,w1_rfreqPW__var,3,27,66.0894563539333,15.489901804031257,0.23437780636056027,-0.5330098789032337,0.17845675052169835,0.11965477578302311,0.06514470884106349,0.5330098789032337,395,0.4318044898058886
O15,w1_rfreqRaw__var,11,28,47.04987026208339,12.26635570183845,0.26070966047834077,0.20408903198343328,0.5442354514689915,0.14197883022751798,0.07250585426421684,0.5442354514689915,420,0.43168976056112457
threshTask,w2_aucZ__var,5,29,0.08695738408288135,0.0046393350670355885,0.05335182356982926,0.4531594143987346,0.20234782067389143,-0.24366153734168014,-0.2833468606792723,0.4531594143987346,127,0.43020708205827063
threshTask,w2_rpowZ__var,5,29,0.347829536331526,0.018557340268142243,0.05335182402998376,0.4531594143987296,0.20234782067388793,-0.24366153734168014,-0.2833468606792723,0.4531594143987296,128,0.4302070818703309
audiobook,w2_rfreqRaw__mean,7,28,42.77312322913188,1.878323974991833,0.0439136502818815,0.44837292335472667,0.05573384743070573,0.08362099377926524,0.1431838080618071,0.44837292335472667,89,0.4295115053181413
cueTask,p1_rfreqPW__var,11,30,45.694766095747696,21.365236640214412,0.4675641975052166,0.12453976639503413,0.6268663753772116,-0.19519207576781733,-0.2752002341984301,0.6268663753772116,615,0.4271474981761289
audiobook,gammaPeakPresent__mean,7,28,0.9901866151866152,0.017284162551122507,0.01745545967656773,-0.4340477911868845,-0.14507811351850297,0.4004685845458135,0.41455451306840424,0.4340477911868845,22,0.4266012699217921
threshTask,p2_rpowZ__mean,5,29,2.306992484295073,0.16818695211355186,0.0729031209185062,-0.45700757621122895,0.06191604926064221,0.11058688665453018,0.04229057622078691,0.45700757621122895,204,0.4259541866370818
audiobook,w1_rfreqGated__mean,7,28,42.05641164352125,2.4573263828062952,0.05842929262669072,0.4499881694666579,-0.40826755405438286,-0.17399034846001504,-0.018124532666051532,0.4499881694666579,145,0.4251471237629184
threshTask,gammaBumpDb__var,5,29,6.363663795207506,1.524682200560133,0.23959188439037019,0.43389777022953635,0.5247556344032926,-0.04127166104810217,-0.2054113702152507,0.5247556344032926,400,0.42332935622708345
cueTask,p1_rfreqGated__var,11,30,51.3186172681661,26.702874034930808,0.5203350256861805,0.02651067672224854,0.6433433622502405,-0.18514542480917967,-0.23603712394711504,0.6433433622502405,649,0.4231589428520053
O15,nBursts__mean,11,28,5.682126470292001,0.4995198407390819,0.08791072202683675,0.11009477591036436,0.07494864558452108,0.32329762799724404,0.45879754841138887,0.45879754841138887,228,0.4217235285232084
O15,maxBurstMs__var,11,28,4287.364414736441,1266.3496335071293,0.29536785563507567,-0.37075630027697154,0.5459096694324904,0.04141049214969274,0.004874343143812896,0.5459096694324904,469,0.4214321569411255
threshTask,p3_rpowDb__mean,5,29,3.8492266846080208,6.172146417585299,1.603476989459339,-1.0964022237966162,-0.5655117305376932,0.03889060367994243,0.12928833301783424,1.0964022237966162,826,0.4211299843384845
threshTask,w5_rpowDb__mean,5,29,3.4302059724880287,6.167458050615974,1.79798475610039,-1.1773063326756512,-0.5737066671461342,0.037303232101169266,0.1395589015285968,1.1773063326756512,836,0.42076938772049916
cueTask,p4_bandDb__mean,11,30,3.395457716494526,8.424491548821623,2.481106304288769,-1.4609306304075453,-1.3800385329875295,-0.017222830214807413,0.13865857953843977,1.4609306304075453,854,0.4196742364942029
cueTask,p3_rpowDb__var,11,30,27.31470708428059,35.86457966420506,1.313013518769595,-0.8923279763443049,-0.9699516553543489,0.04592754723948643,0.26144022248850857,0.9699516553543489,810,0.4193454329096674
O15,inhaleDuration__mean,11,28,0.4418624289529968,0.0962193289111821,0.21775856553682882,0.5105205288990874,0.20896885165111329,-0.05412942902424122,-0.1267329217391353,0.5105205288990874,382,0.4192296760187704
O15,inhalePeakMs__mean,11,28,441.8624289529968,96.21932891118212,0.2177585660291559,0.5105205288990872,0.20896885165111334,-0.05412942902424122,-0.1267329217391353,0.5105205288990872,383,0.4192296758492801
O15,returnCrossMs__mean,11,28,1071.340441955056,217.7649989255161,0.20326405164722453,0.4988697790788184,-0.4190489118936736,-0.008577887659579212,-0.06702221822742732,0.4988697790788184,367.5,0.4145970939594546
O15,exhaleStartMs__mean,11,28,1071.340441955056,217.7649989255161,0.20326405164722453,0.4988697790788184,-0.4190489118936736,-0.008577887659579212,-0.06702221822742732,0.4988697790788184,367.5,0.4145970939594546
threshTask,p4_rfreqRaw__var,5,29,22.610960720545606,6.093837328318837,0.2695081117235377,0.5250402513203627,-0.5164607635372493,0.11799462068880492,0.32684573907779596,0.5250402513203627,435,0.4135777049959499
focusedBreathing,w2_bandDb__mean,3,27,0.8823832669076,2.295220482152714,2.6011604771194063,-1.488602076469071,-0.6828992070724293,-0.0016346280844675288,0.13583364822179197,1.488602076469071,855,0.41336732587374564
threshTask,p4_rpowDb__mean,5,29,3.5305254367401475,5.942409698503153,1.6831516450726458,-1.108646388136918,-0.41032144613736604,0.08730543683252383,0.2017864636820404,1.108646388136918,829,0.4131881215781606
audiobook,peakZ__var,7,28,0.44061673641801025,0.15214856268499694,0.34530817775234574,0.3167462563583074,0.5541071192185582,0.003814290944317362,-0.03020755444341922,0.5541071192185582,519,0.41188117963002696
focusedBreathing,w4_rfreqPW__var,3,27,54.259944052495435,27.690312107088833,0.5103269564706641,0.06057517309023626,0.6220374443443139,-0.1484242300696516,-0.30077450677682505,0.6220374443443139,643,0.4118561492128119
threshTask,p1_rpowDb__mean,5,29,2.718378745171789,4.85349436949647,1.785437138342661,-1.14510997199451,-0.5526775692657565,7.936857893865801e-4,0.09062266333025766,1.14510997199451,835,0.41110601859636725
focusedBreathing,peakLatMs__var,3,27,298364.7158295277,58934.867618537355,0.19752626397087086,0.49168244792574944,0.4174053013178167,-0.07355826380103879,-0.03049326796815738,0.49168244792574944,358,0.41058176569370786
focusedBreathing,apExp__mean,3,27,1.2426233197867846,0.20023882365001675,0.16114201327175534,0.47511363158070796,0.4541478219533829,0.18928993218133983,0.058907449483940395,0.47511363158070796,324,0.40917788362680807
audiobook,w5_aucZ__var,7,28,0.09686405981542802,0.011164600544786674,0.11526050478164997,-0.17033087658385596,0.45201985874427003,-0.05486710819902667,-0.1897034419046727,0.45201985874427003,274,0.40530428254766204
audiobook,w5_rpowZ__var,7,28,0.38745623926171213,0.044658402179147016,0.11526050567409094,-0.1703308765838577,0.45201985874427225,-0.05486710819902667,-0.1897034419046727,0.45201985874427225,275,0.4053042822233361
O15,p4_rpowDb__var,11,28,6.912715799373868,3.711771850478458,0.5369484234080201,0.240535090517762,-0.6189558971403363,0.031353658341910215,0.13160726488294822,0.6189558971403363,661,0.4027174157008257
cueTask,p1_rfreqRaw__var,11,30,44.41025741522809,18.9769475520497,0.4273100102571186,0.15748633260139774,0.5739586485383152,-0.16792259459437225,-0.2180432624802946,0.5739586485383152,582,0.40212612846099294
focusedBreathing,w3_rpowDb__var,3,27,12.280141101042068,5.271647803131028,0.42928234776181884,-0.01060174076949018,-0.5724600046428574,-0.023865570033225918,-0.011088461079329957,0.5724600046428574,585,0.400522685765552
audiobook,w2_rfreqGated__var,7,28,63.406263003367286,16.3006125646313,0.2570820577063271,0.4057544326556976,-0.5019065913916428,-0.15374526575556138,-0.26884723454643106,0.5019065913916428,417,0.39926318915681763
audiobook,w5_bandDb__var,7,28,1.7510218976715006,0.5120469947867868,0.2924275219946002,0.5156851314565527,-0.09878601694354444,-0.285191599836652,-0.27730534979058846,0.5156851314565527,467,0.3990050681222705
focusedBreathing,inhaleDuration__var,3,27,0.06384805669927483,0.03924171995048034,0.6146110212985545,0.6436157755403847,0.18790580683784291,0.0029423305520415517,0.04019567141257109,0.6436157755403847,691,0.3986197090508867
threshTask,p2_rpowZ__var,5,29,0.267642829477713,0.14723191633207636,0.5501059605044663,0.4041318869047035,0.6172545804670565,0.044975528065239544,0.16976645597201603,0.6172545804670565,665,0.39820153989097445
threshTask,gammaBumpDb__mean,5,29,16.582856078338878,4.328056405540866,0.2609958371967862,-0.4982892195193192,-0.38535175747977995,-0.08201419823661328,-0.03987397186531337,0.4982892195193192,421,0.3951553247209952
O15,p4_rfreqPW__mean,11,28,42.97159053381094,1.4440601010544694,0.03360499537210865,0.407088490716874,-0.00535304288964573,-0.3244807849158066,-0.2863676596990076,0.407088490716874,55,0.39385306044338325
focusedBreathing,w5_aucZ__var,3,27,0.08660987290084564,0.037007364197863546,0.4272880507854222,0.5326981204880114,-0.5615845732115825,-0.08565451162609851,-0.13583364822179197,0.5615845732115825,580,0.39346267412702585
focusedBreathing,w5_rpowZ__var,3,27,0.34643949160338255,0.14802945679145452,0.4272880544855329,0.5326981204880097,-0.5615845732115742,-0.08565451162609851,-0.13583364822179197,0.5615845732115742,581,0.3934626731070049
threshTask,peakInspFlow__mean,5,29,5767.779077829635,2904.2755697234275,0.5035344680392608,0.5914421951822992,0.5454208885068913,0.002910181227750794,-0.13291323955104456,0.5914421951822992,636,0.3933678992764237
focusedBreathing,p1_rfreqPW__mean,3,27,43.204079849115935,1.955013248955589,0.04525066280170628,0.40886580986515697,0.2794250078222626,0.10363542055524132,0.16424782973757499,0.40886580986515697,99,0.3911653198757384
cueTask,w1_rpowDb__var,11,30,27.922848374680886,54.57451747152221,1.9544753005589974,-0.5512794906167462,-1.1541307161274392,-0.09329033033020681,0.056098509278910746,1.1541307161274392,839,0.39063813324453023
focusedBreathing,p4_rfreqRaw__var,3,27,20.479460462851478,10.61112488660984,0.5181349823809887,0.5894332903514383,-0.07323446245479188,-0.21740553523418132,-0.255034604824589,0.5894332903514383,647,0.38826145052463795
O15,w4_bandDb__var,11,28,3.171575759178746,1.219127381795527,0.3843916948484997,0.2686903517703019,0.5374247023805218,-0.017747353778439747,-0.04630625986622252,0.5374247023805218,540,0.38820277843355205
focusedBreathing,w5_bandDb__mean,3,27,1.041061129014629,2.463261059794625,2.366106070793375,-1.2999600127401008,-0.8181699898284959,-0.014057801526420747,0.13791273467416632,1.2999600127401008,852,0.38619104252817155
O15,p3_bandDb__mean,11,28,1.9433952357139592,5.966003121492306,3.069886664732223,-1.5564430236524334,-0.2730959366036275,-0.011535779955985833,0.1913179683946562,1.5564430236524334,865,0.38242908264248654
focusedBreathing,p4_rfreqGated__var,3,27,24.403005368025227,15.698427941612543,0.643298958641323,0.6263757925927524,-0.11855175988858581,-0.14907808130343864,-0.25156946073729836,0.6263757925927524,699,0.3811697130938603
cueTask,w1_rfreqPW__mean,11,30,44.46759889814489,2.3340566156833247,0.05248892842127818,-0.40102477657651314,0.18571882815650884,0.027269481173445066,-0.006350774635348386,0.40102477657651314,123,0.38102517351707055
O15,freqJitter__mean,11,28,7.155646477131872,0.7030306755919659,0.09824838017647658,-0.41703429265828496,-0.003770073070279333,0.15824723785775438,0.32109735459867456,0.41703429265828496,249,0.3797267541530742
focusedBreathing,apExp__var,3,27,0.12983825289593753,0.04949907848702527,0.3812364769376649,0.43515125638738145,0.5204826171195984,-0.19582844451920997,-0.26057883536425397,0.5204826171195984,537,0.37682368356905754
O15,w4_bandDb__mean,11,28,1.7769694651818,5.7457189831785,3.2334370919295585,-1.5951637648552643,-0.2676316614198085,-0.03194523680119154,0.18827150392977313,1.5951637648552643,867,0.37680110279569656
cueTask,p3_rpowZ__var,11,30,0.28251096056206115,0.15089040264252976,0.534104594767671,-0.033012551988554004,0.5757717614148825,0.34876231184985007,0.38528032787780214,0.5757717614148825,660,0.3753145407286124
cueTask,w3_rfreqGated__var,11,30,47.727089634529065,19.04394865450756,0.3990175977613108,0.523877705248322,-0.3760145595505088,-0.175098773850542,-0.17676322735053007,0.523877705248322,552,0.3744611262121535
threshTask,p2_aucZ__var,5,29,0.6808003741113376,0.38337684655691606,0.5631266676288462,-0.5850216761646961,0.2427919120887804,-0.028043564558325833,-0.1468087145950174,0.5850216761646961,668,0.3742637677931329
threshTask,p4_rpowZ__var,5,29,0.1468925917824112,0.04573803224846918,0.31137058296887665,0.4894666786007768,-0.47364928690744673,-0.05291238595910535,0.013895475043972842,0.4894666786007768,484,0.3732481763413123
focusedBreathing,p4_bandDb__var,3,27,0.8585148418201686,0.22451372243081194,0.26151408366254697,0.47044716190001445,0.047598552110308105,-0.08303910669095046,-0.06930288174581223,0.47044716190001445,422,0.3729226395429275
O15,p2_rpowZ__var,11,28,0.4525359534248671,0.19003242501867218,0.41992779393669716,0.17935852444083553,0.528201502643614,0.14966935019817518,0.09078464105351519,0.528201502643614,571,0.37199180472353094
cueTask,w2_aucZ__mean,11,30,1.161318321732071,0.19535191954348124,0.16821565260755045,-0.25738304234205384,-0.4325022792826312,0.09185509447897286,0.1291324175854172,0.4325022792826312,335,0.37022469123509144
cueTask,w2_rpowZ__mean,11,30,2.3226366434641426,0.3907038390869629,0.16821565267997504,-0.25738304234205495,-0.432502279282629,0.09185509447897286,0.1291324175854172,0.432502279282629,336,0.3702246912121372
cueTask,w5_aucZ__var,11,30,0.10196775562259522,0.027701816029017327,0.2716723104103168,-0.0830256081628302,-0.4705130277248867,0.10190174543761052,0.12701549270696771,0.4705130277248867,440,0.3699954963815099
cueTask,w5_rpowZ__var,11,30,0.4078710224903805,0.1108072641160695,0.27167231240853973,-0.08302560816282781,-0.47051302772487813,0.10190174543761052,0.12701549270696771,0.47051302772487813,441,0.3699954958001164
focusedBreathing,p1_rpowZ__var,3,27,0.2915093937287478,0.012187659600943023,0.0418088055525063,0.08499779040607301,0.3851376636004266,-0.15627044487509573,-0.2501834031023822,0.3851376636004266,76,0.36968171275551387
O15,p1_rpowZ__var,11,28,0.6095032209203455,0.13712791382926862,0.22498308277554854,0.254742073367796,0.4518748488258257,0.01478946148203312,-0.07494302583612328,0.4518748488258257,388,0.3688825218728526
audiobook,apExp__var,7,28,0.11234979077522433,0.044510676558681385,0.396179430823805,0.5128436224678299,0.29943918736525826,-0.2869520418109523,-0.26099327039114206,0.5128436224678299,551,0.3673192794175677
threshTask,w4_bandDb__var,5,29,1.673662812563085,0.4491778039721925,0.26838010639426907,0.463823165676962,0.2449741225056792,-0.2378411748861785,-0.17157890923862118,0.463823165676962,434,0.36568152034133616
focusedBreathing,w2_rpowDb__var,3,27,9.736656562916062,4.851448166607449,0.4982663334955102,0.49721367121562254,-0.5478044494539832,-0.027788677435947987,0,0.5478044494539832,633,0.36562554814666054
threshTask,p3_aucZ__var,5,29,1.009630111340718,0.546147127156004,0.5409378350352695,-0.09684200776213336,-0.5604178577792803,-0.05873274841460693,0.022957741376998606,0.5604178577792803,662,0.3636862208438495
O15,gammaBumpDb__var,11,28,10.007026296558767,5.420745290170699,0.5416939187511779,0.17210896678267462,0.5605251310415347,-0.0035494707556879487,-0.034120402006690274,0.5605251310415347,663,0.363577441815155
cueTask,gammaPeakPresent__mean,11,30,0.9181818181818182,0.26317553768609203,0.28662682291030867,0.46462743513016874,-0.27917012231663973,-0.018287671161973273,0.12029462067578016,0.46462743513016874,462,0.3611205882364526
focusedBreathing,exhaleTroughMs__var,3,27,160092.09805563377,114391.7648830781,0.7145372337073438,0.6141884188462118,0.2543083693138904,0.10821237919175039,0.12890336004721076,0.6141884188462118,717,0.35822401915305874
focusedBreathing,endSymMs__var,3,27,640368.3922225351,457567.0595323124,0.714537233707347,0.6141884188462118,0.2543083693138904,0.10821237919175039,0.12890336004721076,0.6141884188462118,718,0.358224019153058
audiobook,inhaleVolume__var,7,28,193195.60422287195,115916.62438550421,0.5999961792701106,0.4231141402115683,-0.5725566027750045,0.30250261258393846,0.287575918301351,0.5725566027750045,682,0.35784873126146743
O15,w5_aucZ__var,11,28,0.10306532011439132,0.03060119362868532,0.2969106708038227,0.2470522637757649,0.37395816068381166,-0.4155838676451307,-0.4624533057692486,0.4624533057692486,472,0.35658069301150935
O15,w5_rpowZ__var,11,28,0.4122612804575652,0.12240477451474129,0.29691067296442347,0.2470522637757659,0.3739581606838113,-0.4155838676451307,-0.4624533057692486,0.4624533057692486,473,0.3565806924174603
O15,p4_rfreqGated__mean,11,28,42.90989008289855,1.6090366239891611,0.037498036486300255,0.3697069531684422,0.032812152737345904,-0.26946398820264345,-0.23762422826087873,0.3697069531684422,64,0.35634472564452324
O15,p1_bandDb__var,11,28,3.1782046542858122,1.640569144872006,0.5161936762453302,0.4508548828546456,0.5393435175542275,-0.06389047360238308,-0.0402133309364564,0.5393435175542275,646,0.3557220465988529
threshTask,w5_rfreqRaw__mean,5,29,43.52103717171717,2.3583479972883237,0.05418869012539859,0.3746946942589329,0.14984731437315832,0.27064685418082385,0.25011855079151113,0.3746946942589329,130,0.3554341815357192
cueTask,apExp__var,11,30,0.1427230540043947,0.0585559586130102,0.4102768022391839,0.27254549598476646,0.500687017100219,-0.024399009470977166,-0.2011078634526989,0.500687017100219,565,0.35502747851006783
cueTask,w1_rfreqGated__mean,11,30,44.302047466896866,2.667811459031391,0.06021869442861755,-0.3763825133575276,0.2217991604688525,-0.07463226426416544,-0.10690470636169783,0.3763825133575276,149,0.35500459983906524
cueTask,w2_bandDb__mean,11,30,2.839844061009798,8.512381725218544,2.9974820938563123,-1.4099711401342767,-1.3733332615171316,-0.08898462277650496,0.022227711223719353,1.4099711401342767,862,0.35271481073079636
focusedBreathing,w1_bandDb__mean,3,27,0.6615950846035539,2.06173840621197,3.1163145722751344,-1.4514617325220889,-0.6909990295065631,-0.0016346280844675288,0.13583364822179197,1.4514617325220889,866,0.3526119559224671
cueTask,p2_rfreqGated__var,11,30,34.42649071904196,24.979190436432113,0.7255805025137244,0.608197219656658,-0.23689140160156677,-0.06602084915676175,-0.03598772293364085,0.608197219656658,724,0.35245948755834455
O15,p4_rfreqRaw__mean,11,28,43.06787916895721,1.3495593748539285,0.03133563576530461,0.334136219622072,-0.08454888315670009,-0.36322917399873345,-0.3192694759197447,0.36322917399873345,42,0.35219298296543255
cueTask,p3_rfreqRaw__var,11,30,45.77705561153501,30.793545611372423,0.6726851519681468,-0.5887442163616703,-0.22350151033832844,0.08324367937156915,0.07409237074573116,0.5887442163616703,707,0.35197551414199546
O15,w3_bandDb__mean,11,28,1.7148390811663896,5.65231272986878,3.296118445544233,-1.5107402695506564,-0.15541889711666207,0.014197883022751795,0.233968470903019,1.5107402695506564,868,0.351652378466785
O15,inhaleDuration__var,11,28,0.1653199862332483,0.12524780195325913,0.7576083451818095,0.5788014978967617,0.6150890759389755,-0.04525575213502135,-0.16268120242475542,0.6150890759389755,729,0.3499579855916932
O15,inhalePeakMs__var,11,28,165319.98623324832,125247.80195325913,0.7576083497644834,0.5788014978967617,0.6150890759389757,-0.04525575213502135,-0.16268120242475542,0.6150890759389757,730,0.3499579846792356
O15,peakZ__var,11,28,0.5782208631157171,0.39406429409702665,0.6815117173256552,0.4443229863024248,0.5867251753977197,-0.06507363052094574,-0.30525573938128264,0.5867251753977197,712,0.34892720006190103
cueTask,p1_bandDb__mean,11,30,2.5191801031825314,8.652647301541029,3.434707700007338,-1.3653064452507955,-1.5221512471810497,-0.09185509447897286,0.024344636102168814,1.5221512471810497,874,0.3432359808468394
audiobook,p2_rpowDb__var,7,28,7.16817713039817,4.165742598088661,0.5811439256769766,0.5426426397514841,-0.4752971786443258,0.1337935900468244,0.10451813837423049,0.5426426397514841,671,0.3431962333973792
O15,w2_bandDb__var,11,28,2.5491809092313993,1.0750458888183172,0.4217220851229154,0.484524250071873,0.48773012904975493,-0.17747353778439745,-0.13587231513378448,0.48773012904975493,574,0.3430558856427894
O15,p4_aucZ__var,11,28,0.8093725364825162,0.2248450586633642,0.27780168989020243,0.43826789230890856,-0.1154666523286028,-0.08370835198830746,-0.11759352834448612,0.43826789230890856,447,0.3429858449682967
O15,w5_bandDb__mean,11,28,1.6212292873605925,5.899981983162426,3.6392026874425403,-1.590998726508152,-0.3830054823501939,-0.06507363052094574,0.12977938620401835,1.590998726508152,876,0.3429465866655686
O15,p4_rfreqGated__var,11,28,35.75743540696383,14.075697736106004,0.3936439393796987,0.4761492519722423,0.26123858668918276,-0.1180199026266243,-0.29428846730770364,0.4761492519722423,550,0.3416577495283143
focusedBreathing,inhaleVolume__var,3,27,197684.54813345755,159764.61898799567,0.8081795997537309,0.61644767496794906,-0.12260400847049746,0.23702107224779165,0.3139420543085294,0.61644767496794906,737,0.3409217065892722
audiobook,p4_rfreqPW__mean,7,28,43.7618084606664,1.6598289714967445,0.03792871066904579,0.07478783497292359,0.35331205073616423,-0.011736279828668806,-0.042894727309655295,0.35331205073616423,66,0.34040107678341447
audiobook,chirpSlope__mean,7,28,4.473812434316293,6.194774999902721,1.3846747241795707,-0.6974607368638548,-0.806382879715165,0.3482741039157468,0.38726084796463445,0.806382879715165,812,0.33815214777042385
focusedBreathing,gammaBumpDb__var,3,27,6.841227868553322,3.3776297481598823,0.49371689009102027,0.5042301034626279,0.3862601762336901,-0.10330849493834782,-0.10880552434092519,0.5042301034626279,628,0.3375673842932193
O15,w2_aucZ__var,11,28,0.10979191974974638,0.031190931497370625,0.28409131823520517,0.43152836583333104,0.39413189448469094,-0.06625678743950837,-0.17364847449833443,0.43152836583333104,456,0.336057381360076
O15,w2_rpowZ__var,11,28,0.4391676789989859,0.12476372598948265,0.2840913201758625,0.4315283658333285,0.39413189448469405,-0.06625678743950837,-0.17364847449833443,0.4315283658333285,457,0.3360573808521878
cueTask,p4_rfreqPW__var,11,30,28.84994118756889,12.286764041792583,0.4258852370437734,0.4789494160641066,0.15941790017534097,0.19519207576781733,0.39692341470927417,0.4789494160641066,579,0.3358961882914868
focusedBreathing,p1_bandDb__var,3,27,2.285538839962434,0.9914842425792206,0.43380765393674486,0.30147545223432615,-0.4811978660747037,0.04609651198198431,0.005544230539664978,0.4811978660747037,590,0.33560838146839234
audiobook,w2_bandDb__mean,7,28,-1.3230148470666847,3.001516564443081,2.2686945417348734,-1.092403326746248,-0.6304265848545648,-0.023765966653054332,0.06283171324231197,1.092403326746248,851,0.33420171655637493
O15,peakInspFlow__mean,11,28,4824.7980118099,2403.671719105671,0.4981911601732517,0.4415416352236637,0.5003761826921086,-0.09465255348501196,-0.21325251254181424,0.5003761826921086,632,0.33398687430130397
cueTask,p4_rpowDb__var,11,30,16.089073773327687,24.4726015325562,1.521069632461104,-0.48855052171239793,-0.8394849365573713,-0.04305707553701853,0.18734785174277738,0.8394849365573713,821,0.3329876040503706
audiobook,p1_aucZ__var,7,28,0.5311599811887125,0.41768987377021377,0.7863730095950928,-0.5930936250920399,-0.07304052070567271,-0.02259233867018745,-0.07853964155288998,0.5930936250920399,732,0.3320099564348395
focusedBreathing,p1_rpowDb__var,3,27,7.645647337869301,4.035711383388865,0.5278443020608504,0.5055179351276786,-0.2796129365855503,-0.019615537013610344,-0.006930288174581223,0.5055179351276786,654,0.33087005949873616
cueTask,p4_rfreqGated__mean,11,30,42.32837673615431,2.7006193527253872,0.06380162814877996,0.3086270086033049,-0.3516445775165931,0.13060646246228952,0.16935399027595696,0.3516445775165931,162,0.3305546524952425
threshTask,timeAboveMs_base__var,5,29,56974.03713413201,47701.664975136664,0.837252674632016,0.604543388347731,0.3696805467560566,0.0042329908767284275,-0.0060415108886838435,0.604543388347731,740,0.3290474939538816
audiobook,breathLength__var,7,28,0.8638538803491104,0.6868739597125343,0.7951274799388753,0.5898462460053528,-0.10913982970641208,0.13144633408109063,0.06283171324231197,0.5898462460053528,733,0.3285818152733294
audiobook,exhaleStartMs__var,7,28,863853.8803491091,686873.9597125326,0.7951274808593156,0.5898462460053532,-0.10913982970641213,0.13144633408109063,0.06283171324231197,0.5898462460053532,734,0.32858181510485135
audiobook,breathLenMs__var,7,28,863853.8803491103,686873.9597125342,0.7951274808593163,0.589846246005353,-0.10913982970641226,0.13144633408109063,0.06283171324231197,0.589846246005353,735,0.32858181510485107
O15,burstLatMs__var,11,28,76823.64068668836,44256.92566371708,0.5760847216836618,0.4333993810129004,0.5172355791997154,-0.19403773464427457,-0.3820266438963358,0.5172355791997154,669,0.32817752249204946
O15,apOffset__mean,11,28,0.9580315142783644,0.6908128028579158,0.7210752379656259,0.15495575669814315,0.5635567628673898,0.21592613763768356,0.06641292533445071,0.5635567628673898,720,0.32744458257009995
audiobook,p4_rfreqGated__mean,7,28,43.63063554130708,1.90139315239522,0.0435793136808999,0.10393841420453924,-0.34170767051678175,-0.09917156455225141,-0.07853964155288998,0.34170767051678175,87,0.32743814105658603
O15,peakZ__mean,11,28,4.987628353227277,0.1244200760310033,0.024945739175925317,-0.335500642592969,0.009064483909558505,-0.06803152281735236,-0.04143191672240962,0.335500642592969,29,0.32733502835254236
audiobook,w2_rfreqRaw__var,7,28,49.593643733281986,9.97982858221574,0.20123200940198527,0.35817015539358116,0.0373673958958293,-0.34856751091146354,-0.39269820776444986,0.39269820776444986,363,0.3269128733590346
threshTask,apExp__var,5,29,0.1170552115672338,0.038403745814652494,0.3280823209183809,0.3703865060372629,0.4332433697635458,-0.05608712911665167,0.02477019464360376,0.4332433697635458,500,0.326217255466479
threshTask,burstLatMs__var,5,29,74073.47315010571,33497.18909749341,0.452215721404244,0.39533413256359173,0.4720018187415744,0.006878610174683695,0.00966641742189415,0.4720018187415744,602,0.32502183510667715
audiobook,w1_bandDb__mean,7,28,-1.3868995173094998,3.0967356428568205,2.232847875404449,-1.0477720126573655,-0.6530944963072648,0.02053848970017041,0.13291323955104456,1.0477720126573655,849,0.32410186097181665
audiobook,p2_rfreqGated__mean,7,28,43.44336082547988,3.1973758764299025,0.07359872292571383,-0.09585384037873627,0.34741593971934215,0.1786848603914826,0.15405852766143802,0.34741593971934215,206,0.32359943459375845
cueTask,freqJitter__mean,11,30,7.039500857422764,0.4844595435972744,0.06882015548270279,-0.1387525542058413,0.3358169013317299,-0.21959108523879448,-0.3440002927480376,0.3440002927480376,184,0.3218504918563025
threshTask,w1_aucZ__mean,5,29,0.8149626548337928,0.09240522728028219,0.1133858424294815,0.3570835827659048,0.12754747289127075,0.10079809525209568,0.07914379264175836,0.3570835827659048,271,0.3207186306471482
threshTask,w1_rpowZ__mean,5,29,1.6299253096675859,0.18481045456056502,0.11338584249904692,0.3570835827659047,0.12754747289126936,0.10079809525209568,0.07914379264175836,0.3570835827659047,272,0.3207186306271093
focusedBreathing,gammaPeakPresent__var,3,27,0.008885597926693817,0.015390307064662368,1.7320506126410147,0.39581993638905727,-0.8716103044046191,-0.05924339795065851,0.03817639053099776,0.8716103044046191,832,0.3190315363748156
O15,p2_bandDb__mean,11,28,1.62706233437677,5.833123787280768,3.5850647270560922,-1.4555406133407056,-0.14812238404802566,0.0026621030667659615,0.233968470903019,1.4555406133407056,875,0.317452577005441
audiobook,maxBurstMs__var,7,28,2734.4514715189575,566.5337641436772,0.20718369663688593,0.3092654690729206,-0.3110934396517132,0.23677944554339317,0.38242763925368733,0.38242763925368733,372,0.3167932439106817
threshTask,w5_rfreqPW__mean,5,29,43.45828488172325,2.4264136693969984,0.055833166816061215,0.3339423187087468,0.11303341708881617,0.27540896891714334,0.2368272268364067,0.3339423187087468,133,0.31628322466490916
O15,p1_aucZ__var,11,28,0.7836660536318681,0.5221410858448393,0.6662800854505792,0.4237781556557654,0.52516309111045,-0.04732627674250598,-0.08408241923077246,0.52516309111045,706,0.31517095816964086
O15,w5_rfreqRaw__var,11,28,59.33025853483431,16.721713517771626,0.28184123801975414,-0.4033315333615876,-0.2251593802094427,0.053833639794600555,0.25468442926422385,0.4033315333615876,455,0.31465014652256956
cueTask,w1_aucZ__var,11,30,0.11350278331343149,0.0435411934286311,0.383613439018329,-0.017139648805787423,0.4346330857481856,0.007176179256169755,0.025403098541393544,0.4346330857481856,538,0.3141289853736582
cueTask,w1_rpowZ__var,11,30,0.4540111332537259,0.17416477371452418,0.38361344155315696,-0.017139648805787677,0.43463308574818715,0.007176179256169755,0.025403098541393544,0.43463308574818715,539,0.3141289847981641
focusedBreathing,w4_aucZ__var,3,27,0.09290020877775487,0.01969198040252986,0.2119691704640816,0.3613839479410607,-0.37977542859694124,-0.0398849252610077,-0.21761104868185038,0.37977542859694124,377,0.31335403395741446
focusedBreathing,w4_rpowZ__var,3,27,0.3716008351110197,0.07876792161011896,0.21196917217534517,0.361383947941057,-0.37977542859694513,-0.0398849252610077,-0.21761104868185038,0.37977542859694513,378,0.3133540335149713
threshTask,p2_rpowDb__var,5,29,6.63117310592215,6.442129504073467,0.9714916803104802,0.5241912781311117,-0.6172242860694455,0.1455090613875397,0.20782797457072422,0.6172242860694455,760,0.31307476071734774
focusedBreathing,apOffset__var,3,27,0.2365939900449403,0.1468767008795973,0.620796412583862,0.2356694515535851,0.5067808848875812,-0.09775075945115821,-0.12890336004721076,0.5067808848875812,692,0.3126739922132939
threshTask,p2_bandDb__var,5,29,1.480300607736556,0.6815941130460232,0.46044304043606876,0.45248076660778225,0.38582992107606623,-0.1018563429712778,-0.14801701677275417,0.45248076660778225,610,0.3098243163750347
audiobook,anyBurst__mean,7,28,0.997867803837953,0.005641260791182512,0.005653314761566654,-0.307625724912147,-0.10549603272436557,-0.0046289606677879175,0.015779612313922442,0.307625724912147,17,0.3058963962994373
cueTask,p2_rpowZ__var,11,30,0.3794185484061408,0.23147461387846954,0.6100772201063166,-0.30645202695894647,-0.20341383900277285,0.3272337740813408,0.48900964692182575,0.48900964692182575,687,0.3037181327797032
audiobook,p1_bandDb__mean,7,28,-1.0806504404748012,2.9457834786890085,2.7259355714219624,-1.10518323347239,-0.6629503123029237,0.009095616867218326,0.11478870688499303,1.10518323347239,859,0.2966189866376591
O15,w4_rfreqGated__var,11,28,67.7654723075987,22.27991489772995,0.32877974783779185,-0.03535384566357574,-0.324015483067106,-0.2957892296406624,-0.3936032088628914,0.3936032088628914,501,0.29621403359237514
cueTask,p2_rpowDb__var,11,30,28.350494052839625,44.72365925085577,1.5775266267290553,-0.7614719722322764,-0.45792592885492156,-0.008611415107403706,0.1936986263781258,0.7614719722322764,824,0.2954273931977196
focusedBreathing,p1_rfreqRaw__mean,3,27,43.46810529325039,1.8367117268345996,0.042254239387736675,0.3078330438295413,0.24941619529748685,0.08826991656124655,0.16632691618994935,0.3078330438295413,79,0.2953531222961253
cueTask,p3_aucZ__mean,11,30,2.249469928404758,0.6571684980286657,0.2921437132536206,0.014295346645926256,-0.3796909827710176,-0.2770005192881525,-0.2603817600492838,0.3796909827710176,466,0.2938457842393977
cueTask,p3_rfreqPW__var,11,30,48.22760970070247,32.48147547755075,0.6735037394234393,-0.4884510781153695,-0.0948077484008095,0.027269481173445066,0.06350774635348386,0.4884510781153695,708,0.291873311429619
focusedBreathing,w4_rfreqRaw__var,3,27,50.962875957892486,24.709948986354686,0.4848617453670815,-0.02127697139694472,0.4295879613204184,-0.04871191691713236,-0.09494494799176274,0.4295879613204184,625,0.2893117575833415
threshTask,w5_rfreqGated__mean,5,29,43.42596837878571,2.347514418892894,0.0540578484827902,0.3043699872098717,0.17412621495981212,0.1862515985760508,0.13351739063991294,0.3043699872098717,129,0.28876023042566545
threshTask,w4_rfreqGated__var,5,29,56.88324349149592,16.182415229586844,0.28448474868915735,0.37025693147595967,0.22403807633935638,-0.06614048244888168,-0.14922531895049096,0.37025693147595967,458,0.2882532718693736
O15,p2_bandDb__var,11,28,2.63249408939581,1.2500777246943915,0.4748643992231851,0.39805572328551186,0.4240718359682229,0.028691555275144255,0.026199594397994318,0.4240718359682229,621,0.28753276314187437
O15,p4_bandDb__mean,11,28,1.3035067110767753,5.500084283049249,4.219452214623732,-1.5004401149838684,-0.33689381864023815,-0.027804187586222266,0.1724298887123812,1.5004401149838684,879,0.2874708021619534
threshTask,w5_bandDb__var,5,29,2.1259684621875485,0.9559218239313486,0.44964064165754236,0.37625323494444,0.26592982848247626,-0.3576877290835521,-0.41626010023031684,0.41626010023031684,600,0.28714709581704223
audiobook,p4_bandDb__var,7,28,0.84287650382477175,0.2872334011539558,0.3407775629167284,0.384011115414269,-0.025563051017722577,-0.1455298698754932,0.03926982077644499,0.384011115414269,517,0.28640926432188424
audiobook,peakLatMs__var,7,28,317551.7508674466,60751.55671433438,0.191312302792792,0.3151729452000079,-0.3408202838532243,0.1643079176013633,0.15043362112822772,0.3408202838532243,354,0.28608810893183906
threshTask,apOffset__var,5,29,0.17275919832521935,0.06659087825136889,0.3854548904571588,0.30168408452258905,0.3962744138464683,0.010847039121616595,-0.006645661977552229,0.3962744138464683,543,0.2860247681652843
threshTask,w4_rfreqRaw__var,5,29,48.74364464142823,12.524823702548938,0.2569529585739446,0.22308020638763917,-0.080834748742616,-0.23493099365842773,-0.35765744461008353,0.35765744461008353,415,0.2845432219005697
threshTask,peakInspFlow__var,5,29,10054182.459702432,12302049.918365445,1.2235753595752368,0.5961498346664228,0.6290052297892166,0.017461087366504764,-0.16553739834993733,0.6290052297892166,797,0.28288010436910654
audiobook,w4_rfreqRaw__mean,7,28,43.83129003929677,2.9399931465945977,0.06707521370901207,-0.1332293408091859,-0.2999328717475356,-0.03608906047315658,-0.08397700135270543,0.2999328717475356,174,0.2810794102367055
cueTask,p2_rfreqPW__var,11,30,30.889647434299576,20.898170351748526,0.6765428577817579,0.4710269709478844,-0.03990209225752886,-0.15069976437956487,-0.19264016393890107,0.4710269709478844,709,0.28095134506200603
audiobook,p2_rfreqPW__mean,7,28,43.669214560686555,2.926211587596194,0.06700856923961081,-0.1419614612217201,0.24289720608270654,0.29898172863533784,0.24951439970264278,0.29898172863533784,173,0.2802055552828438
focusedBreathing,p2_rpowDb__var,3,27,14.40973579429988,10.082801530970583,0.6997214712471936,-0.47474277747730986,-0.23725308022895678,0.0029423305520415517,0.04088870023002922,0.47474277747730986,716,0.2793062189941985
threshTask,w1_rpowDb__mean,5,29,1.6498742586870105,4.988650548210729,3.023654996082611,-1.1100564377484354,-0.48208354552045,0.028043564558325833,0.11901776450707173,1.1100564377484354,863,0.2758826089287414
audiobook,peakZ_base__mean,7,28,152.25879738574605,317.67390739328334,2.086407569517139,-0.850382851133899,-0.468708273152008,-0.014963756781552729,0.11962191559594011,0.850382851133899,844,0.27552513139635
threshTask,burstLatMs__mean,5,29,244.8359595959596,52.74963253500737,0.21544887696170928,0.2703552777736901,0.3341708817635607,0.04180078490769323,0.18849513972693593,0.3341708817635607,381,0.274936188676974
cueTask,p4_rfreqPW__mean,11,30,42.45626869187787,2.6126938194872142,0.06153847005225637,0.2917902231240994,-0.2831406043442344,0.10046650958637655,0.11643086831472041,0.2917902231240994,154,0.2748748456659658
cueTask,w4_aucZ__var,11,30,0.09394949105091448,0.02238652933830374,0.23828260110413058,0.3397134306849625,-0.2455488539715728,-0.13491217001599137,-0.1577109034444849,0.3397134306849625,396,0.2743424080917011
cueTask,w4_rpowZ__var,11,30,0.3757979642036587,0.08954611735321484,0.23828260300634282,0.33971343068495835,-0.24554885397157422,-0.13491217001599137,-0.1577109034444849,0.33971343068495835,397,0.27434240767026125
cueTask,p4_rfreqRaw__mean,11,30,42.596050126813196,2.4323889385083985,0.05710362653837155,0.2893656313572189,-0.09564552741815827,0.08898462277650496,0.056098509278910746,0.2893656313572189,141,0.2737344041707488
cueTask,peakInspFlow__mean,11,30,5770.8910293219615,4035.2619474910352,0.6992441768501823,0.45042919078333454,0.46445032536098896,-0.012917122661105557,-0.0751508331849559,0.46445032536098896,715,0.27332759569723586
audiobook,freqSpan__mean,7,28,22.428950144818504,0.6907418805511449,0.030796888666673593,0.2796974304255237,0.14248241749293947,-0.03814812985097788,-0.17615978398002943,0.2796974304255237,41,0.27134097269861746
threshTask,p4_bandDb__var,5,29,0.85884717549774,0.6538843110733084,0.76135117977538,0.4755951221954437,0.32750539394161876,-0.3701221397839419,-0.3256374369000592,0.4755951221954437,731,0.27001720477803576
threshTask,returnCrossMs__var,5,29,223021.9411228565,206476.2674451457,0.9258114533735622,-0.5188121552695026,0.4122185406627189,0.17302350208627448,0.20057816150430363,0.5188121552695026,754.5,0.2693992469307769
threshTask,exhaleStartMs__var,5,29,223021.9411228565,206476.2674451457,0.9258114533735622,-0.5188121552695026,0.4122185406627189,0.17302350208627448,0.20057816150430363,0.5188121552695026,754.5,0.2693992469307769
focusedBreathing,breathLength__var,3,27,6.828683502415646,6.645261675362377,0.9731395036888849,-0.5297122898958622,0.12753494045889527,0.2657905265344202,0.23355071148338724,0.5297122898958622,761,0.26846165154847795
focusedBreathing,exhaleStartMs__var,3,27,6828683.502415676,6645261.675362418,0.9731395038313941,-0.5297122898958678,0.12753494045889813,0.2657905265344202,0.23355071148338724,0.5297122898958678,763,0.2684616515290913
focusedBreathing,breathLenMs__var,3,27,6828683.502415646,6645261.675362378,0.9731395038313926,-0.5297122898958622,0.12753494045889507,0.2657905265344202,0.23355071148338724,0.5297122898958622,762,0.26846165152908863
focusedBreathing,p2_rpowZ__var,3,27,0.3386811613271512,0.09712273735682235,0.2867674620267366,0.051413426357027975,-0.18612915170931482,-0.16280895721296587,-0.34512835109414486,0.34512835109414486,463,0.2682134583590937
O15,w3_bandDb__var,11,28,3.038610128315105,1.3780842086104423,0.4535245227136326,0.35761673119419485,0.3891069631979294,0.13517567794578272,0.09870544866221115,0.3891069631979294,605,0.26769893257218175
cueTask,p4_rfreqGated__var,11,30,35.67999242778332,15.128533617031703,0.42400607699757814,0.3483122554047453,0.0730584807169101,0.2066739625776889,0.3768126283640043,0.3768126283640043,577,0.2646144805494711
cueTask,p2_rfreqRaw__var,11,30,29.728830849498575,18.188896167693528,0.6118268242421813,0.42637938007103043,0.06283850058703622,-0.15069976437956487,-0.16088629076215913,0.42637938007103043,688,0.26453175592948547
cueTask,w1_bandDb__mean,11,30,2.0389466383764043,8.899621770518074,4.364813477041239,-1.4171892125836807,-0.8963713121850394,-0.11625410394995,0.028578485859067738,1.4171892125836807,881,0.2641637437440375
O15,w5_bandDb__var,11,28,3.017793586207804,1.5526792957640188,0.5145081169055787,0.3970896319720804,0.32393111413180287,-0.06891889050627434,-0.003655757357859672,0.3970896319720804,645,0.2621904944183516
threshTask,w1_rfreqGated__var,5,29,72.4814762018531,32.145018882045406,0.4434928835069735,-0.21424082179192788,-0.19384955486103786,-0.17884386454177606,-0.37819858163160863,0.37819858163160863,598,0.2620023873708149
audiobook,inhalePeakMs__var,7,28,104180.14586337352,102551.8521277466,0.9843704026123815,-0.5190447623982023,0.10611608400197307,0.10591992545373598,0.053769446909286214,0.5190447623982023,768,0.26156647051119636
O15,w1_rpowDb__var,11,28,12.913643800182406,6.7733831694414945,0.5245137061021697,-0.3985127663477074,-0.34216271822806693,0.17747353778439745,0.24798220744148108,0.3985127663477074,652,0.2614032033641814
threshTask,gammaPeakPresent__var,5,29,0.00898989898989899,0.012311221170853924,1.3694502925156848,0.03147617020896895,0.6191694022171195,0.013571192594273607,-0.010236929877464095,0.6191694022171195,811,0.26131352245407813
O15,w1_rfreqGated__mean,11,28,44.26424984241339,2.0008639340382657,0.04520270740194185,0.1020117274107256,-0.27154773720949593,0.070102047424837,0.09200322683946842,0.27154773720949593,98,0.2598038976424789
O15,w1_bandDb__var,11,28,2.784488889726653,1.8250524599787676,0.6554353533450419,0.42484675978227066,0.33093734326356217,-0.0905115042700427,-0.19862948311037554,0.42484675978227066,701,0.2566374814478907
audiobook,peakInspFlow__var,7,28,0.1761515248093068,0.12756035980133923,0.7241513192422185,0.4410296485784609,-0.09106955057510376,0.3030894265753719,0.3322830988776114,0.4410296485784609,723,0.2557952098846508
cueTask,anyBurst__mean,11,30,0.9984848484848485,0.005025189076296076,0.005032814547850914,-0.25695371212283136,-0.15877929524212722,-0.014571006315731204,0.04609365537863964,0.25695371212283136,16,0.2556669875882918
cueTask,w3_rfreqRaw__var,11,30,39.93469486672806,17.36168850616511,0.4347520010775242,0.23862312627676674,-0.3666335533097474,-0.24829580226347353,-0.33235720591656553,0.3666335533097474,593,0.2555379278331022
threshTask,w2_aucZ__mean,5,29,1.1325094015385668,0.108221600385836,0.09555911866449213,-0.27975615381610097,-0.19147401100030562,-0.0026456192979552673,-0.08216454808610028,0.27975615381610097,239,0.255354685155767
threshTask,w2_rpowZ__mean,5,29,2.265018803077134,0.21644320077167228,0.09555911870668135,-0.27975615381610236,-0.1914740110003057,-0.0026456192979552673,-0.08216454808610028,0.27975615381610236,240,0.25535468514593473
focusedBreathing,w5_bandDb__var,3,27,2.057341285409339,1.0962159643928726,0.5328313642633835,0.390560256991134,0.3846778327753059,-0.09840461068494523,-0.1524663398407869,0.390560256991134,656,0.2547966241405958
O15,w5_rfreqGated__var,11,28,71.57865157925153,17.540859187896164,0.24505713366547502,-0.13479058833355465,0.31645216052556674,-0.22805349605295072,-0.22300119882944,0.31645216052556674,405,0.25416677835010254
cueTask,chirpSlope__mean,11,30,-2.8159307918959033,9.54189157371079,3.3885390925740433,0.45213688562419696,1.1146558149085317,0.03157518872714692,-0.22651096199409243,1.1146558149085317,872,0.25399245429866824
cueTask,w2_rpowDb__var,11,30,25.632962393112585,48.52698315577774,1.8931476748439926,-0.6094557507362912,-0.7310754960131672,-0.15357023608203274,0.04868927220433763,0.7310754960131672,838,0.25269207734188304
threshTask,p3_bandDb__var,5,29,1.908855641012838,0.7956075174239745,0.416798159018996,0.21971615162102268,0.35731008807582837,-0.03333480315423637,-0.10210153401875696,0.35731008807582837,569,0.2521954773877128
O15,w3_aucZ__var,11,28,0.10803577993807008,0.030845699466324327,0.2855137362685995,0.21018616975759652,0.3207856931309277,0.02839576604550359,-0.1407466582775974,0.3207856931309277,460,0.24953890734925735
O15,w3_rpowZ__var,11,28,0.43214311975228076,0.12338279786529753,0.28551373825067733,0.21018616975759208,0.3207856931309232,0.02839576604550359,-0.1407466582775974,0.3207856931309232,461,0.24953890696450062
focusedBreathing,burstLatMs__var,3,27,116271.60028415908,18731.21826331386,0.16109882565936998,-0.05047956581558652,0.2893896394512928,-0.13698183347837892,-0.16909903145978183,0.2893896394512928,323,0.24923773330573556
cueTask,w3_rfreqPW__var,11,30,41.252476091055875,17.231701017836457,0.4177131326464746,0.35078865397003034,-0.315323117427187,-0.2526015098171754,-0.32177258152431826,0.35078865397003034,570,0.2474327463661184
audiobook,p4_bandDb__mean,7,28,-1.0249939599460196,3.1269329272741313,3.050684244410693,-1.0015192756465692,-0.6964725311355116,0.01555057077298617,0.14560041241728064,1.0015192756465692,864,0.24724693785463733
audiobook,p4_rfreqRaw__mean,7,28,43.903700124014904,1.397775426363439,0.03183730351617977,0.0650230987730639,0.250969675111089,0.015257163777269447,-0.05256114473154945,0.250969675111089,45,0.24322601465934848
audiobook,peakZ_base__var,7,28,7356825.306927351,19458459.285555016,2.644953288102749,-0.8856156500949239,-0.4845177749271753,0.0393165374260405,0.10693474272970405,0.8856156500949239,856,0.24297037028858598
audiobook,w2_rfreqPW__var,7,28,53.5159219316909,11.48508335130324,0.21461058571967587,0.27815865607499207,-0.11213156339788732,-0.28137730889233464,-0.2942215802789032,0.2942215802789032,380,0.24223531701279577
O15,nBursts__var,11,28,4.709448838496408,1.1369402841159035,0.2414168457635223,0.2981260495399384,0.2527008654086883,0.19788299462960315,0.12977938620401835,0.2981260495399384,401,0.2401498340846008
audiobook,apOffset__var,7,28,0.214608724190179,0.15722023133518676,0.7325901181131544,0.29138547883969435,0.41122184780503823,-0.23912670150912696,-0.1631207939944638,0.41122184780503823,725,0.2373451421117834
threshTask,w4_rfreqPW__var,5,29,52.26642590865227,14.526806113785723,0.2779376217324819,0.1878950804365124,0.018720886670724527,-0.18360597927809555,-0.30026309116758704,0.30026309116758704,448,0.23495911385762683
cueTask,apOffset__var,11,30,0.17032485774366368,0.07550282074347481,0.44328714728074664,0.33501197560608986,0.30047740116089516,-0.034445660429614826,-0.263557147366958,0.33501197560608986,597,0.23211734147101337
cueTask,w1_bandDb__var,11,30,2.3303155111905047,1.9602283572002048,0.8411858166611882,0.4268750659808238,-0.1067092849149847,0.005740943404935804,0.016935399027595697,0.4268750659808238,743,0.23184790047694387
threshTask,breathLength__var,5,29,0.31743262797275074,0.16115250081716775,0.5076746563158178,-0.1675485027356553,-0.17093790062087794,0.27091141611061936,0.3491993293659262,0.3491993293659262,639,0.23161451172710976
threshTask,exhaleTroughMs__var,5,29,317432.62797275075,161152.50081716778,0.507674657915131,-0.1675485027356556,-0.17093790062087802,0.27091141611061936,0.3491993293659262,0.3491993293659262,640.5,0.2316145114814174
threshTask,breathLenMs__var,5,29,317432.62797275075,161152.50081716778,0.507674657915131,-0.1675485027356556,-0.17093790062087802,0.27091141611061936,0.3491993293659262,0.3491993293659262,640.5,0.2316145114814174
threshTask,endSymMs__var,5,29,1269730.511891003,644610.0032686711,0.5076746579151322,-0.1675485027356556,-0.17093790062087802,0.27091141611061936,0.3491993293659262,0.3491993293659262,642,0.2316145114814172
threshTask,inhaleDuration__var,5,29,0.22856485297627438,0.2791027361275057,1.2211095943756833,-0.5140188303418093,0.44808592373109324,0.19471758032950767,0.22534835614790738,0.5140188303418093,795,0.23142434377997967
threshTask,inhalePeakMs__var,5,29,228564.8529762744,279102.7361275057,1.2211095997181862,-0.5140188303418094,0.4480859237310931,0.19471758032950767,0.22534835614790738,0.5140188303418094,796,0.2314243432233276
O15,p4_bandDb__var,11,28,1.9576238219881243,1.3335079054995969,0.6811870032640517,0.38877817072134485,0.38095012466646255,-0.07720098893621288,-0.22239190593646338,0.38877817072134485,710,0.23125218667912956
audiobook,w5_bandDb__mean,7,28,-0.9200733442014211,3.1203474384163656,3.391411624617018,-1.009658359031892,-0.7567181964453741,0.04489127034465819,0.1818494777493837,1.009658359031892,873,0.2299165838547294
O15,p1_aucZ__mean,11,28,0.9533903930556216,0.2197673228889378,0.23051136686417714,0.28194936372953444,-0.2276032541930862,-0.0582704782392105,-0.09687756998328131,0.28194936372953444,391,0.22913186446058711
audiobook,p1_bandDb__var,7,28,1.680546223235886,1.2124361251488713,0.7214536010160292,0.3936676842436478,0.348141924895716,-0.20743874597172118,-0.1274758797512291,0.3936676842436478,721,0.22868329649506605
audiobook,anyBurst_base__mean,7,28,1,0,0,-0.20892772350933195,-0.22792115291929918,-0.06385675953714995,-0.07360401915683022,0.22792115291929918,6.5,0.22792115291929918
audiobook,anyBurst_base__var,7,28,0,0,0,0.20892772350933625,0.22792115291927592,0.06385675953714995,0.07360401915683022,0.22792115291927592,6.5,0.22792115291927592
threshTask,p1_aucZ__var,5,29,1.0813657482130457,1.1393450490076638,1.0536167340576599,-0.46795740218712084,0.3803386066594315,0.07698752157049828,0.08820605897478412,0.46795740218712084,779,0.2278698816709106
audiobook,w3_bandDb__mean,7,28,-0.8213395718832117,3.1256617815839296,3.8055657912739767,-1.0839421651569003,-0.6433596821488281,0.04137038639605754,0.1661415494388057,1.0839421651569003,878,0.22555973890215797
O15,inhaleVolume__mean,11,28,90.2667189689603,43.17034645429655,0.47825319172909264,-0.08093899611817426,-0.3306069565259434,-0.03963575677184876,0.03777615936454995,0.3306069565259434,622,0.22364704394058296
O15,peakInspFlow__var,11,28,6811426.696943345,10643197.25501751,1.5625503625831703,0.5700652752478215,-0.22835655467719304,-0.13606304563470473,-0.3686222002508503,0.5700652752478215,823,0.2224601254951216
O15,w5_rfreqPW__var,11,28,62.91005486132522,16.807358060432378,0.267164892753857,-0.28113643878790584,0.1538874100064831,-0.015381039941314444,0.10845413494983695,0.28113643878790584,430,0.22186255348104547
cueTask,p1_rpowDb__var,11,30,26.327217943587986,44.871717244026925,1.7043850716953965,-0.5989831955428592,-0.4883680948314238,-0.01578759436357346,0.2180432624802946,0.5989831955428592,830,0.2214859125691567
O15,w3_rpowDb__var,11,28,15.221487758297783,6.582623485030162,0.4324559851916761,-0.31701872846134244,-0.05740327360110098,0.14819040404997189,0.29063270994984397,0.31701872846134244,588,0.22131132246895693
cueTask,burstLatMs__mean,11,30,241.0188687895,107.90675924451817,0.4477108360271726,0.05015028092606559,0.10368690736123246,-0.32005759482517104,-0.25297252297471073,0.32005759482517104,599,0.22107839967785098
O15,anyBurst__var,11,28,0.00880568339338119,0.018238437712577136,2.0712118329253424,0.3660927257961761,0.6783039827249531,0.07393231566708387,-0.1634192509562505,0.6783039827249531,843,0.22085874228964064
audiobook,p2_rfreqRaw__mean,7,28,43.87713988685223,2.7004099428934967,0.0615448032801502,-0.14513606385259273,0.10240806009053155,0.23325856159479252,0.16916230488314765,0.23325856159479252,155,0.2197350134200918
focusedBreathing,w2_bandDb__var,3,27,2.8550930261875775,1.5026823484432528,0.526316422664335,0.3343690982450413,-0.31082712294130016,0.015692429610888278,-0.04573990195223607,0.3343690982450413,653,0.2190693183143291
focusedBreathing,p4_rpowZ__mean,3,27,1.9558700084950693,0.0997925010065976,0.05102205183480481,-0.04398367877070894,-0.22990607425761433,-0.0912122471132881,-0.08801465981718153,0.22990607425761433,119,0.21874524312430887
cueTask,peakInspFlow__var,11,30,4935189.172091432,10414272.839626383,2.110207425992756,0.6782322944871155,0.6595439668525217,-0.060279905751825943,-0.15241859124836127,0.6782322944871155,845,0.21806657936025878
cueTask,peakZ__var,11,30,0.4338912498307398,0.12852092140411273,0.2962053767114297,0.28054094329358037,-0.08598055729346066,0.12917122661105557,0.1291324175854172,0.28054094329358037,470,0.2164324792459462
threshTask,w1_bandDb__mean,5,29,-1.697546044991591,5.621235314676048,3.311389006471695,-0.931969680924495,-0.6552304191547903,0.043123594556670856,0.17882872230504177,0.931969680924495,869,0.216164600207855
cueTask,p2_aucZ__mean,11,30,1.7246300376986037,0.7470518084989043,0.4331664135124455,-0.2914541648819884,-0.16638992826377363,-0.1636168870406704,-0.3090710322536215,0.3090710322536215,589,0.21565606711096535
audiobook,w4_bandDb__mean,7,28,-0.829613029069506,3.107346323525005,3.7455370285887,-1.0190157453914293,-0.7092340954285348,0.05633414317761027,0.19997401041543525,1.0190157453914293,877,0.21473138640633044
O15,p1_rpowDb__var,11,28,12.407823793311753,4.146572835423466,0.33419017743662854,-0.23301796222179336,-0.28603075680416684,0.06803152281735236,0.23092200643813596,0.28603075680416684,507,0.2143852965202577
audiobook,peakFreq__mean,7,28,42.424745029659974,3.2878483172011603,0.07749836362776165,-0.22531868515747397,0.14506332637698838,0.038142909443173625,0.10270568510762534,0.22531868515747397,214,0.20911278639798822
audiobook,w1_rfreqGated__var,7,28,66.6784500208874,9.024644957655998,0.13534575195874576,0.23361071753840806,-0.07508615434923879,0.059561620130494194,0.0779354904640216,0.23361071753840806,304,0.2057617401002057
audiobook,w1_rfreqPW__var,7,28,57.197458994593624,7.730714880629216,0.1351583622136916,0.1227405305312349,-0.07575373158165122,0.18690025627155074,0.23078571594772282,0.23078571594772282,302,0.20330706589489742
audiobook,gammaBumpDb__var,7,28,8.201002384276569,3.8168513274795877,0.4654127810439442,-0.29775626644530795,0.28315057112021524,-0.007041767897201284,-0.05256114473154945,0.29775626644530795,614,0.20318934725899526
threshTask,w5_rfreqGated__var,5,29,64.91962706291855,17.916990538304095,0.2759872683905499,0.027373068858555883,0.2532235929036552,0.20556461945112425,0.12928833301783424,0.2532235929036552,445,0.1984530717324911
O15,peakZ_base__mean,11,28,47.177870471904704,17.634939958975192,0.3737968624315786,0.22373831667958902,0.2669665465235069,0.009169466118860535,0.015232322324415301,0.2669665465235069,532,0.19432752674291615
audiobook,chirpSlope__var,7,28,841.4052577164056,80.07407893373839,0.09516707698138972,-0.15489057669564718,-0.21077701087981665,0.09359683163363373,0.16372494508333219,0.21077701087981665,238,0.19246105485638007
audiobook,p2_bandDb__mean,7,28,-0.7341900448208505,3.189979974006391,4.344896790911787,-1.018696494800773,-0.7473993013469586,0.0334483975117061,0.1739955135940947,1.018696494800773,880,0.19059236027399387
audiobook,apExp__mean,7,28,1.323115858770349,0.6126152560550756,0.4630095327868008,0.27803726107539617,0.2566009977127341,0.22768382867617484,0.16010003855012186,0.27803726107539617,613,0.1900447364452775
threshTask,w1_rfreqPW__var,5,29,60.830185386844775,23.60842734953031,0.3881038204800178,-0.19393314467926367,-0.09986622600636634,-0.13995326086183363,-0.2615974214800105,0.2615974214800105,546,0.18845666845693712
audiobook,inhaleDuration__var,7,28,0.13812991604740105,0.13115293746483966,0.9494897287155603,0.36598880196292527,0.25364455598169855,0.20890578095030476,0.2634098747466156,0.36598880196292527,758,0.18773569133091073
cueTask,p1_aucZ__var,11,30,0.4585252737786136,0.5317615683662793,1.1597213885821798,0.02647049347575099,0.40280008522707883,0.14352358512339508,0.16829552783673224,0.40280008522707883,786,0.1865055776900511
audiobook,exhaleTroughMs__var,7,28,186535.82795880476,182236.503496566,0.9769517496489243,0.36805585762260185,0.351103946686543,0.1032792624922855,0.1848702331937256,0.36805585762260185,765,0.18617341454487332
audiobook,endSymMs__var,7,28,746143.311835219,728946.013986264,0.9769517496489281,0.36805585762260185,0.351103946686543,0.1032792624922855,0.1848702331937256,0.36805585762260185,766,0.186173414544873
cueTask,p2_aucZ__var,11,30,0.5477886538729582,0.442909602560895,0.8085410287725173,-0.03240401705431409,-0.33455601617086217,0.09472556618144076,0.08256007025952902,0.33455601617086217,738,0.18498668863372714
threshTask,w5_rfreqRaw__var,5,29,55.87201623757576,17.17835928017974,0.30745909019691464,-0.24165519920432468,0.04866216826857439,0.06666960630847274,0.00966641742189415,0.24165519920432468,479,0.18482811509454522
threshTask,inhaleVolume__mean,5,29,111.04402407032168,68.00377864786682,0.6124037670337771,0.2634457926325872,0.29636804366247205,0.1690550731393416,-0.00543735979981546,0.29636804366247205,689,0.18380510497546093
cueTask,peakLatMs__var,11,30,368865.1032095828,90712.20071046468,0.24592242508482381,0.020255335591386845,0.19069242503655978,0.22820250034619818,0.20640017564882254,0.22820250034619818,406,0.183159477469604
cueTask,w4_bandDb__var,11,30,5.980742734976145,7.582745572332051,1.2678601817662762,-0.4148807294320908,0.02050889918238029,-0.10477221714007842,-0.10267085660479891,0.4148807294320908,802,0.1829392891006929
audiobook,returnCrossMs__var,7,28,187468.6399330919,182885.30260185627,0.975551445122382,-0.3513778938173178,-0.35412456325265446,0.22328272374042407,0.25313930623585307,0.35412456325265446,764,0.1792535264657292
O15,inhaleVolume__var,11,28,6693.847277438663,7901.412885899922,1.1803993366460763,0.38426733781526096,0.3052522671020651,0.05738311055028851,0.01766949389632175,0.38426733781526096,789,0.17623713755405324
O15,w4_rfreqRaw__var,11,28,55.71004738375232,19.572896453507155,0.35133512485333485,-0.15157582444487305,0.20014444739621784,0.15588092402062909,0.2370149353679021,0.2370149353679021,522,0.17539315822463072
threshTask,peakZ_base__mean,5,29,46.37226048995985,12.281059984148797,0.2648363451366137,0.21975441698584514,0.1832092473571955,-0.13042903138919468,-0.20057816150430363,0.21975441698584514,428,0.17374138388007002
cueTask,inhaleVolume__var,11,30,3037.9841644175867,3805.7137696855066,1.2527102064121025,0.3488929466674993,0.389379938185537,0.09616080203267471,0.06562467123193333,0.389379938185537,801,0.17284954677135478
threshTask,peakZ_base__var,5,29,1734.2626170305232,1868.333332184953,1.0773070432567553,0.27045646158848385,0.2776551311156396,-0.282287579091827,-0.35524084025461,0.35524084025461,781,0.17101027092156362
threshTask,w1_rfreqRaw__var,5,29,53.530162582663856,18.145772770750376,0.3389822091870134,-0.06246693911272248,-0.20398774379580198,-0.08968649420068356,-0.2283691115922493,0.2283691115922493,514,0.1705542538394947
cueTask,p1_aucZ__mean,11,30,0.8649977364892416,0.3556641376792431,0.41117348897535894,0.0723409136197884,-0.23775143615865493,0.03731613213208272,-0.0645662087927086,0.23775143615865493,566,0.16847782219270874
threshTask,apOffset__mean,5,29,0.15352448862293477,0.4215927656443283,2.7460945591142174,0.576550670935542,0.6308954814741566,0.020900392453846613,0.10210153401875696,0.6308954814741566,860,0.16841419017018486
cueTask,burstLatMs__var,11,30,78582.61163380899,49563.98825571981,0.6307246250186347,0.2546959130998872,0.10388635185068482,-0.24829580226347353,-0.27414177175920534,0.27414177175920534,696,0.1681104016909493
audiobook,w4_rfreqPW__mean,7,28,43.60757310784736,3.0298489017927706,0.06947987897033549,-0.11988976930424562,-0.1787250489704603,-0.0011736279828668806,-0.057998504531364896,0.1787250489704603,191,0.16711398922486662
focusedBreathing,peakInspFlow__mean,3,27,1.9235938452226604,0.5145744951500119,0.26750683163209116,0.050804510541380216,-0.20585093894170756,0.055577354871895975,0.18157355017402804,0.20585093894170756,431,0.16240617707491634
O15,w2_bandDb__mean,11,28,0.7426640938199235,5.517324323359859,7.429097975576247,-1.351661545831679,-0.24744660712916447,-0.01833893223772107,0.18827150392977313,1.351661545831679,884,0.16035660633536222
audiobook,w1_rfreqRaw__var,7,28,54.0836878825279,7.461162187533849,0.13795586949621222,-0.012307210537921316,-0.1819692223200447,0.18103211635721633,0.17701626903843662,0.1819692223200447,306,0.15990885692307633
cueTask,p2_bandDb__var,11,30,5.700399188401386,7.035127164033078,1.2341464045383557,-0.2900082537422031,0.08404933491943081,0.14352358512339508,0.35352645470106014,0.35352645470106014,798,0.1582378191433295
cueTask,inhaleVolume__mean,11,30,71.33755671972041,74.66474155768233,1.0466400167023875,0.2899955668822348,0.3188506645092395,0.0760675001153994,-0.04022157269053978,0.3188506645092395,775,0.15579225555404805
audiobook,gammaPeakPresent__var,7,28,0.009592821646651475,0.016862723641613855,1.7578479518226113,0.42667128564016754,0.11667943851291883,-0.4004685845458135,-0.41455451306840424,0.42667128564016754,834,0.1547116784876368
audiobook,w3_bandDb__var,7,28,2.79821518556612,2.3211810741461285,0.8295220057734757,0.14359428340037314,0.2379628949854093,-0.2596651912092974,-0.279721954146062,0.279721954146062,739,0.1528934624800004
O15,p2_aucZ__var,11,28,0.5054745105761417,0.23726889304025167,0.46939833286630694,-0.008190734159015858,-0.2221777414766305,-0.15410618864278514,-0.18461574657191346,0.2221777414766305,616,0.15120320780767166
focusedBreathing,peakZ_base__mean,3,27,40.005817585208206,8.429119640012646,0.21069734725077938,0.14786799319997526,0.18195149718282175,-0.06636590022938167,-0.07969831400768407,0.18195149718282175,376,0.15028652503120832
O15,anyBurst_base__var,11,28,8.496176720475785e-4,0.002817863033437043,3.316620886692616,0.5583511080240595,0.6274699286093934,0.03542789872225152,-0.12899734044975905,0.6274699286093934,870,0.14536137063687316
cueTask,p3_rfreqGated__var,11,30,51.772813351563634,33.64139691292581,0.6497888512226272,-0.23819509974531253,0.014685523191711437,0.0760675001153994,0.13865857953843977,0.23819509974531253,700,0.1443791425604499
O15,chirpSlope__mean,11,28,-1.8355054450649841,5.357170931731428,2.918635269220423,0.24883708842526486,0.5648318623691948,0.12038621646374961,0.02680888729097093,0.5648318623691948,861,0.1441399424962464
O15,p2_rpowDb__var,11,28,12.91127042173261,6.192829270745828,0.4796452299412953,-0.15172927794273564,0.06639788309539155,0.11890727031554629,0.21203392675586102,0.21203392675586102,623,0.14330051722214077
audiobook,w4_rfreqGated__mean,7,28,43.10712013941778,3.1767976890537444,0.07369542847459065,0.010637744552543783,-0.153106364069218,0.10181222751370189,0.09485172095233635,0.153106364069218,207,0.14259757470210863
threshTask,p1_bandDb__mean,5,29,-0.9268208251150953,5.448847761931992,5.879073504176241,-0.9718193556760064,-0.6100774229839654,0.03254111736484979,0.16070418963899025,0.9718193556760064,882,0.1412718377098342
focusedBreathing,w1_rfreqGated__var,3,27,74.6132286471649,12.418702459710035,0.16644102774683334,-0.16473979774509453,0.011468502350831548,0.0961161313666907,-0.013167547531704323,0.16473979774509453,330,0.14123285603500735
audiobook,w4_bandDb__var,7,28,3.4542248851231516,4.804990286078666,1.3910473245045563,-0.03089427253630249,0.2607933519596665,-0.28167071588805137,-0.33711630758855854,0.33711630758855854,813,0.14099106451538415
focusedBreathing,peakZ__mean,3,27,4.816485328929136,0.18543072949128622,0.038499178714204545,-0.12508460782053374,-0.14534502520759207,-0.01471165276020776,0.06375865120614725,0.14534502520759207,67,0.13995680322785414
focusedBreathing,peakInspFlow__var,3,27,0.3742420640900337,0.32176417087536174,0.8597755327102339,0.10507042390286711,0.17946275215385113,0.11409704029583351,0.2598858065467959,0.2598858065467959,745,0.13974041596733272
cueTask,returnCrossMs__mean,11,30,1177.7068402861505,331.6977964596594,0.2816471681346304,0.12273872643922415,-0.11570347080175039,-0.07319702841293149,-0.17782168978975482,0.17782168978975482,453.5,0.13874465157876864
cueTask,exhaleStartMs__mean,11,30,1177.7068402861505,331.6977964596594,0.2816471681346304,0.12273872643922415,-0.11570347080175039,-0.07319702841293149,-0.17782168978975482,0.17782168978975482,453.5,0.13874465157876864
O15,gammaPeakPresent__var,11,28,0.004286269324119696,0.00953573280008701,2.2247156803031167,0.44632974068943015,0.28025835874133503,0.09457769956869354,0.137403021833168,0.44632974068943015,848,0.13840902111639067
cueTask,inhaleDuration__var,11,30,0.10666411141535058,0.13685394446414242,1.2830364530783558,0.09552267490065522,0.31581470087285246,0.1521350002307988,0.13442472978154082,0.31581470087285246,805,0.13833099355335324
cueTask,inhalePeakMs__var,11,30,106664.11141535058,136853.94446414243,1.2830364651070987,0.09552267490065516,0.31581470087285257,0.1521350002307988,0.13442472978154082,0.31581470087285257,806,0.1383309928245222
threshTask,w5_rfreqPW__var,5,29,58.34314109321012,18.272529541328147,0.3131907058590214,-0.1466024755647705,0.18070948350322447,0.09233211349863882,0.04591548275399721,0.18070948350322447,487,0.13761099792814452
threshTask,dutyCycle__var,5,29,0.0076602791739029865,0.0017837351236982496,0.23285507621184295,-0.1487694200694198,0.02116461814636715,0.0267207549093482,-0.16795400270541086,0.16795400270541086,392,0.13623174852106554
threshTask,timeAboveMs__var,5,29,30702.429570119803,7149.217510723077,0.23285510660956293,-0.14876942006941973,0.021164618146365038,0.0267207549093482,-0.16795400270541086,0.16795400270541086,393,0.13623174516208642
O15,w4_rfreqPW__var,11,28,60.16712415977736,21.565798019386985,0.358431590676651,-0.1844830180252007,0.1607016809004044,0.016564196859877093,0.08164524765886602,0.1844830180252007,524,0.1358058950420223
threshTask,w3_aucZ__mean,5,29,1.06154947991234,0.11975329877864989,0.11280990752850154,-0.14748496691769675,-0.07572949066745427,-0.009524229472638963,-0.14016305261746517,0.14748496691769675,269,0.13253383701916702
threshTask,w3_rpowZ__mean,5,29,2.1230989598246803,0.2395065975572995,0.11280990758163593,-0.1474849669176986,-0.07572949066745593,-0.009524229472638963,-0.14016305261746517,0.1474849669176986,270,0.13253383701284047
threshTask,inhaleVolume__var,5,29,9025.451739848655,10476.579954862887,1.1607817821025106,0.23670489481875776,0.2805466165640379,0.2529212048845236,0.14137135479520194,0.2805466165640379,787,0.129835700618994
cueTask,breathLength__var,11,30,0.2771974468961975,0.1828389648941563,0.6595982981871615,-0.09292614260772121,0.13889096010340043,0.12773599075982164,0.21486787516262038,0.21486787516262038,702,0.12946980928898771
cueTask,exhaleTroughMs__var,11,30,277197.4468961975,182838.96489415626,0.6595983005666843,-0.09292614260772111,0.1388909601034003,0.12773599075982164,0.21486787516262038,0.21486787516262038,703.5,0.12946980910335462
cueTask,breathLenMs__var,11,30,277197.4468961975,182838.96489415626,0.6595983005666843,-0.09292614260772111,0.1388909601034003,0.12773599075982164,0.21486787516262038,0.21486787516262038,703.5,0.12946980910335462
cueTask,endSymMs__var,11,30,1108789.78758479,731355.859576625,0.6595983005666861,-0.09292614260772111,0.1388909601034003,0.12773599075982164,0.21486787516262038,0.21486787516262038,705,0.12946980910335448
O15,p1_bandDb__mean,11,28,0.5518027470207145,5.471797110260568,9.916219391598895,-1.380349016452171,-0.30550742816626314,-0.025142084519456306,0.18827150392977313,1.380349016452171,886,0.12644936556647857
audiobook,p2_bandDb__var,7,28,3.157976458718238,4.044329055019845,1.2806710583842316,0.07050402841188602,-0.18505796302463484,-0.1789782673871993,-0.28032610523493035,0.28032610523493035,803,0.122913869671995
cueTask,inhaleDuration__mean,11,30,0.4024338035527691,0.1515008259544623,0.37646148072184815,0.16701457916949525,0.12125938178240098,0.08611415107403705,0.032812335615966665,0.16701457916949525,534,0.12133618085840583
cueTask,inhalePeakMs__mean,11,30,402.43380355276906,151.5008259544623,0.3764614816563746,0.16701457916949536,0.12125938178240106,0.08611415107403705,0.032812335615966665,0.16701457916949536,535,0.12133618077602663
threshTask,p4_bandDb__mean,5,29,-0.7801587140183528,5.613037102046274,7.194737422005509,-0.9267122237948263,-0.6598737395277642,0.08730543683252383,0.21991099634809191,0.9267122237948263,883,0.11308626208160197
focusedBreathing,apOffset__mean,3,27,0.6088182035165977,0.3565396441988651,0.5856257936340094,-0.16962630438588883,0.17881441150054328,0.08728913971056604,-0.04851201722206856,0.17881441150054328,673,0.11277213843168397
focusedBreathing,peakZ_base__var,3,27,2493.0068280181054,2689.555345242747,1.0788399434027285,0.19920759907808425,0.23406111257141365,-0.07061593324899725,-0.05544230539664979,0.23406111257141365,782,0.11259217589801215
O15,peakZ_base__var,11,28,2149.6557614732337,2681.047000996003,1.2471982952085972,0.24603021920915027,0.24793959572319452,0.00976104457814186,-0.0505713101170588,0.24793959572319452,800,0.11033276246775517
O15,w2_rpowDb__var,11,28,9.681694283739182,3.5544570852676043,0.3671317210325815,0.062334242943246215,-0.1379115605677433,0.03194523680119154,0.14927675877926994,0.14927675877926994,528,0.10918974118055182
threshTask,w2_bandDb__mean,5,29,-0.689917982037401,5.612535948281748,8.135077047234306,-0.9596597290734109,-0.5509561007865279,0.0386260417501469,0.15043362112822772,0.9596597290734109,885,0.10505217680281669
cueTask,p3_bandDb__var,11,30,5.889575802510264,6.9514962525198705,1.1803050821379508,-0.2285376034060061,0.18617675617644452,0.1263007549085877,0.20640017564882254,0.2285376034060061,788,0.10481909402417575
cueTask,w5_bandDb__var,11,30,5.95030857817368,6.0800547215354115,1.021804943497527,-0.20932499211491004,-0.13883987327333483,-0.04449231138825248,0.06774159611038279,0.20932499211491004,773,0.10353372257206873
cueTask,p3_aucZ__var,11,30,0.9115098948530223,0.2857996676078888,0.3135453261760012,0.021765702866604692,-0.13270874983251613,-0.08898462277650496,-0.10267085660479891,0.13270874983251613,488,0.10103096344521159
audiobook,apOffset__mean,7,28,0.6005922861027907,0.7174465536200144,1.1945650469154698,-0.20582796723360988,0.07768102030981573,0.15462548674271154,0.054373597998154596,0.20582796723360988,793,0.09378986853130993
cueTask,apOffset__mean,11,30,0.6954834917990402,1.2186516744980984,1.752236662862432,0.002286698903675577,-0.24111845565121018,0.11194839639624816,0.125957030267743,0.24111845565121018,833,0.08760818388359005
cueTask,peakZ_base__var,11,30,8436.41857350892,11011.41030679443,1.3052233256147225,0.19987946596201725,0.14705564313634537,-0.17940448140424387,-0.11854779319316987,0.19987946596201725,808,0.08670720261288194
audiobook,anyBurst__var,7,28,0.0021321961620469083,0.005641260791182496,2.6457500702078076,0.3076257249121497,0.10549603272436502,0.0046289606677879175,-0.015779612313922442,0.3076257249121497,857,0.0843792687342978
cueTask,returnCrossMs__var,11,30,156641.4764234627,136035.71813276477,0.8684527319252697,-0.04524506473523417,0.012279874468156425,0.05453896234689013,0.14289242929533869,0.14289242929533869,748.5,0.07647634154924599
cueTask,exhaleStartMs__var,11,30,156641.4764234627,136035.71813276477,0.8684527319252697,-0.04524506473523417,0.012279874468156425,0.05453896234689013,0.14289242929533869,0.14289242929533869,748.5,0.07647634154924599
cueTask,gammaPeakPresent__var,11,30,0.012470862470862472,0.033909424686086764,2.719091967073041,0.1948302763845784,0.27552475387919884,0.018287671161973273,-0.12029462067578016,0.27552475387919884,858,0.07408387754821759
cueTask,anyBurst__var,11,30,0.0015151515151515152,0.00502518907629606,3.316622601384483,0.26573325236997014,0.13707659395881033,0.014571006315731204,-0.04609365537863964,0.26573325236997014,871,0.06156045522366046
cueTask,p4_bandDb__var,11,30,3.9064272408600687,5.841462159114395,1.4953464630082163,0.009252844348221727,0.08130979319961466,0.022963773619743215,0.12066471807161934,0.12066471807161934,817,0.048355897611971024
cueTask,p4_aucZ__var,11,30,0.7287008432375329,0.25952225511305194,0.35614375523964137,0.04822206954097469,0.06231636020671519,0.007176179256169755,-0.056098509278910746,0.06231636020671519,523,0.04595114637806476
O15,w1_bandDb__mean,11,28,0.15773198545464315,5.31265316406091,33.681520682481214,-1.4652529435241588,-0.37368959358773013,-0.0834125627586668,0.1108913065217434,1.4652529435241588,888,0.04224880901097012
threshTask,p2_bandDb__mean,5,29,0.20689164855243733,5.965095664871283,28.831978853546776,-0.9666681580405757,-0.5854800492643816,0.06137836771256221,0.18909929081580432,0.9666681580405757,887,0.03240375580802769
threshTask,w3_bandDb__mean,5,29,-0.12710938348257753,6.047983934601346,47.580939513009156,-0.9548748377913727,-0.5920855646699558,0.044710966135444015,0.1709747581497528,0.9548748377913727,889,0.01965533905608543
threshTask,p3_bandDb__mean,5,29,0.0798330725383419,6.326848874012343,79.25097448457512,-0.9558137304587336,-0.6658043096305329,0.04788570929299034,0.18366193101598885,0.9558137304587336,890,0.011910306841725001
threshTask,w4_bandDb__mean,5,29,0.014470670177436418,6.190360350602102,427.786677943073,-0.9489998298513901,-0.6495720888146017,0.03571586052239611,0.1631207939944638,0.9489998298513901,891,0.002213221349142247
threshTask,w5_bandDb__mean,5,29,-0.003766474864339653,6.184533130540265,1641.9946266201684,-0.9623776977480484,-0.6970481964927024,0.05238326209951429,0.19151589517127784,0.9623776977480484,892,5.857461017555314e-4
audiobook,p3_rfreqPW__mean,0,0,NA,NA,NA,NA,NA,NA,NA,-Inf,NA,NA
audiobook,p3_rfreqGated__mean,0,0,NA,NA,NA,NA,NA,NA,NA,-Inf,NA,NA
audiobook,p3_rfreqRaw__mean,0,0,NA,NA,NA,NA,NA,NA,NA,-Inf,NA,NA
audiobook,p3_rpowZ__mean,0,0,NA,NA,NA,NA,NA,NA,NA,-Inf,NA,NA
audiobook,p3_rpowDb__mean,0,0,NA,NA,NA,NA,NA,NA,NA,-Inf,NA,NA
audiobook,p3_bandDb__mean,0,0,NA,NA,NA,NA,NA,NA,NA,-Inf,NA,NA
audiobook,p3_aucZ__mean,0,0,NA,NA,NA,NA,NA,NA,NA,-Inf,NA,NA
audiobook,p3_rfreqPW__var,0,0,NA,NA,NA,NA,NA,NA,NA,-Inf,NA,NA
audiobook,p3_rfreqGated__var,0,0,NA,NA,NA,NA,NA,NA,NA,-Inf,NA,NA
audiobook,p3_rfreqRaw__var,0,0,NA,NA,NA,NA,NA,NA,NA,-Inf,NA,NA
audiobook,p3_rpowZ__var,0,0,NA,NA,NA,NA,NA,NA,NA,-Inf,NA,NA
audiobook,p3_rpowDb__var,0,0,NA,NA,NA,NA,NA,NA,NA,-Inf,NA,NA
audiobook,p3_bandDb__var,0,0,NA,NA,NA,NA,NA,NA,NA,-Inf,NA,NA
audiobook,p3_aucZ__var,0,0,NA,NA,NA,NA,NA,NA,NA,-Inf,NA,NA
focusedBreathing,p3_rfreqPW__mean,0,0,NA,NA,NA,NA,NA,NA,NA,-Inf,NA,NA
focusedBreathing,p3_rfreqGated__mean,0,0,NA,NA,NA,NA,NA,NA,NA,-Inf,NA,NA
focusedBreathing,p3_rfreqRaw__mean,0,0,NA,NA,NA,NA,NA,NA,NA,-Inf,NA,NA
focusedBreathing,p3_rpowZ__mean,0,0,NA,NA,NA,NA,NA,NA,NA,-Inf,NA,NA
focusedBreathing,p3_rpowDb__mean,0,0,NA,NA,NA,NA,NA,NA,NA,-Inf,NA,NA
focusedBreathing,p3_bandDb__mean,0,0,NA,NA,NA,NA,NA,NA,NA,-Inf,NA,NA
focusedBreathing,p3_aucZ__mean,0,0,NA,NA,NA,NA,NA,NA,NA,-Inf,NA,NA
focusedBreathing,p3_rfreqPW__var,0,0,NA,NA,NA,NA,NA,NA,NA,-Inf,NA,NA
focusedBreathing,p3_rfreqGated__var,0,0,NA,NA,NA,NA,NA,NA,NA,-Inf,NA,NA
focusedBreathing,p3_rfreqRaw__var,0,0,NA,NA,NA,NA,NA,NA,NA,-Inf,NA,NA
focusedBreathing,p3_rpowZ__var,0,0,NA,NA,NA,NA,NA,NA,NA,-Inf,NA,NA
focusedBreathing,p3_rpowDb__var,0,0,NA,NA,NA,NA,NA,NA,NA,-Inf,NA,NA
focusedBreathing,p3_bandDb__var,0,0,NA,NA,NA,NA,NA,NA,NA,-Inf,NA,NA
focusedBreathing,p3_aucZ__var,0,0,NA,NA,NA,NA,NA,NA,NA,-Inf,NA,NA
