analysis,task,metric,control_CV,n_ctrl,n_resp,n_nonresp,sep_cd,sep_cd_lo,sep_cd_hi,cd_sig,sep_rn,recovery_rho,isRidgeFreq,smallNonResp
all_breaths,cueTask,inhalePeakMs,0.3764614816563746,11,23,4,0.16701457916949536,NA,NA,0,0.12125938178240106,0.08611415107403705,0,0
all_breaths,cueTask,returnCrossMs,0.2816471681346304,11,23,4,0.12273872643922415,NA,NA,0,-0.11570347080175039,-0.07319702841293149,0,0
all_breaths,cueTask,exhaleStartMs,0.2816471681346304,11,23,4,0.12273872643922415,NA,NA,0,-0.11570347080175039,-0.07319702841293149,0,0
all_breaths,cueTask,exhaleTroughMs,0.13239467082765038,11,23,4,0.39410579929896006,NA,NA,0,-0.6451453961378526,-0.22820250034619818,0,0
all_breaths,cueTask,endSymMs,0.13239467082767983,11,23,4,0.39410579929896006,NA,NA,0,-0.6451453961378526,-0.22820250034619818,0,0
all_breaths,cueTask,breathLenMs,0.13239467082765038,11,23,4,0.39410579929896006,NA,NA,0,-0.6451453961378526,-0.22820250034619818,0,0
all_breaths,cueTask,inhaleVolume,1.0466400167023875,11,23,4,0.2899955668822348,NA,NA,0,0.3188506645092395,0.0760675001153994,0,0
all_breaths,cueTask,inhaleDuration,0.37646148072184815,11,23,4,0.16701457916949525,NA,NA,0,0.12125938178240098,0.08611415107403705,0,0
all_breaths,cueTask,peakInspFlow,0.6992441768501823,11,23,4,0.45042919078333454,NA,NA,0,0.46445032536098896,-0.012917122661105557,0,0
all_breaths,cueTask,breathLength,0.13239467076878406,11,23,4,0.39410579929896,NA,NA,0,-0.6451453961378527,-0.22820250034619818,0,0
all_breaths,cueTask,w1_rfreqPW,0.05248892842127818,11,23,4,-0.40102477657651314,NA,NA,0,0.18571882815650884,0.027269481173445066,1,0
all_breaths,cueTask,w1_rfreqGated,0.06021869442861755,11,23,4,-0.3763825133575276,NA,NA,0,0.2217991604688525,-0.07463226426416544,1,0
all_breaths,cueTask,w1_rfreqRaw,0.05127578870752891,11,23,4,-0.5034017584281927,NA,NA,0,0.24702123072625953,0.09903127373514262,1,0
all_breaths,cueTask,w1_rpowZ,0.11659497233739732,11,23,4,0.09551487297046905,NA,NA,0,1.5326034536095827,0.010046650958637656,0,0
all_breaths,cueTask,w1_rpowDb,1.6701569918259613,11,23,4,-1.435431953505155,NA,NA,0,-0.5585722033698168,-0.06745608500799569,0,0
all_breaths,cueTask,w1_bandDb,4.364813477041239,11,23,4,-1.4171892125836807,NA,NA,0,-0.8963713121850394,-0.11625410394995,0,0
all_breaths,cueTask,w1_aucZ,0.11659497226954493,11,23,4,0.09551487297046907,NA,NA,0,1.5326034536095823,0.010046650958637656,0,0
all_breaths,cueTask,w2_rfreqPW,0.03146245633089391,11,23,4,-0.5268773261794572,NA,NA,0,1.4016148686762762,0.31718712312270314,1,0
all_breaths,cueTask,w2_rfreqGated,0.042269342998305044,11,23,4,-0.35587556065126186,NA,NA,0,1.511631964676209,0.2310729720486661,1,0
all_breaths,cueTask,w2_rfreqRaw,0.027009659923983676,11,23,4,-0.5808107725493369,NA,NA,0,1.4072167071729285,0.28704717024679016,1,0
all_breaths,cueTask,w2_rpowZ,0.16821565267997504,11,23,4,-0.25738304234205495,NA,NA,0,-0.432502279282629,0.09185509447897286,0,0
all_breaths,cueTask,w2_rpowDb,1.1881092382832847,11,23,4,-1.4784641245775745,NA,NA,0,-1.2231578524479862,-0.04449231138825248,0,0
all_breaths,cueTask,w2_bandDb,2.9974820938563123,11,23,4,-1.4099711401342767,NA,NA,0,-1.3733332615171316,-0.08898462277650496,0,0
all_breaths,cueTask,w2_aucZ,0.16821565260755045,11,23,4,-0.25738304234205384,NA,NA,0,-0.4325022792826312,0.09185509447897286,0,0
all_breaths,cueTask,w3_rfreqPW,0.06627091081861994,11,23,4,0.6541188330597485,NA,NA,0,1.0193184537275735,0.12199504735488581,1,0
all_breaths,cueTask,w3_rfreqGated,0.06741110169424337,11,23,4,0.5119422300599997,NA,NA,0,1.2404892601165916,0.11481886809871608,1,0
all_breaths,cueTask,w3_rfreqRaw,0.0636964709085895,11,23,4,0.6664047511823361,NA,NA,0,1.1137618167303802,0.12055981150365189,1,0
all_breaths,cueTask,w3_rpowZ,0.13808839466807038,11,23,4,-0.6136846777175172,NA,NA,0,0.5715364445904365,-0.06745608500799569,0,0
all_breaths,cueTask,w3_rpowDb,0.8819050146299503,11,23,4,-1.733737788884829,NA,NA,0,-1.1330122974818522,-0.01435235851233951,0,0
all_breaths,cueTask,w3_bandDb,2.3663087050582683,11,23,4,-1.5783186560419673,NA,NA,0,-1.1869946356689718,-0.010046650958637656,0,0
all_breaths,cueTask,w3_aucZ,0.13808839460211172,11,23,4,-0.6136846777175169,NA,NA,0,0.5715364445904374,-0.06745608500799569,0,0
all_breaths,cueTask,w4_rfreqPW,0.07127960124958582,11,23,4,1.519841267996747,NA,NA,0,0.3746138921584706,0.17653400970177596,1,0
all_breaths,cueTask,w4_rfreqGated,0.0753848527259702,11,23,4,1.479238646471522,NA,NA,0,0.11075724975748245,0.10620745299131236,1,0
all_breaths,cueTask,w4_rfreqRaw,0.07041580703436655,11,23,4,1.354400400591256,NA,NA,0,0.4795927181813899,0.1492645285283309,1,0
all_breaths,cueTask,w4_rpowZ,0.11249976766910641,11,23,4,-1.0104076623899518,NA,NA,0,0.4539969659896699,-0.15357023608203274,0,0
all_breaths,cueTask,w4_rpowDb,0.8684355435321361,11,23,4,-1.8873300083289093,NA,NA,0,-1.0850482704844695,-0.011481886809871607,0,0
all_breaths,cueTask,w4_bandDb,2.1149364455031283,11,23,4,-1.6130172928406203,NA,NA,0,-1.3048484503995244,-0.05166849064442223,0,0
all_breaths,cueTask,w4_aucZ,0.11249976761618137,11,23,4,-1.0104076623899503,NA,NA,0,0.453996965989668,-0.15357023608203274,0,0
all_breaths,cueTask,w5_rfreqPW,0.07209128723288763,11,23,4,1.1568741236180053,NA,NA,0,-0.1723908278109109,-0.010046650958637656,1,0
all_breaths,cueTask,w5_rfreqGated,0.07693250321580766,11,23,4,0.9718815225016294,NA,NA,0,-0.5960311582121797,0.011481886809871607,1,0
all_breaths,cueTask,w5_rfreqRaw,0.06846852396791869,11,23,4,1.118916023434129,NA,NA,0,0.08940391077983784,0.008611415107403706,1,0
all_breaths,cueTask,w5_rpowZ,0.0718103536747106,11,23,4,-1.0371952053674092,NA,NA,0,0.19246438963326926,-0.07319702841293149,0,0
all_breaths,cueTask,w5_rpowDb,0.8669064381961281,11,23,4,-1.9380609757697687,NA,NA,0,-1.0563150623908633,-0.03875136798331667,0,0
all_breaths,cueTask,w5_bandDb,2.0130076872177165,11,23,4,-1.6153449968808857,NA,NA,0,-1.3708171666299231,-0.034445660429614826,0,0
all_breaths,cueTask,w5_aucZ,0.07181035364100151,11,23,4,-1.0371952053674098,NA,NA,0,0.19246438963326737,-0.07319702841293149,0,0
all_breaths,cueTask,p1_rfreqPW,0.0357096972134016,11,23,4,-0.7891510383496868,NA,NA,0,1.3110673752776552,0.2770005192881525,1,0
all_breaths,cueTask,p1_rfreqGated,0.045322540251685924,11,23,4,-0.6483151677795724,NA,NA,0,1.3702515320500641,0.22963773619743216,1,0
all_breaths,cueTask,p1_rfreqRaw,0.03349915914887997,11,23,4,-0.80031578704442,NA,NA,0,1.3233436677871155,0.262648160775813,1,0
all_breaths,cueTask,p1_rpowZ,0.16086598555594062,11,23,4,-0.14790835707623065,NA,NA,0,-0.9975076857899982,0.03731613213208272,0,0
all_breaths,cueTask,p1_rpowDb,1.5041104510629346,11,23,4,-1.353086176251327,NA,NA,0,-1.3077257106696636,-0.05310372649565618,0,0
all_breaths,cueTask,p1_bandDb,3.434707700007338,11,23,4,-1.3653064452507955,NA,NA,0,-1.5221512471810497,-0.09185509447897286,0,0
all_breaths,cueTask,p1_aucZ,0.41117348897535894,11,23,4,0.0723409136197884,NA,NA,0,-0.23775143615865493,0.03731613213208272,0,0
all_breaths,cueTask,p2_rfreqPW,0.06525711215723347,11,23,4,0.5906354406799349,NA,NA,0,0.9258007916386031,0.23681391545360192,1,0
all_breaths,cueTask,p2_rfreqGated,0.06871904894973677,11,23,4,0.6299523356416656,NA,NA,0,0.9385093538201289,0.2425548588585377,1,0
all_breaths,cueTask,p2_rfreqRaw,0.059766832848850954,11,23,4,0.6686433967594675,NA,NA,0,0.9047433604990808,0.2454253305610056,1,0
all_breaths,cueTask,p2_rpowZ,0.13419142519874103,11,23,4,-0.6822270898627311,NA,NA,0,0.4199300057940294,0.020093301917275312,0,0
all_breaths,cueTask,p2_rpowDb,0.8376305532569189,11,23,4,-1.7406230688121582,NA,NA,0,-1.2162249393945783,-0.030139952875912972,0,0
all_breaths,cueTask,p2_bandDb,2.2190531578200163,11,23,4,-1.5506864046802677,NA,NA,0,-1.2841681411617607,-0.021528537768509264,0,0
all_breaths,cueTask,p2_aucZ,0.4331664135124455,11,23,4,-0.2914541648819884,NA,NA,0,-0.16638992826377363,-0.1636168870406704,0,0
all_breaths,cueTask,p3_rfreqPW,0.0715687380079476,11,23,4,1.008509938287047,NA,NA,0,-0.6490774114337455,0.2023682550239871,1,0
all_breaths,cueTask,p3_rfreqGated,0.07335041197524217,11,23,4,0.9349708097997362,NA,NA,0,-0.483155942495273,0.18371018895794572,1,0
all_breaths,cueTask,p3_rfreqRaw,0.06936237021009817,11,23,4,0.9618209249485458,NA,NA,0,-0.21255119563449756,0.09472556618144076,1,0
all_breaths,cueTask,p3_rpowZ,0.09245844736615397,11,23,4,-1.009739376032891,NA,NA,0,0.3622367246199729,0.041621839685784576,0,0
all_breaths,cueTask,p3_rpowDb,0.846683217214226,11,23,4,-1.833695490581425,NA,NA,0,-1.0308652294199545,-0.02870471702467902,0,0
all_breaths,cueTask,p3_bandDb,1.956110954637551,11,23,4,-1.5934257023816631,NA,NA,0,-1.3444211194460463,-0.008611415107403706,0,0
all_breaths,cueTask,p3_aucZ,0.2921437132536206,11,23,4,0.014295346645926256,NA,NA,0,-0.3796909827710176,-0.2770005192881525,0,0
all_breaths,cueTask,p4_rfreqPW,0.06153847005225637,11,23,4,0.2917902231240994,NA,NA,0,-0.2831406043442344,0.10046650958637655,1,0
all_breaths,cueTask,p4_rfreqGated,0.06380162814877996,11,23,4,0.3086270086033049,NA,NA,0,-0.3516445775165931,0.13060646246228952,1,0
all_breaths,cueTask,p4_rfreqRaw,0.05710362653837155,11,23,4,0.2893656313572189,NA,NA,0,-0.09564552741815827,0.08898462277650496,1,0
all_breaths,cueTask,p4_rpowZ,0.07856585630367825,11,23,4,0.18901795912191724,NA,NA,0,-0.475473791088574,-0.04592754723948643,0,0
all_breaths,cueTask,p4_rpowDb,1.0443175149752393,11,23,4,-1.6518320388838157,NA,NA,0,-1.1868976451088669,-0.011481886809871607,0,0
all_breaths,cueTask,p4_bandDb,2.481106304288769,11,23,4,-1.4609306304075453,NA,NA,0,-1.3800385329875295,-0.017222830214807413,0,0
all_breaths,cueTask,p4_aucZ,0.1516924378643033,11,23,4,-0.7387512930619713,NA,NA,0,0.39087768943620316,0.07319702841293149,0,0
all_breaths,cueTask,peakZ,0.05015960505135417,11,23,4,-0.4650031223047956,NA,NA,0,-1.4419428885593804,-0.06171514160305989,0,0
all_breaths,cueTask,peakLatMs,0.2029777062517745,11,23,4,-0.5030583239227753,NA,NA,0,1.2863306176886933,0.04879801894195433,0,0
all_breaths,cueTask,peakFreq,0.06453185504771905,11,23,4,0.5689476506961824,NA,NA,0,0.7877902075837171,0.13060646246228952,0,0
all_breaths,cueTask,anyBurst,0.005032814547850914,11,23,4,-0.25695371212283136,NA,NA,0,-0.15877929524212722,-0.014571006315731204,0,0
all_breaths,cueTask,burstLatMs,0.4477108360271726,11,23,4,0.05015028092606559,NA,NA,0,0.10368690736123246,-0.32005759482517104,0,0
all_breaths,cueTask,timeAboveMs,0.20180626379854885,11,23,4,-1.0468262470684906,NA,NA,0,-0.0028455657790087984,0.05166849064442223,0,0
all_breaths,cueTask,nBursts,0.3067387250490819,11,23,4,-0.2513910737092684,NA,NA,0,-1.1666867270119898,-0.1779692455530099,0,0
all_breaths,cueTask,dutyCycle,0.201806262992017,11,23,4,-1.0468262470684906,NA,NA,0,-0.002845565779008044,0.05166849064442223,0,0
all_breaths,cueTask,maxBurstMs,0.2099880498533847,11,23,4,-0.9488465538360721,NA,NA,0,-0.3284212908450118,-0.024399009470977166,0,0
all_breaths,cueTask,peakZ_base,0.4939725296072391,11,23,4,0.04471339711196194,NA,NA,0,-0.712572647470376,-0.06171514160305989,0,0
all_breaths,cueTask,anyBurst_base,0,11,23,4,NA,NA,NA,0,NA,NA,0,0
all_breaths,cueTask,timeAboveMs_base,0.06130005670698625,11,23,4,-0.8552035782662599,NA,NA,0,-1.1516037664479708,0.05740943404935804,0,0
all_breaths,cueTask,chirpSlope,3.3885390925740433,11,23,4,0.45213688562419696,NA,NA,0,1.1146558149085317,0.03157518872714692,0,0
all_breaths,cueTask,freqSpan,0.03869801144062178,11,23,4,-0.35268451795342254,NA,NA,0,0.351125858196106,-0.3602441986597217,0,0
all_breaths,cueTask,freqJitter,0.06882015548270279,11,23,4,-0.1387525542058413,NA,NA,0,0.3358169013317299,-0.21959108523879448,0,0
all_breaths,cueTask,apExp,0.3787510167226176,11,23,4,0.6217914215953282,NA,NA,0,0.20341218088377638,0.08611415107403705,0,0
all_breaths,cueTask,apOffset,1.752236662862432,11,23,4,0.002286698903675577,NA,NA,0,-0.24111845565121018,0.11194839639624816,0,0
all_breaths,cueTask,gammaBumpDb,0.40937019460329505,11,23,4,-0.7344080117408278,NA,NA,0,-0.15746266725216052,-0.15357023608203274,0,0
all_breaths,cueTask,gammaPeakPresent,0.28662682291030867,11,23,4,0.46462743513016874,NA,NA,0,-0.27917012231663973,-0.018287671161973273,0,0
all_breaths,O15,inhalePeakMs,0.2177585660291559,11,22,3,0.5105205288990872,NA,NA,0,0.20896885165111334,-0.05412942902424122,0,0
all_breaths,O15,returnCrossMs,0.20326405164722453,11,22,3,0.4988697790788184,NA,NA,0,-0.4190489118936736,-0.008577887659579212,0,0
all_breaths,O15,exhaleStartMs,0.20326405164722453,11,22,3,0.4988697790788184,NA,NA,0,-0.4190489118936736,-0.008577887659579212,0,0
all_breaths,O15,exhaleTroughMs,0.26227584516511865,11,22,3,0.3600920510113531,NA,NA,0,-0.6976635072875765,-0.24077243292749922,0,0
all_breaths,O15,endSymMs,0.2622758451651866,11,22,3,0.3600920510113531,NA,NA,0,-0.6976635072875765,-0.24077243292749922,0,0
all_breaths,O15,breathLenMs,0.26227584516511865,11,22,3,0.3600920510113531,NA,NA,0,-0.6976635072875765,-0.24077243292749922,0,0
all_breaths,O15,inhaleVolume,0.47825319172909264,11,22,3,-0.08093899611817426,NA,NA,0,-0.3306069565259434,-0.03963575677184876,0,0
all_breaths,O15,inhaleDuration,0.21775856553682882,11,22,3,0.5105205288990874,NA,NA,0,0.20896885165111329,-0.05412942902424122,0,0
all_breaths,O15,peakInspFlow,0.4981911601732517,11,22,3,0.4415416352236637,NA,NA,0,0.5003761826921086,-0.09465255348501196,0,0
all_breaths,O15,breathLength,0.26227584502939355,11,22,3,0.3600920510113529,NA,NA,0,-0.6976635072875769,-0.24077243292749922,0,0
all_breaths,O15,w1_rfreqPW,0.04042651627726877,11,22,3,-0.0773307731215075,NA,NA,0,-0.5112555916747926,-0.070102047424837,1,0
all_breaths,O15,w1_rfreqGated,0.04520270740194185,11,22,3,0.1020117274107256,NA,NA,0,-0.27154773720949593,0.070102047424837,1,0
all_breaths,O15,w1_rfreqRaw,0.03853873661293338,11,22,3,-0.11482308690166464,NA,NA,0,-0.5635700725856133,-0.14286619791643995,1,0
all_breaths,O15,w1_rpowZ,0.09582186064659878,11,22,3,0.09772409156757987,NA,NA,0,-0.8225593909413216,0.046438909053584,0,0
all_breaths,O15,w1_rpowDb,1.5137901265050984,11,22,3,-1.6048207060501933,NA,NA,0,-0.15214523350295722,-0.10175149499638787,0,0
all_breaths,O15,w1_bandDb,33.681520682481214,11,22,3,-1.4652529435241588,NA,NA,0,-0.37368959358773013,-0.0834125627586668,0,0
all_breaths,O15,w1_aucZ,0.09582186059063431,11,22,3,0.09772409156758063,NA,NA,0,-0.8225593909413206,0.046438909053584,0,0
all_breaths,O15,w2_rfreqPW,0.02912348368838037,11,22,3,-0.9779611202189631,NA,NA,0,0.3617090321844629,-0.14582409021284656,1,0
all_breaths,O15,w2_rfreqGated,0.02857777826124615,11,22,3,-0.875844617981853,NA,NA,0,0.4192628761208402,-0.10500517652243516,1,0
all_breaths,O15,w2_rfreqRaw,0.0286064110183076,11,22,3,-0.9305638460168895,NA,NA,0,0.34029889992121004,-0.1431619871460806,1,0
all_breaths,O15,w2_rpowZ,0.11215019823194365,11,22,3,-0.5980983927209793,NA,NA,0,-1.0221778466111306,0.016268407630236435,0,0
all_breaths,O15,w2_rpowDb,1.1474851712135048,11,22,3,-1.516309126878029,NA,NA,0,-0.22744862144450936,0.011535779955985833,0,0
all_breaths,O15,w2_bandDb,7.429097975576247,11,22,3,-1.351661545831679,NA,NA,0,-0.24744660712916447,-0.01833893223772107,0,0
all_breaths,O15,w2_aucZ,0.11215019818241072,11,22,3,-0.5980983927209794,NA,NA,0,-1.022177846611129,0.016268407630236435,0,0
all_breaths,O15,w3_rfreqPW,0.047503465834220764,11,22,3,1.0996165519922847,NA,NA,0,1.9952180674263824,0.2360398052532486,1,0
all_breaths,O15,w3_rfreqGated,0.049416285822505984,11,22,3,0.9421273142683207,NA,NA,0,2.0979843076961586,0.2517166344242037,1,0
all_breaths,O15,w3_rfreqRaw,0.045176823033445876,11,22,3,1.0872041417503278,NA,NA,0,2.070967269836561,0.24816716366851577,1,0
all_breaths,O15,w3_rpowZ,0.0848981920013701,11,22,3,-0.8946213892913442,NA,NA,0,0.1688631731055032,0.32714288798257263,0,0
all_breaths,O15,w3_rpowDb,0.9097064439592792,11,22,3,-1.7466343808963904,NA,NA,0,-0.2768688798088174,-0.008873676889219874,0,0
all_breaths,O15,w3_bandDb,3.296118445544233,11,22,3,-1.5107402695506564,NA,NA,0,-0.15541889711666207,0.014197883022751795,0,0
all_breaths,O15,w3_aucZ,0.08489819196182308,11,22,3,-0.894621389291343,NA,NA,0,0.16886317310550472,0.32714288798257263,0,0
all_breaths,O15,w4_rfreqPW,0.033251791217120595,11,22,3,1.3245420330853073,NA,NA,0,0.9024371840910324,0.17303669933978752,1,0
all_breaths,O15,w4_rfreqGated,0.03577035214599853,11,22,3,1.153811851219862,NA,NA,0,0.708163990568054,0.300521857314913,1,0
all_breaths,O15,w4_rfreqRaw,0.03329399435132871,11,22,3,1.2667893603998928,NA,NA,0,0.8776856075149935,0.10027254884818455,1,0
all_breaths,O15,w4_rpowZ,0.06140769325835179,11,22,3,-1.0313436723678855,NA,NA,0,0.09834940110805868,0.0857788765957921,0,0
all_breaths,O15,w4_rpowDb,0.8985783795188835,11,22,3,-1.8599867406193573,NA,NA,0,-0.2775204172699091,-0.11062517188560773,0,0
all_breaths,O15,w4_bandDb,3.2334370919295585,11,22,3,-1.5951637648552643,NA,NA,0,-0.2676316614198085,-0.03194523680119154,0,0
all_breaths,O15,w4_aucZ,0.06140769322901159,11,22,3,-1.0313436723678855,NA,NA,0,0.09834940110805754,0.0857788765957921,0,0
all_breaths,O15,w5_rfreqPW,0.04626605404729593,11,22,3,0.7712310995118403,NA,NA,0,0.2234372512683584,0.037565232164364123,1,0
all_breaths,O15,w5_rfreqGated,0.046791665685702075,11,22,3,0.7628640141323116,NA,NA,0,0.09826695072515719,0.13872514870147068,1,0
all_breaths,O15,w5_rfreqRaw,0.045001099134227444,11,22,3,0.5454725307615282,NA,NA,0,0.10100666724525527,-0.09139887195896469,1,0
all_breaths,O15,w5_rpowZ,0.05634494543687634,11,22,3,-0.9259647632726059,NA,NA,0,-0.6512431338571322,0.1659377578284116,0,0
all_breaths,O15,w5_rpowDb,0.9676136906615606,11,22,3,-1.7844047634505573,NA,NA,0,-0.25763722262281186,-0.11121675034488906,0,0
all_breaths,O15,w5_bandDb,3.6392026874425403,11,22,3,-1.590998726508152,NA,NA,0,-0.3830054823501939,-0.06507363052094574,0,0
all_breaths,O15,w5_aucZ,0.05634494540925484,11,22,3,-0.9259647632726066,NA,NA,0,-0.6512431338571324,0.1659377578284116,0,0
all_breaths,O15,p1_rfreqPW,0.03223986531391759,11,22,3,-0.9645469117960888,NA,NA,0,0.4950571197327456,-0.08784940120327674,1,0
all_breaths,O15,p1_rfreqGated,0.033343141859545636,11,22,3,-0.9374200213651875,NA,NA,0,0.6029961549840056,-0.06477784129130507,1,0
all_breaths,O15,p1_rfreqRaw,0.03148735261097615,11,22,3,-0.9161798942100826,NA,NA,0,0.4437476075259351,-0.10825885804848244,1,0
all_breaths,O15,p1_rpowZ,0.09086150482266905,11,22,3,-0.48785849704720363,NA,NA,0,-1.2831592258756763,-0.10530096575207581,0,0
all_breaths,O15,p1_rpowDb,1.3105435588921814,11,22,3,-1.509728786672095,NA,NA,0,-0.2930202882752041,-0.03194523680119154,0,0
all_breaths,O15,p1_bandDb,9.916219391598895,11,22,3,-1.380349016452171,NA,NA,0,-0.30550742816626314,-0.025142084519456306,0,0
all_breaths,O15,p1_aucZ,0.23051136686417714,11,22,3,0.28194936372953444,NA,NA,0,-0.2276032541930862,-0.0582704782392105,0,0
all_breaths,O15,p2_rfreqPW,0.04685749675376666,11,22,3,0.27712923658891997,NA,NA,0,1.6235012802326558,0.21415140225983958,1,0
all_breaths,O15,p2_rfreqGated,0.05051199073198957,11,22,3,0.26754013822686645,NA,NA,0,1.6121456954727862,0.1549935563317071,1,0
all_breaths,O15,p2_rfreqRaw,0.04211643012035702,11,22,3,0.25614168508589047,NA,NA,0,1.650711972244599,0.22834928528259138,1,0
all_breaths,O15,p2_rpowZ,0.0725198390895053,11,22,3,-0.8860345292234186,NA,NA,0,0.10026886288878332,0.3626375955394521,0,0
all_breaths,O15,p2_rpowDb,0.9436845117754414,11,22,3,-1.6725286333659808,NA,NA,0,-0.24729898536705608,0.006803152281735236,0,0
all_breaths,O15,p2_bandDb,3.5850647270560922,11,22,3,-1.4555406133407056,NA,NA,0,-0.14812238404802566,0.0026621030667659615,0,0
all_breaths,O15,p2_aucZ,0.33441241999777044,11,22,3,-0.30308136483350584,NA,NA,0,-0.6392406222664838,2.957892296406624e-4,0,0
all_breaths,O15,p3_rfreqPW,0.046979906097179,11,22,3,1.103532184824061,NA,NA,0,0.4484976999730169,0.21829245147480886,1,0
all_breaths,O15,p3_rfreqGated,0.05023850729554735,11,22,3,1.005358206343109,NA,NA,0,0.43969185312025955,0.2345608591050453,1,0
all_breaths,O15,p3_rfreqRaw,0.044183985899009084,11,22,3,1.0019491997956835,NA,NA,0,0.33686413195501974,0.08400414121794814,1,0
all_breaths,O15,p3_rpowZ,0.0828881832332066,11,22,3,-0.9358138331071753,NA,NA,0,0.08845816444731255,0.13813357024218936,0,0
all_breaths,O15,p3_rpowDb,0.885013738760066,11,22,3,-1.7771339393034917,NA,NA,0,-0.25820686460880465,-0.06448205206166441,0,0
all_breaths,O15,p3_bandDb,3.069886664732223,11,22,3,-1.5564430236524334,NA,NA,0,-0.2730959366036275,-0.011535779955985833,0,0
all_breaths,O15,p3_aucZ,0.40054438979233137,11,22,3,-0.15047679878732292,NA,NA,0,-0.828817914953195,-0.2496461098167191,0,0
all_breaths,O15,p4_rfreqPW,0.03360499537210865,11,22,3,0.407088490716874,NA,NA,0,-0.00535304288964573,-0.3244807849158066,1,0
all_breaths,O15,p4_rfreqGated,0.037498036486300255,11,22,3,0.3697069531684422,NA,NA,0,0.032812152737345904,-0.26946398820264345,1,0
all_breaths,O15,p4_rfreqRaw,0.03133563576530461,11,22,3,0.334136219622072,NA,NA,0,-0.08454888315670009,-0.36322917399873345,1,0
all_breaths,O15,p4_rpowZ,0.08064602656016627,11,22,3,-0.5368875251822179,NA,NA,0,-0.9221886740922628,0.14464093329428393,0,0
all_breaths,O15,p4_rpowDb,0.9441307136983017,11,22,3,-1.717890802110334,NA,NA,0,-0.16015565096799275,-0.06448205206166441,0,0
all_breaths,O15,p4_bandDb,4.219452214623732,11,22,3,-1.5004401149838684,NA,NA,0,-0.33689381864023815,-0.027804187586222266,0,0
all_breaths,O15,p4_aucZ,0.13533166986376693,11,22,3,-0.702303402651223,NA,NA,0,-0.07664359775903862,0.2463924282906718,0,0
all_breaths,O15,peakZ,0.024945739175925317,11,22,3,-0.335500642592969,NA,NA,0,0.009064483909558505,-0.06803152281735236,0,0
all_breaths,O15,peakLatMs,0.09430252760294991,11,22,3,-0.5741549144780236,NA,NA,0,0.5462571242224235,-0.069214679735915,0,0
all_breaths,O15,peakFreq,0.051415159349470094,11,22,3,0.8601874705673499,NA,NA,0,0.07004922355156114,0.24018085446821788,0,0
all_breaths,O15,anyBurst,0.019075905238934175,11,22,3,-0.3613304909270087,NA,NA,0,-0.6486195675114796,-0.07393231566708387,0,0
all_breaths,O15,burstLatMs,0.22731663256703985,11,22,3,0.3505245173193658,NA,NA,0,0.6519920593052798,-0.17362827779906884,0,0
all_breaths,O15,timeAboveMs,0.1232589446465656,11,22,3,-1.4609015789498336,NA,NA,0,-0.4097266262584201,0.015085250711673782,0,0
all_breaths,O15,nBursts,0.08791072202683675,11,22,3,0.11009477591036436,NA,NA,0,0.07494864558452108,0.32329762799724404,0,0
all_breaths,O15,dutyCycle,0.12325894414025663,11,22,3,-1.4609015789498334,NA,NA,0,-0.40972662625842043,0.015085250711673782,0,0
all_breaths,O15,maxBurstMs,0.09821298283716483,11,22,3,-1.5135769173653562,NA,NA,0,-0.9410019693950038,0.01331051533382981,0,0
all_breaths,O15,peakZ_base,0.3737968624315786,11,22,3,0.22373831667958902,NA,NA,0,0.2669665465235069,0.009169466118860535,0,0
all_breaths,O15,anyBurst_base,0.002820259172649622,11,22,3,-0.5576768401202511,NA,NA,0,-0.625733915813151,-0.03542789872225152,0,0
all_breaths,O15,timeAboveMs_base,0.05637371291180109,11,22,3,-1.408756770906626,NA,NA,0,-0.3535569099712048,-0.01478946148203312,0,0
all_breaths,O15,chirpSlope,2.918635269220423,11,22,3,0.24883708842526486,NA,NA,0,0.5648318623691948,0.12038621646374961,0,0
all_breaths,O15,freqSpan,0.07695086999317677,11,22,3,-0.6311485541120277,NA,NA,0,-0.12787072448217404,0.13635883486434536,0,0
all_breaths,O15,freqJitter,0.09824838017647658,11,22,3,-0.41703429265828496,NA,NA,0,-0.003770073070279333,0.15824723785775438,0,0
all_breaths,O15,apExp,0.4014193602741085,11,22,3,0.6263229595909594,NA,NA,0,0.5313271641142936,0.29401449426281845,0,0
all_breaths,O15,apOffset,0.7210752379656259,11,22,3,0.15495575669814315,NA,NA,0,0.5635567628673898,0.21592613763768356,0,0
all_breaths,O15,gammaBumpDb,0.17424313329404523,11,22,3,-0.9397287427076432,NA,NA,0,0.20089368663379778,0.15824723785775438,0,0
all_breaths,O15,gammaPeakPresent,0.009722708229273076,11,22,3,-0.4411780349790623,NA,NA,0,-0.2959892718504708,-0.09457769956869354,0,0
all_breaths,audiobook,inhalePeakMs,0.10902670365753947,7,22,4,-0.49465122657560734,NA,NA,0,-1.123264763659214,0.023810573681597405,0,0
all_breaths,audiobook,returnCrossMs,0.12231730458790208,7,22,4,-0.22978166002958794,NA,NA,0,-1.4672414338538824,0.04338815648646638,0,0
all_breaths,audiobook,exhaleStartMs,0.1258890407187394,7,22,4,0.5455334051589095,NA,NA,0,-1.261197889054105,-0.03280567929464532,0,0
all_breaths,audiobook,exhaleTroughMs,0.14985487380972412,7,22,4,0.3262280685220612,NA,NA,0,-0.6370656070847421,0.012963534559980809,0,0
all_breaths,audiobook,endSymMs,0.1498548738097586,7,22,4,0.3262280685220612,NA,NA,0,-0.6370656070847421,0.012963534559980809,0,0
all_breaths,audiobook,breathLenMs,0.12588904071873944,7,22,4,0.5455334051589094,NA,NA,0,-1.2611978890541053,-0.03280567929464532,0,0
all_breaths,audiobook,inhaleVolume,0.1865820988603248,7,22,4,0.20213481813158585,NA,NA,0,-1.285953285033029,-0.04682746157380823,0,0
all_breaths,audiobook,inhaleDuration,0.13742468737579314,7,22,4,0.07970854714923105,NA,NA,0,-1.0518028828530221,0.026456192979552675,0,0
all_breaths,audiobook,peakInspFlow,0.07218041480506046,7,22,4,0.524207459078071,NA,NA,0,-0.5456361091329929,-0.22884606927313061,0,0
all_breaths,audiobook,breathLength,0.12588904068908904,7,22,4,0.5455334051589097,NA,NA,0,-1.261197889054105,-0.03280567929464532,0,0
all_breaths,audiobook,w1_rfreqPW,0.05423216299754397,7,22,4,0.5000032245618194,NA,NA,0,-0.3781805613665293,-0.1960403899784853,1,0
all_breaths,audiobook,w1_rfreqGated,0.05842929262669072,7,22,4,0.4480223873772094,NA,NA,0,-0.40826755405438286,-0.1463027471769263,1,0
all_breaths,audiobook,w1_rfreqRaw,0.052894344126351855,7,22,4,0.5679134680827627,NA,NA,0,-0.3692422453117253,-0.14709643296631286,1,0
all_breaths,audiobook,w1_rpowZ,0.06906241573072483,7,22,4,-0.22631320803213462,NA,NA,0,0.5124771608751617,0.23889942260536062,0,0
all_breaths,audiobook,w1_rpowDb,1.2171168041635834,7,22,4,-1.2686907985114073,NA,NA,0,-0.43974027852262704,0.03545129859260058,0,0
all_breaths,audiobook,w1_bandDb,2.232847875404449,7,22,4,-1.0705270051617166,NA,NA,0,-0.6530944963072648,0.029101812277507938,0,0
all_breaths,audiobook,w1_aucZ,0.06906241569482581,7,22,4,-0.2263132080321332,NA,NA,0,0.5124771608751615,0.23889942260536062,0,0
all_breaths,audiobook,w2_rfreqPW,0.04327192552154957,7,22,4,0.454575956056122,NA,NA,0,0.024757265776798508,0.059261872274197984,1,0
all_breaths,audiobook,w2_rfreqGated,0.0451997131642224,7,22,4,0.5510758857834873,NA,NA,0,0.1969161688167356,0.0015873715787731602,1,0
all_breaths,audiobook,w2_rfreqRaw,0.0439136502818815,7,22,4,0.44457428281029565,NA,NA,0,0.05573384743070573,0.08836368455170593,1,0
all_breaths,audiobook,w2_rpowZ,0.039767525731260286,7,22,4,-0.35000208135747635,NA,NA,0,0.5033610201464287,0.16270558682424893,0,0
all_breaths,audiobook,w2_rpowDb,1.1510191384190427,7,22,4,-1.2917409291161905,NA,NA,0,-0.4602284971113877,-0.014550906138753969,0,0
all_breaths,audiobook,w2_bandDb,2.2686945417348734,7,22,4,-1.115295974964937,NA,NA,0,-0.6304265848545648,-0.011640724911003176,0,0
all_breaths,audiobook,w2_aucZ,0.03976752571037434,7,22,4,-0.35000208135747773,NA,NA,0,0.5033610201464269,0.16270558682424893,0,0
all_breaths,audiobook,w3_rfreqPW,0.06213743767091875,7,22,4,-0.3508019655151307,NA,NA,0,-0.9867584795437844,0.2735570354085747,1,0
all_breaths,audiobook,w3_rfreqGated,0.06501401885824475,7,22,4,-0.36716400758243206,NA,NA,0,-1.0595312712374274,0.14312800401937997,1,0
all_breaths,audiobook,w3_rfreqRaw,0.05833637629733209,7,22,4,-0.309717463884598,NA,NA,0,-1.171801601680436,0.3296441645252263,1,0
all_breaths,audiobook,w3_rpowZ,0.09507492843727393,7,22,4,-1.0264285909874715,NA,NA,0,-1.5648569012788602,0.11693637296962282,0,0
all_breaths,audiobook,w3_rpowDb,1.018290883902432,7,22,4,-1.320185253552881,NA,NA,0,-0.491769675673332,0.052118700169718764,0,0
all_breaths,audiobook,w3_bandDb,3.8055657912739767,7,22,4,-1.1094591520841766,NA,NA,0,-0.6433596821488281,0.04894395701217244,0,0
all_breaths,audiobook,w3_aucZ,0.09507492839330664,7,22,4,-1.0264285909874682,NA,NA,0,-1.564856901278856,0.11693637296962282,0,0
all_breaths,audiobook,w4_rfreqPW,0.06947987897033549,7,22,4,-0.09307260130350949,NA,NA,0,-0.1787250489704603,-0.06084924385297114,1,0
all_breaths,audiobook,w4_rfreqGated,0.07369542847459065,7,22,4,0.03256722080908904,NA,NA,0,-0.153106364069218,0.044975528065239544,1,0
all_breaths,audiobook,w4_rfreqRaw,0.06707521370901207,7,22,4,-0.10781203410465048,NA,NA,0,-0.2999328717475356,-0.09233211349863882,1,0
all_breaths,audiobook,w4_rpowZ,0.09701626745117581,7,22,4,-0.2661152197417197,NA,NA,0,-1.3471598975976249,0.10450196226923306,0,0
all_breaths,audiobook,w4_rpowDb,1.0637640695010366,7,22,4,-1.1902445866839257,NA,NA,0,-0.6165438326746996,0.06852153981704143,0,0
all_breaths,audiobook,w4_bandDb,3.7455370285887,7,22,4,-1.0436171928058093,NA,NA,0,-0.7092340954285348,0.06243661543174431,0,0
all_breaths,audiobook,w4_aucZ,0.09701626740426049,7,22,4,-0.2661152197417223,NA,NA,0,-1.3471598975976233,0.10450196226923306,0,0
all_breaths,audiobook,w5_rfreqPW,0.03461811395825504,7,22,4,-0.36051437359149,NA,NA,0,-0.4631108626202922,-0.40134044749981407,1,0
all_breaths,audiobook,w5_rfreqGated,0.04074522030067113,7,22,4,-0.38244900865405346,NA,NA,0,-0.6105729768583671,-0.40901274346388433,1,0
all_breaths,audiobook,w5_rfreqRaw,0.03454069128460458,7,22,4,-0.34362546292737156,NA,NA,0,-0.6097411966612007,-0.420918030304683,1,0
all_breaths,audiobook,w5_rpowZ,0.047976295556567745,7,22,4,-0.3979253797752761,NA,NA,0,-2.0273781974916796,0.07751664543008932,0,0
all_breaths,audiobook,w5_rpowDb,1.0529885218921253,7,22,4,-1.204306711791304,NA,NA,0,-0.5492416823528546,0.08201419823661328,0,0
all_breaths,audiobook,w5_bandDb,3.391411624617018,7,22,4,-1.0322686891237518,NA,NA,0,-0.7567181964453741,0.051854138239923235,0,0
all_breaths,audiobook,w5_aucZ,0.04797629553297413,7,22,4,-0.39792537977527837,NA,NA,0,-2.0273781974916796,0.07751664543008932,0,0
all_breaths,audiobook,p1_rfreqPW,0.04476546617571667,7,22,4,0.06914450128597835,NA,NA,0,-0.6988716330175442,0.242603289622498,1,0
all_breaths,audiobook,p1_rfreqGated,0.04777323915345117,7,22,4,0.014059372078398573,NA,NA,0,-0.6235473137546844,0.2531857668143191,1,0
all_breaths,audiobook,p1_rfreqRaw,0.04229467198792342,7,22,4,0.1703173381467155,NA,NA,0,-0.6302652576705596,0.21217866769601243,1,0
all_breaths,audiobook,p1_rpowZ,0.047200892964934085,7,22,4,-0.9642255212410686,NA,NA,0,-0.30254091196299304,0.22620044997517536,0,0
all_breaths,audiobook,p1_rpowDb,0.9937189491017446,7,22,4,-1.3127504987743308,NA,NA,0,-0.5132308553745246,0.012698972630185282,0,0
all_breaths,audiobook,p1_bandDb,2.7259355714219624,7,22,4,-1.1289614217118225,NA,NA,0,-0.6629503123029237,0.018519335085686872,0,0
all_breaths,audiobook,p1_aucZ,0.13136927287820077,7,22,4,-0.8432445392134233,NA,NA,0,-1.1678192986412999,0.037303232101169266,0,0
all_breaths,audiobook,p2_rfreqPW,0.06700856923961081,7,22,4,-0.12011348793220612,NA,NA,0,0.24289720608270654,0.24101591804372485,1,0
all_breaths,audiobook,p2_rfreqGated,0.07359872292571383,7,22,4,-0.07071145927684366,NA,NA,0,0.34741593971934215,0.11825918261860044,1,0
all_breaths,audiobook,p2_rfreqRaw,0.0615448032801502,7,22,4,-0.1264987576211608,NA,NA,0,0.10240806009053155,0.18678072243564187,1,0
all_breaths,audiobook,p2_rpowZ,0.09723435155777366,7,22,4,-0.3224587899740221,NA,NA,0,-1.1831937157643238,0.06825697788724588,0,0
all_breaths,audiobook,p2_rpowDb,1.0529075344477992,7,22,4,-1.154435877569957,NA,NA,0,-0.7037339196192925,0.06561135858929064,0,0
all_breaths,audiobook,p2_bandDb,4.344896790911787,7,22,4,-1.044053144011759,NA,NA,0,-0.7473993013469586,0.04127166104810217,0,0
all_breaths,audiobook,p2_aucZ,0.17160606701665418,7,22,4,-0.09678136605814773,NA,NA,0,-1.8076628300852269,0.03889060367994243,0,0
all_breaths,audiobook,p3_rfreqPW,NA,0,0,0,NA,NA,NA,0,NA,NA,1,1
all_breaths,audiobook,p3_rfreqGated,NA,0,0,0,NA,NA,NA,0,NA,NA,1,1
all_breaths,audiobook,p3_rfreqRaw,NA,0,0,0,NA,NA,NA,0,NA,NA,1,1
all_breaths,audiobook,p3_rpowZ,NA,0,0,0,NA,NA,NA,0,NA,NA,0,1
all_breaths,audiobook,p3_rpowDb,NA,0,0,0,NA,NA,NA,0,NA,NA,0,1
all_breaths,audiobook,p3_bandDb,NA,0,0,0,NA,NA,NA,0,NA,NA,0,1
all_breaths,audiobook,p3_aucZ,NA,0,0,0,NA,NA,NA,0,NA,NA,0,1
all_breaths,audiobook,p4_rfreqPW,0.03792871066904579,7,22,4,0.06371219907570934,NA,NA,0,0.35331205073616423,0.019842144734664502,1,0
all_breaths,audiobook,p4_rfreqGated,0.0435793136808999,7,22,4,0.08367633048913359,NA,NA,0,-0.34170767051678175,-0.05608712911665167,1,0
all_breaths,audiobook,p4_rfreqRaw,0.03183730351617977,7,22,4,0.06764915730350231,NA,NA,0,0.250969675111089,0.010317915262025542,1,0
all_breaths,audiobook,p4_rpowZ,0.059287797761436174,7,22,4,-0.11794350029735398,NA,NA,0,-1.2649738406863562,-0.28440407453019123,0,0
all_breaths,audiobook,p4_rpowDb,0.9876794038415705,7,22,4,-1.1780558276096569,NA,NA,0,-0.6187860311109024,0.026191631049757146,0,0
all_breaths,audiobook,p4_bandDb,3.050684244410693,7,22,4,-1.0239819768391705,NA,NA,0,-0.6964725311355116,0.024604259470983988,0,0
all_breaths,audiobook,p4_aucZ,0.133894802094995,7,22,4,-0.536714820271184,NA,NA,0,0.6456834148318406,-0.11746549682921387,0,0
all_breaths,audiobook,peakZ,0.022656954063889217,7,22,4,-0.15085795385536876,NA,NA,0,-0.47659714964580646,-0.07169628297458774,0,0
all_breaths,audiobook,peakLatMs,0.06914300471442868,7,22,4,0.6247079804228087,NA,NA,0,-0.5743250970574858,-0.13466202226592308,0,0
all_breaths,audiobook,peakFreq,0.07749836362776165,7,22,4,-0.22331286566500588,NA,NA,0,0.14506332637698838,0.03598042245219163,0,0
all_breaths,audiobook,anyBurst,0.005653314761566654,7,22,4,-0.2919554660566042,NA,NA,0,-0.10549603272436557,-0.030125452917022996,0,0
all_breaths,audiobook,burstLatMs,0.1721535339153548,7,22,4,0.6606636707927496,NA,NA,0,-0.7470201571832745,-0.22487764032619773,0,0
all_breaths,audiobook,timeAboveMs,0.14120286349879071,7,22,4,-0.7217788048024705,NA,NA,0,-1.7153661728498686,0.12249217349532887,0,0
all_breaths,audiobook,nBursts,0.15757855012736258,7,22,4,-0.025036461437976144,NA,NA,0,-1.9382571405122384,-0.13137117785631292,0,0
all_breaths,audiobook,dutyCycle,0.14120286282513153,7,22,4,-0.7217788048024715,NA,NA,0,-1.7153661728498693,0.12249217349532887,0,0
all_breaths,audiobook,maxBurstMs,0.1140336512636846,7,22,4,-0.6532274944052903,NA,NA,0,-0.5881715000880083,0.20662286717030637,0,0
all_breaths,audiobook,peakZ_base,2.086407569517139,7,22,4,-0.8647484458085336,NA,NA,0,-0.468708273152008,-0.00820141982366133,0,0
all_breaths,audiobook,anyBurst_base,0,7,22,4,-0.20462629640952096,NA,NA,0,-0.22792115291929918,-0.07278579038813836,0,0
all_breaths,audiobook,timeAboveMs_base,0.048551557626634934,7,22,4,-0.5760353166403871,NA,NA,0,-1.9868296663777352,0.16508664419240868,0,0
all_breaths,audiobook,chirpSlope,1.3846747241795707,7,22,4,-0.7033291921972232,NA,NA,0,-0.806382879715165,0.32567573557829343,0,0
all_breaths,audiobook,freqSpan,0.030796888666673593,7,22,4,0.29964277582199733,NA,NA,0,0.14248241749293947,-0.051992822656123844,0,0
all_breaths,audiobook,freqJitter,0.06157470541012315,7,22,4,0.7614246625861534,NA,NA,0,1.1012004906270645,-0.1463027471769263,0,0
all_breaths,audiobook,apExp,0.4630095327868008,7,22,4,0.2834259005477226,NA,NA,0,0.2566009977127341,0.23413730786904116,0,0
all_breaths,audiobook,apOffset,1.1945650469154698,7,22,4,-0.2068003243463897,NA,NA,0,0.07768102030981573,0.15979540559649816,0,0
all_breaths,audiobook,gammaBumpDb,0.2083840461496542,7,22,4,-0.5579218076074228,NA,NA,0,-0.4516427132892234,0.2616517485677759,0,0
all_breaths,audiobook,gammaPeakPresent,0.01745545967656773,7,22,4,-0.46219820145054563,NA,NA,0,-0.14507811351850297,0.42464300765577206,0,0
all_breaths,focusedBreathing,inhalePeakMs,0.0437717028551796,3,21,4,0.5753308920381073,NA,NA,0,-0.5356294011249081,0.09389023862935045,0,0
all_breaths,focusedBreathing,returnCrossMs,0.13174949074201076,3,21,4,0.6747133221300837,NA,NA,0,-1.3060008475775169,0.11530894931667103,0,0
all_breaths,focusedBreathing,exhaleStartMs,0.5335311548447174,3,21,4,-0.2095911724509389,NA,NA,0,-0.9726088462446881,0.013496721802969128,0,0
all_breaths,focusedBreathing,exhaleTroughMs,0.1673312553123153,3,21,4,0.7071132658216981,NA,NA,0,-0.2702876234669263,-0.004107697940034082,0,0
all_breaths,focusedBreathing,endSymMs,0.16733125531235515,3,21,4,0.7071132658216981,NA,NA,0,-0.2702876234669263,-0.004107697940034082,0,0
all_breaths,focusedBreathing,breathLenMs,0.5335311548447174,3,21,4,-0.20959117245093747,NA,NA,0,-0.9726088462446896,0.013496721802969128,0,0
all_breaths,focusedBreathing,inhaleVolume,0.28455417958955415,3,21,4,0.6906284603346574,NA,NA,0,-0.9805931829471826,0.04782534030182539,0,0
all_breaths,focusedBreathing,inhaleDuration,0.10391323492097773,3,21,4,0.825389006844736,NA,NA,0,-0.818287059372294,-0.024939594635921217,0,0
all_breaths,focusedBreathing,peakInspFlow,0.26750683163209116,3,21,4,0.014725326567409597,NA,NA,0,-0.20585093894170756,0.12469797317960607,0,0
all_breaths,focusedBreathing,breathLength,0.5335311547586239,3,21,4,-0.20959117245093686,NA,NA,0,-0.9726088462446899,0.013496721802969128,0,0
all_breaths,focusedBreathing,w1_rfreqPW,0.07278009176180232,3,21,4,0.6683615829289914,NA,NA,0,0.02169179502006489,-0.21154644391175523,1,0
all_breaths,focusedBreathing,w1_rfreqGated,0.07394538107197268,3,21,4,0.5585248050529689,NA,NA,0,0.4386853018175837,-0.1249913801753228,1,0
all_breaths,focusedBreathing,w1_rfreqRaw,0.07030570381415008,3,21,4,0.6669310251869461,NA,NA,0,-0.09500127712240473,-0.13995513695687553,1,0
all_breaths,focusedBreathing,w1_rpowZ,0.05625575576364151,3,21,4,-0.6917299159307779,NA,NA,0,0.7694165557305704,0.13467381103397455,0,0
all_breaths,focusedBreathing,w1_rpowDb,0.42507618371259054,3,21,4,-1.7075286567315744,NA,NA,0,-0.5080120364861594,-0.002347255965733761,0,0
all_breaths,focusedBreathing,w1_bandDb,3.1163145722751344,3,21,4,-1.4845955755424642,NA,NA,0,-0.6909990295065631,0.009095616867218326,0,0
all_breaths,focusedBreathing,w1_aucZ,0.05625575573517545,3,21,4,-0.69172991593078,NA,NA,0,0.7694165557305688,0.13467381103397455,0,0
all_breaths,focusedBreathing,w2_rfreqPW,0.06687131130678622,3,21,4,0.7333315801296502,NA,NA,0,-0.0429631733905243,-0.09330342463791702,1,0
all_breaths,focusedBreathing,w2_rfreqGated,0.08097546305998359,3,21,4,0.8513836057101853,NA,NA,0,-0.08911566299798734,-0.004107697940034082,1,0
all_breaths,focusedBreathing,w2_rfreqRaw,0.06486880151704962,3,21,4,0.5868304863527799,NA,NA,0,-0.020011423282701273,-0.09477045961650062,1,0
all_breaths,focusedBreathing,w2_rpowZ,0.0038057546380937082,3,21,4,-1.1490053098996296,NA,NA,0,1.0285980921922073,-0.011442872832952086,0,0
all_breaths,focusedBreathing,w2_rpowDb,0.4368940460656557,3,21,4,-1.7865086851341365,NA,NA,0,-0.4687957842070979,-0.038142909443173625,0,0
all_breaths,focusedBreathing,w2_bandDb,2.6011604771194063,3,21,4,-1.5217263998139257,NA,NA,0,-0.6828992070724293,0.009095616867218326,0,0
all_breaths,focusedBreathing,w2_aucZ,0.0038057546362692445,3,21,4,-1.1490053098996278,NA,NA,0,1.0285980921922087,-0.011442872832952086,0,0
all_breaths,focusedBreathing,w3_rfreqPW,0.03735465386981055,3,21,4,-0.127974302087277,NA,NA,0,0.8318824674071045,0.06337591107481155,1,0
all_breaths,focusedBreathing,w3_rfreqGated,0.03913244030651153,3,21,4,-0.030823192567418965,NA,NA,0,0.6995519171304645,0.030220920558822178,1,0
all_breaths,focusedBreathing,w3_rfreqRaw,0.03444729580054072,3,21,4,-0.1513856682889848,NA,NA,0,0.6285036181662854,0.15491889373842826,1,0
all_breaths,focusedBreathing,w3_rpowZ,0.02766285437411196,3,21,4,-1.0824661697105844,NA,NA,0,-0.9703884016338986,0.08244736579639836,0,0
all_breaths,focusedBreathing,w3_rpowDb,0.43409561612784675,3,21,4,-1.805460666945972,NA,NA,0,-0.643346296534428,-0.002347255965733761,0,0
all_breaths,focusedBreathing,w3_bandDb,1.624525518844571,3,21,4,-1.5044451170126332,NA,NA,0,-0.7447937939962267,0.009095616867218326,0,0
all_breaths,focusedBreathing,w3_aucZ,0.027662854361493946,3,21,4,-1.0824661697105886,NA,NA,0,-0.9703884016339004,0.08244736579639836,0,0
all_breaths,focusedBreathing,w4_rfreqPW,0.06768344457361303,3,21,4,0.2620581842140928,NA,NA,0,0.827327674932915,0.13320677605539094,1,0
all_breaths,focusedBreathing,w4_rfreqGated,0.0666230465597755,3,21,4,0.3203740423453061,NA,NA,0,0.8614039888825687,0.19981016408308644,1,0
all_breaths,focusedBreathing,w4_rfreqRaw,0.06547582904830619,3,21,4,0.09798209959462857,NA,NA,0,0.883767802175532,0.14611668386692664,1,0
all_breaths,focusedBreathing,w4_rpowZ,0.031884615982582035,3,21,4,-0.4261019655341313,NA,NA,0,-0.951046252560253,0.025526408627354655,0,0
all_breaths,focusedBreathing,w4_rpowDb,0.5547228915432039,3,21,4,-1.643077490331894,NA,NA,0,-0.6916683455004962,-0.021712117683037293,0,0
all_breaths,focusedBreathing,w4_bandDb,1.8090366461885914,3,21,4,-1.426024998133496,NA,NA,0,-0.790085253939143,0.009095616867218326,0,0
all_breaths,focusedBreathing,w4_aucZ,0.031884615967023716,3,21,4,-0.42610196553412844,NA,NA,0,-0.951046252560254,0.025526408627354655,0,0
all_breaths,focusedBreathing,w5_rfreqPW,0.04448219468058074,3,21,4,-1.2233209662382005,NA,NA,0,1.4954916319685378,0.08098033081781476,1,0
all_breaths,focusedBreathing,w5_rfreqGated,0.041268601025473785,3,21,4,-1.0191048553247244,NA,NA,0,1.2701827676505488,0.17252331348143146,1,0
all_breaths,focusedBreathing,w5_rfreqRaw,0.043937905151361,3,21,4,-1.524741761932034,NA,NA,0,1.2545796348598803,0.10269244850085206,1,0
all_breaths,focusedBreathing,w5_rpowZ,0.09706350015667148,3,21,4,-0.0900277513219455,NA,NA,0,-1.477075248996594,0.008508802875784885,0,0
all_breaths,focusedBreathing,w5_rpowDb,0.6248619731991952,3,21,4,-1.551084568780878,NA,NA,0,-0.7471869359220137,-0.02024508270445369,0,0
all_breaths,focusedBreathing,w5_bandDb,2.366106070793375,3,21,4,-1.3307923438323235,NA,NA,0,-0.8181699898284959,-0.002347255965733761,0,0
all_breaths,focusedBreathing,w5_aucZ,0.09706350010664341,3,21,4,-0.09002775132194842,NA,NA,0,-1.4770752489965966,0.008508802875784885,0,0
all_breaths,focusedBreathing,p1_rfreqPW,0.04525066280170628,3,21,4,0.4139750545307453,NA,NA,0,0.2794250078222626,0.1032792624922855,1,0
all_breaths,focusedBreathing,p1_rfreqGated,0.05999630961943784,3,21,4,0.5911838341144232,NA,NA,0,0.27645212350360465,0.08244736579639836,1,0
all_breaths,focusedBreathing,p1_rfreqRaw,0.042254239387736675,3,21,4,0.31275337469323966,NA,NA,0,0.24941619529748685,0.08479462176213214,1,0
all_breaths,focusedBreathing,p1_rpowZ,0.016628387035856902,3,21,4,-1.6045514711926672,NA,NA,0,0.15999117513733271,0.025233001631637934,0,0
all_breaths,focusedBreathing,p1_rpowDb,0.4349951259479162,3,21,4,-1.689021610185014,NA,NA,0,-0.6115467583397838,-0.054573701203309954,0,0
all_breaths,focusedBreathing,p1_bandDb,2.2472293920579296,3,21,4,-1.4876761028043648,NA,NA,0,-0.7283768009742384,0.009095616867218326,0,0
all_breaths,focusedBreathing,p1_aucZ,0.030156508961435784,3,21,4,-0.14459518485403147,NA,NA,0,-0.4510847688140036,0.005868139914334403,0,0
all_breaths,focusedBreathing,p2_rfreqPW,0.045341041834952925,3,21,4,-0.12746888245902194,NA,NA,0,1.3756931613000918,0.10797377442375303,1,0
all_breaths,focusedBreathing,p2_rfreqGated,0.042004743710020304,3,21,4,-0.017321330575678476,NA,NA,0,1.3336713158842695,0.027873664593088418,1,0
all_breaths,focusedBreathing,p2_rfreqRaw,0.043362772009955614,3,21,4,-0.23381760645519967,NA,NA,0,1.3854768305510543,0.06513635304911188,1,0
all_breaths,focusedBreathing,p2_rpowZ,0.047267347680792327,3,21,4,-0.5483082235825303,NA,NA,0,-0.6842121485016424,0.07833966785636429,0,0
all_breaths,focusedBreathing,p2_rpowDb,0.5057623037030559,3,21,4,-1.5793509979689064,NA,NA,0,-0.7984833134843125,0.004107697940034082,0,0
all_breaths,focusedBreathing,p2_bandDb,1.7130985666374732,3,21,4,-1.3997688429516846,NA,NA,0,-0.8182690835305985,-0.002347255965733761,0,0
all_breaths,focusedBreathing,p2_aucZ,0.2006810138211864,3,21,4,0.5679484180115495,NA,NA,0,-1.8633997138698275,0.2197618397918234,0,0
all_breaths,focusedBreathing,p3_rfreqPW,NA,0,0,0,NA,NA,NA,0,NA,NA,1,1
all_breaths,focusedBreathing,p3_rfreqGated,NA,0,0,0,NA,NA,NA,0,NA,NA,1,1
all_breaths,focusedBreathing,p3_rfreqRaw,NA,0,0,0,NA,NA,NA,0,NA,NA,1,1
all_breaths,focusedBreathing,p3_rpowZ,NA,0,0,0,NA,NA,NA,0,NA,NA,0,1
all_breaths,focusedBreathing,p3_rpowDb,NA,0,0,0,NA,NA,NA,0,NA,NA,0,1
all_breaths,focusedBreathing,p3_bandDb,NA,0,0,0,NA,NA,NA,0,NA,NA,0,1
all_breaths,focusedBreathing,p3_aucZ,NA,0,0,0,NA,NA,NA,0,NA,NA,0,1
all_breaths,focusedBreathing,p4_rfreqPW,0.06936419762467495,3,21,4,-0.8236556082466543,NA,NA,0,0.1195470729397389,0.11706939129097135,1,0
all_breaths,focusedBreathing,p4_rfreqGated,0.07076787654949958,3,21,4,-0.7408800672085405,NA,NA,0,-0.090347210901743,0.1643079176013633,1,0
all_breaths,focusedBreathing,p4_rfreqRaw,0.06775968601615061,3,21,4,-0.8315854079760288,NA,NA,0,0.08745101982672256,-0.01877804772587009,1,0
all_breaths,focusedBreathing,p4_rpowZ,0.05102205183480481,3,21,4,-0.045484632466943516,NA,NA,0,-0.22990607425761433,-0.09829134356510125,0,0
all_breaths,focusedBreathing,p4_rpowDb,0.42151502860922613,3,21,4,-1.6626160513256387,NA,NA,0,-0.5434585775855658,-0.056040736181893556,0,0
all_breaths,focusedBreathing,p4_bandDb,2.016299993472479,3,21,4,-1.388730164062972,NA,NA,0,-0.7603598861279006,-0.06102865510907779,0,0
all_breaths,focusedBreathing,p4_aucZ,0.08883211037634224,3,21,4,-0.71148713277698294,NA,NA,0,0.0022229339482433023,0.030514327554538895,0,0
all_breaths,focusedBreathing,peakZ,0.038499178714204545,3,21,4,-0.15178705894456676,NA,NA,0,-0.14534502520759207,0.012323093820102247,0,0
all_breaths,focusedBreathing,peakLatMs,0.08598103228534319,3,21,4,1.0721018966423006,NA,NA,0,-0.5830917383562226,-0.39228515327325486,0,0
all_breaths,focusedBreathing,peakFreq,0.052346132067229524,3,21,4,0.7078690085182493,NA,NA,0,0.32372151681266664,-0.012909907811535688,0,0
all_breaths,focusedBreathing,anyBurst,0,3,21,4,-0.46946607001073043,NA,NA,0,0.7787438101653684,0.0651911960713465,0,0
all_breaths,focusedBreathing,burstLatMs,0.11672648767803828,3,21,4,0.44374503975780255,NA,NA,0,-0.8015062906035585,-0.085968249744999,0,0
all_breaths,focusedBreathing,timeAboveMs,0.04798582233359758,3,21,4,-1.1647213674880248,NA,NA,0,-1.0861848157479435,0.0624956900876614,0,0
all_breaths,focusedBreathing,nBursts,0.024420297009290236,3,21,4,0.2250611299094107,NA,NA,0,-1.499203659159493,0.12616500815818968,0,0
all_breaths,focusedBreathing,dutyCycle,0.047985822112033574,3,21,4,-1.1647213674880244,NA,NA,0,-1.086184815747944,0.0624956900876614,0,0
all_breaths,focusedBreathing,maxBurstMs,0.06058167268459586,3,21,4,-1.303900882155977,NA,NA,0,-0.3892770886353189,-0.05222644523757619,0,0
all_breaths,focusedBreathing,peakZ_base,0.21069734725077938,3,21,4,0.14173464001409702,NA,NA,0,0.18195149718282175,-0.05750777116047716,0,0
all_breaths,focusedBreathing,anyBurst_base,0,3,21,4,-0.26675071376352216,NA,NA,0,1.0912866182058403,-0.09196424453352267,0,0
all_breaths,focusedBreathing,timeAboveMs_base,0.06909667333667306,3,21,4,-0.9017453932379333,NA,NA,0,-1.4174631646200133,0.11824301927383822,0,0
all_breaths,focusedBreathing,chirpSlope,1.4044016759883906,3,21,4,-1.3127108188126115,NA,NA,0,0.29462332527730045,-0.006161546910051123,0,0
all_breaths,focusedBreathing,freqSpan,0.04231485746052757,3,21,4,-0.44489194335703913,NA,NA,0,1.453817022182043,0.26289266816218126,0,0
all_breaths,focusedBreathing,freqJitter,0.08949006262555002,3,21,4,0.014157269359735571,NA,NA,0,1.4996507429168309,0.2150673278603559,0,0
all_breaths,focusedBreathing,apExp,0.16114201327175534,3,21,4,0.49149000510261853,NA,NA,0,0.4541478219533829,0.1525716377726945,0,0
all_breaths,focusedBreathing,apOffset,0.5856257936340094,3,21,4,-0.16448619557309266,NA,NA,0,0.17881441150054328,0.06308250407909484,0,0
all_breaths,focusedBreathing,gammaBumpDb,0.2243242538656078,3,21,4,-1.1732299143493978,NA,NA,0,-0.17402602101036668,0.15931999867417904,0,0
all_breaths,focusedBreathing,gammaPeakPresent,0.015745916416555247,3,21,4,-0.4162432765428101,NA,NA,0,0.9457050372879056,0.09597565328698829,0,0
all_breaths,threshTask,inhalePeakMs,0.5225511894294408,5,22,4,-0.808202001563553,NA,NA,0,-0.024549981768776166,0.1246086689336931,0,0
all_breaths,threshTask,returnCrossMs,0.10768477661836855,5,22,4,-0.9688028927256671,NA,NA,0,-0.288877147355724,0.09444860893700305,0,0
all_breaths,threshTask,exhaleStartMs,0.10768477661836855,5,22,4,-0.9688028927256671,NA,NA,0,-0.288877147355724,0.09444860893700305,0,0
all_breaths,threshTask,exhaleTroughMs,0.09965201235813474,5,22,4,-0.06570685562981364,NA,NA,0,-0.8511281516737621,-0.07090259718520116,0,0
all_breaths,threshTask,endSymMs,0.09965201235815674,5,22,4,-0.06570685562981364,NA,NA,0,-0.8511281516737621,-0.07090259718520116,0,0
all_breaths,threshTask,breathLenMs,0.09965201235813474,5,22,4,-0.06570685562981364,NA,NA,0,-0.8511281516737621,-0.07090259718520116,0,0
all_breaths,threshTask,inhaleVolume,0.6124037670337771,5,22,4,0.2634457926325872,NA,NA,0,0.29636804366247205,0.1690550731393416,0,0
all_breaths,threshTask,inhaleDuration,0.5225511885154243,5,22,4,-0.8082020015635529,NA,NA,0,-0.024549981768775837,0.1246086689336931,0,0
all_breaths,threshTask,peakInspFlow,0.5035344680392608,5,22,4,0.5914421951822992,NA,NA,0,0.5454208885068913,0.002910181227750794,0,0
all_breaths,threshTask,breathLength,0.0996520123141613,5,22,4,-0.06570685562981278,NA,NA,0,-0.8511281516737628,-0.07090259718520116,0,0
all_breaths,threshTask,w1_rfreqPW,0.07799995518485843,5,22,4,-0.49757088185286263,NA,NA,0,0.48234460851751865,0.029366374207303467,1,0
all_breaths,threshTask,w1_rfreqGated,0.088325046850276,5,22,4,-0.5545744221040854,NA,NA,0,0.5070582995043014,0.056880814906038246,1,0
all_breaths,threshTask,w1_rfreqRaw,0.06872884659321028,5,22,4,-0.5853013325904071,NA,NA,0,0.4412968485907898,0.05979099613378904,1,0
all_breaths,threshTask,w1_rpowZ,0.11338584249904692,5,22,4,0.3570835827659047,NA,NA,0,0.12754747289126936,0.10079809525209568,0,0
all_breaths,threshTask,w1_rpowDb,3.023654996082611,5,22,4,-1.1100564377484354,NA,NA,0,-0.48208354552045,0.028043564558325833,0,0
all_breaths,threshTask,w1_bandDb,3.311389006471695,5,22,4,-0.931969680924495,NA,NA,0,-0.6552304191547903,0.043123594556670856,0,0
all_breaths,threshTask,w1_aucZ,0.1133858424294815,5,22,4,0.3570835827659048,NA,NA,0,0.12754747289127075,0.10079809525209568,0,0
all_breaths,threshTask,w2_rfreqPW,0.062222548935897876,5,22,4,-0.7387939795526415,NA,NA,0,1.0826939164170353,0.19392389454012107,1,0
all_breaths,threshTask,w2_rfreqGated,0.06334753448580119,5,22,4,-0.6826991216380202,NA,NA,0,1.021372567005909,0.22434851646660667,1,0
all_breaths,threshTask,w2_rfreqRaw,0.06254006120653308,5,22,4,-0.661516782467153,NA,NA,0,0.9581152320831704,0.22434851646660667,1,0
all_breaths,threshTask,w2_rpowZ,0.09555911870668135,5,22,4,-0.27975615381610236,NA,NA,0,-0.1914740110003057,-0.0026456192979552673,0,0
all_breaths,threshTask,w2_rpowDb,1.597269874645266,5,22,4,-1.171091578208922,NA,NA,0,-0.5102461262526277,0.0023810573681597408,0,0
all_breaths,threshTask,w2_bandDb,8.135077047234306,5,22,4,-0.9596597290734109,NA,NA,0,-0.5509561007865279,0.0386260417501469,0,0
all_breaths,threshTask,w2_aucZ,0.09555911866449213,5,22,4,-0.27975615381610097,NA,NA,0,-0.19147401100030562,-0.0026456192979552673,0,0
all_breaths,threshTask,w3_rfreqPW,0.03779749027751968,5,22,4,1.2874271927530774,NA,NA,0,1.111320104668914,0.11032232472473465,1,0
all_breaths,threshTask,w3_rfreqGated,0.04302148567402822,5,22,4,1.2821460549766053,NA,NA,0,1.1927818545189637,0.06614048244888168,1,0
all_breaths,threshTask,w3_rfreqRaw,0.029991801803647116,5,22,4,1.2784309042414328,NA,NA,0,1.0297479650667491,0.11931743033778255,1,0
all_breaths,threshTask,w3_rpowZ,0.11280990758163593,5,22,4,-0.1474849669176986,NA,NA,0,-0.07572949066745593,-0.009524229472638963,0,0
all_breaths,threshTask,w3_rpowDb,1.4190705874018292,5,22,4,-1.1637553834910677,NA,NA,0,-0.6087561155813414,0.029630936137098992,0,0
all_breaths,threshTask,w3_bandDb,47.580939513009156,5,22,4,-0.9548748377913727,NA,NA,0,-0.5920855646699558,0.044710966135444015,0,0
all_breaths,threshTask,w3_aucZ,0.11280990752850154,5,22,4,-0.14748496691769675,NA,NA,0,-0.07572949066745427,-0.009524229472638963,0,0
all_breaths,threshTask,w4_rfreqPW,0.05587732041872721,5,22,4,1.4558298444045787,NA,NA,0,0.5838960764143145,0.007407734034274748,1,0
all_breaths,threshTask,w4_rfreqGated,0.05330461224226643,5,22,4,1.521439826757711,NA,NA,0,0.4630418949950093,-0.01375722034936739,1,0
all_breaths,threshTask,w4_rfreqRaw,0.05571235488375817,5,22,4,1.3233936063073752,NA,NA,0,0.6165823185288972,0.07989770279824908,1,0
all_breaths,threshTask,w4_rpowZ,0.13106640431021016,5,22,4,-0.8733965964472766,NA,NA,0,-0.8214079904765038,-0.13572026998510522,0,0
all_breaths,threshTask,w4_rpowDb,1.5005201630907838,5,22,4,-1.1597791481541613,NA,NA,0,-0.5272179692420237,0.02513338333057504,0,0
all_breaths,threshTask,w4_bandDb,427.786677943073,5,22,4,-0.9489998298513901,NA,NA,0,-0.6495720888146017,0.03571586052239611,0,0
all_breaths,threshTask,w4_aucZ,0.13106640425153923,5,22,4,-0.8733965964472765,NA,NA,0,-0.8214079904765078,-0.13572026998510522,0,0
all_breaths,threshTask,w5_rfreqPW,0.055833166816061215,5,22,4,0.3339423187087468,NA,NA,0,0.11303341708881617,0.27540896891714334,1,0
all_breaths,threshTask,w5_rfreqGated,0.0540578484827902,5,22,4,0.3043699872098717,NA,NA,0,0.17412621495981212,0.1862515985760508,1,0
all_breaths,threshTask,w5_rfreqRaw,0.05418869012539859,5,22,4,0.3746946942589329,NA,NA,0,0.14984731437315832,0.27064685418082385,1,0
all_breaths,threshTask,w5_rpowZ,0.06713561022947835,5,22,4,-1.30242499502786,NA,NA,0,-1.7404807823825854,-0.06799241595745037,0,0
all_breaths,threshTask,w5_rpowDb,1.79798475610039,5,22,4,-1.1773063326756512,NA,NA,0,-0.5737066671461342,0.037303232101169266,0,0
all_breaths,threshTask,w5_bandDb,1641.9946266201684,5,22,4,-0.9623776977480484,NA,NA,0,-0.6970481964927024,0.05238326209951429,0,0
all_breaths,threshTask,w5_aucZ,0.06713561019930003,5,22,4,-1.3024249950278595,NA,NA,0,-1.7404807823825867,-0.06799241595745037,0,0
all_breaths,threshTask,p1_rfreqPW,0.08241405990113804,5,22,4,-0.9003003772200381,NA,NA,0,1.1428383226595635,0.16429295840302208,1,0
all_breaths,threshTask,p1_rfreqGated,0.08622527171322367,5,22,4,-0.7776043552284028,NA,NA,0,1.2191005153395245,0.28070020751305386,1,0
all_breaths,threshTask,p1_rfreqRaw,0.08212849018263647,5,22,4,-0.921217071802765,NA,NA,0,0.988909998335198,0.1563561005091563,1,0
all_breaths,threshTask,p1_rpowZ,0.1347214927270538,5,22,4,-0.4987229167645035,NA,NA,0,-0.2580458987305398,-0.168261387349955,0,0
all_breaths,threshTask,p1_rpowDb,1.785437138342661,5,22,4,-1.14510997199451,NA,NA,0,-0.5526775692657565,7.936857893865801e-4,0,0
all_breaths,threshTask,p1_bandDb,5.879073504176241,5,22,4,-0.9718193556760064,NA,NA,0,-0.6100774229839654,0.03254111736484979,0,0
all_breaths,threshTask,p1_aucZ,0.45406627500811414,5,22,4,-0.8701883536385756,NA,NA,0,-0.17398937265238798,0.07460646420233853,0,0
all_breaths,threshTask,p2_rfreqPW,0.030053674502459823,5,22,4,1.1414867392978003,NA,NA,0,0.9428799636860211,0.24339697541188457,1,0
all_breaths,threshTask,p2_rfreqGated,0.03353200227569702,5,22,4,1.0152159005312411,NA,NA,0,0.9654987450295395,0.19947969506582713,1,0
all_breaths,threshTask,p2_rfreqRaw,0.026490366475181323,5,22,4,1.0890869159524665,NA,NA,0,0.887405804828272,0.19815688541684953,1,0
all_breaths,threshTask,p2_rpowZ,0.0729031209185062,5,22,4,-0.45700757621122895,NA,NA,0,0.06191604926064221,0.11058688665453018,0,0
all_breaths,threshTask,p2_rpowDb,1.2817199430662194,5,22,4,-1.1829859153952527,NA,NA,0,-0.556543250195415,0.044710966135444015,0,0
all_breaths,threshTask,p2_bandDb,28.831978853546776,5,22,4,-0.9666681580405757,NA,NA,0,-0.5854800492643816,0.06137836771256221,0,0
all_breaths,threshTask,p2_aucZ,0.3167982353021301,5,22,4,-0.921541004936859,NA,NA,0,-0.3137707356488851,-0.12804797402103493,0,0
all_breaths,threshTask,p3_rfreqPW,0.07633191435138596,5,22,4,0.8420087957461738,NA,NA,0,0.07301477199997264,0.04021341332892006,1,0
all_breaths,threshTask,p3_rfreqGated,0.08014610127106521,5,22,4,0.879285597361222,NA,NA,0,0.028892172731736925,-0.07910401700886249,1,0
all_breaths,threshTask,p3_rfreqRaw,0.07158708186863992,5,22,4,0.8096758650387991,NA,NA,0,0.05040977820522184,0.06746329209785933,1,0
all_breaths,threshTask,p3_rpowZ,0.09125743075414817,5,22,4,-1.3014920955607316,NA,NA,0,-1.277165495058544,0.04894395701217244,0,0
all_breaths,threshTask,p3_rpowDb,1.603476989459339,5,22,4,-1.0964022237966162,NA,NA,0,-0.5655117305376932,0.03889060367994243,0,0
all_breaths,threshTask,p3_bandDb,79.25097448457512,5,22,4,-0.9558137304587336,NA,NA,0,-0.6658043096305329,0.04788570929299034,0,0
all_breaths,threshTask,p3_aucZ,0.26794441783192846,5,22,4,0.32765005923904705,NA,NA,0,-0.9354767055787623,-0.10741214349698384,0,0
all_breaths,threshTask,p4_rfreqPW,0.027799865565894557,5,22,4,-0.4720764504581634,NA,NA,0,-0.4513416997427072,-0.1611182152454758,1,0
all_breaths,threshTask,p4_rfreqGated,0.03709322681283599,5,22,4,-0.5450664468919251,NA,NA,0,-0.3254622456962618,-0.16561576805199973,1,0
all_breaths,threshTask,p4_rfreqRaw,0.020309941274323676,5,22,4,-0.4584901313796444,NA,NA,0,-0.5467231909400154,-0.1613827771752713,1,0
all_breaths,threshTask,p4_rpowZ,0.05816169041002708,5,22,4,-0.5480405150024068,NA,NA,0,-0.5376609107986406,0.257154195761252,0,0
all_breaths,threshTask,p4_rpowDb,1.6831516450726458,5,22,4,-1.108646388136918,NA,NA,0,-0.41032144613736604,0.08730543683252383,0,0
all_breaths,threshTask,p4_bandDb,7.194737422005509,5,22,4,-0.9267122237948263,NA,NA,0,-0.6598737395277642,0.08730543683252383,0,0
all_breaths,threshTask,p4_aucZ,0.03403906126147013,5,22,4,-0.7344951868832661,NA,NA,0,0.06843876384660137,0.02116495438364214,0,0
all_breaths,threshTask,peakZ,0.044670225186152525,5,22,4,0.21771193662578164,NA,NA,0,0.6707660531438598,-0.14736099489610838,0,0
all_breaths,threshTask,peakLatMs,0.03335305962642072,5,22,4,-0.7914694411649119,NA,NA,0,-0.19095682356202992,0.0870408749027283,0,0
all_breaths,threshTask,peakFreq,0.05277940844398818,5,22,4,1.4023623951162838,NA,NA,0,0.389487490066025,0.08599321813353816,0,0
all_breaths,threshTask,anyBurst,0,5,22,4,-0.47906929276816845,NA,NA,0,-0.5659426965157773,0.13516597708859635,0,0
all_breaths,threshTask,burstLatMs,0.21544887696170928,5,22,4,0.2703552777736901,NA,NA,0,0.3341708817635607,0.04180078490769323,0,0
all_breaths,threshTask,timeAboveMs,0.20647555935206788,5,22,4,-0.6807230721692287,NA,NA,0,-0.5514996610165456,-0.09815247595414042,0,0
all_breaths,threshTask,nBursts,0.1411238898401871,5,22,4,0.3315783965520305,NA,NA,0,-1.1408863791470794,-0.11561356332064518,0,0
all_breaths,threshTask,dutyCycle,0.20647555854036165,5,22,4,-0.6807230721692282,NA,NA,0,-0.5514996610165455,-0.09815247595414042,0,0
all_breaths,threshTask,maxBurstMs,0.11974233958918835,5,22,4,-0.5128878243760234,NA,NA,0,-0.4065028892912787,0.01375722034936739,0,0
all_breaths,threshTask,peakZ_base,0.2648363451366137,5,22,4,0.21975441698584514,NA,NA,0,0.1832092473571955,-0.13042903138919468,0,0
all_breaths,threshTask,anyBurst_base,0,5,22,4,NA,NA,NA,0,NA,NA,0,0
all_breaths,threshTask,timeAboveMs_base,0.04265982760304735,5,22,4,-0.7663275938936067,NA,NA,0,-0.5747748461009436,-0.04180078490769323,0,0
all_breaths,threshTask,chirpSlope,1.1812126939188465,5,22,4,1.1545627756350167,NA,NA,0,0.7114460558069678,-0.0267207549093482,0,0
all_breaths,threshTask,freqSpan,0.06786869638502716,5,22,4,-1.4547838225659142,NA,NA,0,-0.6660282937110604,-0.25149708872593235,0,0
all_breaths,threshTask,freqJitter,0.08211257894651641,5,22,4,-0.8326634436675522,NA,NA,0,-0.9954152678425338,-0.16349927261363553,0,0
all_breaths,threshTask,apExp,0.3323481898571039,5,22,4,0.791158698189219,NA,NA,0,0.6744345829076193,-0.012434410700389757,0,0
all_breaths,threshTask,apOffset,2.7460945591142174,5,22,4,0.576550670935542,NA,NA,0,0.6308954814741566,0.020900392453846613,0,0
all_breaths,threshTask,gammaBumpDb,0.2609958371967862,5,22,4,-0.4982892195193192,NA,NA,0,-0.38535175747977995,-0.08201419823661328,0,0
all_breaths,threshTask,gammaPeakPresent,0.012422901790690772,5,22,4,-0.044157188537965894,NA,NA,0,-0.6113397176021732,-0.013571192594273607,0,0
peak_gated,cueTask,inhalePeakMs,0.3814393086822682,11,23,4,0.18434805221282013,NA,NA,0,0.10888106851685656,0.07319702841293149,0,0
peak_gated,cueTask,returnCrossMs,0.29147360491315977,11,23,4,0.1483702909596058,NA,NA,0,-0.11909317823444864,-0.06171514160305989,0,0
peak_gated,cueTask,exhaleStartMs,0.29147360491315977,11,23,4,0.1483702909596058,NA,NA,0,-0.11909317823444864,-0.06171514160305989,0,0
peak_gated,cueTask,exhaleTroughMs,0.1370643519284811,11,23,4,0.425298784177855,NA,NA,0,-0.6379493003427242,-0.22820250034619818,0,0
peak_gated,cueTask,endSymMs,0.1370643519285118,11,23,4,0.425298784177855,NA,NA,0,-0.6379493003427242,-0.22820250034619818,0,0
peak_gated,cueTask,breathLenMs,0.1370643519284811,11,23,4,0.425298784177855,NA,NA,0,-0.6379493003427242,-0.22820250034619818,0,0
peak_gated,cueTask,inhaleVolume,1.0482260321316748,11,23,4,0.28785110396242547,NA,NA,0,0.3175814582306682,0.07032655671046359,0,0
peak_gated,cueTask,inhaleDuration,0.38143930772748136,11,23,4,0.1843480522128202,NA,NA,0,0.10888106851685665,0.07319702841293149,0,0
peak_gated,cueTask,peakInspFlow,0.6958477170242618,11,23,4,0.4462562884549585,NA,NA,0,0.4672793443136767,0.001435235851233951,0,0
peak_gated,cueTask,breathLength,0.13706435186713298,11,23,4,0.4252987841778554,NA,NA,0,-0.6379493003427236,-0.22820250034619818,0,0
peak_gated,cueTask,w1_rfreqPW,0.05285185417475447,11,23,4,-0.4123527352791567,NA,NA,0,0.15745562888841477,0.04592754723948643,1,0
peak_gated,cueTask,w1_rfreqGated,0.06100191413212715,11,23,4,-0.403834303777177,NA,NA,0,0.3399343437412252,-0.08324367937156915,1,0
peak_gated,cueTask,w1_rfreqRaw,0.05115410716124186,11,23,4,-0.5224310548656509,NA,NA,0,0.2451168677939709,0.11768933980118397,1,0
peak_gated,cueTask,w1_rpowZ,0.11199101852739447,11,23,4,0.11713398809651049,NA,NA,0,1.559615209188487,0.04592754723948643,0,0
peak_gated,cueTask,w1_rpowDb,1.6701976311627074,11,23,4,-1.4344185972037964,NA,NA,0,-0.5538617589389188,-0.06745608500799569,0,0
peak_gated,cueTask,w1_bandDb,4.4204111350167805,11,23,4,-1.414574851544841,NA,NA,0,-0.8860607057569847,-0.11625410394995,0,0
peak_gated,cueTask,w1_aucZ,0.11199101846197884,11,23,4,0.11713398809650993,NA,NA,0,1.5596152091884863,0.04592754723948643,0,0
peak_gated,cueTask,w2_rfreqPW,0.039196876992791,11,23,4,-0.4098126238763159,NA,NA,0,1.3502334982532447,0.3473270759986161,1,0
peak_gated,cueTask,w2_rfreqGated,0.047224486541788666,11,23,4,-0.2744132205853141,NA,NA,0,1.4600935949960203,0.27125957588321675,1,0
peak_gated,cueTask,w2_rfreqRaw,0.037970923250992224,11,23,4,-0.41691671365834604,NA,NA,0,1.3848526153068903,0.30139952875912973,1,0
peak_gated,cueTask,w2_rpowZ,0.16340960997651327,11,23,4,-0.28248787445576123,NA,NA,0,-0.42918321701867546,0.10764268884254632,0,0
peak_gated,cueTask,w2_rpowDb,1.2004080481900614,11,23,4,-1.4809443332639773,NA,NA,0,-1.2131444233825912,-0.04879801894195433,0,0
peak_gated,cueTask,w2_bandDb,2.9684591742158437,11,23,4,-1.4107783121903865,NA,NA,0,-1.3630739804227172,-0.08898462277650496,0,0
peak_gated,cueTask,w2_aucZ,0.16340960990639733,11,23,4,-0.28248787445576123,NA,NA,0,-0.42918321701867657,0.10764268884254632,0,0
peak_gated,cueTask,w3_rfreqPW,0.07326837602195355,11,23,4,0.536938370028666,NA,NA,0,1.0185660887037769,0.0846789152228031,1,0
peak_gated,cueTask,w3_rfreqGated,0.07297409979276734,11,23,4,0.42397845743602997,NA,NA,0,1.2207486244597736,0.12055981150365189,1,0
peak_gated,cueTask,w3_rfreqRaw,0.070311401881097,11,23,4,0.5598348990002457,NA,NA,0,1.1385165483903956,0.0789379718178673,1,0
peak_gated,cueTask,w3_rpowZ,0.13697165380359452,11,23,4,-0.6611898253346762,NA,NA,0,0.6018978332757,-0.05023325479318828,0,0
peak_gated,cueTask,w3_rpowDb,0.8782694396088869,11,23,4,-1.723770244456889,NA,NA,0,-1.1214903694377623,-0.01435235851233951,0,0
peak_gated,cueTask,w3_bandDb,2.3473939253213345,11,23,4,-1.5773793548171753,NA,NA,0,-1.1797796209549505,-0.010046650958637656,0,0
peak_gated,cueTask,w3_aucZ,0.136971653738563,11,23,4,-0.6611898253346759,NA,NA,0,0.6018978332757001,-0.05023325479318828,0,0
peak_gated,cueTask,w4_rfreqPW,0.07080269788228605,11,23,4,1.5467149546029861,NA,NA,0,0.4589032659132703,0.12199504735488581,1,0
peak_gated,cueTask,w4_rfreqGated,0.07430729819653271,11,23,4,1.5124394110559347,NA,NA,0,0.2614907828303383,0.05740943404935804,1,0
peak_gated,cueTask,w4_rfreqRaw,0.0699177073712928,11,23,4,1.3974114599431116,NA,NA,0,0.5876446094576762,0.06315037745429385,1,0
peak_gated,cueTask,w4_rpowZ,0.1173490486531994,11,23,4,-0.9854110847638198,NA,NA,0,0.4741977735691066,-0.15357023608203274,0,0
peak_gated,cueTask,w4_rpowDb,0.8808052079932674,11,23,4,-1.8816340575822448,NA,NA,0,-1.080101035690349,-0.011481886809871607,0,0
peak_gated,cueTask,w4_bandDb,2.1065454782184507,11,23,4,-1.6109855755010118,NA,NA,0,-1.2977269979494033,-0.05740943404935804,0,0
peak_gated,cueTask,w4_aucZ,0.1173490485977574,11,23,4,-0.9854110847638183,NA,NA,0,0.4741977735691054,-0.15357023608203274,0,0
peak_gated,cueTask,w5_rfreqPW,0.0708817955758705,11,23,4,1.3451684897468719,NA,NA,0,-0.15840274090919118,-0.012917122661105557,1,0
peak_gated,cueTask,w5_rfreqGated,0.08099473169532219,11,23,4,1.1585177174839463,NA,NA,0,-0.6898146622711422,-0.04879801894195433,1,0
peak_gated,cueTask,w5_rfreqRaw,0.06699098789744128,11,23,4,1.261607700321585,NA,NA,0,0.11825492001494466,-0.017222830214807413,1,0
peak_gated,cueTask,w5_rpowZ,0.10224034554090522,11,23,4,-0.926611249935955,NA,NA,0,0.1975860710326328,-0.08324367937156915,0,0
peak_gated,cueTask,w5_rpowDb,0.8832417943075874,11,23,4,-1.9334475109266218,NA,NA,0,-1.0499508228354673,-0.03875136798331667,0,0
peak_gated,cueTask,w5_bandDb,2.0027522345871973,11,23,4,-1.617555676472594,NA,NA,0,-1.3710370474925038,-0.04592754723948643,0,0
peak_gated,cueTask,w5_aucZ,0.10224034549225786,11,23,4,-0.9266112499359553,NA,NA,0,0.19758607103263084,-0.08324367937156915,0,0
peak_gated,cueTask,p1_rfreqPW,0.042836830279961595,11,23,4,-0.668902756625712,NA,NA,0,1.2744877670234964,0.2884824060980241,1,0
peak_gated,cueTask,p1_rfreqGated,0.05294677703244596,11,23,4,-0.5325138359453768,NA,NA,0,1.3197564218315538,0.2454253305610056,1,0
peak_gated,cueTask,p1_rfreqRaw,0.04039779770278674,11,23,4,-0.6780306969900928,NA,NA,0,1.3119697534850057,0.29278811365172597,1,0
peak_gated,cueTask,p1_rpowZ,0.17034230736187803,11,23,4,-0.10349307478714632,NA,NA,0,-0.9710925395823015,0.017222830214807413,0,0
peak_gated,cueTask,p1_rpowDb,1.5068925567913443,11,23,4,-1.355560545068125,NA,NA,0,-1.2987926774370766,-0.05310372649565618,0,0
peak_gated,cueTask,p1_bandDb,3.3666042426049323,11,23,4,-1.3690697638832787,NA,NA,0,-1.512340006411926,-0.09185509447897286,0,0
peak_gated,cueTask,p1_aucZ,0.4270137310761892,11,23,4,0.10388911487457368,NA,NA,0,-0.23807735502620786,0.03731613213208272,0,0
peak_gated,cueTask,p2_rfreqPW,0.06491903242858174,11,23,4,0.60669098936864,NA,NA,0,0.9280056482611847,0.2425548588585377,1,0
peak_gated,cueTask,p2_rfreqGated,0.06822083185912035,11,23,4,0.6277964763199229,NA,NA,0,0.8962508392891607,0.24686056641223955,1,0
peak_gated,cueTask,p2_rfreqRaw,0.05879494992999854,11,23,4,0.7046533427652684,NA,NA,0,0.8944257970249904,0.2425548588585377,1,0
peak_gated,cueTask,p2_rpowZ,0.1243329414655028,11,23,4,-0.8053421393633132,NA,NA,0,0.43145378441635857,0.025834245322211114,0,0
peak_gated,cueTask,p2_rpowDb,0.8534868159329054,11,23,4,-1.7367532443311804,NA,NA,0,-1.2049159157542568,-0.030139952875912972,0,0
peak_gated,cueTask,p2_bandDb,2.2086937488308793,11,23,4,-1.5503588817102814,NA,NA,0,-1.2794476993917265,-0.021528537768509264,0,0
peak_gated,cueTask,p2_aucZ,0.42849343410567836,11,23,4,-0.2987609065732599,NA,NA,0,-0.1651887223628639,-0.16218165118943645,0,0
peak_gated,cueTask,p3_rfreqPW,0.07299499267459884,11,23,4,0.9774998904023032,NA,NA,0,-0.6264390373450219,0.21815584938756052,1,0
peak_gated,cueTask,p3_rfreqGated,0.07193403444549716,11,23,4,0.9645126907141597,NA,NA,0,-0.4401443767842749,0.15644070778450064,1,0
peak_gated,cueTask,p3_rfreqRaw,0.07087717698047731,11,23,4,0.9086608195685538,NA,NA,0,-0.17834262228346745,0.11912457565241792,1,0
peak_gated,cueTask,p3_rpowZ,0.10557876824507326,11,23,4,-0.9158962963533601,NA,NA,0,0.38454012137838345,0.030139952875912972,0,0
peak_gated,cueTask,p3_rpowDb,0.8500410630439108,11,23,4,-1.8308377456036125,NA,NA,0,-1.031490526944483,-0.034445660429614826,0,0
peak_gated,cueTask,p3_bandDb,1.9506720942825089,11,23,4,-1.5944762696762644,NA,NA,0,-1.3464125842194312,-0.01435235851233951,0,0
peak_gated,cueTask,p3_aucZ,0.2893615503836401,11,23,4,0.060034667694542423,NA,NA,0,-0.3658699089670909,-0.28274146269308836,0,0
peak_gated,cueTask,p4_rfreqPW,0.061906510183364225,11,23,4,0.3405713382008714,NA,NA,0,-0.2991060567890071,0.09041985862773891,1,0
peak_gated,cueTask,p4_rfreqGated,0.0639587194940999,11,23,4,0.3459402371398329,NA,NA,0,-0.3612979961487949,0.13060646246228952,1,0
peak_gated,cueTask,p4_rfreqRaw,0.05788918000840777,11,23,4,0.3516038589015932,NA,NA,0,-0.11239213560422633,0.09903127373514262,1,0
peak_gated,cueTask,p4_rpowZ,0.0873390338384749,11,23,4,0.029111551162821048,NA,NA,0,-0.49893237968417953,-0.05740943404935804,0,0
peak_gated,cueTask,p4_rpowDb,1.050187748227321,11,23,4,-1.6535953556086158,NA,NA,0,-1.1891582785261265,-0.017222830214807413,0,0
peak_gated,cueTask,p4_bandDb,2.46852407514633,11,23,4,-1.4670083838016141,NA,NA,0,-1.3887515043458851,-0.022963773619743215,0,0
peak_gated,cueTask,p4_aucZ,0.17329107780621023,11,23,4,-0.8326075252902198,NA,NA,0,0.37268874455788403,0.07319702841293149,0,0
peak_gated,cueTask,peakZ,0.05872888941907766,11,23,4,-0.410820487393887,NA,NA,0,-1.4865176208880146,-0.08898462277650496,0,0
peak_gated,cueTask,peakLatMs,0.26448966166366733,11,23,4,-0.6980381189737104,NA,NA,0,1.3046130402698497,0.05453896234689013,0,0
peak_gated,cueTask,peakFreq,0.06506654288159364,11,23,4,0.6489062937317637,NA,NA,0,0.8095496917800217,0.13347693416475745,0,0
peak_gated,cueTask,anyBurst,0.005032814547850914,11,23,4,-0.2653029620347243,NA,NA,0,-0.14212098579506396,-0.009717099321036135,0,0
peak_gated,cueTask,burstLatMs,0.45690592371493594,11,23,4,-0.04622474578736986,NA,NA,0,0.07407718658736097,-0.3100109438665334,0,0
peak_gated,cueTask,timeAboveMs,0.24948670006263024,11,23,4,-0.8737223416193357,NA,NA,0,0.0017417276199773414,0.05166849064442223,0,0
peak_gated,cueTask,nBursts,0.31024619914158047,11,23,4,-0.23041274902719894,NA,NA,0,-1.1673291014418912,-0.16792259459437225,0,0
peak_gated,cueTask,dutyCycle,0.24948669904177068,11,23,4,-0.8737223416193349,NA,NA,0,0.0017417276199769805,0.05166849064442223,0,0
peak_gated,cueTask,maxBurstMs,0.2540196059252802,11,23,4,-0.782920027232053,NA,NA,0,-0.3322895995321387,-0.04449231138825248,0,0
peak_gated,cueTask,peakZ_base,0.5018536890216985,11,23,4,0.04366597067170006,NA,NA,0,-0.7334326775203129,-0.07176179256169754,0,0
peak_gated,cueTask,anyBurst_base,0,11,23,4,NA,NA,NA,0,NA,NA,0,0
peak_gated,cueTask,timeAboveMs_base,0.04746855591989265,11,23,4,-1.0059927112019853,NA,NA,0,-1.1507482596568284,0.05740943404935804,0,0
peak_gated,cueTask,chirpSlope,2.2942819279224116,11,23,4,0.6152081826932507,NA,NA,0,1.04217425167741,0.06458561330552778,0,0
peak_gated,cueTask,freqSpan,0.044400889709572476,11,23,4,-0.4117130509470253,NA,NA,0,0.3606614068653245,-0.3875136798331667,0,0
peak_gated,cueTask,freqJitter,0.0682531043574535,11,23,4,-0.16253749576527432,NA,NA,0,0.33272553397783755,-0.2425548588585377,0,0
peak_gated,cueTask,apExp,0.3956556451690926,11,23,4,0.5931771467100277,NA,NA,0,0.19844329322170615,0.08611415107403705,0,0
peak_gated,cueTask,apOffset,1.7850270671916237,11,23,4,-0.015606604473760655,NA,NA,0,-0.2500063648061308,0.11051316054501423,0,0
peak_gated,cueTask,gammaBumpDb,0.3803365622610239,11,23,4,-0.7973068534416936,NA,NA,0,-0.13421980495618652,-0.16792259459437225,0,0
peak_gated,cueTask,gammaPeakPresent,0,11,23,4,NA,NA,NA,0,NA,NA,0,0
peak_gated,O15,inhalePeakMs,0.2177354955206597,11,22,3,0.5162049843646187,NA,NA,0,0.20335754033724884,-0.06093258130597646,0,0
peak_gated,O15,returnCrossMs,0.20230843354966765,11,22,3,0.5002779894787521,NA,NA,0,-0.42563276117687876,-0.008577887659579212,0,0
peak_gated,O15,exhaleStartMs,0.20230843354966765,11,22,3,0.5002779894787521,NA,NA,0,-0.42563276117687876,-0.008577887659579212,0,0
peak_gated,O15,exhaleTroughMs,0.26224733109252985,11,22,3,0.36021988063178007,NA,NA,0,-0.7126611601164133,-0.24077243292749922,0,0
peak_gated,O15,endSymMs,0.2622473310925978,11,22,3,0.36021988063178007,NA,NA,0,-0.7126611601164133,-0.24077243292749922,0,0
peak_gated,O15,breathLenMs,0.26224733109252985,11,22,3,0.36021988063178007,NA,NA,0,-0.7126611601164133,-0.24077243292749922,0,0
peak_gated,O15,inhaleVolume,0.47775995926594367,11,22,3,-0.08053523985244625,NA,NA,0,-0.32432519045153424,-0.03963575677184876,0,0
peak_gated,O15,inhaleDuration,0.21773549502882117,11,22,3,0.5162049843646184,NA,NA,0,0.20335754033724934,-0.06093258130597646,0,0
peak_gated,O15,peakInspFlow,0.4978986350224416,11,22,3,0.4427499561418831,NA,NA,0,0.5171889742335402,-0.09465255348501196,0,0
peak_gated,O15,breathLength,0.26224733095679825,11,22,3,0.3602198806317795,NA,NA,0,-0.7126611601164136,-0.24077243292749922,0,0
peak_gated,O15,w1_rfreqPW,0.04032633037517346,11,22,3,-0.06473149866683586,NA,NA,0,-0.40902726710312753,-0.070102047424837,1,0
peak_gated,O15,w1_rfreqGated,0.04525202773638017,11,22,3,0.11380600356780166,NA,NA,0,-0.20052447627069592,0.09524413194429329,1,0
peak_gated,O15,w1_rfreqRaw,0.03840970857600822,11,22,3,-0.10103086727487828,NA,NA,0,-0.47203139883826034,-0.1292598933529695,1,0
peak_gated,O15,w1_rpowZ,0.09525454350371823,11,22,3,0.1032599549445867,NA,NA,0,-0.811646923958674,0.03283260449011353,0,0
peak_gated,O15,w1_rpowDb,1.5179004578111481,11,22,3,-1.6045898939166887,NA,NA,0,-0.15384086541012865,-0.10175149499638787,0,0
peak_gated,O15,w1_bandDb,33.75144157958137,11,22,3,-1.4651147180755364,NA,NA,0,-0.37009938717906316,-0.06714415512843036,0,0
peak_gated,O15,w1_aucZ,0.09525454344802418,11,22,3,0.10325995494458667,NA,NA,0,-0.8116469239586731,0.03283260449011353,0,0
peak_gated,O15,w2_rfreqPW,0.029088999293636324,11,22,3,-0.9893234879605258,NA,NA,0,0.3140385819224183,-0.15262724249458182,1,0
peak_gated,O15,w2_rfreqGated,0.028579919308213093,11,22,3,-0.888329650531514,NA,NA,0,0.38314457536124896,-0.11861148108590562,1,0
peak_gated,O15,w2_rfreqRaw,0.028532144573627592,11,22,3,-0.930290363955227,NA,NA,0,0.29450211473759375,-0.15943039477631704,1,0
peak_gated,O15,w2_rpowZ,0.11264853040781461,11,22,3,-0.582329055349997,NA,NA,0,-0.9817952484480764,0.025142084519456306,0,0
peak_gated,O15,w2_rpowDb,1.1491258588711835,11,22,3,-1.5122858817967337,NA,NA,0,-0.21621024135212513,0.011535779955985833,0,0
peak_gated,O15,w2_bandDb,7.394004351850983,11,22,3,-1.3494032673138565,NA,NA,0,-0.24454771770159905,-0.01833893223772107,0,0
peak_gated,O15,w2_aucZ,0.11264853035807788,11,22,3,-0.5823290553499988,NA,NA,0,-0.981795248448075,0.025142084519456306,0,0
peak_gated,O15,w3_rfreqPW,0.046782205180024516,11,22,3,1.090714219640732,NA,NA,0,1.97695366501689,0.2250956037565441,1,0
peak_gated,O15,w3_rfreqGated,0.04852235323345185,11,22,3,0.9319245599882622,NA,NA,0,2.097414476760473,0.2543787374909697,1,0
peak_gated,O15,w3_rfreqRaw,0.044663883223090985,11,22,3,1.0761129360634245,NA,NA,0,2.047583691874433,0.22568718221582543,1,0
peak_gated,O15,w3_rpowZ,0.08459848387550403,11,22,3,-0.895366308068295,NA,NA,0,0.1496077952645847,0.32714288798257263,0,0
peak_gated,O15,w3_rpowDb,0.9072531027627714,11,22,3,-1.7423054960392361,NA,NA,0,-0.2742133289672616,-0.008873676889219874,0,0
peak_gated,O15,w3_bandDb,3.2736427861431494,11,22,3,-1.510888518200145,NA,NA,0,-0.15532106351048372,0.014197883022751795,0,0
peak_gated,O15,w3_aucZ,0.0845984838361139,11,22,3,-0.8953663080682922,NA,NA,0,0.14960779526458623,0.32714288798257263,0,0
peak_gated,O15,w4_rfreqPW,0.03391920258217283,11,22,3,1.2481588678873001,NA,NA,0,0.9334955706018168,0.1777693270140381,1,0
peak_gated,O15,w4_rfreqGated,0.03612198784431808,11,22,3,1.1033413286972833,NA,NA,0,0.758335349273334,0.3025923819223976,1,0
peak_gated,O15,w4_rfreqRaw,0.033955330707640154,11,22,3,1.1915905756298295,NA,NA,0,0.8993864710656814,0.09346939656644933,1,0
peak_gated,O15,w4_rpowZ,0.06279782213902264,11,22,3,-1.0272900652686536,NA,NA,0,0.09714343147959165,0.08104624892154151,0,0
peak_gated,O15,w4_rpowDb,0.9027575050673674,11,22,3,-1.8565683237037625,NA,NA,0,-0.28515722193500553,-0.11535779955985834,0,0
peak_gated,O15,w4_bandDb,3.2334616077790925,11,22,3,-1.592769568167577,NA,NA,0,-0.26903334982821514,-0.03874838908292678,0,0
peak_gated,O15,w4_aucZ,0.06279782210897623,11,22,3,-1.027290065268653,NA,NA,0,0.09714343147959051,0.08104624892154151,0,0
peak_gated,O15,w5_rfreqPW,0.04669016329783435,11,22,3,0.7368248217891871,NA,NA,0,0.22704447368247313,0.02188840299340902,1,0
peak_gated,O15,w5_rfreqGated,0.04714042631042596,11,22,3,0.7414653953974254,NA,NA,0,0.09836065724038004,0.2005450976963691,1,0
peak_gated,O15,w5_rfreqRaw,0.04550336249238525,11,22,3,0.5080264952927994,NA,NA,0,0.10214381212251887,-0.10707570112991979,1,0
peak_gated,O15,w5_rpowZ,0.05499898215126819,11,22,3,-0.9290707089510317,NA,NA,0,-0.6340948650175333,0.18161458699936672,0,0
peak_gated,O15,w5_rpowDb,0.9703498547396828,11,22,3,-1.7718181624303642,NA,NA,0,-0.25490383502029673,-0.11121675034488906,0,0
peak_gated,O15,w5_bandDb,3.6301883584772847,11,22,3,-1.5909087816601557,NA,NA,0,-0.3843200851850851,-0.07187678280268096,0,0
peak_gated,O15,w5_aucZ,0.0549989821243191,11,22,3,-0.9290707089510317,NA,NA,0,-0.6340948650175339,0.18161458699936672,0,0
peak_gated,O15,p1_rfreqPW,0.03214230122185703,11,22,3,-0.9833482585817329,NA,NA,0,0.4627385024378835,-0.1061883334409978,1,0
peak_gated,O15,p1_rfreqGated,0.03322052958755714,11,22,3,-0.9483993334238487,NA,NA,0,0.580902432538141,-0.07424309663980626,1,0
peak_gated,O15,p1_rfreqRaw,0.03134338770045725,11,22,3,-0.9180285990692928,NA,NA,0,0.41185428211071845,-0.12659779028620352,1,0
peak_gated,O15,p1_rpowZ,0.09219634011890859,11,22,3,-0.46456930056631546,NA,NA,0,-1.2717322791707948,-0.0990893919296219,0,0
peak_gated,O15,p1_rpowDb,1.3168868076562301,11,22,3,-1.5083421845491478,NA,NA,0,-0.2856472157096108,-0.03194523680119154,0,0
peak_gated,O15,p1_bandDb,9.93891867586668,11,22,3,-1.3756546835370493,NA,NA,0,-0.30236435208597734,-0.025142084519456306,0,0
peak_gated,O15,p1_aucZ,0.23082666343640554,11,22,3,0.28920433000268125,NA,NA,0,-0.23184359389372197,-0.053537850564959896,0,0
peak_gated,O15,p2_rfreqPW,0.04614644046584087,11,22,3,0.2539586535051195,NA,NA,0,1.571182558596577,0.20734824997810433,1,0
peak_gated,O15,p2_rfreqGated,0.049750780247479774,11,22,3,0.2415123309342739,NA,NA,0,1.5715841995388697,0.1345840994865014,1,0
peak_gated,O15,p2_rfreqRaw,0.04146285605582665,11,22,3,0.23452785033414994,NA,NA,0,1.5923569233269217,0.24254716830534317,1,0
peak_gated,O15,p2_rpowZ,0.07238643811249583,11,22,3,-0.8811635400618948,NA,NA,0,0.11674981358589182,0.38777968005890845,0,0
peak_gated,O15,p2_rpowDb,0.9404569961909721,11,22,3,-1.6657013767790492,NA,NA,0,-0.2378661809103107,0.006803152281735236,0,0
peak_gated,O15,p2_bandDb,3.566551341759149,11,22,3,-1.4536481121525495,NA,NA,0,-0.1457488081885289,0.0026621030667659615,0,0
peak_gated,O15,p2_aucZ,0.3332368320857993,11,22,3,-0.3013905488655368,NA,NA,0,-0.630977180439021,2.957892296406624e-4,0,0
peak_gated,O15,p3_rfreqPW,0.04706688051195466,11,22,3,1.0804465562977665,NA,NA,0,0.46286383543798515,0.20261562230385374,1,0
peak_gated,O15,p3_rfreqGated,0.050223932320424096,11,22,3,0.9818337030687181,NA,NA,0,0.4522936678366886,0.22302507914905947,1,0
peak_gated,O15,p3_rfreqRaw,0.044279686605975976,11,22,3,0.973365408555241,NA,NA,0,0.3481406138068424,0.07986309200297885,1,0
peak_gated,O15,p3_rpowZ,0.08302616614701482,11,22,3,-0.9313509042661192,NA,NA,0,0.08793960235580009,0.14286619791643995,0,0
peak_gated,O15,p3_rpowDb,0.8845550669112907,11,22,3,-1.7807084411770528,NA,NA,0,-0.2647876502800411,-0.06448205206166441,0,0
peak_gated,O15,p3_bandDb,3.058260408024711,11,22,3,-1.5565031772303126,NA,NA,0,-0.2748472087020028,-0.01833893223772107,0,0
peak_gated,O15,p3_aucZ,0.4017154452755315,11,22,3,-0.15443867360970098,NA,NA,0,-0.8499418319056006,-0.2496461098167191,0,0
peak_gated,O15,p4_rfreqPW,0.03371346652218866,11,22,3,0.4089750141868426,NA,NA,0,0.014346327030084123,-0.3244807849158066,1,0
peak_gated,O15,p4_rfreqGated,0.037670917570579394,11,22,3,0.3756567275529301,NA,NA,0,0.0539847716929605,-0.25792820824665763,1,0
peak_gated,O15,p4_rfreqRaw,0.03143739511482495,11,22,3,0.3413892922745977,NA,NA,0,-0.06134602696538977,-0.3700323262804687,1,0
peak_gated,O15,p4_rpowZ,0.08101650041688764,11,22,3,-0.532109302677706,NA,NA,0,-0.8982526077632856,0.14197883022751798,0,0
peak_gated,O15,p4_rpowDb,0.9451967977383224,11,22,3,-1.7220913431480862,NA,NA,0,-0.16299392480023428,-0.06448205206166441,0,0
peak_gated,O15,p4_bandDb,4.200690207503679,11,22,3,-1.4993339919384567,NA,NA,0,-0.33557188415157085,-0.0346073398679575,0,0
peak_gated,O15,p4_aucZ,0.1354145337715618,11,22,3,-0.7071745820361284,NA,NA,0,-0.05949497587609635,0.23278612372720134,0,0
peak_gated,O15,peakZ,0.02640827092604469,11,22,3,-0.3045248340071449,NA,NA,0,-0.0072783498280318435,-0.061228370535617124,0,0
peak_gated,O15,peakLatMs,0.09533763321723253,11,22,3,-0.5679457500770054,NA,NA,0,0.5395602268221085,-0.09642728886285595,0,0
peak_gated,O15,peakFreq,0.05285468592960716,11,22,3,0.8062405503019299,NA,NA,0,0.07233157525815491,0.23074717588016289,0,0
peak_gated,O15,anyBurst,0.019402331004733393,11,22,3,-0.36271571368454136,NA,NA,0,-0.6537703017764801,-0.07393231566708387,0,0
peak_gated,O15,burstLatMs,0.23017531877875752,11,22,3,0.332721345315066,NA,NA,0,0.6283502835593252,-0.17362827779906884,0,0
peak_gated,O15,timeAboveMs,0.12300651145422235,11,22,3,-1.4631816817021583,NA,NA,0,-0.3960946370871784,0.035494707556879494,0,0
peak_gated,O15,nBursts,0.08689675990509763,11,22,3,0.10642157814591896,NA,NA,0,0.08664484079813332,0.32329762799724404,0,0
peak_gated,O15,dutyCycle,0.12300651094891372,11,22,3,-1.4631816817021581,NA,NA,0,-0.39609463708717835,0.035494707556879494,0,0
peak_gated,O15,maxBurstMs,0.09815765723902709,11,22,3,-1.4846494085373292,NA,NA,0,-0.9085272725099887,0.008577887659579212,0,0
peak_gated,O15,peakZ_base,0.3727778845787014,11,22,3,0.22302108342582413,NA,NA,0,0.2665623317488223,-0.004436838444609937,0,0
peak_gated,O15,anyBurst_base,0.002820259172649622,11,22,3,-0.5592259771098175,NA,NA,0,-0.6273742066086528,-0.03968554452490278,0,0
peak_gated,O15,timeAboveMs_base,0.056111978826030515,11,22,3,-1.4190926625277738,NA,NA,0,-0.3232052798351493,-0.01478946148203312,0,0
peak_gated,O15,chirpSlope,2.7735015273262396,11,22,3,0.23051325408590023,NA,NA,0,0.4987214699209959,0.11358306418201436,0,0
peak_gated,O15,freqSpan,0.07900776692195664,11,22,3,-0.6038827611495119,NA,NA,0,-0.07917610032462749,0.13635883486434536,0,0
peak_gated,O15,freqJitter,0.10051038789097151,11,22,3,-0.3941254011287055,NA,NA,0,0.036933641759277366,0.14671145790176857,0,0
peak_gated,O15,apExp,0.40147141100315076,11,22,3,0.6415021183788894,NA,NA,0,0.5402778569934165,0.2913523911960525,0,0
peak_gated,O15,apOffset,0.7228626194181103,11,22,3,0.164618670422342,NA,NA,0,0.5664435412654135,0.2227292899194188,0,0
peak_gated,O15,gammaBumpDb,0.1726668361713056,11,22,3,-0.948355153285246,NA,NA,0,0.2367144540239742,0.19226299926643056,0,0
peak_gated,O15,gammaPeakPresent,0,11,22,3,NA,NA,NA,0,NA,NA,0,0
peak_gated,audiobook,inhalePeakMs,0.1092832483974667,7,22,4,-0.47650362210129427,NA,NA,0,-1.0870407597322467,0.01772564929630029,0,0
peak_gated,audiobook,returnCrossMs,0.12249382697674825,7,22,4,-0.22518498521965813,NA,NA,0,-1.4539132608262952,0.0494730808717635,0,0
peak_gated,audiobook,exhaleStartMs,0.12381160455434222,7,22,4,0.5410929989352965,NA,NA,0,-1.3539981652835564,-0.04338815648646638,0,0
peak_gated,audiobook,exhaleTroughMs,0.14951617380113133,7,22,4,0.3258787434295989,NA,NA,0,-0.6356358849786861,0.012963534559980809,0,0
peak_gated,audiobook,endSymMs,0.14951617380116572,7,22,4,0.3258787434295989,NA,NA,0,-0.6356358849786861,0.012963534559980809,0,0
peak_gated,audiobook,breathLenMs,0.12381160455434224,7,22,4,0.5410929989352968,NA,NA,0,-1.3539981652835567,-0.04338815648646638,0,0
peak_gated,audiobook,inhaleVolume,0.1869018872699512,7,22,4,0.19671665706498995,NA,NA,0,-1.298804801525247,-0.036244984381987165,0,0
peak_gated,audiobook,inhaleDuration,0.13754676880625907,7,22,4,0.08378732712896746,NA,NA,0,-1.038394663014698,0.005291238595910535,0,0
peak_gated,audiobook,peakInspFlow,0.07256883863948803,7,22,4,0.512483291569557,NA,NA,0,-0.5532408652786321,-0.21667622050253638,0,0
peak_gated,audiobook,breathLength,0.12381160452521946,7,22,4,0.5410929989352969,NA,NA,0,-1.3539981652835564,-0.04338815648646638,0,0
peak_gated,audiobook,w1_rfreqPW,0.053457258326084986,7,22,4,0.5326858518023077,NA,NA,0,-0.4499279497313829,-0.21720534436212746,1,0
peak_gated,audiobook,w1_rfreqGated,0.05778082886303621,7,22,4,0.4610503016606896,NA,NA,0,-0.4817462905601611,-0.1613827771752713,1,0
peak_gated,audiobook,w1_rfreqRaw,0.05111911787017978,7,22,4,0.6312367178684825,NA,NA,0,-0.4180856088193602,-0.1743463117352521,1,0
peak_gated,audiobook,w1_rpowZ,0.0677983587229132,7,22,4,-0.3008061950720319,NA,NA,0,0.5027887345868574,0.3116539532991305,0,0
peak_gated,audiobook,w1_rpowDb,1.205787581079521,7,22,4,-1.2685627043668501,NA,NA,0,-0.4235888777442797,0.03545129859260058,0,0
peak_gated,audiobook,w1_bandDb,2.2302734990988085,7,22,4,-1.0675817465454795,NA,NA,0,-0.6453046525693118,0.024604259470983988,0,0
peak_gated,audiobook,w1_aucZ,0.06779835868777422,7,22,4,-0.3008061950720305,NA,NA,0,0.5027887345868575,0.3116539532991305,0,0
peak_gated,audiobook,w2_rfreqPW,0.042922937897940897,7,22,4,0.4324442726888008,NA,NA,0,-0.029209639300088797,0.08942193227088803,1,0
peak_gated,audiobook,w2_rfreqGated,0.045179038842572176,7,22,4,0.5184823871961427,NA,NA,0,0.12052730929249841,-0.004497552806523954,1,0
peak_gated,audiobook,w2_rfreqRaw,0.0426611412217474,7,22,4,0.43812311050199204,NA,NA,0,0.003920865959128791,0.039684289469329004,1,0
peak_gated,audiobook,w2_rpowZ,0.0433429545063404,7,22,4,-0.40378349945224395,NA,NA,0,0.5033126171910011,0.1672031396307729,0,0
peak_gated,audiobook,w2_rpowDb,1.1538174779581372,7,22,4,-1.2829964394986204,NA,NA,0,-0.4519835052590311,-0.014550906138753969,0,0
peak_gated,audiobook,w2_bandDb,2.268745722908548,7,22,4,-1.1119205354887598,NA,NA,0,-0.6341731991050468,-0.01772564929630029,0,0
peak_gated,audiobook,w2_aucZ,0.04334295448366055,7,22,4,-0.4037834994522441,NA,NA,0,0.5033126171909993,0.1672031396307729,0,0
peak_gated,audiobook,w3_rfreqPW,0.06254631694740419,7,22,4,-0.327337484080072,NA,NA,0,-0.8290497243211244,0.2764672166363254,1,0
peak_gated,audiobook,w3_rfreqGated,0.06541574154348753,7,22,4,-0.3608603807719741,NA,NA,0,-0.8497937218794264,0.12804797402103493,1,0
peak_gated,audiobook,w3_rfreqRaw,0.05867144128137347,7,22,4,-0.2818724364643471,NA,NA,0,-1.0261956743164817,0.3129767629481081,1,0
peak_gated,audiobook,w3_rpowZ,0.09297265196313612,7,22,4,-1.032215667539571,NA,NA,0,-1.520151201644212,0.1396886989320381,0,0
peak_gated,audiobook,w3_rpowDb,1.0397161966089077,7,22,4,-1.3063668705365439,NA,NA,0,-0.5003242164792037,0.052118700169718764,0,0
peak_gated,audiobook,w3_bandDb,3.685810994527893,7,22,4,-1.087228462136944,NA,NA,0,-0.6435484740095722,0.04894395701217244,0,0
peak_gated,audiobook,w3_aucZ,0.09297265192022551,7,22,4,-1.0322156675395677,NA,NA,0,-1.5201512016442085,0.1396886989320381,0,0
peak_gated,audiobook,w4_rfreqPW,0.06995791144776208,7,22,4,-0.037443658690084494,NA,NA,0,-0.17835772601236805,-0.11693637296962282,1,0
peak_gated,audiobook,w4_rfreqGated,0.07476459199156574,7,22,4,0.09898489501300793,NA,NA,0,-0.1394433354438324,0.011640724911003176,1,0
peak_gated,audiobook,w4_rfreqRaw,0.06740427576948882,7,22,4,-0.05478491180983372,NA,NA,0,-0.3130181799313603,-0.14233431822999337,1,0
peak_gated,audiobook,w4_rpowZ,0.0962917858382881,7,22,4,-0.27186113223929487,NA,NA,0,-1.318089056023032,0.04682746157380823,0,0
peak_gated,audiobook,w4_rpowDb,1.0822349485649847,7,22,4,-1.1830933471030247,NA,NA,0,-0.6138539458029922,0.06852153981704143,0,0
peak_gated,audiobook,w4_bandDb,3.6142162401474422,7,22,4,-1.0272704698329038,NA,NA,0,-0.7068101132248473,0.06243661543174431,0,0
peak_gated,audiobook,w4_aucZ,0.09629178579180749,7,22,4,-0.2718611322392975,NA,NA,0,-1.3180890560230307,0.04682746157380823,0,0
peak_gated,audiobook,w5_rfreqPW,0.034667221165419086,7,22,4,-0.3106661635007032,NA,NA,0,-0.45728170333375046,-0.39975307592104087,1,0
peak_gated,audiobook,w5_rfreqGated,0.040408125591092046,7,22,4,-0.33998745958287385,NA,NA,0,-0.6075740871400379,-0.40134044749981407,1,0
peak_gated,audiobook,w5_rfreqRaw,0.03441825172219432,7,22,4,-0.2882249470162856,NA,NA,0,-0.5651851928803282,-0.4225054018834562,1,0
peak_gated,audiobook,w5_rpowZ,0.03989660598079555,7,22,4,-0.45228842987062207,NA,NA,0,-1.953662871400826,0.07592927385131618,0,0
peak_gated,audiobook,w5_rpowDb,1.0620885112222282,7,22,4,-1.2017807987955096,NA,NA,0,-0.5488356917639805,0.08201419823661328,0,0
peak_gated,audiobook,w5_bandDb,3.3890665373903373,7,22,4,-1.0287628424459203,NA,NA,0,-0.7524371006368071,0.051854138239923235,0,0
peak_gated,audiobook,w5_aucZ,0.03989660596124545,7,22,4,-0.4522884298706244,NA,NA,0,-1.953662871400827,0.07592927385131618,0,0
peak_gated,audiobook,p1_rfreqPW,0.04309894099443403,7,22,4,0.050329170627699905,NA,NA,0,-0.7364829271856841,0.22884606927313061,1,0
peak_gated,audiobook,p1_rfreqGated,0.046974195805221615,7,22,4,-0.02457298484574949,NA,NA,0,-0.6754688997421652,0.22434851646660667,1,0
peak_gated,audiobook,p1_rfreqRaw,0.040953768889173875,7,22,4,0.15583689823348434,NA,NA,0,-0.6760531320036699,0.19551126611889424,1,0
peak_gated,audiobook,p1_rpowZ,0.04751710602048774,7,22,4,-1.0259283756669362,NA,NA,0,-0.31512745583574814,0.22011552558987824,0,0
peak_gated,audiobook,p1_rpowDb,1.0053011314837184,7,22,4,-1.3011827034667027,NA,NA,0,-0.5080892869813337,0.012698972630185282,0,0
peak_gated,audiobook,p1_bandDb,2.7042006289763463,7,22,4,-1.1198416224705592,NA,NA,0,-0.6674279057551609,0.018519335085686872,0,0
peak_gated,audiobook,p1_aucZ,0.12938453202292732,7,22,4,-0.847295665588522,NA,NA,0,-1.1373908238713863,0.029630936137098992,0,0
peak_gated,audiobook,p2_rfreqPW,0.06758349908500726,7,22,4,-0.06814932862268903,NA,NA,0,0.27211671121635067,0.21826359208130955,1,0
peak_gated,audiobook,p2_rfreqGated,0.0741626219899806,7,22,4,-0.023099444950836958,NA,NA,0,0.3738565691482929,0.1198465541973736,1,0
peak_gated,audiobook,p2_rfreqRaw,0.062074837285530274,7,22,4,-0.06990966466294869,NA,NA,0,0.13399409215074554,0.18519335085686872,1,0
peak_gated,audiobook,p2_rpowZ,0.09525445061721345,7,22,4,-0.3295333226977647,NA,NA,0,-1.1182103869722602,0.03941972753953348,0,0
peak_gated,audiobook,p2_rpowDb,1.0719842024121695,7,22,4,-1.1457485389282376,NA,NA,0,-0.7056244916681484,0.06561135858929064,0,0
peak_gated,audiobook,p2_bandDb,4.168689573180472,7,22,4,-1.02654954988936,NA,NA,0,-0.7458890819423216,0.04127166104810217,0,0
peak_gated,audiobook,p2_aucZ,0.17177037157581512,7,22,4,-0.10407676588552116,NA,NA,0,-1.7935189033859182,0.05555800525706061,0,0
peak_gated,audiobook,p3_rfreqPW,NA,0,0,0,NA,NA,NA,0,NA,NA,1,1
peak_gated,audiobook,p3_rfreqGated,NA,0,0,0,NA,NA,NA,0,NA,NA,1,1
peak_gated,audiobook,p3_rfreqRaw,NA,0,0,0,NA,NA,NA,0,NA,NA,1,1
peak_gated,audiobook,p3_rpowZ,NA,0,0,0,NA,NA,NA,0,NA,NA,0,1
peak_gated,audiobook,p3_rpowDb,NA,0,0,0,NA,NA,NA,0,NA,NA,0,1
peak_gated,audiobook,p3_bandDb,NA,0,0,0,NA,NA,NA,0,NA,NA,0,1
peak_gated,audiobook,p3_aucZ,NA,0,0,0,NA,NA,NA,0,NA,NA,0,1
peak_gated,audiobook,p4_rfreqPW,0.03830377196480012,7,22,4,0.030255959165557914,NA,NA,0,0.35891054828595925,-0.002910181227750794,1,0
peak_gated,audiobook,p4_rfreqGated,0.043953129924576076,7,22,4,0.052993744038978406,NA,NA,0,-0.36642081591468173,-0.0227523259624153,1,0
peak_gated,audiobook,p4_rfreqRaw,0.032002081887946884,7,22,4,0.06983681924465952,NA,NA,0,0.2568397291213382,0.010317915262025542,1,0
peak_gated,audiobook,p4_rpowZ,0.054811231595762774,7,22,4,-0.1635500372127269,NA,NA,0,-1.2861054385978965,-0.34657612803214,0,0
peak_gated,audiobook,p4_rpowDb,0.9845165805838827,7,22,4,-1.1753048954487024,NA,NA,0,-0.6179868085393927,0.026191631049757146,0,0
peak_gated,audiobook,p4_bandDb,3.05658178735136,7,22,4,-1.0214689375902684,NA,NA,0,-0.6950556833880392,0.024604259470983988,0,0
peak_gated,audiobook,p4_aucZ,0.1307676230523144,7,22,4,-0.5485035910588858,NA,NA,0,0.6424716119374728,-0.1129679440226899,0,0
peak_gated,audiobook,peakZ,0.02319681621242994,7,22,4,-0.08394558454103625,NA,NA,0,-0.45024008460603143,-0.057939062625220354,0,0
peak_gated,audiobook,peakLatMs,0.07263513441899849,7,22,4,0.6140986005311831,NA,NA,0,-0.694788288695329,-0.11799462068880492,0,0
peak_gated,audiobook,peakFreq,0.07660621529782093,7,22,4,-0.22509486954402524,NA,NA,0,0.1095219939826044,0.07857489314927144,0,0
peak_gated,audiobook,anyBurst,0.005653314761566654,7,22,4,-0.3023535045587385,NA,NA,0,-0.11852410892318396,-0.030125452917022996,0,0
peak_gated,audiobook,burstLatMs,0.19115897402642823,7,22,4,0.7199315314955442,NA,NA,0,-0.7196508765649025,-0.24895277593759063,0,0
peak_gated,audiobook,timeAboveMs,0.13742734895411235,7,22,4,-0.7417012146780786,NA,NA,0,-1.6723321914201446,0.09815247595414042,0,0
peak_gated,audiobook,nBursts,0.15663831248045276,7,22,4,-0.052753899279864125,NA,NA,0,-1.967432532250886,-0.1191998300589506,0,0
peak_gated,audiobook,dutyCycle,0.13742734830035,7,22,4,-0.7417012146780785,NA,NA,0,-1.6723321914201448,0.09815247595414042,0,0
peak_gated,audiobook,maxBurstMs,0.11335685395480173,7,22,4,-0.6499810680428633,NA,NA,0,-0.567177842945686,0.2050354955915332,0,0
peak_gated,audiobook,peakZ_base,0.26876937483626245,7,22,4,0.21494347044599865,NA,NA,0,-0.5020504448044736,-0.005291238595910535,0,0
peak_gated,audiobook,anyBurst_base,0,7,22,4,-0.20462629640952096,NA,NA,0,-0.22792115291929918,-0.07278579038813836,0,0
peak_gated,audiobook,timeAboveMs_base,0.04980897712055884,7,22,4,-0.5543797919119795,NA,NA,0,-1.987311638076559,0.18466422699727764,0,0
peak_gated,audiobook,chirpSlope,1.4023448030651706,7,22,4,-0.696238743030107,NA,NA,0,-0.7733548333532048,0.32567573557829343,0,0
peak_gated,audiobook,freqSpan,0.023707307492561162,7,22,4,0.24580493314899515,NA,NA,0,0.12258928663219927,-0.0534415098186964,0,0
peak_gated,audiobook,freqJitter,0.0585755190881923,7,22,4,0.7175408252041647,NA,NA,0,1.0412196615259204,-0.15688522436874733,0,0
peak_gated,audiobook,apExp,0.4571576824611498,7,22,4,0.2908865023560506,NA,NA,0,0.2625180062568396,0.23413730786904116,0,0
peak_gated,audiobook,apOffset,1.184441085745187,7,22,4,-0.19213898549634378,NA,NA,0,0.07737878276972046,0.15371048121120104,0,0
peak_gated,audiobook,gammaBumpDb,0.20184621266676392,7,22,4,-0.5708366378815883,NA,NA,0,-0.4455093270742865,0.2677366729530731,0,0
peak_gated,audiobook,gammaPeakPresent,0,7,22,4,NA,NA,NA,0,NA,NA,0,0
peak_gated,focusedBreathing,inhalePeakMs,0.04492694149968361,3,21,4,0.5690628019346274,NA,NA,0,-0.5056589564685534,0.11824301927383822,0,0
peak_gated,focusedBreathing,returnCrossMs,0.1324787758000747,3,21,4,0.670372742145445,NA,NA,0,-1.2920355540256248,0.11530894931667103,0,0
peak_gated,focusedBreathing,exhaleStartMs,0.5336901815204231,3,21,4,-0.21253679229500191,NA,NA,0,-0.9584638585364283,0.031394548541689056,0,0
peak_gated,focusedBreathing,exhaleTroughMs,0.16841487721802034,3,21,4,0.7086353848515169,NA,NA,0,-0.2765040439549231,-0.009095616867218326,0,0
peak_gated,focusedBreathing,endSymMs,0.16841487721806048,3,21,4,0.7086353848515169,NA,NA,0,-0.2765040439549231,-0.009095616867218326,0,0
peak_gated,focusedBreathing,breathLenMs,0.533690181520423,3,21,4,-0.2125367922950005,NA,NA,0,-0.9584638585364293,0.031394548541689056,0,0
peak_gated,focusedBreathing,inhaleVolume,0.28429951638330575,3,21,4,0.6901249875059687,NA,NA,0,-0.985531915485188,0.054280294207593234,0,0
peak_gated,focusedBreathing,inhaleDuration,0.10552261756178695,3,21,4,0.8238113342677655,NA,NA,0,-0.8127438244145603,-0.018484640730153372,0,0
peak_gated,focusedBreathing,peakInspFlow,0.2655006548498966,3,21,4,0.006579815638385329,NA,NA,0,-0.20553244602190254,0.12469797317960607,0,0
peak_gated,focusedBreathing,breathLength,0.5336901814342947,3,21,4,-0.21253679229500028,NA,NA,0,-0.9584638585364291,0.031394548541689056,0,0
peak_gated,focusedBreathing,w1_rfreqPW,0.07389429559274,3,21,4,0.6633114610566697,NA,NA,0,-0.04539121807297599,-0.206558524984571,1,0
peak_gated,focusedBreathing,w1_rfreqGated,0.07498570162990718,3,21,4,0.5531951445077,NA,NA,0,0.40779133899214265,-0.14787712584122698,1,0
peak_gated,focusedBreathing,w1_rfreqRaw,0.07165705002732398,3,21,4,0.6519912044873244,NA,NA,0,-0.1268953957398348,-0.15931999867417904,1,0
peak_gated,focusedBreathing,w1_rpowZ,0.054220991815281436,3,21,4,-0.6451244823007115,NA,NA,0,0.6747125380237737,0.11530894931667103,0,0
peak_gated,focusedBreathing,w1_rpowDb,0.43905099807106446,3,21,4,-1.7030457448124927,NA,NA,0,-0.5029214043678879,0.004107697940034082,0,0
peak_gated,focusedBreathing,w1_bandDb,3.1692456607245507,3,21,4,-1.4848538004216203,NA,NA,0,-0.6966210665646936,0.009095616867218326,0,0
peak_gated,focusedBreathing,w1_aucZ,0.05422099178771453,3,21,4,-0.6451244823007136,NA,NA,0,0.6747125380237731,0.11530894931667103,0,0
peak_gated,focusedBreathing,w2_rfreqPW,0.06553140148420208,3,21,4,0.7500594588426813,NA,NA,0,-0.045332089976349826,-0.16694858056281375,1,0
peak_gated,focusedBreathing,w2_rfreqGated,0.07944747689302158,3,21,4,0.8714387829973146,NA,NA,0,-0.05922673766744642,-0.0319813625331225,1,0
peak_gated,focusedBreathing,w2_rfreqRaw,0.06376609127477181,3,21,4,0.5989605619961564,NA,NA,0,-0.026980557178209304,-0.15051778880267744,1,0
peak_gated,focusedBreathing,w2_rpowZ,0.0069073806308736765,3,21,4,-1.135387771110236,NA,NA,0,1.0720005692134094,0.024352780644487773,0,0
peak_gated,focusedBreathing,w2_rpowDb,0.4310702903620145,3,21,4,-1.7797570168974441,NA,NA,0,-0.4653296129624017,-0.04958578227612571,0,0
peak_gated,focusedBreathing,w2_bandDb,2.602179526508079,3,21,4,-1.5169271295801023,NA,NA,0,-0.67124805739741,0.004107697940034082,0,0
peak_gated,focusedBreathing,w2_aucZ,0.0069073806275563865,3,21,4,-1.1353877711102345,NA,NA,0,1.072000569213412,0.024352780644487773,0,0
peak_gated,focusedBreathing,w3_rfreqPW,0.03958776001316843,3,21,4,-0.06612074273379072,NA,NA,0,0.8278003469004873,0.048412154293258826,1,0
peak_gated,focusedBreathing,w3_rfreqGated,0.04094217084979953,3,21,4,-0.002685674276998633,NA,NA,0,0.735533256829735,0.04665171231895851,1,0
peak_gated,focusedBreathing,w3_rfreqRaw,0.03671800137660472,3,21,4,-0.08153644357921845,NA,NA,0,0.6013213596904031,0.1484639398326604,1,0
peak_gated,focusedBreathing,w3_rpowZ,0.026428605260604573,3,21,4,-1.0498614854926096,NA,NA,0,-0.9756294892589646,0.12968589210679032,0,0
peak_gated,focusedBreathing,w3_rpowDb,0.42742152246507514,3,21,4,-1.8079235978367834,NA,NA,0,-0.6444897585590653,-0.002347255965733761,0,0
peak_gated,focusedBreathing,w3_bandDb,1.5984960159148247,3,21,4,-1.4983663964266312,NA,NA,0,-0.7342571994151895,0.0026406629614504815,0,0
peak_gated,focusedBreathing,w3_aucZ,0.026428605248533247,3,21,4,-1.0498614854926123,NA,NA,0,-0.9756294892589663,0.12968589210679032,0,0
peak_gated,focusedBreathing,w4_rfreqPW,0.07216429072079134,3,21,4,0.286063632218724,NA,NA,0,0.7911131471169027,0.13320677605539094,1,0
peak_gated,focusedBreathing,w4_rfreqGated,0.07066963337518928,3,21,4,0.3358217775074991,NA,NA,0,0.8197083992831942,0.22269590974899062,1,0
peak_gated,focusedBreathing,w4_rfreqRaw,0.07003758809309467,3,21,4,0.13824380682283127,NA,NA,0,0.8381550769700189,0.15755955669987873,1,0
peak_gated,focusedBreathing,w4_rpowZ,0.032984040995195696,3,21,4,-0.45080083807107957,NA,NA,0,-0.9845692603405058,0.059268213134777474,0,0
peak_gated,focusedBreathing,w4_rpowDb,0.5442471940765845,3,21,4,-1.646073153407546,NA,NA,0,-0.6854453804316056,-0.021712117683037293,0,0
peak_gated,focusedBreathing,w4_bandDb,1.7949891227846788,3,21,4,-1.4227115809234026,NA,NA,0,-0.7856714183739909,0.009095616867218326,0,0
peak_gated,focusedBreathing,w4_aucZ,0.03298404097911536,3,21,4,-0.450800838071078,NA,NA,0,-0.984569260340504,0.059268213134777474,0,0
peak_gated,focusedBreathing,w5_rfreqPW,0.04434654340526665,3,21,4,-1.2096601923036117,NA,NA,0,1.4263778930248001,0.10885399541090318,1,0
peak_gated,focusedBreathing,w5_rfreqGated,0.04124877286395261,3,21,4,-1.0141228558503779,NA,NA,0,1.1642021389111215,0.20479808301027067,1,0
peak_gated,focusedBreathing,w5_rfreqRaw,0.043796856887868586,3,21,4,-1.492773183121277,NA,NA,0,1.2153365380563645,0.1355540320211247,1,0
peak_gated,focusedBreathing,w5_rpowZ,0.09635112599692264,3,21,4,-0.05309656887761642,NA,NA,0,-1.6220963544990563,0.006454953905767844,0,0
peak_gated,focusedBreathing,w5_rpowDb,0.6207184482578054,3,21,4,-1.5526135930317775,NA,NA,0,-0.7475537703302729,-0.031687955537405776,0,0
peak_gated,focusedBreathing,w5_bandDb,2.3379418182393756,3,21,4,-1.3285860396174185,NA,NA,0,-0.8193174036062798,-0.002347255965733761,0,0
peak_gated,focusedBreathing,w5_aucZ,0.09635112594728307,3,21,4,-0.05309656887761931,NA,NA,0,-1.6220963544990619,0.006454953905767844,0,0
peak_gated,focusedBreathing,p1_rfreqPW,0.043956576006126326,3,21,4,0.42273866727862247,NA,NA,0,0.2997673095965288,0.07540559789919708,1,0
peak_gated,focusedBreathing,p1_rfreqGated,0.05875291521197437,3,21,4,0.5975703390933608,NA,NA,0,0.3177482176319523,0.07100449296344628,1,0
peak_gated,focusedBreathing,p1_rfreqRaw,0.041120752949255546,3,21,4,0.3203793449151587,NA,NA,0,0.25703754992550887,0.06190887609622796,1,0
peak_gated,focusedBreathing,p1_rpowZ,0.014697271286906979,3,21,4,-1.567469229302818,NA,NA,0,0.18494212070123187,0.007335174892918004,0,0
peak_gated,focusedBreathing,p1_rpowDb,0.43049118204809717,3,21,4,-1.6827919640167388,NA,NA,0,-0.6128904901690844,-0.06601657403626204,0,0
peak_gated,focusedBreathing,p1_bandDb,2.2369137963221677,3,21,4,-1.4825965042059233,NA,NA,0,-0.713579050990173,0.004107697940034082,0,0
peak_gated,focusedBreathing,p1_aucZ,0.03449387189098311,3,21,4,-0.13431146847333414,NA,NA,0,-0.4219008764881062,0.012323093820102247,0,0
peak_gated,focusedBreathing,p2_rfreqPW,0.049420217604848375,3,21,4,-0.07063287002820581,NA,NA,0,1.3447514554224702,0.15169141678554432,1,0
peak_gated,focusedBreathing,p2_rfreqGated,0.046187298875809524,3,21,4,0.02991172629048379,NA,NA,0,1.3233601334434257,0.08802209871501605,1,0
peak_gated,focusedBreathing,p2_rfreqRaw,0.04747420448669487,3,21,4,-0.16443992234859167,NA,NA,0,1.3349887190197331,0.10093200652655174,1,0
peak_gated,focusedBreathing,p2_rpowZ,0.04782928921130256,3,21,4,-0.5778551739828517,NA,NA,0,-0.6884287816950909,0.13056611309394048,0,0
peak_gated,focusedBreathing,p2_rpowDb,0.4929065099240438,3,21,4,-1.587409399729639,NA,NA,0,-0.7978159503052044,0.004107697940034082,0,0
peak_gated,focusedBreathing,p2_bandDb,1.6894971220299413,3,21,4,-1.3969926344239076,NA,NA,0,-0.8127483936908948,-0.002347255965733761,0,0
peak_gated,focusedBreathing,p2_aucZ,0.19910734674819822,3,21,4,0.5625964495533331,NA,NA,0,-1.86231352612205,0.20333104803168708,0,0
peak_gated,focusedBreathing,p3_rfreqPW,NA,0,0,0,NA,NA,NA,0,NA,NA,1,1
peak_gated,focusedBreathing,p3_rfreqGated,NA,0,0,0,NA,NA,NA,0,NA,NA,1,1
peak_gated,focusedBreathing,p3_rfreqRaw,NA,0,0,0,NA,NA,NA,0,NA,NA,1,1
peak_gated,focusedBreathing,p3_rpowZ,NA,0,0,0,NA,NA,NA,0,NA,NA,0,1
peak_gated,focusedBreathing,p3_rpowDb,NA,0,0,0,NA,NA,NA,0,NA,NA,0,1
peak_gated,focusedBreathing,p3_bandDb,NA,0,0,0,NA,NA,NA,0,NA,NA,0,1
peak_gated,focusedBreathing,p3_aucZ,NA,0,0,0,NA,NA,NA,0,NA,NA,0,1
peak_gated,focusedBreathing,p4_rfreqPW,0.06827517379773905,3,21,4,-0.8946529538374762,NA,NA,0,0.1961091136904673,0.13643425300827489,1,0
peak_gated,focusedBreathing,p4_rfreqGated,0.06938267781993969,3,21,4,-0.8144343706035376,NA,NA,0,-0.024909360937659816,0.1657749525799469,1,0
peak_gated,focusedBreathing,p4_rfreqRaw,0.06705831421566259,3,21,4,-0.8796480538921538,NA,NA,0,0.12492955029649208,-0.022298931674470734,1,0
peak_gated,focusedBreathing,p4_rpowZ,0.05036513503330029,3,21,4,-0.053178688850086885,NA,NA,0,-0.21809232727329814,-0.09682430858651765,0,0
peak_gated,focusedBreathing,p4_rpowDb,0.42495557876317974,3,21,4,-1.6523323889958108,NA,NA,0,-0.5436953142282797,-0.056040736181893556,0,0
peak_gated,focusedBreathing,p4_bandDb,2.0172329306055716,3,21,4,-1.3861749439512296,NA,NA,0,-0.7594001531251583,-0.06102865510907779,0,0
peak_gated,focusedBreathing,p4_aucZ,0.0886491238421018,3,21,4,-0.7066146294913268,NA,NA,0,0.004681923576543113,0.030514327554538895,0,0
peak_gated,focusedBreathing,peakZ,0.03714811180556371,3,21,4,-0.1393154817178614,NA,NA,0,-0.1466983983035066,0.004401104935750803,0,0
peak_gated,focusedBreathing,peakLatMs,0.08626953327570662,3,21,4,1.0394387705285297,NA,NA,0,-0.672946872069673,-0.40226099112762337,0,0
peak_gated,focusedBreathing,peakFreq,0.053943040587803026,3,21,4,0.734851194191996,NA,NA,0,0.37343732684770403,0.042250607383207704,0,0
peak_gated,focusedBreathing,anyBurst,0,3,21,4,-0.4613716440665253,NA,NA,0,0.8073895171742811,0.0651911960713465,0,0
peak_gated,focusedBreathing,burstLatMs,0.1249628293874605,3,21,4,0.4073433326695239,NA,NA,0,-0.8197616209178589,-0.08098033081781476,0,0
peak_gated,focusedBreathing,timeAboveMs,0.04807194856721246,3,21,4,-1.1457249387546453,NA,NA,0,-1.1250679211390977,0.12557819416675622,0,0
peak_gated,focusedBreathing,nBursts,0.02706897267375368,3,21,4,0.22347290342553866,NA,NA,0,-1.4669279725008668,0.13261996206395751,0,0
peak_gated,focusedBreathing,dutyCycle,0.04807194834520194,3,21,4,-1.1457249387546447,NA,NA,0,-1.1250679211390975,0.12557819416675622,0,0
peak_gated,focusedBreathing,maxBurstMs,0.0611164765665789,3,21,4,-1.2811400294198314,NA,NA,0,-0.4172657183263807,-0.048705561288975546,0,0
peak_gated,focusedBreathing,peakZ_base,0.20768670792763327,3,21,4,0.1438945270228339,NA,NA,0,0.19282386588289172,-0.10415948347943567,0,0
peak_gated,focusedBreathing,anyBurst_base,0,3,21,4,-0.26532867990303505,NA,NA,0,1.1050114608012176,-0.09196424453352267,0,0
peak_gated,focusedBreathing,timeAboveMs_base,0.07079215556435875,3,21,4,-0.8689774276064934,NA,NA,0,-1.3585220073646644,0.07305834193346332,0,0
peak_gated,focusedBreathing,chirpSlope,1.470334166185697,3,21,4,-1.2611168917786257,NA,NA,0,0.4217966522723398,-0.059855027126210915,0,0
peak_gated,focusedBreathing,freqSpan,0.04261247606376809,3,21,4,-0.43537992517726964,NA,NA,0,1.5431287531403042,0.2514497953292292,0,0
peak_gated,focusedBreathing,freqJitter,0.0893635770658775,3,21,4,0.023428448738407215,NA,NA,0,1.5344217279769325,0.2150673278603559,0,0
peak_gated,focusedBreathing,apExp,0.16127365457879994,3,21,4,0.502693004982662,NA,NA,0,0.4295616301390657,0.13467381103397455,0,0
peak_gated,focusedBreathing,apOffset,0.5859019775137143,3,21,4,-0.15790367138438716,NA,NA,0,0.15796344825391231,0.06953745798486269,0,0
peak_gated,focusedBreathing,gammaBumpDb,0.22146994332320596,3,21,4,-1.1723890043443057,NA,NA,0,-0.21401870772408343,0.17076287150713115,0,0
peak_gated,focusedBreathing,gammaPeakPresent,0,3,21,4,NA,NA,NA,0,NA,NA,0,0
peak_gated,threshTask,inhalePeakMs,0.5291134991220132,5,22,4,-0.8230429461115558,NA,NA,0,-0.02090614834631218,0.14127607051081129,0,0
peak_gated,threshTask,returnCrossMs,0.10735933996239598,5,22,4,-0.9697854679722872,NA,NA,0,-0.283259469277125,0.09286123735822989,0,0
peak_gated,threshTask,exhaleStartMs,0.10735933996239598,5,22,4,-0.9697854679722872,NA,NA,0,-0.283259469277125,0.09286123735822989,0,0
peak_gated,threshTask,exhaleTroughMs,0.09852649884147358,5,22,4,-0.07531751986957368,NA,NA,0,-0.8534367251615219,-0.07090259718520116,0,0
peak_gated,threshTask,endSymMs,0.09852649884149528,5,22,4,-0.07531751986957368,NA,NA,0,-0.8534367251615219,-0.07090259718520116,0,0
peak_gated,threshTask,breathLenMs,0.09852649884147358,5,22,4,-0.07531751986957368,NA,NA,0,-0.8534367251615219,-0.07090259718520116,0,0
peak_gated,threshTask,inhaleVolume,0.6101839290874738,5,22,4,0.2645299747427749,NA,NA,0,0.2983212627645822,0.1690550731393416,0,0
peak_gated,threshTask,inhaleDuration,0.5291134982034125,5,22,4,-0.823042946111556,NA,NA,0,-0.020906148346312197,0.14127607051081129,0,0
peak_gated,threshTask,peakInspFlow,0.5084967204713222,5,22,4,0.5918863756750004,NA,NA,0,0.5470557238524888,0.002910181227750794,0,0
peak_gated,threshTask,breathLength,0.0985264987980738,5,22,4,-0.07531751986957344,NA,NA,0,-0.8534367251615231,-0.07090259718520116,0,0
peak_gated,threshTask,w1_rfreqPW,0.07924710262879567,5,22,4,-0.48451223580697694,NA,NA,0,0.4876160816286344,0.01719652543670924,1,0
peak_gated,threshTask,w1_rfreqGated,0.08968226307913035,5,22,4,-0.534379238484908,NA,NA,0,0.5141601761137177,0.044710966135444015,1,0
peak_gated,threshTask,w1_rfreqRaw,0.06945357217779756,5,22,4,-0.5834633249153309,NA,NA,0,0.4333969267059202,0.049208518941967976,1,0
peak_gated,threshTask,w1_rpowZ,0.11274938022145949,5,22,4,0.3446997487311668,NA,NA,0,0.11891956594737903,0.10079809525209568,0,0
peak_gated,threshTask,w1_rpowDb,3.0327697940549134,5,22,4,-1.1158731356605824,NA,NA,0,-0.4867839986274521,0.028043564558325833,0,0
peak_gated,threshTask,w1_bandDb,3.3212036228612276,5,22,4,-0.9337447907166766,NA,NA,0,-0.6560463862574707,0.043123594556670856,0,0
peak_gated,threshTask,w1_aucZ,0.11274938015236878,5,22,4,0.3446997487311677,NA,NA,0,0.11891956594738047,0.10079809525209568,0,0
peak_gated,threshTask,w2_rfreqPW,0.059044355499112654,5,22,4,-0.7999422759251208,NA,NA,0,1.0674282647135938,0.18334141734830003,1,0
peak_gated,threshTask,w2_rfreqGated,0.060262504799441965,5,22,4,-0.751035073698108,NA,NA,0,1.0113153551181913,0.20768111488948848,1,0
peak_gated,threshTask,w2_rfreqRaw,0.05941209111989507,5,22,4,-0.727850969186925,NA,NA,0,0.9607679508450468,0.22884606927313061,1,0
peak_gated,threshTask,w2_rpowZ,0.09538280364167821,5,22,4,-0.27137102668270857,NA,NA,0,-0.1776081923997693,0.001851933508568687,0,0
peak_gated,threshTask,w2_rpowDb,1.6050860697499094,5,22,4,-1.1684223722710896,NA,NA,0,-0.5099058332051348,0.0023810573681597408,0,0
peak_gated,threshTask,w2_bandDb,8.101970483817286,5,22,4,-0.9588586739631246,NA,NA,0,-0.5506310590684357,0.0386260417501469,0,0
peak_gated,threshTask,w2_aucZ,0.0953828035995915,5,22,4,-0.27137102668270724,NA,NA,0,-0.17760819239977044,0.001851933508568687,0,0
peak_gated,threshTask,w3_rfreqPW,0.0384128261491031,5,22,4,1.2359457130027216,NA,NA,0,1.0905254664340465,0.1148198775312586,1,0
peak_gated,threshTask,w3_rfreqGated,0.04382640735724569,5,22,4,1.227031470692895,NA,NA,0,1.1721072359588451,0.07063803525540564,1,0
peak_gated,threshTask,w3_rfreqRaw,0.030328136705219253,5,22,4,1.2353102881252505,NA,NA,0,1.0109869010587833,0.11931743033778255,1,0
peak_gated,threshTask,w3_rpowZ,0.1120932051350295,5,22,4,-0.13825852962728513,NA,NA,0,-0.06442250139633404,-0.02010670666446003,0,0
peak_gated,threshTask,w3_rpowDb,1.421888109438881,5,22,4,-1.1536369615550828,NA,NA,0,-0.599804111340679,0.04021341332892006,0,0
peak_gated,threshTask,w3_bandDb,47.83680114983003,5,22,4,-0.9536144624770697,NA,NA,0,-0.5907095649833991,0.044710966135444015,0,0
peak_gated,threshTask,w3_aucZ,0.11209320508224171,5,22,4,-0.13825852962728172,NA,NA,0,-0.06442250139633245,-0.02010670666446003,0,0
peak_gated,threshTask,w4_rfreqPW,0.05751977990401499,5,22,4,1.3922136013805264,NA,NA,0,0.5620630287751925,0.010317915262025542,1,0
peak_gated,threshTask,w4_rfreqGated,0.055532928425764065,5,22,4,1.4452818730730534,NA,NA,0,0.4489679025525833,-0.03809691789055585,1,0
peak_gated,threshTask,w4_rfreqRaw,0.05692034774724509,5,22,4,1.26818142954918,NA,NA,0,0.598214891199575,0.07989770279824908,1,0
peak_gated,threshTask,w4_rpowZ,0.13101067511310016,5,22,4,-0.8685138999570104,NA,NA,0,-0.7983847489471141,-0.1296353455998081,0,0
peak_gated,threshTask,w4_rpowDb,1.5060908806628617,5,22,4,-1.153328544248658,NA,NA,0,-0.5221756112400783,0.029630936137098992,0,0
peak_gated,threshTask,w4_bandDb,274.4873627996919,5,22,4,-0.9496080622627273,NA,NA,0,-0.648742752695177,0.04180078490769323,0,0
peak_gated,threshTask,w4_aucZ,0.1310106750545233,5,22,4,-0.8685138999570086,NA,NA,0,-0.7983847489471163,-0.1296353455998081,0,0
peak_gated,threshTask,w5_rfreqPW,0.05784151283515808,5,22,4,0.30532039332410876,NA,NA,0,0.10624522684238373,0.2933991801432391,1,0
peak_gated,threshTask,w5_rfreqGated,0.05579839080760369,5,22,4,0.28228090453090215,NA,NA,0,0.16628141139370733,0.20133162857439582,1,0
peak_gated,threshTask,w5_rfreqRaw,0.05644578389450793,5,22,4,0.3399894545573477,NA,NA,0,0.14366364323071001,0.2735570354085747,1,0
peak_gated,threshTask,w5_rpowZ,0.067786152709896,5,22,4,-1.2916033214648779,NA,NA,0,-1.7088830769613548,-0.0801622647280446,0,0
peak_gated,threshTask,w5_rpowDb,1.7959023441141533,5,22,4,-1.1693681795427489,NA,NA,0,-0.5669947746921206,0.037303232101169266,0,0
peak_gated,threshTask,w5_bandDb,7588.289768367819,5,22,4,-0.9595287568486116,NA,NA,0,-0.6940168514637762,0.05238326209951429,0,0
peak_gated,threshTask,w5_aucZ,0.06778615267944083,5,22,4,-1.2916033214648774,NA,NA,0,-1.708883076961355,-0.0801622647280446,0,0
peak_gated,threshTask,p1_rfreqPW,0.07929228269052124,5,22,4,-0.9584662043329788,NA,NA,0,1.138310726526939,0.16879051120954605,1,0
peak_gated,threshTask,p1_rfreqGated,0.08266549356323617,5,22,4,-0.8535378293083594,NA,NA,0,1.230733296265348,0.2701177303212328,1,0
peak_gated,threshTask,p1_rfreqRaw,0.07904948021351746,5,22,4,-0.988852882390124,NA,NA,0,0.9954016510355045,0.1563561005091563,1,0
peak_gated,threshTask,p1_rpowZ,0.13569476468576788,5,22,4,-0.463979222977986,NA,NA,0,-0.2394735988428405,-0.16217646296465787,0,0
peak_gated,threshTask,p1_rpowDb,1.8042932566875214,5,22,4,-1.1427686754599746,NA,NA,0,-0.5542583750431457,7.936857893865801e-4,0,0
peak_gated,threshTask,p1_bandDb,5.8568045961010204,5,22,4,-0.9712653324001927,NA,NA,0,-0.6100465354078103,0.043123594556670856,0,0
peak_gated,threshTask,p1_aucZ,0.4609482187629583,5,22,4,-0.8754904330821989,NA,NA,0,-0.16427448158617533,0.09577141858598068,0,0
peak_gated,threshTask,p2_rfreqPW,0.032590849784902697,5,22,4,1.0735841319639141,NA,NA,0,0.9305272298426649,0.2328144982200635,1,0
peak_gated,threshTask,p2_rfreqGated,0.03643538734915609,5,22,4,0.940859936399185,NA,NA,0,0.9465760173767107,0.24498434699065774,1,0
peak_gated,threshTask,p2_rfreqRaw,0.028146542991842154,5,22,4,1.0341266646596279,NA,NA,0,0.8796373127046822,0.19048458945277924,1,0
peak_gated,threshTask,p2_rpowZ,0.07432985854195788,5,22,4,-0.46288690928776727,NA,NA,0,0.0772027462685555,0.11508443946105414,0,0
peak_gated,threshTask,p2_rpowDb,1.2812246619297165,5,22,4,-1.1749155628926047,NA,NA,0,-0.5486994250760598,0.044710966135444015,0,0
peak_gated,threshTask,p2_bandDb,27.885428092268796,5,22,4,-0.9671480869140789,NA,NA,0,-0.584689928353505,0.06137836771256221,0,0
peak_gated,threshTask,p2_aucZ,0.3173458283052233,5,22,4,-0.9104552535192797,NA,NA,0,-0.3027604814163905,-0.12804797402103493,0,0
peak_gated,threshTask,p3_rfreqPW,0.07834130492577356,5,22,4,0.7813873963240187,NA,NA,0,0.04902617810526025,0.0386260417501469,1,0
peak_gated,threshTask,p3_rfreqGated,0.0822923164118854,5,22,4,0.8251029060160889,NA,NA,0,0.011725173256962412,-0.07910401700886249,1,0
peak_gated,threshTask,p3_rfreqRaw,0.07349913186983091,5,22,4,0.7523522688705387,NA,NA,0,0.03087224057926405,0.08095595051743118,1,0
peak_gated,threshTask,p3_rpowZ,0.09270670580384313,5,22,4,-1.2931128361285953,NA,NA,0,-1.2784516025150965,0.04285903262687533,0,0
peak_gated,threshTask,p3_rpowDb,1.61289527771984,5,22,4,-1.0898492104810733,NA,NA,0,-0.5618646440585316,0.05397063367828745,0,0
peak_gated,threshTask,p3_bandDb,74.50628829993948,5,22,4,-0.9553062389983626,NA,NA,0,-0.66476045960976,0.04788570929299034,0,0
peak_gated,threshTask,p3_aucZ,0.2666402359502263,5,22,4,0.32160633852564025,NA,NA,0,-0.9360103472276307,-0.11799462068880492,0,0
peak_gated,threshTask,p4_rfreqPW,0.028054574807011172,5,22,4,-0.47131698799620847,NA,NA,0,-0.456601608149113,-0.1611182152454758,1,0
peak_gated,threshTask,p4_rfreqGated,0.03750856246120973,5,22,4,-0.5471609148785705,NA,NA,0,-0.33559665385372167,-0.15953084366670262,1,0
peak_gated,threshTask,p4_rfreqRaw,0.020465737951168232,5,22,4,-0.4584750306927548,NA,NA,0,-0.5504276060847778,-0.16588032998179525,1,0
peak_gated,threshTask,p4_rpowZ,0.05728242934541898,5,22,4,-0.5443613110689305,NA,NA,0,-0.5463940770765008,0.3145641345268813,0,0
peak_gated,threshTask,p4_rpowDb,1.6850804513664852,5,22,4,-1.1082833752710866,NA,NA,0,-0.41114409211443326,0.08730543683252383,0,0
peak_gated,threshTask,p4_bandDb,7.177397573976952,5,22,4,-0.9269637668421671,NA,NA,0,-0.6612358449565385,0.08730543683252383,0,0
peak_gated,threshTask,p4_aucZ,0.03686441334650817,5,22,4,-0.7148203069453307,NA,NA,0,0.07065639914113783,0.02116495438364214,0,0
peak_gated,threshTask,peakZ,0.0445752688753396,5,22,4,0.2119037295257659,NA,NA,0,0.6895307320236426,-0.14286344208958443,0,0
peak_gated,threshTask,peakLatMs,0.03843200752559377,5,22,4,-0.747946185968138,NA,NA,0,-0.17505104900913904,0.06587592051908615,0,0
peak_gated,threshTask,peakFreq,0.054560991432167145,5,22,4,1.3896716503391249,NA,NA,0,0.38191665882197684,0.07989770279824908,0,0
peak_gated,threshTask,anyBurst,0,5,22,4,-0.47914956406497144,NA,NA,0,-0.5660442461804059,0.11893940010988394,0,0
peak_gated,threshTask,burstLatMs,0.2217066611506011,5,22,4,0.23453333261729437,NA,NA,0,0.3083119559384299,0.0494730808717635,0,0
peak_gated,threshTask,timeAboveMs,0.20476821043180163,5,22,4,-0.679289945505182,NA,NA,0,-0.5381675054434274,-0.0920675515688433,0,0
peak_gated,threshTask,nBursts,0.14011481690001318,5,22,4,0.33280785875054575,NA,NA,0,-1.1315971517814838,-0.11111601051412122,0,0
peak_gated,threshTask,dutyCycle,0.20476820962790843,5,22,4,-0.6792899455051817,NA,NA,0,-0.5381675054434273,-0.0920675515688433,0,0
peak_gated,threshTask,maxBurstMs,0.11855324858960305,5,22,4,-0.5150376009961265,NA,NA,0,-0.39836171842473583,0.009259667542843436,0,0
peak_gated,threshTask,peakZ_base,0.26466709917327164,5,22,4,0.19411148684953886,NA,NA,0,0.1427945331988035,-0.13042903138919468,0,0
peak_gated,threshTask,anyBurst_base,0,5,22,4,NA,NA,NA,0,NA,NA,0,0
peak_gated,threshTask,timeAboveMs_base,0.04381599340281555,5,22,4,-0.7546125491401905,NA,NA,0,-0.5722545114515104,-0.037303232101169266,0,0
peak_gated,threshTask,chirpSlope,1.1535823753861703,5,22,4,1.1851348057861189,NA,NA,0,0.7254117020244536,-0.0267207549093482,0,0
peak_gated,threshTask,freqSpan,0.06582443463623669,5,22,4,-1.493379167672711,NA,NA,0,-0.6100114715023435,-0.24858654903525879,0,0
peak_gated,threshTask,freqJitter,0.07865512109656705,5,22,4,-0.8679525401918745,NA,NA,0,-0.9982285553811827,-0.1830768554185045,0,0
peak_gated,threshTask,apExp,0.3319945132840163,5,22,4,0.7936182719931144,NA,NA,0,0.6800049281846039,-0.007936857893865801,0,0
peak_gated,threshTask,apOffset,2.7417916950975973,5,22,4,0.5801729016800143,NA,NA,0,0.6351830363684511,0.020900392453846613,0,0
peak_gated,threshTask,gammaBumpDb,0.25818367133502734,5,22,4,-0.4987041639426587,NA,NA,0,-0.36297074254588246,-0.07751664543008932,0,0
peak_gated,threshTask,gammaPeakPresent,0,5,22,4,NA,NA,NA,0,NA,NA,0,0
airflow_adjusted,cueTask,inhalePeakMs,1.268773149657728e-16,11,23,4,0,NA,NA,0,0,0.27681826617913324,0,0
airflow_adjusted,cueTask,returnCrossMs,0.24852667441195483,11,23,4,0.06006233209826516,NA,NA,0,-0.2651207159030047,-0.09903127373514262,0,0
airflow_adjusted,cueTask,exhaleStartMs,0.24852667441195483,11,23,4,0.06006233209826516,NA,NA,0,-0.2651207159030047,-0.09903127373514262,0,0
airflow_adjusted,cueTask,exhaleTroughMs,0.1387631340399896,11,23,4,0.5115322299735161,NA,NA,0,-0.5489601074646762,-0.23824915130483584,0,0
airflow_adjusted,cueTask,endSymMs,0.1387631340400209,11,23,4,0.5115322299735161,NA,NA,0,-0.5489601074646762,-0.23824915130483584,0,0
airflow_adjusted,cueTask,breathLenMs,0.1387631340399896,11,23,4,0.5115322299735161,NA,NA,0,-0.5489601074646762,-0.23824915130483584,0,0
airflow_adjusted,cueTask,inhaleVolume,0.36750247672105746,11,23,4,-0.06578755194429932,NA,NA,0,-0.016105274564388348,0.022963773619743215,0,0
airflow_adjusted,cueTask,inhaleDuration,0.37902134722162495,11,23,4,0.04946883907170506,NA,NA,0,-0.009335255024013268,0.11625410394995,0,0
airflow_adjusted,cueTask,peakInspFlow,0.38957143481403067,11,23,4,0.48214739315423577,NA,NA,0,0.48800343347862835,-0.027269481173445066,0,0
airflow_adjusted,cueTask,breathLength,0.13876313397740236,11,23,4,0.5115322299735156,NA,NA,0,-0.5489601074646764,-0.23824915130483584,0,0
airflow_adjusted,cueTask,w1_rfreqPW,0.0540612290408919,11,23,4,-0.32310151757257455,NA,NA,0,0.33110021874673884,-0.030139952875912972,1,0
airflow_adjusted,cueTask,w1_rfreqGated,0.06217298284567764,11,23,4,-0.29388178769289086,NA,NA,0,0.3838044382468509,-0.09041985862773891,1,0
airflow_adjusted,cueTask,w1_rfreqRaw,0.05304693546212823,11,23,4,-0.4179369568645171,NA,NA,0,0.4403650287725813,0.08611415107403705,1,0
airflow_adjusted,cueTask,w1_rpowZ,0.11690832850919941,11,23,4,0.09425831165492049,NA,NA,0,1.5612869178485165,-0.017222830214807413,0,0
airflow_adjusted,cueTask,w1_rpowDb,1.7548547943760147,11,23,4,-1.373160707062072,NA,NA,0,-0.47291952486423955,-0.08611415107403705,0,0
airflow_adjusted,cueTask,w1_bandDb,5.068693860591111,11,23,4,-1.3540123632096892,NA,NA,0,-0.7894234974606767,-0.14065311342092718,0,0
airflow_adjusted,cueTask,w1_aucZ,0.1169083284411666,11,23,4,0.09425831165491992,NA,NA,0,1.5612869178485156,-0.017222830214807413,0,0
airflow_adjusted,cueTask,w2_rfreqPW,0.03356198013890587,11,23,4,-0.7384138465652044,NA,NA,0,1.4485905896009204,0.380337500576997,1,0
airflow_adjusted,cueTask,w2_rfreqGated,0.04414416670588375,11,23,4,-0.5246542674433488,NA,NA,0,1.5615443940646898,0.2856119343955562,1,0
airflow_adjusted,cueTask,w2_rfreqRaw,0.028978567841889475,11,23,4,-0.8010683670387623,NA,NA,0,1.4421532968594362,0.3559384911060198,1,0
airflow_adjusted,cueTask,w2_rpowZ,0.16504547151775575,11,23,4,-0.39656947384756125,NA,NA,0,-0.6599327045409827,0.14495882097462906,0,0
airflow_adjusted,cueTask,w2_rpowDb,1.2358219066194553,11,23,4,-1.4168098009258938,NA,NA,0,-1.1206448065644108,-0.027269481173445066,0,0
airflow_adjusted,cueTask,w2_bandDb,3.248325301202039,11,23,4,-1.3580335865050719,NA,NA,0,-1.2708689902494439,-0.10046650958637655,0,0
airflow_adjusted,cueTask,w2_aucZ,0.16504547144761622,11,23,4,-0.39656947384756003,NA,NA,0,-0.6599327045409852,0.14495882097462906,0,0
airflow_adjusted,cueTask,w3_rfreqPW,0.06832482132743879,11,23,4,0.5448587298116908,NA,NA,0,0.895760878580896,0.09616080203267471,1,0
airflow_adjusted,cueTask,w3_rfreqGated,0.06956239458965087,11,23,4,0.4055341511083953,NA,NA,0,1.1359924494276707,0.1550054719332667,1,0
airflow_adjusted,cueTask,w3_rfreqRaw,0.0654365001793362,11,23,4,0.5599432896415296,NA,NA,0,0.9999913528940735,0.14065311342092718,1,0
airflow_adjusted,cueTask,w3_rpowZ,0.13021132411147013,11,23,4,-0.6692378891905613,NA,NA,0,0.5428566435249309,-0.05310372649565618,0,0
airflow_adjusted,cueTask,w3_rpowDb,0.9221910359420008,11,23,4,-1.6579496136919891,NA,NA,0,-1.0226936935430346,-0.01578759436357346,0,0
airflow_adjusted,cueTask,w3_bandDb,2.5985404914006773,11,23,4,-1.5054476702815902,NA,NA,0,-1.061440612317859,-0.05166849064442223,0,0
airflow_adjusted,cueTask,w3_aucZ,0.13021132404948413,11,23,4,-0.6692378891905616,NA,NA,0,0.5428566435249312,-0.05310372649565618,0,0
airflow_adjusted,cueTask,w4_rfreqPW,0.07180679064537522,11,23,4,1.4047154198574268,NA,NA,0,0.16779846571920687,0.17366353799930806,1,0
airflow_adjusted,cueTask,w4_rfreqGated,0.07586179252399944,11,23,4,1.3603303329059535,NA,NA,0,-0.07904762742602,0.14782929267709694,1,0
airflow_adjusted,cueTask,w4_rfreqRaw,0.07098762525334612,11,23,4,1.2442855537333126,NA,NA,0,0.29193661381873187,0.14208834927216113,1,0
airflow_adjusted,cueTask,w4_rpowZ,0.11020743549796984,11,23,4,-0.9600821238615747,NA,NA,0,0.5253210846118357,-0.13347693416475745,0,0
airflow_adjusted,cueTask,w4_rpowDb,0.9116741077058509,11,23,4,-1.7967217416293986,NA,NA,0,-0.9545242188829299,-0.033010424578380874,0,0
airflow_adjusted,cueTask,w4_bandDb,2.32226982203369,11,23,4,-1.5340041702919482,NA,NA,0,-1.1648765296409853,-0.06602084915676175,0,0
airflow_adjusted,cueTask,w4_aucZ,0.11020743544578863,11,23,4,-0.960082123861574,NA,NA,0,0.5253210846118357,-0.13347693416475745,0,0
airflow_adjusted,cueTask,w5_rfreqPW,0.07181110732180906,11,23,4,1.1364326565002245,NA,NA,0,-0.2249500576736117,-0.01578759436357346,1,0
airflow_adjusted,cueTask,w5_rfreqGated,0.07678712143721102,11,23,4,0.9534530079688323,NA,NA,0,-0.6390728103434811,0.002870471702467902,1,0
airflow_adjusted,cueTask,w5_rfreqRaw,0.06824572328163957,11,23,4,1.0827805425321373,NA,NA,0,0.03132295615469325,-0.03731613213208272,1,0
airflow_adjusted,cueTask,w5_rpowZ,0.07415926986232413,11,23,4,-0.9694696436849809,NA,NA,0,0.2636615965319813,-0.07176179256169754,0,0
airflow_adjusted,cueTask,w5_rpowDb,0.9046963266062522,11,23,4,-1.8462925451431222,NA,NA,0,-0.9260965605994846,-0.04305707553701853,0,0
airflow_adjusted,cueTask,w5_bandDb,2.197913546861439,11,23,4,-1.5366651238005316,NA,NA,0,-1.228176385460396,-0.041621839685784576,0,0
airflow_adjusted,cueTask,w5_aucZ,0.07415926982726316,11,23,4,-0.9694696436849835,NA,NA,0,0.2636615965319799,-0.07176179256169754,0,0
airflow_adjusted,cueTask,p1_rfreqPW,0.035457070186767393,11,23,4,-1.0386608456966997,NA,NA,0,1.312204986590364,0.29565858535419387,1,0
airflow_adjusted,cueTask,p1_rfreqGated,0.045460474856807674,11,23,4,-0.8611238430807892,NA,NA,0,1.3761418503810527,0.2425548588585377,1,0
airflow_adjusted,cueTask,p1_rfreqRaw,0.03245896977658971,11,23,4,-1.052508619519681,NA,NA,0,1.3083153124054399,0.25834245322211113,1,0
airflow_adjusted,cueTask,p1_rpowZ,0.1602858449433516,11,23,4,-0.24493427379658497,NA,NA,0,-1.2844590560548148,0.09329033033020681,0,0
airflow_adjusted,cueTask,p1_rpowDb,1.568486700252922,11,23,4,-1.2921370900610636,NA,NA,0,-1.192018654195095,-0.06889132085922965,0,0
airflow_adjusted,cueTask,p1_bandDb,3.748656275340872,11,23,4,-1.3138529425648393,NA,NA,0,-1.4079814908986645,-0.09329033033020681,0,0
airflow_adjusted,cueTask,p1_aucZ,0.16059054817592489,11,23,4,-0.19292860421573052,NA,NA,0,-0.6901059407654372,0.11338363224748212,0,0
airflow_adjusted,cueTask,p2_rfreqPW,0.06657779846520465,11,23,4,0.5035756270870441,NA,NA,0,0.825177271985609,0.2884824060980241,1,0
airflow_adjusted,cueTask,p2_rfreqGated,0.07011672718305854,11,23,4,0.5404977593919972,NA,NA,0,0.8271558291517278,0.30139952875912973,1,0
airflow_adjusted,cueTask,p2_rfreqRaw,0.06087845740715634,11,23,4,0.57980054652429,NA,NA,0,0.7903787958736721,0.2856119343955562,1,0
airflow_adjusted,cueTask,p2_rpowZ,0.13023245493968327,11,23,4,-0.7218566364159947,NA,NA,0,0.4005163114999191,0.004305707553701853,0,0
airflow_adjusted,cueTask,p2_rpowDb,0.8758355552804126,11,23,4,-1.6600567738836696,NA,NA,0,-1.0907401751126844,-0.03157518872714692,0,0
airflow_adjusted,cueTask,p2_bandDb,2.4148647490283284,11,23,4,-1.479383455415199,NA,NA,0,-1.151949458054265,-0.05023325479318828,0,0
airflow_adjusted,cueTask,p2_aucZ,0.41889854963599765,11,23,4,-0.3059647267535782,NA,NA,0,-0.19852356657279846,-0.11481886809871608,0,0
airflow_adjusted,cueTask,p3_rfreqPW,0.07173150724779706,11,23,4,0.983882119509214,NA,NA,0,-0.6967513233458772,0.19519207576781733,1,0
airflow_adjusted,cueTask,p3_rfreqGated,0.07362572372398052,11,23,4,0.9112004561612221,NA,NA,0,-0.5204652649387866,0.1722283021480741,1,0
airflow_adjusted,cueTask,p3_rfreqRaw,0.06940964473734904,11,23,4,0.941095084543136,NA,NA,0,-0.2544099430410362,0.060279905751825943,1,0
airflow_adjusted,cueTask,p3_rpowZ,0.0938480557860127,11,23,4,-0.9450791272217735,NA,NA,0,0.4403303186783263,0.08037320766910125,0,0
airflow_adjusted,cueTask,p3_rpowDb,0.8848719662249093,11,23,4,-1.7404708103850401,NA,NA,0,-0.8922631719474166,-0.07176179256169754,0,0
airflow_adjusted,cueTask,p3_bandDb,2.1273019665968373,11,23,4,-1.5163236748173092,NA,NA,0,-1.2023455270828705,-0.022963773619743215,0,0
airflow_adjusted,cueTask,p3_aucZ,0.2617751860832298,11,23,4,0.19149307883249714,NA,NA,0,-0.24658875089501717,-0.30139952875912973,0,0
airflow_adjusted,cueTask,p4_rfreqPW,0.06002780447190392,11,23,4,0.4243394814522281,NA,NA,0,-0.16047881215573084,0.06171514160305989,1,0
airflow_adjusted,cueTask,p4_rfreqGated,0.06191737715680291,11,23,4,0.4586231317123478,NA,NA,0,-0.2249266803249042,0.08611415107403705,1,0
airflow_adjusted,cueTask,p4_rfreqRaw,0.055974425004566813,11,23,4,0.40468440469845124,NA,NA,0,0.029993938052306414,0.041621839685784576,1,0
airflow_adjusted,cueTask,p4_rpowZ,0.07694365271972056,11,23,4,0.2354132481988501,NA,NA,0,-0.4186995333326424,-0.09472556618144076,0,0
airflow_adjusted,cueTask,p4_rpowDb,1.0756182488373713,11,23,4,-1.588629260586671,NA,NA,0,-1.0779096547220715,0,0,0
airflow_adjusted,cueTask,p4_bandDb,2.7102071933710246,11,23,4,-1.395344524230563,NA,NA,0,-1.2508724156982693,-0.030139952875912972,0,0
airflow_adjusted,cueTask,p4_aucZ,0.1485723904195777,11,23,4,-0.91097122346693,NA,NA,0,0.2863553619492347,0.09616080203267471,0,0
airflow_adjusted,cueTask,peakZ,0.050423710786197506,11,23,4,-0.5197401263769258,NA,NA,0,-1.591241348340647,0.012917122661105557,0,0
airflow_adjusted,cueTask,peakLatMs,0.20598108210604915,11,23,4,-0.3941428408900987,NA,NA,0,1.9247819921314688,-0.01578759436357346,0,0
airflow_adjusted,cueTask,peakFreq,0.063701639636857,11,23,4,0.4129618722691188,NA,NA,0,0.6300255122348216,0.13491217001599137,0,0
airflow_adjusted,cueTask,anyBurst,0.006451308808820307,11,23,4,-0.2734823686137808,NA,NA,0,-0.17730430128669858,0.08037320766910125,0,0
airflow_adjusted,cueTask,burstLatMs,0.46930070249803607,11,23,4,0.14477793510505282,NA,NA,0,0.2523111977295386,-0.3774670288745291,0,0
airflow_adjusted,cueTask,timeAboveMs,0.19393238273380756,11,23,4,-1.1064488118129412,NA,NA,0,-0.0480799898508144,0.06745608500799569,0,0
airflow_adjusted,cueTask,nBursts,0.30711224627605144,11,23,4,-0.24468288352542372,NA,NA,0,-1.193160345165329,-0.17940448140424387,0,0
airflow_adjusted,cueTask,dutyCycle,0.19393238196139928,11,23,4,-1.1064488118129412,NA,NA,0,-0.048079989850813604,0.06745608500799569,0,0
airflow_adjusted,cueTask,maxBurstMs,0.20214825569113334,11,23,4,-1.0052078592373503,NA,NA,0,-0.39948125668641965,0.03588089628084877,0,0
airflow_adjusted,cueTask,peakZ_base,0.4800438810262747,11,23,4,0.03231260051163001,NA,NA,0,-0.7308421440005243,-0.03875136798331667,0,0
airflow_adjusted,cueTask,anyBurst_base,0,11,23,4,NA,NA,NA,0,NA,NA,0,0
airflow_adjusted,cueTask,timeAboveMs_base,0.05938948497806598,11,23,4,-0.8948326813425451,NA,NA,0,-1.222998240004049,0.08898462277650496,0,0
airflow_adjusted,cueTask,chirpSlope,3.7743354886825626,11,23,4,0.39441640033227743,NA,NA,0,1.0044862384354822,0.04449231138825248,0,0
airflow_adjusted,cueTask,freqSpan,0.04112789961988397,11,23,4,-0.28378292035145397,NA,NA,0,0.43092262358756755,-0.3745965571720612,0,0
airflow_adjusted,cueTask,freqJitter,0.07366119501944364,11,23,4,-0.04805770873189759,NA,NA,0,0.4583243164563009,-0.27125957588321675,0,0
airflow_adjusted,cueTask,apExp,0.3659354524472124,11,23,4,0.5006314743638028,NA,NA,0,0.028285124143215122,0.1722283021480741,0,0
airflow_adjusted,cueTask,apOffset,1.521686848052359,11,23,4,-0.14521622564449985,NA,NA,0,-0.45876230680275293,0.1693578304456062,0,0
airflow_adjusted,cueTask,gammaBumpDb,0.4065228710707395,11,23,4,-0.7903940122115708,NA,NA,0,-0.2515280940386548,-0.1607464153382025,0,0
airflow_adjusted,cueTask,gammaPeakPresent,0.2851052647570149,11,23,4,0.43534902329139213,NA,NA,0,-0.45684549460013363,-0.007176179256169755,0,0
airflow_adjusted,O15,inhalePeakMs,2.7433613482534865e-16,11,22,3,-0.772511613859874,NA,NA,0,0,0.37080130277293716,0,0
airflow_adjusted,O15,returnCrossMs,0.15592390427633168,11,22,3,0.29064117549128077,NA,NA,0,-0.5622973925033959,-0.25763241901701694,0,0
airflow_adjusted,O15,exhaleStartMs,0.15592390427633168,11,22,3,0.29064117549128077,NA,NA,0,-0.5622973925033959,-0.25763241901701694,0,0
airflow_adjusted,O15,exhaleTroughMs,0.2293333304423587,11,22,3,0.34866071476403965,NA,NA,0,-0.7193343251952784,-0.33039656950861995,0,0
airflow_adjusted,O15,endSymMs,0.22933333044241766,11,22,3,0.34866071476403965,NA,NA,0,-0.7193343251952784,-0.33039656950861995,0,0
airflow_adjusted,O15,breathLenMs,0.2293333304423587,11,22,3,0.34866071476403965,NA,NA,0,-0.7193343251952784,-0.33039656950861995,0,0
airflow_adjusted,O15,inhaleVolume,0.3369199286897988,11,22,3,-0.3295352174871449,NA,NA,0,-0.7019958624670721,0.07986309200297885,0,0
airflow_adjusted,O15,inhaleDuration,0.22773731495031221,11,22,3,0.34430594214965293,NA,NA,0,-0.030949897413763243,0.021296824534127692,0,0
airflow_adjusted,O15,peakInspFlow,0.3904891469543854,11,22,3,0.5724036337602094,NA,NA,0,0.8704507156893522,-0.09672307809249661,0,0
airflow_adjusted,O15,breathLength,0.22933333032456885,11,22,3,0.3486607147640391,NA,NA,0,-0.7193343251952774,-0.33039656950861995,0,0
airflow_adjusted,O15,w1_rfreqPW,0.04026550021931822,11,22,3,-0.09664289488683912,NA,NA,0,-0.5071118348298952,-0.07897572431405686,1,0
airflow_adjusted,O15,w1_rfreqGated,0.04489781821988721,11,22,3,0.08294282262739852,NA,NA,0,-0.26054205529857716,0.07483467509908759,1,0
airflow_adjusted,O15,w1_rfreqRaw,0.038107085236202994,11,22,3,-0.12786285213719487,NA,NA,0,-0.5546552616189796,-0.1564725024799104,1,0
airflow_adjusted,O15,w1_rpowZ,0.09561444521008142,11,22,3,0.1023351383303807,NA,NA,0,-0.8217170978503798,0.057974689009569834,0,0
airflow_adjusted,O15,w1_rpowDb,1.5790120338355171,11,22,3,-1.5573049127599323,NA,NA,0,-0.10506323870450895,-0.1336967317975794,0,0
airflow_adjusted,O15,w1_bandDb,394.816822230494,11,22,3,-1.4277759815440176,NA,NA,0,-0.3307596248572886,-0.10175149499638787,0,0
airflow_adjusted,O15,w1_aucZ,0.0956144451542169,11,22,3,0.10233513833038069,NA,NA,0,-0.8217170978503798,0.057974689009569834,0,0
airflow_adjusted,O15,w2_rfreqPW,0.02669487061014592,11,22,3,-1.0376040063578333,NA,NA,0,0.4656719018028923,-0.06980625819519633,1,0
airflow_adjusted,O15,w2_rfreqGated,0.02596604364611937,11,22,3,-0.9323159362001475,NA,NA,0,0.5018393747915363,-0.06093258130597646,1,0
airflow_adjusted,O15,w2_rfreqRaw,0.026251072414580672,11,22,3,-0.9884702430673223,NA,NA,0,0.4464502344145112,-0.08134203815118217,1,0
airflow_adjusted,O15,w2_rpowZ,0.11405149772784921,11,22,3,-0.5867269104880175,NA,NA,0,-1.024161320235359,0.04821364443142798,0,0
airflow_adjusted,O15,w2_rpowDb,1.1718210048284072,11,22,3,-1.4785090798669274,NA,NA,0,-0.1816310833291373,-0.043481016757177374,0,0
airflow_adjusted,O15,w2_bandDb,9.2075421327319,11,22,3,-1.3182243983784359,NA,NA,0,-0.2064399970368358,-0.043481016757177374,0,0
airflow_adjusted,O15,w2_aucZ,0.11405149767733123,11,22,3,-0.5867269104880177,NA,NA,0,-1.0241613202353606,0.04821364443142798,0,0
airflow_adjusted,O15,w3_rfreqPW,0.04741134506753366,11,22,3,1.0586979565966634,NA,NA,0,1.9411553198037161,0.22716612836402872,1,0
airflow_adjusted,O15,w3_rfreqGated,0.049390546818943185,11,22,3,0.8952003664702336,NA,NA,0,2.067056388087723,0.23396928064576397,1,0
airflow_adjusted,O15,w3_rfreqRaw,0.04517629808342495,11,22,3,1.0447766601776936,NA,NA,0,2.026698139410668,0.2298282314307947,1,0
airflow_adjusted,O15,w3_rpowZ,0.08291113553152353,11,22,3,-0.9146885852999005,NA,NA,0,0.18436133041536973,0.35228497250202895,0,0
airflow_adjusted,O15,w3_rpowDb,0.9235535337098479,11,22,3,-1.6986562090417248,NA,NA,0,-0.2179053187897457,-0.03608628601616081,0,0
airflow_adjusted,O15,w3_bandDb,3.5817402110282317,11,22,3,-1.47429672499617,NA,NA,0,-0.11062137719889648,-0.008873676889219874,0,0
airflow_adjusted,O15,w3_aucZ,0.08291113549290491,11,22,3,-0.9146885852999004,NA,NA,0,0.18436133041537128,0.35228497250202895,0,0
airflow_adjusted,O15,w4_rfreqPW,0.03329355834560509,11,22,3,1.3013759935887754,NA,NA,0,0.8614222942361667,0.17569880240655347,1,0
airflow_adjusted,O15,w4_rfreqGated,0.035834356539571996,11,22,3,1.1328165730375768,NA,NA,0,0.6597423604096003,0.30732500959664827,1,0
airflow_adjusted,O15,w4_rfreqRaw,0.03341626231560622,11,22,3,1.2414041498982,NA,NA,0,0.8445489577293596,0.09761044578141859,1,0
airflow_adjusted,O15,w4_rpowZ,0.05691407599893988,11,22,3,-1.034688911306447,NA,NA,0,0.15441817620870588,0.0905115042700427,0,0
airflow_adjusted,O15,w4_rpowDb,0.9190839416584028,11,22,3,-1.8106261948453042,NA,NA,0,-0.21236135782440307,-0.11269569649309237,0,0
airflow_adjusted,O15,w4_bandDb,3.526961202484496,11,22,3,-1.554980557228573,NA,NA,0,-0.2149154965196687,-0.04821364443142798,0,0
airflow_adjusted,O15,w4_aucZ,0.05691407597167644,11,22,3,-1.034688911306447,NA,NA,0,0.1544181762087047,0.0905115042700427,0,0
airflow_adjusted,O15,w5_rfreqPW,0.046054395893690946,11,22,3,0.7642849888819396,NA,NA,0,0.20671092230280672,0.019226299926643056,1,0
airflow_adjusted,O15,w5_rfreqGated,0.04668899057886279,11,22,3,0.7514934717215116,NA,NA,0,0.07875352343771345,0.1455283009832059,1,0
airflow_adjusted,O15,w5_rfreqRaw,0.04478509015319602,11,22,3,0.5349126187460852,NA,NA,0,0.0888824020903852,-0.10293465191495052,1,0
airflow_adjusted,O15,w5_rpowZ,0.058292980409679035,11,22,3,-0.9612321166527533,NA,NA,0,-0.6466601661817656,0.15588092402062909,0,0
airflow_adjusted,O15,w5_rpowDb,0.9874522794012176,11,22,3,-1.7460699057803564,NA,NA,0,-0.20557249727940682,-0.09701886732213728,0,0
airflow_adjusted,O15,w5_bandDb,3.9877154056219957,11,22,3,-1.5537670925437355,NA,NA,0,-0.3295816346240438,-0.08548308736615144,0,0
airflow_adjusted,O15,w5_aucZ,0.05829298038114924,11,22,3,-0.9612321166527533,NA,NA,0,-0.6466601661817656,0.15588092402062909,0,0
airflow_adjusted,O15,p1_rfreqPW,0.029722355343141882,11,22,3,-0.9851776360036035,NA,NA,0,0.6056561543010949,-0.08370835198830746,1,0
airflow_adjusted,O15,p1_rfreqGated,0.03081242406804267,11,22,3,-0.9524551876367201,NA,NA,0,0.6997813507473591,-0.0559041644020852,1,0
airflow_adjusted,O15,p1_rfreqRaw,0.02889885018099527,11,22,3,-0.9396238086596169,NA,NA,0,0.557934395347095,-0.06477784129130507,1,0
airflow_adjusted,O15,p1_rpowZ,0.09571875646027911,11,22,3,-0.5325683630700965,NA,NA,0,-1.417905213137875,-0.04821364443142798,0,0
airflow_adjusted,O15,p1_rpowDb,1.3226736552713705,11,22,3,-1.4838161433768526,NA,NA,0,-0.24558384548006928,-0.0686231012766337,0,0
airflow_adjusted,O15,p1_bandDb,12.37309819543826,11,22,3,-1.3537508537302425,NA,NA,0,-0.2667096145537581,-0.043481016757177374,0,0
airflow_adjusted,O15,p1_aucZ,0.08698224761575718,11,22,3,-0.5993611982459864,NA,NA,0,-1.5051752312203426,-0.005324206133531923,0,0
airflow_adjusted,O15,p2_rfreqPW,0.04309912954115405,11,22,3,0.19552135597897236,NA,NA,0,1.4543666416776004,0.32418499568616604,1,0
airflow_adjusted,O15,p2_rfreqGated,0.046239868511393285,11,22,3,0.1757631773115485,NA,NA,0,1.467552104323048,0.21947560839337152,1,0
airflow_adjusted,O15,p2_rfreqRaw,0.0386740646537525,11,22,3,0.16924483389157904,NA,NA,0,1.4868483171159708,0.3336502510346672,1,0
airflow_adjusted,O15,p2_rpowZ,0.07453150135854877,11,22,3,-0.9045821343106586,NA,NA,0,0.07408858243216136,0.3673702232137027,0,0
airflow_adjusted,O15,p2_rpowDb,0.956062693825928,11,22,3,-1.6326289608504578,NA,NA,0,-0.18858234005323787,-0.015676829170955107,0,0
airflow_adjusted,O15,p2_bandDb,3.889290481229257,11,22,3,-1.4248940287481566,NA,NA,0,-0.10793786695594382,0.0026621030667659615,0,0
airflow_adjusted,O15,p2_aucZ,0.32943240789328515,11,22,3,-0.19732522363445149,NA,NA,0,-0.5433501843089917,-0.06418626283202374,0,0
airflow_adjusted,O15,p3_rfreqPW,0.047561340415484904,11,22,3,1.0537653368927231,NA,NA,0,0.3743111368258731,0.2250956037565441,1,0
airflow_adjusted,O15,p3_rfreqGated,0.05086153354140713,11,22,3,0.952489143286621,NA,NA,0,0.367535763378246,0.24816716366851577,1,0
airflow_adjusted,O15,p3_rfreqRaw,0.04476866913219577,11,22,3,0.9521875524339487,NA,NA,0,0.255456733332505,0.13014726104189148,1,0
airflow_adjusted,O15,p3_rpowZ,0.07834167976353891,11,22,3,-1.0360020104430552,NA,NA,0,0.06410118704441851,0.15381039941314445,0,0
airflow_adjusted,O15,p3_rpowDb,0.9013675372447589,11,22,3,-1.733460997366885,NA,NA,0,-0.20056203001250347,-0.09642728886285595,0,0
airflow_adjusted,O15,p3_bandDb,3.2693555079669614,11,22,3,-1.5249912826013414,NA,NA,0,-0.22788721807536655,-0.05974942438741381,0,0
airflow_adjusted,O15,p3_aucZ,0.38358953454207895,11,22,3,-0.07745198873384629,NA,NA,0,-0.8038225636788682,-0.2673934635951588,0,0
airflow_adjusted,O15,p4_rfreqPW,0.030206807980748245,11,22,3,0.49252514134460207,NA,NA,0,0.02882665341125082,-0.325072363375088,1,0
airflow_adjusted,O15,p4_rfreqGated,0.033793263928032224,11,22,3,0.4566503001595889,NA,NA,0,0.07827000863983519,-0.3135365834191022,1,0
airflow_adjusted,O15,p4_rfreqRaw,0.02868878636611297,11,22,3,0.39805371802103345,NA,NA,0,-0.0577370533558807,-0.3658912770654994,1,0
airflow_adjusted,O15,p4_rpowZ,0.08362272039745401,11,22,3,-0.5212116205335824,NA,NA,0,-0.8989825221027754,0.08489150890687011,0,0
airflow_adjusted,O15,p4_rpowDb,0.9629567850980005,11,22,3,-1.6789765461457888,NA,NA,0,-0.11373588557493598,-0.06655257666914904,0,0
airflow_adjusted,O15,p4_bandDb,4.700065980441994,11,22,3,-1.4663600534942276,NA,NA,0,-0.29275980425838677,-0.029874712193706906,0,0
airflow_adjusted,O15,p4_aucZ,0.1404498579007664,11,22,3,-0.6218666401704309,NA,NA,0,0.013086113810064753,0.2605903113134236,0,0
airflow_adjusted,O15,peakZ,0.02557213830230903,11,22,3,-0.324069061160451,NA,NA,0,0.00998114965488312,-0.02188840299340902,0,0
airflow_adjusted,O15,peakLatMs,0.09280662314321277,11,22,3,-0.6261796049402424,NA,NA,0,0.5269163550256595,-0.069214679735915,0,0
airflow_adjusted,O15,peakFreq,0.05159388267433768,11,22,3,0.8485905915748287,NA,NA,0,0.08113855341042567,0.2354482267939673,0,0
airflow_adjusted,O15,anyBurst,0.019053904768307203,11,22,3,-0.3405077803238708,NA,NA,0,-0.6178676090387104,0.06448205206166441,0,0
airflow_adjusted,O15,burstLatMs,0.23493304465886594,11,22,3,0.3627032892038343,NA,NA,0,0.6598436427432692,-0.1810230085400854,0,0
airflow_adjusted,O15,timeAboveMs,0.12215334513700694,11,22,3,-1.4869555955563016,NA,NA,0,-0.3675829438141753,0.051763115187115925,0,0
airflow_adjusted,O15,nBursts,0.0875821496567487,11,22,3,0.12045018675272,NA,NA,0,0.0832373470263233,0.31176184804125817,0,0
airflow_adjusted,O15,dutyCycle,0.12215334463350318,11,22,3,-1.4869555955563005,NA,NA,0,-0.36758294381417533,0.051763115187115925,0,0
airflow_adjusted,O15,maxBurstMs,0.09969250846627169,11,22,3,-1.5312929156102004,NA,NA,0,-0.9397004256347401,0.020113667615565045,0,0
airflow_adjusted,O15,peakZ_base,0.4090666879065228,11,22,3,0.2427612799439673,NA,NA,0,0.27351118030811333,-0.021001035304487034,0,0
airflow_adjusted,O15,anyBurst_base,0.002738788594702201,11,22,3,-0.5609425035440441,NA,NA,0,-0.5811458572585003,0.08755361197363608,0,0
airflow_adjusted,O15,timeAboveMs_base,0.05629119818872541,11,22,3,-1.5091510225983644,NA,NA,0,-0.3534890702708898,0.017155775319158423,0,0
airflow_adjusted,O15,chirpSlope,2.850266258106936,11,22,3,0.26281602212662175,NA,NA,0,0.5633613189737858,0.1549935563317071,0,0
airflow_adjusted,O15,freqSpan,0.07657880564609043,11,22,3,-0.6486679684010793,NA,NA,0,-0.1244849786345727,0.16150091938380168,0,0
airflow_adjusted,O15,freqJitter,0.09838321692199034,11,22,3,-0.41516044874526653,NA,NA,0,-0.0024684565260400487,0.162979865532005,0,0
airflow_adjusted,O15,apExp,0.3865792603368165,11,22,3,0.5907654050183542,NA,NA,0,0.5102859120299056,0.30969132343377354,0,0
airflow_adjusted,O15,apOffset,0.7109492213016513,11,22,3,0.12959252234188673,NA,NA,0,0.5546984587135722,0.2274619175936694,0,0
airflow_adjusted,O15,gammaBumpDb,0.1727570787781551,11,22,3,-0.9348606665046404,NA,NA,0,0.24332243618048333,0.16978301781374022,0,0
airflow_adjusted,O15,gammaPeakPresent,0.009924883848429726,11,22,3,-0.4353656335398402,NA,NA,0,-0.28593878197595,-0.004436838444609937,0,0
airflow_adjusted,audiobook,inhalePeakMs,0.0583954915571273,7,22,4,-0.8413279308018722,NA,NA,0,0.11911704287258937,0.07196084490438326,0,0
airflow_adjusted,audiobook,returnCrossMs,0.04936807669155189,7,22,4,-0.6873865845344707,NA,NA,0,-0.9175221358516356,0.03095374578607663,0,0
airflow_adjusted,audiobook,exhaleStartMs,0.10052161322967237,7,22,4,0.8082609009975245,NA,NA,0,-0.9110811065455346,-0.098946161743527,0,0
airflow_adjusted,audiobook,exhaleTroughMs,0.05481965683225854,7,22,4,0.5836014656476761,NA,NA,0,0.37506112735909364,0.015080029998345023,0,0
airflow_adjusted,audiobook,endSymMs,0.05481965683227154,7,22,4,0.5836014656476761,NA,NA,0,0.37506112735909364,0.015080029998345023,0,0
airflow_adjusted,audiobook,breathLenMs,0.10052161322967236,7,22,4,0.8082609009975245,NA,NA,0,-0.9110811065455344,-0.098946161743527,0,0
airflow_adjusted,audiobook,inhaleVolume,0.061868702585419766,7,22,4,-0.2232750187097343,NA,NA,0,-1.240624099041606,-0.05952643420399352,0,0
airflow_adjusted,audiobook,inhaleDuration,0.047534569972497505,7,22,4,0.42852148571705556,NA,NA,0,0.27557883283638634,0.08915737034109252,0,0
airflow_adjusted,audiobook,peakInspFlow,0.043123603499852975,7,22,4,0.44764893150278584,NA,NA,0,0.7173191851252771,-0.021958640173028718,0,0
airflow_adjusted,audiobook,breathLength,0.1005216132054325,7,22,4,0.8082609009975241,NA,NA,0,-0.9110811065455341,-0.098946161743527,0,0
airflow_adjusted,audiobook,w1_rfreqPW,0.054140567743837756,7,22,4,0.48546888918073167,NA,NA,0,-0.33860797226042966,-0.1672031396307729,1,0
airflow_adjusted,audiobook,w1_rfreqGated,0.05827809356346697,7,22,4,0.43962770403530044,NA,NA,0,-0.3776173937834288,-0.1463027471769263,1,0
airflow_adjusted,audiobook,w1_rfreqRaw,0.05287723670593659,7,22,4,0.5544658205812234,NA,NA,0,-0.3449654103175355,-0.16217646296465787,1,0
airflow_adjusted,audiobook,w1_rpowZ,0.06556532040218249,7,22,4,-0.23917096896925438,NA,NA,0,0.3767880190649765,0.21455972506417217,0,0
airflow_adjusted,audiobook,w1_rpowDb,1.355739302314751,7,22,4,-1.2762336994080423,NA,NA,0,-0.36028698669635995,0.005291238595910535,0,0
airflow_adjusted,audiobook,w1_bandDb,2.0929480945766197,7,22,4,-1.0698092446116396,NA,NA,0,-0.5853161356552401,0.050531328590945605,0,0
airflow_adjusted,audiobook,w1_aucZ,0.06556532036818406,7,22,4,-0.23917096896925302,NA,NA,0,0.3767880190649777,0.21455972506417217,0,0
airflow_adjusted,audiobook,w2_rfreqPW,0.043601363503064795,7,22,4,0.4637627679214564,NA,NA,0,0.060000928811215125,0.05635169104644719,1,0
airflow_adjusted,audiobook,w2_rfreqGated,0.04530574771748935,7,22,4,0.5626522513732786,NA,NA,0,0.1885004607011458,-0.013492658419571863,1,0
airflow_adjusted,audiobook,w2_rfreqRaw,0.04424920428943625,7,22,4,0.45136383894122284,NA,NA,0,0.11673199482762926,0.07487102613213406,1,0
airflow_adjusted,audiobook,w2_rpowZ,0.03550508592289286,7,22,4,-0.3952607294964759,NA,NA,0,0.3582402883831296,0.15185854770263235,0,0
airflow_adjusted,audiobook,w2_rpowDb,1.265256944617569,7,22,4,-1.3018008451026537,NA,NA,0,-0.382303232262793,-0.037038670171373744,0,0
airflow_adjusted,audiobook,w2_bandDb,2.1213891694648375,7,22,4,-1.1163721893446281,NA,NA,0,-0.5662787520232798,0.015873715787731602,0,0
airflow_adjusted,audiobook,w2_aucZ,0.03550508590433482,7,22,4,-0.39526072949647495,NA,NA,0,0.3582402883831278,0.15185854770263235,0,0
airflow_adjusted,audiobook,w3_rfreqPW,0.06064863003969091,7,22,4,-0.3192885593916914,NA,NA,0,-0.9022277260163538,0.26905948260205065,1,0
airflow_adjusted,audiobook,w3_rfreqGated,0.06372653302525128,7,22,4,-0.33047366255473726,NA,NA,0,-1.0183365573698886,0.15529785278997418,1,0
airflow_adjusted,audiobook,w3_rfreqRaw,0.05695910950007262,7,22,4,-0.2771873558350695,NA,NA,0,-1.086117504033446,0.3177388776844276,1,0
airflow_adjusted,audiobook,w3_rpowZ,0.09372539727236476,7,22,4,-1.0791555645906896,NA,NA,0,-1.331524082336059,0.11534900139084965,0,0
airflow_adjusted,audiobook,w3_rpowDb,1.1375852630734264,7,22,4,-1.331148688055239,NA,NA,0,-0.3854465366951411,0.052118700169718764,0,0
airflow_adjusted,audiobook,w3_bandDb,3.3442039060419826,7,22,4,-1.1105550806336635,NA,NA,0,-0.5632386331820659,0.056616252976242724,0,0
airflow_adjusted,audiobook,w3_aucZ,0.09372539722898532,7,22,4,-1.0791555645906865,NA,NA,0,-1.3315240823360581,0.11534900139084965,0,0
airflow_adjusted,audiobook,w4_rfreqPW,0.06662133960158809,7,22,4,-0.08936847125451694,NA,NA,0,0.11354065494543925,-0.03941972753953348,1,0
airflow_adjusted,audiobook,w4_rfreqGated,0.07051488753003055,7,22,4,0.06149905423178617,NA,NA,0,0.15767414229984544,0.06825697788724588,1,0
airflow_adjusted,audiobook,w4_rfreqRaw,0.06442686359364344,7,22,4,-0.11443809895377485,NA,NA,0,-0.012279704175871157,-0.049737642801559026,1,0
airflow_adjusted,audiobook,w4_rpowZ,0.09651896949904071,7,22,4,-0.23373194376835119,NA,NA,0,-1.2983353106241906,0.09841703788393595,0,0
airflow_adjusted,audiobook,w4_rpowDb,1.1904929446945736,7,22,4,-1.2009078048847546,NA,NA,0,-0.5254713371253482,0.07169628297458774,0,0
airflow_adjusted,audiobook,w4_bandDb,3.2529397572370384,7,22,4,-1.0466398008050513,NA,NA,0,-0.6241571472495482,0.07010891139581457,0,0
airflow_adjusted,audiobook,w4_aucZ,0.09651896945226221,7,22,4,-0.23373194376835146,NA,NA,0,-1.29833531062419,0.09841703788393595,0,0
airflow_adjusted,audiobook,w5_rfreqPW,0.035077556872318394,7,22,4,-0.3834018213023302,NA,NA,0,-0.5624717174616646,-0.41351029627040825,1,0
airflow_adjusted,audiobook,w5_rfreqGated,0.04063084590089321,7,22,4,-0.38481530320956153,NA,NA,0,-0.6961166778465484,-0.3968428946932901,1,0
airflow_adjusted,audiobook,w5_rfreqRaw,0.03466144879895426,7,22,4,-0.3803515926144866,NA,NA,0,-0.6759916983924477,-0.4407601750393475,1,0
airflow_adjusted,audiobook,w5_rpowZ,0.04820705717641253,7,22,4,-0.40708747763512265,NA,NA,0,-1.9272060637389707,0.07910401700886249,0,0
airflow_adjusted,audiobook,w5_rpowDb,1.185899483452977,7,22,4,-1.2232086023391373,NA,NA,0,-0.44491792949590875,0.06852153981704143,0,0
airflow_adjusted,audiobook,w5_bandDb,2.9901386203766944,7,22,4,-1.0376313615816086,NA,NA,0,-0.6690216417947346,0.06561135858929064,0,0
airflow_adjusted,audiobook,w5_aucZ,0.048207057152684044,7,22,4,-0.407087477635125,NA,NA,0,-1.9272060637389683,0.07910401700886249,0,0
airflow_adjusted,audiobook,p1_rfreqPW,0.04393175767474452,7,22,4,0.07729381393488091,NA,NA,0,-0.48243336232501494,0.30027779031792284,1,0
airflow_adjusted,audiobook,p1_rfreqGated,0.046810628761777155,7,22,4,0.03346964911735797,NA,NA,0,-0.4293605653144126,0.301865161896696,1,0
airflow_adjusted,audiobook,p1_rfreqRaw,0.041513863603373606,7,22,4,0.17509932433521114,NA,NA,0,-0.42356186707795845,0.26085806277838935,1,0
airflow_adjusted,audiobook,p1_rpowZ,0.04784715740516007,7,22,4,-1.0023589915955788,NA,NA,0,-0.27257794528454404,0.25027558558656826,0,0
airflow_adjusted,audiobook,p1_rpowDb,1.0987251366899282,7,22,4,-1.3297090136890084,NA,NA,0,-0.41824307831981616,0.009788791402434488,0,0
airflow_adjusted,audiobook,p1_bandDb,2.4785562684776328,7,22,4,-1.1329868286232883,NA,NA,0,-0.5878973454915907,0.04603377578442165,0,0
airflow_adjusted,audiobook,p1_aucZ,0.08164206070873513,7,22,4,-1.3250956691183557,NA,NA,0,-0.06085099907851851,0.16217646296465787,0,0
airflow_adjusted,audiobook,p2_rfreqPW,0.06509959275289065,7,22,4,-0.0794969804041827,NA,NA,0,0.40163485152056516,0.23942854646495168,1,0
airflow_adjusted,audiobook,p2_rfreqGated,0.07142377267120266,7,22,4,-0.017255966469153696,NA,NA,0,0.5250180292648042,0.12725428823164833,1,0
airflow_adjusted,audiobook,p2_rfreqRaw,0.05984088869051902,7,22,4,-0.08839453065052426,NA,NA,0,0.24986307604465066,0.19577582804868976,1,0
airflow_adjusted,audiobook,p2_rpowZ,0.09675914057432655,7,22,4,-0.3777450757516213,NA,NA,0,-1.0981265507875344,0.09391948507741199,0,0
airflow_adjusted,audiobook,p2_rpowDb,1.1888477405950062,7,22,4,-1.1757117721955308,NA,NA,0,-0.583300716561285,0.056616252976242724,0,0
airflow_adjusted,audiobook,p2_bandDb,3.7524287552826343,7,22,4,-1.0526735724970213,NA,NA,0,-0.6539904718530928,0.07169628297458774,0,0
airflow_adjusted,audiobook,p2_aucZ,0.07929910283150528,7,22,4,-0.2026516126682452,NA,NA,0,-1.6935564163079326,0.09762335209454936,0,0
airflow_adjusted,audiobook,p3_rfreqPW,NA,0,0,0,NA,NA,NA,0,NA,NA,1,1
airflow_adjusted,audiobook,p3_rfreqGated,NA,0,0,0,NA,NA,NA,0,NA,NA,1,1
airflow_adjusted,audiobook,p3_rfreqRaw,NA,0,0,0,NA,NA,NA,0,NA,NA,1,1
airflow_adjusted,audiobook,p3_rpowZ,NA,0,0,0,NA,NA,NA,0,NA,NA,0,1
airflow_adjusted,audiobook,p3_rpowDb,NA,0,0,0,NA,NA,NA,0,NA,NA,0,1
airflow_adjusted,audiobook,p3_bandDb,NA,0,0,0,NA,NA,NA,0,NA,NA,0,1
airflow_adjusted,audiobook,p3_aucZ,NA,0,0,0,NA,NA,NA,0,NA,NA,0,1
airflow_adjusted,audiobook,p4_rfreqPW,0.037252240153318086,7,22,4,0.044133388909887605,NA,NA,0,0.24621854327177004,0.0015873715787731602,1,0
airflow_adjusted,audiobook,p4_rfreqGated,0.043381389239741004,7,22,4,0.10478689923143968,NA,NA,0,-0.4295292404722832,-0.03042462192648557,1,0
airflow_adjusted,audiobook,p4_rfreqRaw,0.03133398826502461,7,22,4,0.03771749315442287,NA,NA,0,0.1947688244311969,0.037567794030964795,1,0
airflow_adjusted,audiobook,p4_rpowZ,0.057274338165374805,7,22,4,-0.07755915901689386,NA,NA,0,-1.4054826604122572,-0.2613871866379804,0,0
airflow_adjusted,audiobook,p4_rpowDb,1.0443083666496564,7,22,4,-1.1551920877738373,NA,NA,0,-0.6359603120893819,0.024868821400779513,0,0
airflow_adjusted,audiobook,p4_bandDb,2.6873139506813004,7,22,4,-1.0001361691294404,NA,NA,0,-0.7083775117464532,0.038361479820351374,0,0
airflow_adjusted,audiobook,p4_aucZ,0.10545821608356908,7,22,4,-0.6356260056019573,NA,NA,0,0.030895483659062164,-0.0732836545533609,0,0
airflow_adjusted,audiobook,peakZ,0.023910768192302412,7,22,4,-0.221517246651029,NA,NA,0,-0.30426152190524913,-0.032276555435054255,0,0
airflow_adjusted,audiobook,peakLatMs,0.07122458307796721,7,22,4,0.7034695402996556,NA,NA,0,-0.6565878742874566,-0.16297014875404447,0,0
airflow_adjusted,audiobook,peakFreq,0.07700327054006864,7,22,4,-0.19751189253522805,NA,NA,0,0.14660297274512207,0.057145376835833775,0,0
airflow_adjusted,audiobook,anyBurst,0.005788479213221345,7,22,4,-0.24700209920149044,NA,NA,0,-0.18024614927527471,-0.03465761280321401,0,0
airflow_adjusted,audiobook,burstLatMs,0.17289156861257676,7,22,4,0.7071056599763977,NA,NA,0,-0.6081627658633251,-0.2246130783964022,0,0
airflow_adjusted,audiobook,timeAboveMs,0.14032809131544943,7,22,4,-0.740797146440562,NA,NA,0,-1.5655529746660102,0.143657127878971,0,0
airflow_adjusted,audiobook,nBursts,0.15347429272413163,7,22,4,-0.03720880458842019,NA,NA,0,-1.9210702397992785,-0.08386613174518197,0,0
airflow_adjusted,audiobook,dutyCycle,0.14032809064524754,7,22,4,-0.7407971464405617,NA,NA,0,-1.5655529746660086,0.143657127878971,0,0
airflow_adjusted,audiobook,maxBurstMs,0.114951985371868,7,22,4,-0.6782424271240622,NA,NA,0,-0.48253341220856505,0.2354601175180188,0,0
airflow_adjusted,audiobook,peakZ_base,2.082941784493063,7,22,4,-0.8814242922127551,NA,NA,0,0.30114091360851775,0.024604259470983988,0,0
airflow_adjusted,audiobook,anyBurst_base,9.626701108009037e-5,7,22,4,-0.2140529881301219,NA,NA,0,-0.13450368135360882,-0.05582256718685614,0,0
airflow_adjusted,audiobook,timeAboveMs_base,0.0459908441142984,7,22,4,-0.5833749671547147,NA,NA,0,-1.755948849884791,0.19551126611889424,0,0
airflow_adjusted,audiobook,chirpSlope,1.378797590147684,7,22,4,-0.7393483619524245,NA,NA,0,-0.6037872282284461,0.35901053873252975,0,0
airflow_adjusted,audiobook,freqSpan,0.03129133230031739,7,22,4,0.3152545320555775,NA,NA,0,0.16889736787516033,-0.04285903262687533,0,0
airflow_adjusted,audiobook,freqJitter,0.06200448259572709,7,22,4,0.7749530109745273,NA,NA,0,1.0042035676599521,-0.15397504314099655,0,0
airflow_adjusted,audiobook,apExp,0.4500063113545356,7,22,4,0.26164832593021653,NA,NA,0,0.291851256489929,0.22937519313272167,0,0
airflow_adjusted,audiobook,apOffset,1.155260081005179,7,22,4,-0.23582369548056925,NA,NA,0,0.14862104768348075,0.15820803401772499,0,0
airflow_adjusted,audiobook,gammaBumpDb,0.2123253723245407,7,22,4,-0.555819809124762,NA,NA,0,-0.29806714282937896,0.31641606803544997,0,0
airflow_adjusted,audiobook,gammaPeakPresent,0.0174498934484645,7,22,4,-0.41743040766019146,NA,NA,0,-0.16944259660639627,0.36853476820516873,0,0
airflow_adjusted,focusedBreathing,inhalePeakMs,0.01872093416980892,3,21,4,-0.6758224527195466,NA,NA,0,0.4482738732241278,0.24206077146629415,0,0
airflow_adjusted,focusedBreathing,returnCrossMs,0.0794154372405648,3,21,4,-0.14433204532167263,NA,NA,0,-1.4026359771958783,0.1235243451967392,0,0
airflow_adjusted,focusedBreathing,exhaleStartMs,0.39565137127669076,3,21,4,-1.1111754286818334,NA,NA,0,-0.7770554150494009,0.022298931674470734,0,0
airflow_adjusted,focusedBreathing,exhaleTroughMs,0.060427050460001665,3,21,4,0.29317743631324866,NA,NA,0,0.516467653136282,0.11648257729953791,0,0
airflow_adjusted,focusedBreathing,endSymMs,0.0604270504600138,3,21,4,0.29317743631324866,NA,NA,0,0.516467653136282,0.11648257729953791,0,0
airflow_adjusted,focusedBreathing,breathLenMs,0.3956513712766906,3,21,4,-1.1111754286818316,NA,NA,0,-0.7770554150494021,0.022298931674470734,0,0
airflow_adjusted,focusedBreathing,inhaleVolume,0.03171393203786287,3,21,4,0.5421796497206345,NA,NA,0,-1.3044041865900438,-0.29722128666103753,0,0
airflow_adjusted,focusedBreathing,inhaleDuration,0.04087198085844453,3,21,4,0.11811991082066953,NA,NA,0,0.9557905876800774,0.32656198623270954,0,0
airflow_adjusted,focusedBreathing,peakInspFlow,0.08503088842376559,3,21,4,-0.45282119405155125,NA,NA,0,0.9766600552014041,0.28871248378525266,0,0
airflow_adjusted,focusedBreathing,breathLength,0.39565137121733157,3,21,4,-1.111175428681831,NA,NA,0,-0.7770554150494031,0.022298931674470734,0,0
airflow_adjusted,focusedBreathing,w1_rfreqPW,0.07760017438750184,3,21,4,0.6600034309953935,NA,NA,0,0.03204458253529486,-0.23589922455624301,1,0
airflow_adjusted,focusedBreathing,w1_rfreqGated,0.07835651912216005,3,21,4,0.5999431333471577,NA,NA,0,0.3958009613954456,-0.14787712584122698,1,0
airflow_adjusted,focusedBreathing,w1_rfreqRaw,0.07387442271155158,3,21,4,0.6858929457287815,NA,NA,0,-0.12346630915602141,-0.1513980097898276,1,0
airflow_adjusted,focusedBreathing,w1_rpowZ,0.05635260933510999,3,21,4,-0.47549530234560106,NA,NA,0,0.4168684966851602,-0.04665171231895851,0,0
airflow_adjusted,focusedBreathing,w1_rpowDb,0.3963130014768533,3,21,4,-1.685783226853159,NA,NA,0,-0.5359049585998211,0.0055747329186176834,0,0
airflow_adjusted,focusedBreathing,w1_bandDb,2.736379475616933,3,21,4,-1.4560192803153162,NA,NA,0,-0.7266605430320808,0.031394548541689056,0,0
airflow_adjusted,focusedBreathing,w1_aucZ,0.056352609305984555,3,21,4,-0.47549530234560217,NA,NA,0,0.4168684966851592,-0.04665171231895851,0,0
airflow_adjusted,focusedBreathing,w2_rfreqPW,0.06698894750159994,3,21,4,0.7258109450819332,NA,NA,0,-0.014089768608906024,-0.07041767897201284,1,0
airflow_adjusted,focusedBreathing,w2_rfreqGated,0.080681033704461,3,21,4,0.8102852943774665,NA,NA,0,-0.02372611842031371,-0.0026406629614504815,1,0
airflow_adjusted,focusedBreathing,w2_rfreqRaw,0.06416713012367357,3,21,4,0.6135197517230684,NA,NA,0,-0.049204299869086705,-0.10122541352226846,1,0
airflow_adjusted,focusedBreathing,w2_rpowZ,0.011089749360068941,3,21,4,-0.9978100053031366,NA,NA,0,0.7034602358624092,-0.12323093820102247,0,0
airflow_adjusted,focusedBreathing,w2_rpowDb,0.42668146191365564,3,21,4,-1.7483133249112313,NA,NA,0,-0.5080440456401263,-0.043130828370357865,0,0
airflow_adjusted,focusedBreathing,w2_bandDb,2.4902349881255996,3,21,4,-1.487752013370778,NA,NA,0,-0.7202617586148493,0.007041767897201284,0,0
airflow_adjusted,focusedBreathing,w2_aucZ,0.011089749354645278,3,21,4,-0.9978100053031348,NA,NA,0,0.7034602358624107,-0.12323093820102247,0,0
airflow_adjusted,focusedBreathing,w3_rfreqPW,0.0365632835725205,3,21,4,-0.12357301157500936,NA,NA,0,0.7503001826922269,0.06337591107481155,1,0
airflow_adjusted,focusedBreathing,w3_rfreqGated,0.03672513346682026,3,21,4,-0.08195964927936825,NA,NA,0,0.712937638964471,0.03608906047315658,1,0
airflow_adjusted,focusedBreathing,w3_rfreqRaw,0.03416923235708103,3,21,4,-0.12738892866530718,NA,NA,0,0.5239164004254656,0.12557819416675622,1,0
airflow_adjusted,focusedBreathing,w3_rpowZ,0.04755496354526181,3,21,4,-1.0088663801159783,NA,NA,0,-1.0904416212613797,0.007041767897201284,0,0
airflow_adjusted,focusedBreathing,w3_rpowDb,0.41856499515631,3,21,4,-1.7945307345827952,NA,NA,0,-0.6368740095709556,0.01555057077298617,0,0
airflow_adjusted,focusedBreathing,w3_bandDb,1.5536728344633357,3,21,4,-1.483979504327025,NA,NA,0,-0.7555305274335631,0.0055747329186176834,0,0
airflow_adjusted,focusedBreathing,w3_aucZ,0.04755496352335743,3,21,4,-1.008866380115983,NA,NA,0,-1.090441621261382,0.007041767897201284,0,0
airflow_adjusted,focusedBreathing,w4_rfreqPW,0.06621722918876309,3,21,4,0.1611103978724624,NA,NA,0,0.9518933973591246,0.14758371884551025,1,0
airflow_adjusted,focusedBreathing,w4_rfreqGated,0.0650819649677794,3,21,4,0.21460058910493196,NA,NA,0,1.014071205746974,0.24352780644487773,1,0
airflow_adjusted,focusedBreathing,w4_rfreqRaw,0.06453228312262538,3,21,4,0.04052275523049203,NA,NA,0,0.9478474614283223,0.14905075382409383,1,0
airflow_adjusted,focusedBreathing,w4_rpowZ,0.04031460669050983,3,21,4,-0.3067856757423588,NA,NA,0,-1.146489625838907,-2.9340699571672014e-4,0,0
airflow_adjusted,focusedBreathing,w4_rpowDb,0.5246597424499756,3,21,4,-1.658543444729342,NA,NA,0,-0.6735017722017155,0.009095616867218326,0,0
airflow_adjusted,focusedBreathing,w4_bandDb,1.6466354337678326,3,21,4,-1.4172444347957318,NA,NA,0,-0.7931854040404184,-8.802209871501605e-4,0,0
airflow_adjusted,focusedBreathing,w4_aucZ,0.0403146066706689,3,21,4,-0.30678567574235976,NA,NA,0,-1.1464896258389083,-2.9340699571672014e-4,0,0
airflow_adjusted,focusedBreathing,w5_rfreqPW,0.04279343779436569,3,21,4,-1.2921535134952444,NA,NA,0,1.4887897383656432,0.06953745798486269,1,0
airflow_adjusted,focusedBreathing,w5_rfreqGated,0.03803219908967523,3,21,4,-1.1063571304118143,NA,NA,0,1.3053311125681584,0.19394202416875203,1,0
airflow_adjusted,focusedBreathing,w5_rfreqRaw,0.04285250052657055,3,21,4,-1.5734707054563688,NA,NA,0,1.1978109945856448,0.06190887609622796,1,0
airflow_adjusted,focusedBreathing,w5_rpowZ,0.09579496448733095,3,21,4,-0.15076303314249667,NA,NA,0,-1.3925397265555202,0.01643079176013633,0,0
airflow_adjusted,focusedBreathing,w5_rpowDb,0.5821761887564928,3,21,4,-1.5722530305709008,NA,NA,0,-0.7265764137361878,0.0055747329186176834,0,0
airflow_adjusted,focusedBreathing,w5_bandDb,1.9824067155440726,3,21,4,-1.3474555556220627,NA,NA,0,-0.8008465524539118,0.012029686824385528,0,0
airflow_adjusted,focusedBreathing,w5_aucZ,0.09579496443809987,3,21,4,-0.15076303314249656,NA,NA,0,-1.3925397265555255,0.01643079176013633,0,0
airflow_adjusted,focusedBreathing,p1_rfreqPW,0.04498213302987908,3,21,4,0.4096505607073655,NA,NA,0,0.2580967324246752,0.08831550571073278,1,0
airflow_adjusted,focusedBreathing,p1_rfreqGated,0.0581716110399964,3,21,4,0.5697170684637198,NA,NA,0,0.28102417944291114,0.08391440077498198,1,0
airflow_adjusted,focusedBreathing,p1_rfreqRaw,0.04185916387758818,3,21,4,0.3514328169837969,NA,NA,0,0.16732000347251338,0.08479462176213214,1,0
airflow_adjusted,focusedBreathing,p1_rpowZ,0.021456140663513312,3,21,4,-1.4627965939962209,NA,NA,0,-0.07898653453376081,-0.09154298266361668,0,0
airflow_adjusted,focusedBreathing,p1_rpowDb,0.40715633395663764,3,21,4,-1.6924637533178954,NA,NA,0,-0.6115130727911658,-0.04166379339177426,0,0
airflow_adjusted,focusedBreathing,p1_bandDb,2.0421619919144556,3,21,4,-1.470595386460256,NA,NA,0,-0.7456761757676958,0.013496721802969128,0,0
airflow_adjusted,focusedBreathing,p1_aucZ,0.016887531596077664,3,21,4,-1.3017305861923654,NA,NA,0,0.1925197141935747,0.10239904150513533,0,0
airflow_adjusted,focusedBreathing,p2_rfreqPW,0.04516019453499206,3,21,4,-0.17458146249439685,NA,NA,0,1.4095701060086225,0.10298585549656877,1,0
airflow_adjusted,focusedBreathing,p2_rfreqGated,0.04128798468309525,3,21,4,-0.0855275015815863,NA,NA,0,1.441951644230905,0.060148434121927635,1,0
airflow_adjusted,focusedBreathing,p2_rfreqRaw,0.04390654850359272,3,21,4,-0.24397633649978062,NA,NA,0,1.3425050096752806,0.048705561288975546,1,0
airflow_adjusted,focusedBreathing,p2_rpowZ,0.06495243296378088,3,21,4,-0.3796501595690182,NA,NA,0,-0.988487332429692,0.08039351682638134,0,0
airflow_adjusted,focusedBreathing,p2_rpowDb,0.47746985094358785,3,21,4,-1.6097393754269493,NA,NA,0,-0.7667423825589329,0.010562651845801926,0,0
airflow_adjusted,focusedBreathing,p2_bandDb,1.538210325563886,3,21,4,-1.4027715536427852,NA,NA,0,-0.8111373951294826,-0.007335174892918004,0,0
airflow_adjusted,focusedBreathing,p2_aucZ,0.10982150552587919,3,21,4,0.0671921133785494,NA,NA,0,-1.9310239280813204,0.23061789863334206,0,0
airflow_adjusted,focusedBreathing,p3_rfreqPW,NA,0,0,0,NA,NA,NA,0,NA,NA,1,1
airflow_adjusted,focusedBreathing,p3_rfreqGated,NA,0,0,0,NA,NA,NA,0,NA,NA,1,1
airflow_adjusted,focusedBreathing,p3_rfreqRaw,NA,0,0,0,NA,NA,NA,0,NA,NA,1,1
airflow_adjusted,focusedBreathing,p3_rpowZ,NA,0,0,0,NA,NA,NA,0,NA,NA,0,1
airflow_adjusted,focusedBreathing,p3_rpowDb,NA,0,0,0,NA,NA,NA,0,NA,NA,0,1
airflow_adjusted,focusedBreathing,p3_bandDb,NA,0,0,0,NA,NA,NA,0,NA,NA,0,1
airflow_adjusted,focusedBreathing,p3_aucZ,NA,0,0,0,NA,NA,NA,0,NA,NA,0,1
airflow_adjusted,focusedBreathing,p4_rfreqPW,0.07116138566291245,3,21,4,-0.7363215386828936,NA,NA,0,-0.3564016280305514,0.13144633408109063,1,0
airflow_adjusted,focusedBreathing,p4_rfreqGated,0.07234819577863268,3,21,4,-0.668905304930414,NA,NA,0,-0.4430261587446294,0.10063859953083502,1,0
airflow_adjusted,focusedBreathing,p4_rfreqRaw,0.07154546745480139,3,21,4,-0.7215608705257471,NA,NA,0,-0.3742849920135178,0.0319813625331225,1,0
airflow_adjusted,focusedBreathing,p4_rpowZ,0.050001582429266535,3,21,4,-0.19801275723136838,NA,NA,0,-0.07299609670947159,-0.04019675841319067,0,0
airflow_adjusted,focusedBreathing,p4_rpowDb,0.38243668319543817,3,21,4,-1.6069651548861767,NA,NA,0,-0.5543108220921305,-0.015843977768702888,0,0
airflow_adjusted,focusedBreathing,p4_bandDb,1.8071244436114893,3,21,4,-1.3229336396182976,NA,NA,0,-0.792583158949688,-0.030220920558822178,0,0
airflow_adjusted,focusedBreathing,p4_aucZ,0.05667711311837815,3,21,4,-0.42405283200194577,NA,NA,0,-0.44499412150417933,0.11266828635522054,0,0
airflow_adjusted,focusedBreathing,peakZ,0.045049048212774105,3,21,4,-0.30160788657496573,NA,NA,0,0.0522653169635235,-0.007628581888634724,0,0
airflow_adjusted,focusedBreathing,peakLatMs,0.09442693455562695,3,21,4,0.8665707225786561,NA,NA,0,-0.3213469200538366,-0.35502246481723143,0,0
airflow_adjusted,focusedBreathing,peakFreq,0.050047145077037614,3,21,4,0.5817525574765939,NA,NA,0,0.5211903604182876,0.02083189669588713,0,0
airflow_adjusted,focusedBreathing,anyBurst,0.0012319098277595356,3,21,4,-0.3588149785835326,NA,NA,0,0.601002505739937,-0.043424235366074586,0,0
airflow_adjusted,focusedBreathing,burstLatMs,0.1189845977459449,3,21,4,0.227938520153822,NA,NA,0,-0.500655825151292,0.02288574566590417,0,0
airflow_adjusted,focusedBreathing,timeAboveMs,0.0673909963268368,3,21,4,-1.062467037755096,NA,NA,0,-1.2449248434461637,0.04958578227612571,0,0
airflow_adjusted,focusedBreathing,nBursts,0.028466295053864228,3,21,4,0.27585183142949227,NA,NA,0,-1.584040314917915,0.11325510034665398,0,0
airflow_adjusted,focusedBreathing,dutyCycle,0.06739099601224342,3,21,4,-1.0624670377550935,NA,NA,0,-1.2449248434461622,0.04958578227612571,0,0
airflow_adjusted,focusedBreathing,maxBurstMs,0.0789370274548468,3,21,4,-1.3199918817141754,NA,NA,0,-0.32873123357329204,-0.06308250407909484,0,0
airflow_adjusted,focusedBreathing,peakZ_base,0.8092388449944892,3,21,4,0.06219670360628159,NA,NA,0,0.28995290742865304,-0.2675871800936488,0,0
airflow_adjusted,focusedBreathing,anyBurst_base,1.0554455069304693e-4,3,21,4,-0.18816747968974606,NA,NA,0,1.0208515024914868,-0.07041767897201284,0,0
airflow_adjusted,focusedBreathing,timeAboveMs_base,0.0644718197040848,3,21,4,-1.0205044581045541,NA,NA,0,-1.2869827060888313,0.08948913369359965,0,0
airflow_adjusted,focusedBreathing,chirpSlope,1.4423554418330085,3,21,4,-1.2216004823638522,NA,NA,0,0.11728065979060633,-0.07980670283494788,0,0
airflow_adjusted,focusedBreathing,freqSpan,0.05314714270044082,3,21,4,-0.42289005799777374,NA,NA,0,1.5241301831577538,0.32157406730552535,0,0
airflow_adjusted,focusedBreathing,freqJitter,0.10021451748112925,3,21,4,0.01374035432848227,NA,NA,0,1.588208517813326,0.2508629813377958,0,0
airflow_adjusted,focusedBreathing,apExp,0.1729262330626408,3,21,4,0.44413802214709813,NA,NA,0,0.5320855248826937,0.13320677605539094,0,0
airflow_adjusted,focusedBreathing,apOffset,0.6333444720796946,3,21,4,-0.21816011107521738,NA,NA,0,0.2691079136228911,0.05017259626755915,0,0
airflow_adjusted,focusedBreathing,gammaBumpDb,0.21488781553995664,3,21,4,-1.282492694437042,NA,NA,0,-0.07178628861496232,0.1936486171730353,0,0
airflow_adjusted,focusedBreathing,gammaPeakPresent,0.015494016534553906,3,21,4,-0.39198241345432355,NA,NA,0,0.871064726819653,2.9340699571672014e-4,0,0
airflow_adjusted,threshTask,inhalePeakMs,0,5,22,4,0,NA,NA,0,NA,0.07278579038813836,0,0
airflow_adjusted,threshTask,returnCrossMs,0.1817045107183241,5,22,4,-0.7960196793454785,NA,NA,0,-0.46568389989657843,-0.031218307715872154,0,0
airflow_adjusted,threshTask,exhaleStartMs,0.1817045107183241,5,22,4,-0.7960196793454785,NA,NA,0,-0.46568389989657843,-0.031218307715872154,0,0
airflow_adjusted,threshTask,exhaleTroughMs,0.1334189724655697,5,22,4,0.3489139488802646,NA,NA,0,-0.641895843917613,-0.16746770156056842,0,0
airflow_adjusted,threshTask,endSymMs,0.13341897246560142,5,22,4,0.3489139488802646,NA,NA,0,-0.641895843917613,-0.16746770156056842,0,0
airflow_adjusted,threshTask,breathLenMs,0.1334189724655697,5,22,4,0.3489139488802646,NA,NA,0,-0.641895843917613,-0.16746770156056842,0,0
airflow_adjusted,threshTask,inhaleVolume,0.32865309386003877,5,22,4,-0.2051001084077786,NA,NA,0,-0.13326402480486044,0.06164292964235773,0,0
airflow_adjusted,threshTask,inhaleDuration,0.50809225848442,5,22,4,-0.8587753264465213,NA,NA,0,-0.09342231067770565,0.16376383454343105,0,0
airflow_adjusted,threshTask,peakInspFlow,0.36882590326696973,5,22,4,0.708638638719173,NA,NA,0,0.6457749870436206,0.008995105613047907,0,0
airflow_adjusted,threshTask,breathLength,0.13341897240215178,5,22,4,0.3489139488802652,NA,NA,0,-0.6418958439176139,-0.16746770156056842,0,0
airflow_adjusted,threshTask,w1_rfreqPW,0.07815622068414807,5,22,4,-0.419729677372431,NA,NA,0,0.6585434314956641,0.05106045245053666,1,0
airflow_adjusted,threshTask,w1_rfreqGated,0.08896211366106482,5,22,4,-0.4353566246262285,NA,NA,0,0.7541897067441228,0.07857489314927144,1,0
airflow_adjusted,threshTask,w1_rfreqRaw,0.0686107377079665,5,22,4,-0.5216914920518838,NA,NA,0,0.6004644052291049,0.0783103312194759,1,0
airflow_adjusted,threshTask,w1_rpowZ,0.10483564722710173,5,22,4,0.4246328630932296,NA,NA,0,0.22907299013177349,0.10106265718189121,0,0
airflow_adjusted,threshTask,w1_rpowDb,5.693356736937401,5,22,4,-0.9695554793471234,NA,NA,0,-0.3815374576540001,-0.03518673666280506,0,0
airflow_adjusted,threshTask,w1_bandDb,2.346853542888046,5,22,4,-0.7972226497464231,NA,NA,0,-0.5597254242988137,0.01772564929630029,0,0
airflow_adjusted,threshTask,w1_aucZ,0.10483564716223606,5,22,4,0.4246328630932298,NA,NA,0,0.22907299013177432,0.10106265718189121,0,0
airflow_adjusted,threshTask,w2_rfreqPW,0.060401298145848804,5,22,4,-0.861543012917609,NA,NA,0,1.0860945186883122,0.21667622050253638,1,0
airflow_adjusted,threshTask,w2_rfreqGated,0.06131681694812386,5,22,4,-0.7823910387454038,NA,NA,0,1.0195303075667281,0.23493099365842773,1,0
airflow_adjusted,threshTask,w2_rfreqRaw,0.06078717650798003,5,22,4,-0.773303021894832,NA,NA,0,0.9551362757532074,0.25159839523554595,1,0
airflow_adjusted,threshTask,w2_rpowZ,0.08973258828097239,5,22,4,-0.595032439411503,NA,NA,0,-0.4551763212695141,0.036244984381987165,0,0
airflow_adjusted,threshTask,w2_rpowDb,2.0607250327598723,5,22,4,-1.0634092578656344,NA,NA,0,-0.44711825857461535,-0.03386392701382742,0,0
airflow_adjusted,threshTask,w2_bandDb,4.812912557233498,5,22,4,-0.8696698258860315,NA,NA,0,-0.5010986585652172,0.005555800525706062,0,0
airflow_adjusted,threshTask,w2_aucZ,0.08973258824258454,5,22,4,-0.5950324394114984,NA,NA,0,-0.4551763212695153,0.036244984381987165,0,0
airflow_adjusted,threshTask,w3_rfreqPW,0.03796821050395167,5,22,4,1.1233822450773499,NA,NA,0,0.9126831393019285,0.13122271717858128,1,0
airflow_adjusted,threshTask,w3_rfreqGated,0.043084816673333144,5,22,4,1.1039413173581165,NA,NA,0,1.0037669695352798,0.12196304963573783,1,0
airflow_adjusted,threshTask,w3_rfreqRaw,0.030029725386921224,5,22,4,1.1217122403683744,NA,NA,0,0.8246160796691254,0.11905286840798704,1,0
airflow_adjusted,threshTask,w3_rpowZ,0.11022257615721381,5,22,4,-0.32208013901697075,NA,NA,0,-0.2202230214595841,-0.05370607174849192,0,0
airflow_adjusted,threshTask,w3_rpowDb,1.8290507365834774,5,22,4,-1.032117139262452,NA,NA,0,-0.5153205769061652,0.010053353332230015,0,0
airflow_adjusted,threshTask,w3_bandDb,7.050152792860564,5,22,4,-0.8335937364100129,NA,NA,0,-0.5188772269079563,0.01772564929630029,0,0
airflow_adjusted,threshTask,w3_aucZ,0.11022257610616645,5,22,4,-0.3220801390169686,NA,NA,0,-0.22022302145958378,-0.05370607174849192,0,0
airflow_adjusted,threshTask,w4_rfreqPW,0.056487458603658745,5,22,4,1.357296992302099,NA,NA,0,0.48261909725013546,0.04338815648646638,1,0
airflow_adjusted,threshTask,w4_rfreqGated,0.05411006211207763,5,22,4,1.4216472453835383,NA,NA,0,0.3558669586097103,-0.001851933508568687,1,0
airflow_adjusted,threshTask,w4_rfreqRaw,0.05547063131890777,5,22,4,1.2387874862971775,NA,NA,0,0.5171609165094143,0.06455311087010851,1,0
airflow_adjusted,threshTask,w4_rpowZ,0.13641034279686898,5,22,4,-0.8532247711516144,NA,NA,0,-0.8807953809757066,-0.12804797402103493,0,0
airflow_adjusted,threshTask,w4_rpowDb,1.9715877008246736,5,22,4,-1.0312964883754965,NA,NA,0,-0.4439722538417243,0.007143172104479222,0,0
airflow_adjusted,threshTask,w4_bandDb,7.990949288328847,5,22,4,-0.8241718977285358,NA,NA,0,-0.5745103761483423,0.01931302087507345,0,0
airflow_adjusted,threshTask,w4_aucZ,0.13641034273563635,5,22,4,-0.8532247711516145,NA,NA,0,-0.8807953809757112,-0.12804797402103493,0,0
airflow_adjusted,threshTask,w5_rfreqPW,0.05515720426560141,5,22,4,0.37400983316642744,NA,NA,0,0.11683662533672604,0.2285815073433351,1,0
airflow_adjusted,threshTask,w5_rfreqGated,0.05301483515250384,5,22,4,0.2957547610688098,NA,NA,0,0.12222458640146606,0.17249437822668343,1,0
airflow_adjusted,threshTask,w5_rfreqRaw,0.05368883193650505,5,22,4,0.43284622318058175,NA,NA,0,0.16864581061646272,0.25556682418247884,1,0
airflow_adjusted,threshTask,w5_rpowZ,0.07264138873987674,5,22,4,-1.086452816417866,NA,NA,0,-1.5679845436267503,-0.024868821400779513,0,0
airflow_adjusted,threshTask,w5_rpowDb,2.379268580033008,5,22,4,-1.0590392703832692,NA,NA,0,-0.4890408621601088,0.013228096489776337,0,0
airflow_adjusted,threshTask,w5_bandDb,7.406669554061329,5,22,4,-0.8347265685115155,NA,NA,0,-0.617671193432857,-0.001851933508568687,0,0
airflow_adjusted,threshTask,w5_aucZ,0.07264138870651093,5,22,4,-1.086452816417867,NA,NA,0,-1.5679845436267517,-0.024868821400779513,0,0
airflow_adjusted,threshTask,p1_rfreqPW,0.0804949930953929,5,22,4,-0.977643741327494,NA,NA,0,1.1456291787454864,0.21720534436212746,1,0
airflow_adjusted,threshTask,p1_rfreqGated,0.08373756665838283,5,22,4,-0.8309100362258941,NA,NA,0,1.2520575695916782,0.286785131898351,1,0
airflow_adjusted,threshTask,p1_rfreqRaw,0.08069595304125285,5,22,4,-0.9773602025119124,NA,NA,0,0.9985044028938443,0.18360597927809555,1,0
airflow_adjusted,threshTask,p1_rpowZ,0.1358688483062218,5,22,4,-0.7293978166039806,NA,NA,0,-0.4942928743136355,-0.20344812401276005,0,0
airflow_adjusted,threshTask,p1_rpowDb,2.773569388399932,5,22,4,-1.0051202545024407,NA,NA,0,-0.49078051971029507,-0.064288548940313,0,0
airflow_adjusted,threshTask,p1_bandDb,3.7583420736471984,5,22,4,-0.8651853509153958,NA,NA,0,-0.5622177461092859,-0.00820141982366133,0,0
airflow_adjusted,threshTask,p1_aucZ,0.11590417321125052,5,22,4,-0.5179077441115209,NA,NA,0,-0.7122012417340208,-0.11561356332064518,0,0
airflow_adjusted,threshTask,p2_rfreqPW,0.03197743501814306,5,22,4,0.9912001263273393,NA,NA,0,0.810936946630299,0.2735570354085747,1,0
airflow_adjusted,threshTask,p2_rfreqGated,0.03528665341528888,5,22,4,0.8654642405056487,NA,NA,0,0.8341024840342175,0.23572467944781433,1,0
airflow_adjusted,threshTask,p2_rfreqRaw,0.028489259845981236,5,22,4,0.9495114534958409,NA,NA,0,0.7695472491819995,0.2523920810249325,1,0
airflow_adjusted,threshTask,p2_rpowZ,0.07104303379906457,5,22,4,-0.5346320656923818,NA,NA,0,-0.06418335909233955,0.0722254068341788,0,0
airflow_adjusted,threshTask,p2_rpowDb,1.6359527048010194,5,22,4,-1.0550902998451166,NA,NA,0,-0.4736886793234964,0.014550906138753969,0,0
airflow_adjusted,threshTask,p2_bandDb,10.680540636496508,5,22,4,-0.8456960507714633,NA,NA,0,-0.521095124313697,0.01772564929630029,0,0
airflow_adjusted,threshTask,p2_aucZ,0.2592567060888877,5,22,4,-1.1464748184650482,NA,NA,0,-0.4123882277826839,-0.06931522560642801,0,0
airflow_adjusted,threshTask,p3_rfreqPW,0.07423639718519807,5,22,4,0.8393794463516,NA,NA,0,0.10538004080405243,0.05529344332726509,1,0
airflow_adjusted,threshTask,p3_rfreqGated,0.0771810896048713,5,22,4,0.8818947319681429,NA,NA,0,0.04287889167401536,-0.025927069119961618,1,0
airflow_adjusted,threshTask,p3_rfreqRaw,0.06965115947963464,5,22,4,0.8294831571350826,NA,NA,0,0.10749860547220273,0.07963314086845355,1,0
airflow_adjusted,threshTask,p3_rpowZ,0.10452067126317524,5,22,4,-1.1083665525588542,NA,NA,0,-1.191531547810614,0.024868821400779513,0,0
airflow_adjusted,threshTask,p3_rpowDb,2.093047130405297,5,22,4,-0.9787377117022792,NA,NA,0,-0.48849593563942545,-2.645619297955267e-4,0,0
airflow_adjusted,threshTask,p3_bandDb,9.013933755260142,5,22,4,-0.8329243678027145,NA,NA,0,-0.5927916922664751,0.023810573681597405,0,0
airflow_adjusted,threshTask,p3_aucZ,0.2330299801132289,5,22,4,0.6350664904008986,NA,NA,0,-0.8438583446695211,-0.07063803525540564,0,0
airflow_adjusted,threshTask,p4_rfreqPW,0.022909897535283857,5,22,4,-0.4630846185995286,NA,NA,0,-0.3618896509197782,-0.19418845646991661,1,0
airflow_adjusted,threshTask,p4_rfreqGated,0.03159470752723216,5,22,4,-0.5674749014949192,NA,NA,0,-0.25364691402333156,-0.17302350208627448,1,0
airflow_adjusted,threshTask,p4_rfreqRaw,0.01574963302641769,5,22,4,-0.45811263707731964,NA,NA,0,-0.47438856064584584,-0.17937298840136712,1,0
airflow_adjusted,threshTask,p4_rpowZ,0.06334299713257191,5,22,4,-0.3838491621358586,NA,NA,0,-0.3824521665499334,0.262180872427367,0,0
airflow_adjusted,threshTask,p4_rpowDb,2.2988561534704965,5,22,4,-0.97696648745853365,NA,NA,0,-0.33347961125816983,0.049737642801559026,0,0
airflow_adjusted,threshTask,p4_bandDb,3.679767512327042,5,22,4,-0.7924083893855102,NA,NA,0,-0.5848416451873117,0.04206534683748875,0,0
airflow_adjusted,threshTask,p4_aucZ,0.04013230593329774,5,22,4,-0.8943914089939133,NA,NA,0,0.03067422320771073,0.013492658419571863,0,0
airflow_adjusted,threshTask,peakZ,0.045023161029542645,5,22,4,-0.023334605523743595,NA,NA,0,0.4857502371038136,-0.22540676418578875,0,0
airflow_adjusted,threshTask,peakLatMs,0.038728839300237364,5,22,4,-0.5052417980739726,NA,NA,0,0.10926219735298731,0.029630936137098992,0,0
airflow_adjusted,threshTask,peakFreq,0.05334819157592537,5,22,4,1.230981180724543,NA,NA,0,0.23846740074361958,0.1476255568259039,0,0
airflow_adjusted,threshTask,anyBurst,9.473903796098996e-4,5,22,4,-0.2910295755569127,NA,NA,0,-0.4643692784881913,-0.0227523259624153,0,0
airflow_adjusted,threshTask,burstLatMs,0.23246992976484335,5,22,4,0.4651585154040263,NA,NA,0,0.5282519936399276,0.05582256718685614,0,0
airflow_adjusted,threshTask,timeAboveMs,0.2082677413942658,5,22,4,-0.8022628876766685,NA,NA,0,-0.7114442226077361,-0.09233211349863882,0,0
airflow_adjusted,threshTask,nBursts,0.13769603593051227,5,22,4,0.24118429599354915,NA,NA,0,-1.3114870753052374,-0.14471537559815312,0,0
airflow_adjusted,threshTask,dutyCycle,0.2082677405860657,5,22,4,-0.8022628876766698,NA,NA,0,-0.7114442226077371,-0.09233211349863882,0,0
airflow_adjusted,threshTask,maxBurstMs,0.1262670378946571,5,22,4,-0.5181948570850817,NA,NA,0,-0.45469996609610763,0.015344591928140552,0,0
airflow_adjusted,threshTask,peakZ_base,0.19300704437440547,5,22,4,-0.01657731406246508,NA,NA,0,-0.03839954819820664,-0.09815247595414042,0,0
airflow_adjusted,threshTask,anyBurst_base,0,5,22,4,NA,NA,NA,0,NA,NA,0,0
airflow_adjusted,threshTask,timeAboveMs_base,0.047470425789617895,5,22,4,-0.9434704336742822,NA,NA,0,-0.8019056629243061,-0.07698752157049828,0,0
airflow_adjusted,threshTask,chirpSlope,1.3512337195802537,5,22,4,1.053311679920793,NA,NA,0,0.637756842705824,-0.007143172104479222,0,0
airflow_adjusted,threshTask,freqSpan,0.06521178517795642,5,22,4,-1.4899550215356683,NA,NA,0,-0.6335889603569185,-0.21429516313437663,0,0
airflow_adjusted,threshTask,freqJitter,0.08204026484690662,5,22,4,-0.776854448411783,NA,NA,0,-0.8977189831293059,-0.19048458945277924,0,0
airflow_adjusted,threshTask,apExp,0.262866194213761,5,22,4,0.6051342769814961,NA,NA,0,0.5052325042128477,-0.06005555806358457,0,0
airflow_adjusted,threshTask,apOffset,0.9723636530658556,5,22,4,0.37771492010853885,NA,NA,0,0.45956163520227505,0.007936857893865801,0,0
airflow_adjusted,threshTask,gammaBumpDb,0.26090823829186643,5,22,4,-0.5758682405233708,NA,NA,0,-0.5370665486736629,-0.07169628297458774,0,0
airflow_adjusted,threshTask,gammaPeakPresent,0.013228392774670606,5,22,4,0.002537140509109902,NA,NA,0,-0.6065977977104693,-0.06375942508072195,0,0
